[2025-09-15 02:01:51] Running with RISCV=/cluster/home/eirikwit/vortex-gpgpu/chipyard/.conda-env/riscv-tools
[2025-09-15 02:01:55] mkdir -p /cluster/home/eirikwit/vortex-gpgpu/chipyard/sims/firesim/sim/generated-src/alveo/FireSim-FireSimV1S1C0L3-BaseF1Config1Mem_F25MHz/u250
[2025-09-15 02:01:55] cp -rLf /cluster/home/eirikwit/vortex-gpgpu/chipyard/sims/firesim/platforms/u250 -T /cluster/home/eirikwit/vortex-gpgpu/chipyard/sims/firesim/sim/generated-src/alveo/FireSim-FireSimV1S1C0L3-BaseF1Config1Mem_F25MHz/u250
[2025-09-15 02:01:55] touch /cluster/home/eirikwit/vortex-gpgpu/chipyard/sims/firesim/sim/generated-src/alveo/FireSim-FireSimV1S1C0L3-BaseF1Config1Mem_F25MHz/u250/stamp
[2025-09-15 02:01:55] mkdir -p /cluster/home/eirikwit/vortex-gpgpu/chipyard/sims/firesim/sim/generated-src/alveo/FireSim-FireSimV1S1C0L3-BaseF1Config1Mem_F25MHz/u250/design
[2025-09-15 02:01:55] cp -f /cluster/home/eirikwit/vortex-gpgpu/chipyard/sims/firesim/sim/generated-src/alveo/FireSim-FireSimV1S1C0L3-BaseF1Config1Mem_F25MHz/FireSim-generated.sv /cluster/home/eirikwit/vortex-gpgpu/chipyard/sims/firesim/sim/generated-src/alveo/FireSim-FireSimV1S1C0L3-BaseF1Config1Mem_F25MHz/u250/design/firesim_top.sv
[2025-09-15 02:01:55] mkdir -p /cluster/home/eirikwit/vortex-gpgpu/chipyard/sims/firesim/sim/generated-src/alveo/FireSim-FireSimV1S1C0L3-BaseF1Config1Mem_F25MHz/u250/design
[2025-09-15 02:01:55] cp -f /cluster/home/eirikwit/vortex-gpgpu/chipyard/sims/firesim/sim/generated-src/alveo/FireSim-FireSimV1S1C0L3-BaseF1Config1Mem_F25MHz/FireSim-generated.defines.vh /cluster/home/eirikwit/vortex-gpgpu/chipyard/sims/firesim/sim/generated-src/alveo/FireSim-FireSimV1S1C0L3-BaseF1Config1Mem_F25MHz/u250/design/firesim_defines.vh
[2025-09-15 02:01:55] echo "\`define ABSTRACTCLOCKGATE" >> /cluster/home/eirikwit/vortex-gpgpu/chipyard/sims/firesim/sim/generated-src/alveo/FireSim-FireSimV1S1C0L3-BaseF1Config1Mem_F25MHz/u250/design/firesim_defines.vh
[2025-09-15 02:01:55] mkdir -p /cluster/home/eirikwit/vortex-gpgpu/chipyard/sims/firesim/sim/generated-src/alveo/FireSim-FireSimV1S1C0L3-BaseF1Config1Mem_F25MHz/u250/design
[2025-09-15 02:01:55] cp -f /cluster/home/eirikwit/vortex-gpgpu/chipyard/sims/firesim/sim/generated-src/alveo/FireSim-FireSimV1S1C0L3-BaseF1Config1Mem_F25MHz/FireSim-generated.synthesis.xdc /cluster/home/eirikwit/vortex-gpgpu/chipyard/sims/firesim/sim/generated-src/alveo/FireSim-FireSimV1S1C0L3-BaseF1Config1Mem_F25MHz/u250/design/firesim_synth.xdc
[2025-09-15 02:01:55] sed -i "s/ firesim_top\// design_1_i\/firesim_wrapper_0\/inst\/firesim_top\//g" /cluster/home/eirikwit/vortex-gpgpu/chipyard/sims/firesim/sim/generated-src/alveo/FireSim-FireSimV1S1C0L3-BaseF1Config1Mem_F25MHz/u250/design/firesim_synth.xdc
[2025-09-15 02:01:55] mkdir -p /cluster/home/eirikwit/vortex-gpgpu/chipyard/sims/firesim/sim/generated-src/alveo/FireSim-FireSimV1S1C0L3-BaseF1Config1Mem_F25MHz/u250/design
[2025-09-15 02:01:55] cp -f /cluster/home/eirikwit/vortex-gpgpu/chipyard/sims/firesim/sim/generated-src/alveo/FireSim-FireSimV1S1C0L3-BaseF1Config1Mem_F25MHz/FireSim-generated.implementation.xdc /cluster/home/eirikwit/vortex-gpgpu/chipyard/sims/firesim/sim/generated-src/alveo/FireSim-FireSimV1S1C0L3-BaseF1Config1Mem_F25MHz/u250/design/firesim_impl.xdc
[2025-09-15 02:01:55] sed -i "s/ WRAPPER_INST\/CL\/firesim_top\// design_1_i\/firesim_wrapper_0\/inst\/firesim_top\//g" /cluster/home/eirikwit/vortex-gpgpu/chipyard/sims/firesim/sim/generated-src/alveo/FireSim-FireSimV1S1C0L3-BaseF1Config1Mem_F25MHz/u250/design/firesim_impl.xdc
[2025-09-15 02:01:55] mkdir -p /cluster/home/eirikwit/vortex-gpgpu/chipyard/sims/firesim/sim/generated-src/alveo/FireSim-FireSimV1S1C0L3-BaseF1Config1Mem_F25MHz/u250/scripts
[2025-09-15 02:01:55] cp -f /cluster/home/eirikwit/vortex-gpgpu/chipyard/sims/firesim/sim/generated-src/alveo/FireSim-FireSimV1S1C0L3-BaseF1Config1Mem_F25MHz/FireSim-generated.env.tcl /cluster/home/eirikwit/vortex-gpgpu/chipyard/sims/firesim/sim/generated-src/alveo/FireSim-FireSimV1S1C0L3-BaseF1Config1Mem_F25MHz/u250/scripts/firesim_env.tcl
[2025-09-15 02:01:55] cd /cluster/home/eirikwit/vortex-gpgpu/chipyard/sims/firesim/sim/generated-src/alveo/FireSim-FireSimV1S1C0L3-BaseF1Config1Mem_F25MHz/u250 && vivado -mode batch -source ./scripts/main.tcl
[2025-09-15 02:02:01] 
[2025-09-15 02:02:01] ****** Vivado v2022.2 (64-bit)
[2025-09-15 02:02:01]   **** SW Build 3671981 on Fri Oct 14 04:59:54 MDT 2022
[2025-09-15 02:02:01]   **** IP Build 3669848 on Fri Oct 14 08:30:02 MDT 2022
[2025-09-15 02:02:01]     ** Copyright 1986-2022 Xilinx, Inc. All Rights Reserved.
[2025-09-15 02:02:01] 
[2025-09-15 02:02:01] source ./scripts/main.tcl
[2025-09-15 02:02:01] # set root_dir [pwd]
[2025-09-15 02:02:01] # set vivado_version [version -short]
[2025-09-15 02:02:01] # proc retrieveVersionedFile {filename version} {
[2025-09-15 02:02:01] #   set first [file rootname $filename]
[2025-09-15 02:02:01] #   set last [file extension $filename]
[2025-09-15 02:02:01] #   if {[file exists ${first}_${version}${last}]} {
[2025-09-15 02:02:01] #     return ${first}_${version}${last}
[2025-09-15 02:02:01] #   }
[2025-09-15 02:02:01] #   return $filename
[2025-09-15 02:02:01] # }
[2025-09-15 02:02:01] # if {![file exists [set sourceFile [retrieveVersionedFile ${root_dir}/scripts/platform_env.tcl $vivado_version]]]} {
[2025-09-15 02:02:01] #     puts "ERROR: could not find $sourceFile"
[2025-09-15 02:02:01] #     exit 1
[2025-09-15 02:02:01] # }
[2025-09-15 02:02:01] # source $sourceFile
[2025-09-15 02:02:01] ## set jobs 12
[2025-09-15 02:02:01] ## set board_part xilinx.com:au250:part0:1.3
[2025-09-15 02:02:01] ## set part xcu250-figd2104-2L-e
[2025-09-15 02:02:01] # foreach path [list ${root_dir}/vivado_proj/firesim.bit] {
[2025-09-15 02:02:01] #     if {[file exists ${path}]} {
[2025-09-15 02:02:01] #         file delete -force -- ${path}
[2025-09-15 02:02:01] #     }
[2025-09-15 02:02:01] # }
[2025-09-15 02:02:01] # create_project -force firesim ${root_dir}/vivado_proj -part $part
[2025-09-15 02:02:11] create_project: Time (s): cpu = 00:00:04 ; elapsed = 00:00:10 . Memory (MB): peak = 1701.230 ; gain = 72.023 ; free physical = 236544 ; free virtual = 243044
[2025-09-15 02:02:11] # set_property board_part $board_part [current_project]
[2025-09-15 02:02:11] # foreach addFile [list ${root_dir}/design/axi_tieoff_master.v ${root_dir}/design/firesim_wrapper.v ${root_dir}/design/firesim_top.sv ${root_dir}/design/firesim_defines.vh] {
[2025-09-15 02:02:11] #   set addFile [retrieveVersionedFile $addFile $vivado_version]
[2025-09-15 02:02:11] #   if {![file exists $addFile]} {
[2025-09-15 02:02:11] #     puts "ERROR: could not find file $addFile"
[2025-09-15 02:02:11] #     exit 1
[2025-09-15 02:02:11] #   }
[2025-09-15 02:02:11] #   add_files $addFile
[2025-09-15 02:02:11] #   if {[file extension $addFile] == ".vh"} {
[2025-09-15 02:02:11] #     set_property IS_GLOBAL_INCLUDE 1 [get_files $addFile]
[2025-09-15 02:02:11] #   }
[2025-09-15 02:02:11] # }
[2025-09-15 02:02:11] # if {[file exists [set sourceFile [retrieveVersionedFile ${root_dir}/scripts/firesim_env.tcl $vivado_version]]]} {
[2025-09-15 02:02:11] #   source $sourceFile
[2025-09-15 02:02:11] # }
[2025-09-15 02:02:11] ## set desired_host_frequency 25
[2025-09-15 02:02:11] ## set strategy "TIMING"
[2025-09-15 02:02:11] # if {![file exists [set sourceFile [retrieveVersionedFile ${root_dir}/scripts/create_bd.tcl $vivado_version]]]} {
[2025-09-15 02:02:11] #   puts "ERROR: could not find $sourceFile"
[2025-09-15 02:02:11] #   exit 1
[2025-09-15 02:02:11] # }
[2025-09-15 02:02:11] # source $sourceFile
[2025-09-15 02:02:11] ## namespace eval _tcl {
[2025-09-15 02:02:11] ## proc get_script_folder {} {
[2025-09-15 02:02:11] ##    set script_path [file normalize [info script]]
[2025-09-15 02:02:11] ##    set script_folder [file dirname $script_path]
[2025-09-15 02:02:11] ##    return $script_folder
[2025-09-15 02:02:11] ## }
[2025-09-15 02:02:11] ## }
[2025-09-15 02:02:11] ## variable script_folder
[2025-09-15 02:02:11] ## set script_folder [_tcl::get_script_folder]
[2025-09-15 02:02:11] ## set scripts_vivado_version 2022.2
[2025-09-15 02:02:11] ## set current_vivado_version [version -short]
[2025-09-15 02:02:11] ## if { [string first $scripts_vivado_version $current_vivado_version] == -1 } {
[2025-09-15 02:02:11] ##    puts ""
[2025-09-15 02:02:11] ##    catch {common::send_gid_msg -ssname BD::TCL -id 2041 -severity "ERROR" "This script was generated using Vivado <$scripts_vivado_version> and is being run in <$current_vivado_version> of Vivado. Please run the script in Vivado <$scripts_vivado_version> then open the design in Vivado <$current_vivado_version>. Upgrade the design by running \"Tools => Report => Report IP Status...\", then run write_bd_tcl to create an updated script."}
[2025-09-15 02:02:11] ## 
[2025-09-15 02:02:11] ##    return 1
[2025-09-15 02:02:11] ## }
[2025-09-15 02:02:11] ## variable design_name
[2025-09-15 02:02:11] ## set design_name design_1
[2025-09-15 02:02:11] ## set errMsg ""
[2025-09-15 02:02:11] ## set nRet 0
[2025-09-15 02:02:12] ## set cur_design [current_bd_design -quiet]
[2025-09-15 02:02:12] ## set list_cells [get_bd_cells -quiet]
[2025-09-15 02:02:12] ## if { ${design_name} eq "" } {
[2025-09-15 02:02:12] ##    # USE CASES:
[2025-09-15 02:02:12] ##    #    1) Design_name not set
[2025-09-15 02:02:12] ## 
[2025-09-15 02:02:12] ##    set errMsg "Please set the variable <design_name> to a non-empty value."
[2025-09-15 02:02:12] ##    set nRet 1
[2025-09-15 02:02:12] ## 
[2025-09-15 02:02:12] ## } elseif { ${cur_design} ne "" && ${list_cells} eq "" } {
[2025-09-15 02:02:12] ##    # USE CASES:
[2025-09-15 02:02:12] ##    #    2): Current design opened AND is empty AND names same.
[2025-09-15 02:02:12] ##    #    3): Current design opened AND is empty AND names diff; design_name NOT in project.
[2025-09-15 02:02:12] ##    #    4): Current design opened AND is empty AND names diff; design_name exists in project.
[2025-09-15 02:02:12] ## 
[2025-09-15 02:02:12] ##    if { $cur_design ne $design_name } {
[2025-09-15 02:02:12] ##       common::send_gid_msg -ssname BD::TCL -id 2001 -severity "INFO" "Changing value of <design_name> from <$design_name> to <$cur_design> since current design is empty."
[2025-09-15 02:02:12] ##       set design_name [get_property NAME $cur_design]
[2025-09-15 02:02:12] ##    }
[2025-09-15 02:02:12] ##    common::send_gid_msg -ssname BD::TCL -id 2002 -severity "INFO" "Constructing design in IPI design <$cur_design>..."
[2025-09-15 02:02:12] ## 
[2025-09-15 02:02:12] ## } elseif { ${cur_design} ne "" && $list_cells ne "" && $cur_design eq $design_name } {
[2025-09-15 02:02:12] ##    # USE CASES:
[2025-09-15 02:02:12] ##    #    5) Current design opened AND has components AND same names.
[2025-09-15 02:02:12] ## 
[2025-09-15 02:02:12] ##    set errMsg "Design <$design_name> already exists in your project, please set the variable <design_name> to another value."
[2025-09-15 02:02:12] ##    set nRet 1
[2025-09-15 02:02:12] ## } elseif { [get_files -quiet ${design_name}.bd] ne "" } {
[2025-09-15 02:02:12] ##    # USE CASES: 
[2025-09-15 02:02:12] ##    #    6) Current opened design, has components, but diff names, design_name exists in project.
[2025-09-15 02:02:12] ##    #    7) No opened design, design_name exists in project.
[2025-09-15 02:02:12] ## 
[2025-09-15 02:02:12] ##    set errMsg "Design <$design_name> already exists in your project, please set the variable <design_name> to another value."
[2025-09-15 02:02:12] ##    set nRet 2
[2025-09-15 02:02:12] ## 
[2025-09-15 02:02:12] ## } else {
[2025-09-15 02:02:12] ##    # USE CASES:
[2025-09-15 02:02:13] ##    #    8) No opened design, design_name not in project.
[2025-09-15 02:02:13] ##    #    9) Current opened design, has components, but diff names, design_name not in project.
[2025-09-15 02:02:13] ## 
[2025-09-15 02:02:13] ##    common::send_gid_msg -ssname BD::TCL -id 2003 -severity "INFO" "Currently there is no design <$design_name> in project, so creating one..."
[2025-09-15 02:02:13] ## 
[2025-09-15 02:02:13] ##    create_bd_design $design_name
[2025-09-15 02:02:13] ## 
[2025-09-15 02:02:13] ##    common::send_gid_msg -ssname BD::TCL -id 2004 -severity "INFO" "Making design <$design_name> as current_bd_design."
[2025-09-15 02:02:13] ##    current_bd_design $design_name
[2025-09-15 02:02:13] ## 
[2025-09-15 02:02:13] ## }
[2025-09-15 02:02:13] INFO: [BD::TCL 103-2003] Currently there is no design <design_1> in project, so creating one...
[2025-09-15 02:02:26] Wrote  : </cluster/home/eirikwit/vortex-gpgpu/chipyard/sims/firesim/sim/generated-src/alveo/FireSim-FireSimV1S1C0L3-BaseF1Config1Mem_F25MHz/u250/vivado_proj/firesim.srcs/sources_1/bd/design_1/design_1.bd> 
[2025-09-15 02:02:26] create_bd_design: Time (s): cpu = 00:00:00.36 ; elapsed = 00:00:13 . Memory (MB): peak = 1812.934 ; gain = 44.867 ; free physical = 236468 ; free virtual = 243007
[2025-09-15 02:02:26] INFO: [BD::TCL 103-2004] Making design <design_1> as current_bd_design.
[2025-09-15 02:02:26] ## common::send_gid_msg -ssname BD::TCL -id 2005 -severity "INFO" "Currently the variable <design_name> is equal to \"$design_name\"."
[2025-09-15 02:02:26] INFO: [BD::TCL 103-2005] Currently the variable <design_name> is equal to "design_1".
[2025-09-15 02:02:26] ## if { $nRet != 0 } {
[2025-09-15 02:02:26] ##    catch {common::send_gid_msg -ssname BD::TCL -id 2006 -severity "ERROR" $errMsg}
[2025-09-15 02:02:26] ##    return $nRet
[2025-09-15 02:02:26] ## }
[2025-09-15 02:02:26] ## set bCheckIPsPassed 1
[2025-09-15 02:02:26] ## set bCheckIPs 1
[2025-09-15 02:02:26] ## if { $bCheckIPs == 1 } {
[2025-09-15 02:02:26] ##    set list_check_ips "\ 
[2025-09-15 02:02:26] ## xilinx.com:ip:axi_clock_converter:2.1\
[2025-09-15 02:02:26] ## xilinx.com:ip:axi_dwidth_converter:2.1\
[2025-09-15 02:02:26] ## xilinx.com:ip:clk_wiz:6.0\
[2025-09-15 02:02:26] ## xilinx.com:ip:ddr4:2.2\
[2025-09-15 02:02:26] ## xilinx.com:ip:proc_sys_reset:5.0\
[2025-09-15 02:02:26] ## xilinx.com:ip:util_vector_logic:2.0\
[2025-09-15 02:02:26] ## xilinx.com:ip:util_ds_buf:2.2\
[2025-09-15 02:02:26] ## xilinx.com:ip:xdma:4.1\
[2025-09-15 02:02:26] ## xilinx.com:ip:xlconstant:1.1\
[2025-09-15 02:02:26] ## "
[2025-09-15 02:02:26] ## 
[2025-09-15 02:02:26] ##    set list_ips_missing ""
[2025-09-15 02:02:26] ##    common::send_gid_msg -ssname BD::TCL -id 2011 -severity "INFO" "Checking if the following IPs exist in the project's IP catalog: $list_check_ips ."
[2025-09-15 02:02:26] ## 
[2025-09-15 02:02:26] ##    foreach ip_vlnv $list_check_ips {
[2025-09-15 02:02:26] ##       set ip_obj [get_ipdefs -all $ip_vlnv]
[2025-09-15 02:02:26] ##       if { $ip_obj eq "" } {
[2025-09-15 02:02:26] ##          lappend list_ips_missing $ip_vlnv
[2025-09-15 02:02:26] ##       }
[2025-09-15 02:02:26] ##    }
[2025-09-15 02:02:26] ## 
[2025-09-15 02:02:26] ##    if { $list_ips_missing ne "" } {
[2025-09-15 02:02:26] ##       catch {common::send_gid_msg -ssname BD::TCL -id 2012 -severity "ERROR" "The following IPs are not found in the IP Catalog:\n  $list_ips_missing\n\nResolution: Please add the repository containing the IP(s) to the project." }
[2025-09-15 02:02:26] ##       set bCheckIPsPassed 0
[2025-09-15 02:02:26] ##    }
[2025-09-15 02:02:26] ## 
[2025-09-15 02:02:26] ## }
[2025-09-15 02:02:26] INFO: [BD::TCL 103-2011] Checking if the following IPs exist in the project's IP catalog:  
[2025-09-15 02:02:26] xilinx.com:ip:axi_clock_converter:2.1 xilinx.com:ip:axi_dwidth_converter:2.1 xilinx.com:ip:clk_wiz:6.0 xilinx.com:ip:ddr4:2.2 xilinx.com:ip:proc_sys_reset:5.0 xilinx.com:ip:util_vector_logic:2.0 xilinx.com:ip:util_ds_buf:2.2 xilinx.com:ip:xdma:4.1 xilinx.com:ip:xlconstant:1.1  .
[2025-09-15 02:02:26] ## set bCheckModules 1
[2025-09-15 02:02:26] ## if { $bCheckModules == 1 } {
[2025-09-15 02:02:26] ##    set list_check_mods "\ 
[2025-09-15 02:02:26] ## axi_tieoff_master\
[2025-09-15 02:02:26] ## firesim_wrapper\
[2025-09-15 02:02:26] ## "
[2025-09-15 02:02:26] ## 
[2025-09-15 02:02:26] ##    set list_mods_missing ""
[2025-09-15 02:02:26] ##    common::send_gid_msg -ssname BD::TCL -id 2020 -severity "INFO" "Checking if the following modules exist in the project's sources: $list_check_mods ."
[2025-09-15 02:02:26] ## 
[2025-09-15 02:02:26] ##    foreach mod_vlnv $list_check_mods {
[2025-09-15 02:02:26] ##       if { [can_resolve_reference $mod_vlnv] == 0 } {
[2025-09-15 02:02:26] ##          lappend list_mods_missing $mod_vlnv
[2025-09-15 02:02:26] ##       }
[2025-09-15 02:02:26] ##    }
[2025-09-15 02:02:26] ## 
[2025-09-15 02:02:26] ##    if { $list_mods_missing ne "" } {
[2025-09-15 02:02:26] ##       catch {common::send_gid_msg -ssname BD::TCL -id 2021 -severity "ERROR" "The following module(s) are not found in the project: $list_mods_missing" }
[2025-09-15 02:02:26] ##       common::send_gid_msg -ssname BD::TCL -id 2022 -severity "INFO" "Please add source files for the missing module(s) above."
[2025-09-15 02:02:26] ##       set bCheckIPsPassed 0
[2025-09-15 02:02:26] ##    }
[2025-09-15 02:02:26] ## }
[2025-09-15 02:02:26] INFO: [BD::TCL 103-2020] Checking if the following modules exist in the project's sources:  
[2025-09-15 02:02:26] axi_tieoff_master firesim_wrapper  .
[2025-09-15 02:02:30] ## if { $bCheckIPsPassed != 1 } {
[2025-09-15 02:02:30] ##   common::send_gid_msg -ssname BD::TCL -id 2023 -severity "WARNING" "Will not continue with creation of design due to the error(s) above."
[2025-09-15 02:02:30] ##   return 3
[2025-09-15 02:02:30] ## }
[2025-09-15 02:02:30] ## proc create_root_design { parentCell firesim_freq } {
[2025-09-15 02:02:30] ## 
[2025-09-15 02:02:30] ##   variable script_folder
[2025-09-15 02:02:30] ##   variable design_name
[2025-09-15 02:02:30] ## 
[2025-09-15 02:02:30] ##   if { $parentCell eq "" } {
[2025-09-15 02:02:30] ##      set parentCell [get_bd_cells /]
[2025-09-15 02:02:30] ##   }
[2025-09-15 02:02:30] ## 
[2025-09-15 02:02:30] ##   # Get object for parentCell
[2025-09-15 02:02:30] ##   set parentObj [get_bd_cells $parentCell]
[2025-09-15 02:02:30] ##   if { $parentObj == "" } {
[2025-09-15 02:02:30] ##      catch {common::send_gid_msg -ssname BD::TCL -id 2090 -severity "ERROR" "Unable to find parent cell <$parentCell>!"}
[2025-09-15 02:02:30] ##      return
[2025-09-15 02:02:30] ##   }
[2025-09-15 02:02:30] ## 
[2025-09-15 02:02:30] ##   # Make sure parentObj is hier blk
[2025-09-15 02:02:30] ##   set parentType [get_property TYPE $parentObj]
[2025-09-15 02:02:30] ##   if { $parentType ne "hier" } {
[2025-09-15 02:02:30] ##      catch {common::send_gid_msg -ssname BD::TCL -id 2091 -severity "ERROR" "Parent <$parentObj> has TYPE = <$parentType>. Expected to be <hier>."}
[2025-09-15 02:02:30] ##      return
[2025-09-15 02:02:30] ##   }
[2025-09-15 02:02:30] ## 
[2025-09-15 02:02:30] ##   # Save current instance; Restore later
[2025-09-15 02:02:30] ##   set oldCurInst [current_bd_instance .]
[2025-09-15 02:02:30] ## 
[2025-09-15 02:02:30] ##   # Set parent object as current
[2025-09-15 02:02:30] ##   current_bd_instance $parentObj
[2025-09-15 02:02:30] ## 
[2025-09-15 02:02:30] ## 
[2025-09-15 02:02:30] ##   # Create interface ports
[2025-09-15 02:02:30] ##   set ddr4_sdram_c0 [ create_bd_intf_port -mode Master -vlnv xilinx.com:interface:ddr4_rtl:1.0 ddr4_sdram_c0 ]
[2025-09-15 02:02:30] ## 
[2025-09-15 02:02:30] ##   set default_300mhz_clk0 [ create_bd_intf_port -mode Slave -vlnv xilinx.com:interface:diff_clock_rtl:1.0 default_300mhz_clk0 ]
[2025-09-15 02:02:30] ##   set_property -dict [ list \
[2025-09-15 02:02:30] ##    CONFIG.FREQ_HZ {300000000} \
[2025-09-15 02:02:30] ##    ] $default_300mhz_clk0
[2025-09-15 02:02:30] ## 
[2025-09-15 02:02:30] ##   set pci_express_x16 [ create_bd_intf_port -mode Master -vlnv xilinx.com:interface:pcie_7x_mgt_rtl:1.0 pci_express_x16 ]
[2025-09-15 02:02:30] ## 
[2025-09-15 02:02:30] ##   set pcie_refclk [ create_bd_intf_port -mode Slave -vlnv xilinx.com:interface:diff_clock_rtl:1.0 pcie_refclk ]
[2025-09-15 02:02:30] ##   set_property -dict [ list \
[2025-09-15 02:02:30] ##    CONFIG.FREQ_HZ {100000000} \
[2025-09-15 02:02:30] ##    ] $pcie_refclk
[2025-09-15 02:02:30] ## 
[2025-09-15 02:02:30] ## 
[2025-09-15 02:02:30] ##   # Create ports
[2025-09-15 02:02:30] ##   set pcie_perstn [ create_bd_port -dir I -type rst pcie_perstn ]
[2025-09-15 02:02:30] ##   set_property -dict [ list \
[2025-09-15 02:02:30] ##    CONFIG.POLARITY {ACTIVE_LOW} \
[2025-09-15 02:02:30] ##  ] $pcie_perstn
[2025-09-15 02:02:30] ##   set resetn [ create_bd_port -dir I -type rst resetn ]
[2025-09-15 02:02:30] ##   set_property -dict [ list \
[2025-09-15 02:02:30] ##    CONFIG.POLARITY {ACTIVE_LOW} \
[2025-09-15 02:02:30] ##  ] $resetn
[2025-09-15 02:02:30] ## 
[2025-09-15 02:02:30] ##   # Create instance: axi_clock_converter_0, and set properties
[2025-09-15 02:02:30] ##   set axi_clock_converter_0 [ create_bd_cell -type ip -vlnv xilinx.com:ip:axi_clock_converter:2.1 axi_clock_converter_0 ]
[2025-09-15 02:02:30] ## 
[2025-09-15 02:02:30] ##   # Create instance: axi_clock_converter_1, and set properties
[2025-09-15 02:02:30] ##   set axi_clock_converter_1 [ create_bd_cell -type ip -vlnv xilinx.com:ip:axi_clock_converter:2.1 axi_clock_converter_1 ]
[2025-09-15 02:02:30] ## 
[2025-09-15 02:02:30] ##   # Create instance: axi_dwidth_converter_0, and set properties
[2025-09-15 02:02:30] ##   set axi_dwidth_converter_0 [ create_bd_cell -type ip -vlnv xilinx.com:ip:axi_dwidth_converter:2.1 axi_dwidth_converter_0 ]
[2025-09-15 02:02:30] ##   set_property -dict [list \
[2025-09-15 02:02:30] ##     CONFIG.ACLK_ASYNC {1} \
[2025-09-15 02:02:30] ##     CONFIG.FIFO_MODE {2} \
[2025-09-15 02:02:30] ##     CONFIG.MI_DATA_WIDTH {512} \
[2025-09-15 02:02:30] ##     CONFIG.SI_DATA_WIDTH {64} \
[2025-09-15 02:02:30] ##     CONFIG.SI_ID_WIDTH {16} \
[2025-09-15 02:02:30] ##   ] $axi_dwidth_converter_0
[2025-09-15 02:02:30] ## 
[2025-09-15 02:02:30] ## 
[2025-09-15 02:02:30] ##   # Create instance: axi_tieoff_master_0, and set properties
[2025-09-15 02:02:30] ##   set block_name axi_tieoff_master
[2025-09-15 02:02:30] ##   set block_cell_name axi_tieoff_master_0
[2025-09-15 02:02:30] ##   if { [catch {set axi_tieoff_master_0 [create_bd_cell -type module -reference $block_name $block_cell_name] } errmsg] } {
[2025-09-15 02:02:30] ##      catch {common::send_gid_msg -ssname BD::TCL -id 2095 -severity "ERROR" "Unable to add referenced block <$block_name>. Please add the files for ${block_name}'s definition into the project."}
[2025-09-15 02:02:30] ##      return 1
[2025-09-15 02:02:30] ##    } elseif { $axi_tieoff_master_0 eq "" } {
[2025-09-15 02:02:30] ##      catch {common::send_gid_msg -ssname BD::TCL -id 2096 -severity "ERROR" "Unable to referenced block <$block_name>. Please add the files for ${block_name}'s definition into the project."}
[2025-09-15 02:02:30] ##      return 1
[2025-09-15 02:02:30] ##    }
[2025-09-15 02:02:30] ##   
[2025-09-15 02:02:30] ##   # Create instance: clk_wiz_0, and set properties
[2025-09-15 02:02:30] ##   set clk_wiz_0 [ create_bd_cell -type ip -vlnv xilinx.com:ip:clk_wiz:6.0 clk_wiz_0 ]
[2025-09-15 02:02:30] ##   set_property -dict [list \
[2025-09-15 02:02:30] ##     CONFIG.CLKOUT1_REQUESTED_OUT_FREQ $firesim_freq \
[2025-09-15 02:02:30] ##     CONFIG.USE_LOCKED {false} \
[2025-09-15 02:02:30] ##   ] $clk_wiz_0
[2025-09-15 02:02:30] ## 
[2025-09-15 02:02:30] ## 
[2025-09-15 02:02:30] ##   # Create instance: ddr4_0, and set properties
[2025-09-15 02:02:30] ##   set ddr4_0 [ create_bd_cell -type ip -vlnv xilinx.com:ip:ddr4:2.2 ddr4_0 ]
[2025-09-15 02:02:30] ##   set_property -dict [list \
[2025-09-15 02:02:30] ##     CONFIG.ADDN_UI_CLKOUT1_FREQ_HZ {100} \
[2025-09-15 02:02:30] ##     CONFIG.C0.DDR4_AUTO_AP_COL_A3 {true} \
[2025-09-15 02:02:30] ##     CONFIG.C0.DDR4_AxiAddressWidth {34} \
[2025-09-15 02:02:30] ##     CONFIG.C0.DDR4_EN_PARITY {true} \
[2025-09-15 02:02:30] ##     CONFIG.C0.DDR4_MCS_ECC {false} \
[2025-09-15 02:02:30] ##     CONFIG.C0.DDR4_Mem_Add_Map {ROW_COLUMN_BANK_INTLV} \
[2025-09-15 02:02:30] ##     CONFIG.C0_CLOCK_BOARD_INTERFACE {default_300mhz_clk0} \
[2025-09-15 02:02:30] ##     CONFIG.C0_DDR4_BOARD_INTERFACE {ddr4_sdram_c0} \
[2025-09-15 02:02:30] ##     CONFIG.Debug_Signal {Disable} \
[2025-09-15 02:02:30] ##     CONFIG.RESET_BOARD_INTERFACE {resetn} \
[2025-09-15 02:02:30] ##   ] $ddr4_0
[2025-09-15 02:02:30] ## 
[2025-09-15 02:02:30] ## 
[2025-09-15 02:02:30] ##   # Create instance: firesim_wrapper_0, and set properties
[2025-09-15 02:02:30] ##   set block_name firesim_wrapper
[2025-09-15 02:02:30] ##   set block_cell_name firesim_wrapper_0
[2025-09-15 02:02:30] ##   if { [catch {set firesim_wrapper_0 [create_bd_cell -type module -reference $block_name $block_cell_name] } errmsg] } {
[2025-09-15 02:02:30] ##      catch {common::send_gid_msg -ssname BD::TCL -id 2095 -severity "ERROR" "Unable to add referenced block <$block_name>. Please add the files for ${block_name}'s definition into the project."}
[2025-09-15 02:02:30] ##      return 1
[2025-09-15 02:02:30] ##    } elseif { $firesim_wrapper_0 eq "" } {
[2025-09-15 02:02:30] ##      catch {common::send_gid_msg -ssname BD::TCL -id 2096 -severity "ERROR" "Unable to referenced block <$block_name>. Please add the files for ${block_name}'s definition into the project."}
[2025-09-15 02:02:30] ##      return 1
[2025-09-15 02:02:30] ##    }
[2025-09-15 02:02:30] ##   
[2025-09-15 02:02:30] ##   # Create instance: proc_sys_reset_0, and set properties
[2025-09-15 02:02:30] ##   set proc_sys_reset_0 [ create_bd_cell -type ip -vlnv xilinx.com:ip:proc_sys_reset:5.0 proc_sys_reset_0 ]
[2025-09-15 02:02:30] ## 
[2025-09-15 02:02:30] ##   # Create instance: proc_sys_reset_1, and set properties
[2025-09-15 02:02:30] ##   set proc_sys_reset_1 [ create_bd_cell -type ip -vlnv xilinx.com:ip:proc_sys_reset:5.0 proc_sys_reset_1 ]
[2025-09-15 02:02:30] ## 
[2025-09-15 02:02:30] ##   # Create instance: resetn_inv_0, and set properties
[2025-09-15 02:02:30] ##   set resetn_inv_0 [ create_bd_cell -type ip -vlnv xilinx.com:ip:util_vector_logic:2.0 resetn_inv_0 ]
[2025-09-15 02:02:30] ##   set_property -dict [list \
[2025-09-15 02:02:30] ##     CONFIG.C_OPERATION {not} \
[2025-09-15 02:02:30] ##     CONFIG.C_SIZE {1} \
[2025-09-15 02:02:30] ##   ] $resetn_inv_0
[2025-09-15 02:02:30] ## 
[2025-09-15 02:02:30] ## 
[2025-09-15 02:02:30] ##   # Create instance: util_ds_buf, and set properties
[2025-09-15 02:02:30] ##   set util_ds_buf [ create_bd_cell -type ip -vlnv xilinx.com:ip:util_ds_buf:2.2 util_ds_buf ]
[2025-09-15 02:02:30] ##   set_property -dict [list \
[2025-09-15 02:02:30] ##     CONFIG.DIFF_CLK_IN_BOARD_INTERFACE {pcie_refclk} \
[2025-09-15 02:02:30] ##     CONFIG.USE_BOARD_FLOW {true} \
[2025-09-15 02:02:30] ##   ] $util_ds_buf
[2025-09-15 02:02:30] ## 
[2025-09-15 02:02:30] ## 
[2025-09-15 02:02:30] ##   # Create instance: xdma_0, and set properties
[2025-09-15 02:02:30] ##   set xdma_0 [ create_bd_cell -type ip -vlnv xilinx.com:ip:xdma:4.1 xdma_0 ]
[2025-09-15 02:02:30] ##   set_property -dict [list \
[2025-09-15 02:02:30] ##     CONFIG.PCIE_BOARD_INTERFACE {pci_express_x16} \
[2025-09-15 02:02:30] ##     CONFIG.SYS_RST_N_BOARD_INTERFACE {pcie_perstn} \
[2025-09-15 02:02:30] ##     CONFIG.axilite_master_en {true} \
[2025-09-15 02:02:30] ##     CONFIG.axilite_master_size {32} \
[2025-09-15 02:02:30] ##     CONFIG.xdma_axi_intf_mm {AXI_Memory_Mapped} \
[2025-09-15 02:02:30] ##     CONFIG.xdma_rnum_chnl {4} \
[2025-09-15 02:02:30] ##     CONFIG.xdma_wnum_chnl {4} \
[2025-09-15 02:02:30] ##   ] $xdma_0
[2025-09-15 02:02:30] ## 
[2025-09-15 02:02:30] ## 
[2025-09-15 02:02:30] ##   # Create instance: xlconstant_0, and set properties
[2025-09-15 02:02:30] ##   set xlconstant_0 [ create_bd_cell -type ip -vlnv xilinx.com:ip:xlconstant:1.1 xlconstant_0 ]
[2025-09-15 02:02:30] ##   set_property CONFIG.CONST_VAL {0} $xlconstant_0
[2025-09-15 02:02:30] ## 
[2025-09-15 02:02:30] ## 
[2025-09-15 02:02:30] ##   # Create interface connections
[2025-09-15 02:02:30] ##   connect_bd_intf_net -intf_net axi_clock_converter_0_M_AXI [get_bd_intf_pins axi_clock_converter_0/M_AXI] [get_bd_intf_pins firesim_wrapper_0/S_AXI_DMA]
[2025-09-15 02:02:30] ##   connect_bd_intf_net -intf_net axi_clock_converter_1_M_AXI [get_bd_intf_pins axi_clock_converter_1/M_AXI] [get_bd_intf_pins firesim_wrapper_0/S_AXI_CTRL]
[2025-09-15 02:02:30] ##   connect_bd_intf_net -intf_net axi_dwidth_converter_0_M_AXI [get_bd_intf_pins axi_dwidth_converter_0/M_AXI] [get_bd_intf_pins ddr4_0/C0_DDR4_S_AXI]
[2025-09-15 02:02:30] ##   connect_bd_intf_net -intf_net axi_tieoff_master_0_TIEOFF_M_AXI_CTRL_0 [get_bd_intf_pins axi_tieoff_master_0/TIEOFF_M_AXI_CTRL_0] [get_bd_intf_pins ddr4_0/C0_DDR4_S_AXI_CTRL]
[2025-09-15 02:02:30] ##   connect_bd_intf_net -intf_net ddr4_0_C0_DDR4 [get_bd_intf_ports ddr4_sdram_c0] [get_bd_intf_pins ddr4_0/C0_DDR4]
[2025-09-15 02:02:30] ##   connect_bd_intf_net -intf_net default_300mhz_clk0_1 [get_bd_intf_ports default_300mhz_clk0] [get_bd_intf_pins ddr4_0/C0_SYS_CLK]
[2025-09-15 02:02:30] ##   connect_bd_intf_net -intf_net firesim_wrapper_0_M_AXI_DDR0 [get_bd_intf_pins axi_dwidth_converter_0/S_AXI] [get_bd_intf_pins firesim_wrapper_0/M_AXI_DDR0]
[2025-09-15 02:02:30] ##   connect_bd_intf_net -intf_net pcie_refclk_1 [get_bd_intf_ports pcie_refclk] [get_bd_intf_pins util_ds_buf/CLK_IN_D]
[2025-09-15 02:02:30] ##   connect_bd_intf_net -intf_net xdma_0_M_AXI [get_bd_intf_pins axi_clock_converter_0/S_AXI] [get_bd_intf_pins xdma_0/M_AXI]
[2025-09-15 02:02:30] ##   connect_bd_intf_net -intf_net xdma_0_M_AXI_LITE [get_bd_intf_pins axi_clock_converter_1/S_AXI] [get_bd_intf_pins xdma_0/M_AXI_LITE]
[2025-09-15 02:02:30] ##   connect_bd_intf_net -intf_net xdma_0_pcie_mgt [get_bd_intf_ports pci_express_x16] [get_bd_intf_pins xdma_0/pcie_mgt]
[2025-09-15 02:02:30] ## 
[2025-09-15 02:02:30] ##   # Create port connections
[2025-09-15 02:02:30] ##   connect_bd_net -net ddr4_0_c0_ddr4_ui_clk [get_bd_pins axi_dwidth_converter_0/m_axi_aclk] [get_bd_pins clk_wiz_0/clk_in1] [get_bd_pins ddr4_0/c0_ddr4_ui_clk] [get_bd_pins proc_sys_reset_1/slowest_sync_clk]
[2025-09-15 02:02:30] ##   connect_bd_net -net pcie_perstn_1 [get_bd_ports pcie_perstn] [get_bd_pins xdma_0/sys_rst_n]
[2025-09-15 02:02:30] ##   connect_bd_net -net proc_sys_reset_0_interconnect_aresetn [get_bd_pins axi_clock_converter_0/m_axi_aresetn] [get_bd_pins axi_clock_converter_1/m_axi_aresetn] [get_bd_pins axi_dwidth_converter_0/s_axi_aresetn] [get_bd_pins firesim_wrapper_0/sys_reset_n] [get_bd_pins proc_sys_reset_0/interconnect_aresetn]
[2025-09-15 02:02:30] ##   connect_bd_net -net resetn_1 [get_bd_ports resetn] [get_bd_pins proc_sys_reset_0/ext_reset_in] [get_bd_pins proc_sys_reset_1/ext_reset_in] [get_bd_pins resetn_inv_0/Op1]
[2025-09-15 02:02:30] ##   connect_bd_net -net resetn_inv_0_Res [get_bd_pins clk_wiz_0/reset] [get_bd_pins ddr4_0/sys_rst] [get_bd_pins resetn_inv_0/Res]
[2025-09-15 02:02:30] ##   connect_bd_net -net rst_ddr4_0_300M_interconnect_aresetn [get_bd_pins axi_dwidth_converter_0/m_axi_aresetn] [get_bd_pins ddr4_0/c0_ddr4_aresetn] [get_bd_pins proc_sys_reset_1/interconnect_aresetn]
[2025-09-15 02:02:30] ##   connect_bd_net -net sys_clk_30 [get_bd_pins axi_clock_converter_0/m_axi_aclk] [get_bd_pins axi_clock_converter_1/m_axi_aclk] [get_bd_pins axi_dwidth_converter_0/s_axi_aclk] [get_bd_pins clk_wiz_0/clk_out1] [get_bd_pins firesim_wrapper_0/sys_clk_30] [get_bd_pins proc_sys_reset_0/slowest_sync_clk]
[2025-09-15 02:02:30] ##   connect_bd_net -net util_ds_buf_IBUF_DS_ODIV2 [get_bd_pins util_ds_buf/IBUF_DS_ODIV2] [get_bd_pins xdma_0/sys_clk]
[2025-09-15 02:02:30] ##   connect_bd_net -net util_ds_buf_IBUF_OUT [get_bd_pins util_ds_buf/IBUF_OUT] [get_bd_pins xdma_0/sys_clk_gt]
[2025-09-15 02:02:30] ##   connect_bd_net -net xdma_0_axi_aclk [get_bd_pins axi_clock_converter_0/s_axi_aclk] [get_bd_pins axi_clock_converter_1/s_axi_aclk] [get_bd_pins xdma_0/axi_aclk]
[2025-09-15 02:02:30] ##   connect_bd_net -net xdma_0_axi_aresetn [get_bd_pins axi_clock_converter_0/s_axi_aresetn] [get_bd_pins axi_clock_converter_1/s_axi_aresetn] [get_bd_pins xdma_0/axi_aresetn]
[2025-09-15 02:02:30] ##   connect_bd_net -net xlconstant_0_dout [get_bd_pins xdma_0/usr_irq_req] [get_bd_pins xlconstant_0/dout]
[2025-09-15 02:02:30] ## 
[2025-09-15 02:02:30] ##   # Create address segments
[2025-09-15 02:02:30] ## 
[2025-09-15 02:02:30] ##   # Restore current instance
[2025-09-15 02:02:30] ##   current_bd_instance $oldCurInst
[2025-09-15 02:02:30] ## 
[2025-09-15 02:02:30] ##   validate_bd_design
[2025-09-15 02:02:30] ##   save_bd_design
[2025-09-15 02:02:30] ## }
[2025-09-15 02:02:30] ## create_root_design "" $desired_host_frequency
[2025-09-15 02:02:31] INFO: [IP_Flow 19-5107] Inferred bus interface 'TIEOFF_M_AXI_CTRL_0' of definition 'xilinx.com:interface:aximm:1.0' (from X_INTERFACE_INFO parameter from HDL file).
[2025-09-15 02:02:31] INFO: [IP_Flow 19-5107] Inferred bus interface 'TIEOFF_M_AXI_CTRL_0' of definition 'xilinx.com:interface:aximm:1.0' (from 'X_INTERFACE_INFO' attribute).
[2025-09-15 02:02:31] INFO: [IP_Flow 19-4728] Bus Interface 'TIEOFF_M_AXI_CTRL_0': Added interface parameter 'ADDR_WIDTH' with value '32'.
[2025-09-15 02:02:31] INFO: [IP_Flow 19-4728] Bus Interface 'TIEOFF_M_AXI_CTRL_0': Added interface parameter 'ARUSER_WIDTH' with value '0'.
[2025-09-15 02:02:31] INFO: [IP_Flow 19-4728] Bus Interface 'TIEOFF_M_AXI_CTRL_0': Added interface parameter 'AWUSER_WIDTH' with value '0'.
[2025-09-15 02:02:31] INFO: [IP_Flow 19-4728] Bus Interface 'TIEOFF_M_AXI_CTRL_0': Added interface parameter 'BUSER_WIDTH' with value '0'.
[2025-09-15 02:02:31] INFO: [IP_Flow 19-4728] Bus Interface 'TIEOFF_M_AXI_CTRL_0': Added interface parameter 'DATA_WIDTH' with value '32'.
[2025-09-15 02:02:31] INFO: [IP_Flow 19-4728] Bus Interface 'TIEOFF_M_AXI_CTRL_0': Added interface parameter 'HAS_BRESP' with value '1'.
[2025-09-15 02:02:31] INFO: [IP_Flow 19-4728] Bus Interface 'TIEOFF_M_AXI_CTRL_0': Added interface parameter 'HAS_BURST' with value '0'.
[2025-09-15 02:02:31] INFO: [IP_Flow 19-4728] Bus Interface 'TIEOFF_M_AXI_CTRL_0': Added interface parameter 'HAS_CACHE' with value '0'.
[2025-09-15 02:02:31] INFO: [IP_Flow 19-4728] Bus Interface 'TIEOFF_M_AXI_CTRL_0': Added interface parameter 'HAS_LOCK' with value '0'.
[2025-09-15 02:02:31] INFO: [IP_Flow 19-4728] Bus Interface 'TIEOFF_M_AXI_CTRL_0': Added interface parameter 'HAS_PROT' with value '0'.
[2025-09-15 02:02:31] INFO: [IP_Flow 19-4728] Bus Interface 'TIEOFF_M_AXI_CTRL_0': Added interface parameter 'HAS_QOS' with value '0'.
[2025-09-15 02:02:31] INFO: [IP_Flow 19-4728] Bus Interface 'TIEOFF_M_AXI_CTRL_0': Added interface parameter 'HAS_REGION' with value '0'.
[2025-09-15 02:02:31] INFO: [IP_Flow 19-4728] Bus Interface 'TIEOFF_M_AXI_CTRL_0': Added interface parameter 'HAS_RRESP' with value '1'.
[2025-09-15 02:02:31] INFO: [IP_Flow 19-4728] Bus Interface 'TIEOFF_M_AXI_CTRL_0': Added interface parameter 'HAS_WSTRB' with value '0'.
[2025-09-15 02:02:31] INFO: [IP_Flow 19-4728] Bus Interface 'TIEOFF_M_AXI_CTRL_0': Added interface parameter 'ID_WIDTH' with value '0'.
[2025-09-15 02:02:31] INFO: [IP_Flow 19-4728] Bus Interface 'TIEOFF_M_AXI_CTRL_0': Added interface parameter 'INSERT_VIP' with value '0'.
[2025-09-15 02:02:31] INFO: [IP_Flow 19-4728] Bus Interface 'TIEOFF_M_AXI_CTRL_0': Added interface parameter 'MAX_BURST_LENGTH' with value '1'.
[2025-09-15 02:02:31] INFO: [IP_Flow 19-4728] Bus Interface 'TIEOFF_M_AXI_CTRL_0': Added interface parameter 'NUM_READ_OUTSTANDING' with value '1'.
[2025-09-15 02:02:31] INFO: [IP_Flow 19-4728] Bus Interface 'TIEOFF_M_AXI_CTRL_0': Added interface parameter 'NUM_READ_THREADS' with value '1'.
[2025-09-15 02:02:31] INFO: [IP_Flow 19-4728] Bus Interface 'TIEOFF_M_AXI_CTRL_0': Added interface parameter 'NUM_WRITE_OUTSTANDING' with value '1'.
[2025-09-15 02:02:31] INFO: [IP_Flow 19-4728] Bus Interface 'TIEOFF_M_AXI_CTRL_0': Added interface parameter 'NUM_WRITE_THREADS' with value '1'.
[2025-09-15 02:02:31] INFO: [IP_Flow 19-4728] Bus Interface 'TIEOFF_M_AXI_CTRL_0': Added interface parameter 'FREQ_HZ' with value '300000000'.
[2025-09-15 02:02:31] INFO: [IP_Flow 19-4728] Bus Interface 'TIEOFF_M_AXI_CTRL_0': Added interface parameter 'PHASE' with value '0.0'.
[2025-09-15 02:02:32] INFO: [IP_Flow 19-4728] Bus Interface 'TIEOFF_M_AXI_CTRL_0': Added interface parameter 'PROTOCOL' with value 'AXI4LITE'.
[2025-09-15 02:02:32] INFO: [IP_Flow 19-4728] Bus Interface 'TIEOFF_M_AXI_CTRL_0': Added interface parameter 'READ_WRITE_MODE' with value 'READ_WRITE'.
[2025-09-15 02:02:32] INFO: [IP_Flow 19-4728] Bus Interface 'TIEOFF_M_AXI_CTRL_0': Added interface parameter 'RUSER_BITS_PER_BYTE' with value '0'.
[2025-09-15 02:02:32] INFO: [IP_Flow 19-4728] Bus Interface 'TIEOFF_M_AXI_CTRL_0': Added interface parameter 'RUSER_WIDTH' with value '0'.
[2025-09-15 02:02:32] INFO: [IP_Flow 19-4728] Bus Interface 'TIEOFF_M_AXI_CTRL_0': Added interface parameter 'SUPPORTS_NARROW_BURST' with value '0'.
[2025-09-15 02:02:32] INFO: [IP_Flow 19-4728] Bus Interface 'TIEOFF_M_AXI_CTRL_0': Added interface parameter 'WUSER_BITS_PER_BYTE' with value '0'.
[2025-09-15 02:02:32] INFO: [IP_Flow 19-4728] Bus Interface 'TIEOFF_M_AXI_CTRL_0': Added interface parameter 'WUSER_WIDTH' with value '0'.
[2025-09-15 02:02:32] INFO: [IP_Flow 19-7067] Note that bus interface 'TIEOFF_M_AXI_CTRL_0' has a fixed FREQ_HZ of '300000000'. This value will be respected whenever this IP is instantiated in IP Integrator.
[2025-09-15 02:02:32] INFO: [IP_Flow 19-234] Refreshing IP repositories
[2025-09-15 02:02:32] INFO: [IP_Flow 19-1704] No user IP repositories specified
[2025-09-15 02:02:46] create_bd_cell: Time (s): cpu = 00:00:11 ; elapsed = 00:00:14 . Memory (MB): peak = 3001.727 ; gain = 1143.914 ; free physical = 235094 ; free virtual = 241774
[2025-09-15 02:02:46] INFO: [Device 21-403] Loading part xcu250-figd2104-2L-e
[2025-09-15 02:03:32] WARNING: [BD 5-699] No address segments matched 'get_bd_addr_segs -of_object /ilmb_cntlr/SLMB/Mem'
[2025-09-15 02:03:32] WARNING: [BD 5-699] No address segments matched 'get_bd_addr_segs -of_object /second_ilmb_cntlr/SLMB/Mem'
[2025-09-15 02:03:32] WARNING: [BD 5-699] No address segments matched 'get_bd_addr_segs -of_object /dlmb_cntlr/SLMB/Mem'
[2025-09-15 02:03:32] WARNING: [BD 5-699] No address segments matched 'get_bd_addr_segs -of_object /second_dlmb_cntlr/SLMB/Mem'
[2025-09-15 02:03:32] WARNING: [BD 5-699] No address segments matched 'get_bd_addr_segs -of_object /iomodule_0/SLMB/Reg'
[2025-09-15 02:03:32] WARNING: [BD 5-699] No address segments matched 'get_bd_addr_segs -of_object /iomodule_0/SLMB/IO'
[2025-09-15 02:03:32] create_bd_cell: Time (s): cpu = 00:00:21 ; elapsed = 00:00:47 . Memory (MB): peak = 3430.688 ; gain = 428.961 ; free physical = 234170 ; free virtual = 241274
[2025-09-15 02:03:37] WARNING: [BD 5-699] No address segments matched 'get_bd_addr_segs -of_object /ilmb_cntlr/SLMB/Mem'
[2025-09-15 02:03:37] WARNING: [BD 5-699] No address segments matched 'get_bd_addr_segs -of_object /second_ilmb_cntlr/SLMB/Mem'
[2025-09-15 02:03:37] WARNING: [BD 5-699] No address segments matched 'get_bd_addr_segs -of_object /dlmb_cntlr/SLMB/Mem'
[2025-09-15 02:03:37] WARNING: [BD 5-699] No address segments matched 'get_bd_addr_segs -of_object /second_dlmb_cntlr/SLMB/Mem'
[2025-09-15 02:03:37] WARNING: [BD 5-699] No address segments matched 'get_bd_addr_segs -of_object /iomodule_0/SLMB/Reg'
[2025-09-15 02:03:37] WARNING: [BD 5-699] No address segments matched 'get_bd_addr_segs -of_object /iomodule_0/SLMB/IO'
[2025-09-15 02:03:38] INFO: [IP_Flow 19-5107] Inferred bus interface 'S_AXI_CTRL' of definition 'xilinx.com:interface:aximm:1.0' (from X_INTERFACE_INFO parameter from HDL file).
[2025-09-15 02:03:38] INFO: [IP_Flow 19-5107] Inferred bus interface 'S_AXI_CTRL' of definition 'xilinx.com:interface:aximm:1.0' (from 'X_INTERFACE_INFO' attribute).
[2025-09-15 02:03:38] INFO: [IP_Flow 19-5107] Inferred bus interface 'S_AXI_DMA' of definition 'xilinx.com:interface:aximm:1.0' (from X_INTERFACE_INFO parameter from HDL file).
[2025-09-15 02:03:38] INFO: [IP_Flow 19-5107] Inferred bus interface 'S_AXI_DMA' of definition 'xilinx.com:interface:aximm:1.0' (from 'X_INTERFACE_INFO' attribute).
[2025-09-15 02:03:38] INFO: [IP_Flow 19-5107] Inferred bus interface 'M_AXI_DDR0' of definition 'xilinx.com:interface:aximm:1.0' (from X_INTERFACE_INFO parameter from HDL file).
[2025-09-15 02:03:38] INFO: [IP_Flow 19-5107] Inferred bus interface 'M_AXI_DDR0' of definition 'xilinx.com:interface:aximm:1.0' (from 'X_INTERFACE_INFO' attribute).
[2025-09-15 02:03:38] INFO: [IP_Flow 19-5107] Inferred bus interface 'CLK.SYS_CLK_30' of definition 'xilinx.com:signal:clock:1.0' (from X_INTERFACE_INFO parameter from HDL file).
[2025-09-15 02:03:38] INFO: [IP_Flow 19-5107] Inferred bus interface 'CLK.SYS_CLK_30' of definition 'xilinx.com:signal:clock:1.0' (from 'X_INTERFACE_INFO' attribute).
[2025-09-15 02:03:38] INFO: [IP_Flow 19-5107] Inferred bus interface 'RST.SYS_RESET_N' of definition 'xilinx.com:signal:reset:1.0' (from X_INTERFACE_INFO parameter from HDL file).
[2025-09-15 02:03:38] INFO: [IP_Flow 19-5107] Inferred bus interface 'RST.SYS_RESET_N' of definition 'xilinx.com:signal:reset:1.0' (from 'X_INTERFACE_INFO' attribute).
[2025-09-15 02:03:38] INFO: [IP_Flow 19-4728] Bus Interface 'S_AXI_CTRL': Added interface parameter 'ADDR_WIDTH' with value '32'.
[2025-09-15 02:03:38] INFO: [IP_Flow 19-4728] Bus Interface 'S_AXI_CTRL': Added interface parameter 'ARUSER_WIDTH' with value '0'.
[2025-09-15 02:03:38] INFO: [IP_Flow 19-4728] Bus Interface 'S_AXI_CTRL': Added interface parameter 'AWUSER_WIDTH' with value '0'.
[2025-09-15 02:03:38] INFO: [IP_Flow 19-4728] Bus Interface 'S_AXI_CTRL': Added interface parameter 'BUSER_WIDTH' with value '0'.
[2025-09-15 02:03:38] INFO: [IP_Flow 19-4728] Bus Interface 'S_AXI_CTRL': Added interface parameter 'CLK_DOMAIN' with value 'design_1_clk_wiz_0_0_clk_out1'.
[2025-09-15 02:03:38] INFO: [IP_Flow 19-4728] Bus Interface 'S_AXI_CTRL': Added interface parameter 'DATA_WIDTH' with value '32'.
[2025-09-15 02:03:38] INFO: [IP_Flow 19-4728] Bus Interface 'S_AXI_CTRL': Added interface parameter 'HAS_BRESP' with value '1'.
[2025-09-15 02:03:38] INFO: [IP_Flow 19-4728] Bus Interface 'S_AXI_CTRL': Added interface parameter 'HAS_BURST' with value '0'.
[2025-09-15 02:03:38] INFO: [IP_Flow 19-4728] Bus Interface 'S_AXI_CTRL': Added interface parameter 'HAS_CACHE' with value '0'.
[2025-09-15 02:03:38] INFO: [IP_Flow 19-4728] Bus Interface 'S_AXI_CTRL': Added interface parameter 'HAS_LOCK' with value '0'.
[2025-09-15 02:03:38] INFO: [IP_Flow 19-4728] Bus Interface 'S_AXI_CTRL': Added interface parameter 'HAS_PROT' with value '1'.
[2025-09-15 02:03:38] INFO: [IP_Flow 19-4728] Bus Interface 'S_AXI_CTRL': Added interface parameter 'HAS_QOS' with value '0'.
[2025-09-15 02:03:38] INFO: [IP_Flow 19-4728] Bus Interface 'S_AXI_CTRL': Added interface parameter 'HAS_REGION' with value '0'.
[2025-09-15 02:03:38] INFO: [IP_Flow 19-4728] Bus Interface 'S_AXI_CTRL': Added interface parameter 'HAS_RRESP' with value '1'.
[2025-09-15 02:03:38] INFO: [IP_Flow 19-4728] Bus Interface 'S_AXI_CTRL': Added interface parameter 'HAS_WSTRB' with value '1'.
[2025-09-15 02:03:38] INFO: [IP_Flow 19-4728] Bus Interface 'S_AXI_CTRL': Added interface parameter 'ID_WIDTH' with value '0'.
[2025-09-15 02:03:38] INFO: [IP_Flow 19-4728] Bus Interface 'S_AXI_CTRL': Added interface parameter 'INSERT_VIP' with value '0'.
[2025-09-15 02:03:38] INFO: [IP_Flow 19-4728] Bus Interface 'S_AXI_CTRL': Added interface parameter 'MAX_BURST_LENGTH' with value '1'.
[2025-09-15 02:03:38] INFO: [IP_Flow 19-4728] Bus Interface 'S_AXI_CTRL': Added interface parameter 'NUM_READ_OUTSTANDING' with value '1'.
[2025-09-15 02:03:38] INFO: [IP_Flow 19-4728] Bus Interface 'S_AXI_CTRL': Added interface parameter 'NUM_READ_THREADS' with value '1'.
[2025-09-15 02:03:38] INFO: [IP_Flow 19-4728] Bus Interface 'S_AXI_CTRL': Added interface parameter 'NUM_WRITE_OUTSTANDING' with value '1'.
[2025-09-15 02:03:38] INFO: [IP_Flow 19-4728] Bus Interface 'S_AXI_CTRL': Added interface parameter 'NUM_WRITE_THREADS' with value '1'.
[2025-09-15 02:03:38] INFO: [IP_Flow 19-4728] Bus Interface 'S_AXI_CTRL': Added interface parameter 'PHASE' with value '0'.
[2025-09-15 02:03:38] INFO: [IP_Flow 19-4728] Bus Interface 'S_AXI_CTRL': Added interface parameter 'PROTOCOL' with value 'AXI4LITE'.
[2025-09-15 02:03:38] INFO: [IP_Flow 19-4728] Bus Interface 'S_AXI_CTRL': Added interface parameter 'READ_WRITE_MODE' with value 'READ_WRITE'.
[2025-09-15 02:03:38] INFO: [IP_Flow 19-4728] Bus Interface 'S_AXI_CTRL': Added interface parameter 'RUSER_BITS_PER_BYTE' with value '0'.
[2025-09-15 02:03:38] INFO: [IP_Flow 19-4728] Bus Interface 'S_AXI_CTRL': Added interface parameter 'RUSER_WIDTH' with value '0'.
[2025-09-15 02:03:38] INFO: [IP_Flow 19-4728] Bus Interface 'S_AXI_CTRL': Added interface parameter 'SUPPORTS_NARROW_BURST' with value '0'.
[2025-09-15 02:03:38] INFO: [IP_Flow 19-4728] Bus Interface 'S_AXI_CTRL': Added interface parameter 'WUSER_BITS_PER_BYTE' with value '0'.
[2025-09-15 02:03:38] INFO: [IP_Flow 19-4728] Bus Interface 'S_AXI_CTRL': Added interface parameter 'WUSER_WIDTH' with value '0'.
[2025-09-15 02:03:38] INFO: [IP_Flow 19-4728] Bus Interface 'S_AXI_DMA': Added interface parameter 'ADDR_WIDTH' with value '64'.
[2025-09-15 02:03:38] INFO: [IP_Flow 19-4728] Bus Interface 'S_AXI_DMA': Added interface parameter 'ARUSER_WIDTH' with value '0'.
[2025-09-15 02:03:38] INFO: [IP_Flow 19-4728] Bus Interface 'S_AXI_DMA': Added interface parameter 'AWUSER_WIDTH' with value '0'.
[2025-09-15 02:03:38] INFO: [IP_Flow 19-4728] Bus Interface 'S_AXI_DMA': Added interface parameter 'BUSER_WIDTH' with value '0'.
[2025-09-15 02:03:38] INFO: [IP_Flow 19-4728] Bus Interface 'S_AXI_DMA': Added interface parameter 'CLK_DOMAIN' with value 'design_1_clk_wiz_0_0_clk_out1'.
[2025-09-15 02:03:38] INFO: [IP_Flow 19-4728] Bus Interface 'S_AXI_DMA': Added interface parameter 'DATA_WIDTH' with value '512'.
[2025-09-15 02:03:38] INFO: [IP_Flow 19-4728] Bus Interface 'S_AXI_DMA': Added interface parameter 'HAS_BRESP' with value '1'.
[2025-09-15 02:03:38] INFO: [IP_Flow 19-4728] Bus Interface 'S_AXI_DMA': Added interface parameter 'HAS_BURST' with value '0'.
[2025-09-15 02:03:38] INFO: [IP_Flow 19-4728] Bus Interface 'S_AXI_DMA': Added interface parameter 'HAS_CACHE' with value '1'.
[2025-09-15 02:03:38] INFO: [IP_Flow 19-4728] Bus Interface 'S_AXI_DMA': Added interface parameter 'HAS_LOCK' with value '1'.
[2025-09-15 02:03:38] INFO: [IP_Flow 19-4728] Bus Interface 'S_AXI_DMA': Added interface parameter 'HAS_PROT' with value '1'.
[2025-09-15 02:03:38] INFO: [IP_Flow 19-4728] Bus Interface 'S_AXI_DMA': Added interface parameter 'HAS_QOS' with value '0'.
[2025-09-15 02:03:38] INFO: [IP_Flow 19-4728] Bus Interface 'S_AXI_DMA': Added interface parameter 'HAS_REGION' with value '0'.
[2025-09-15 02:03:38] INFO: [IP_Flow 19-4728] Bus Interface 'S_AXI_DMA': Added interface parameter 'HAS_RRESP' with value '1'.
[2025-09-15 02:03:38] INFO: [IP_Flow 19-4728] Bus Interface 'S_AXI_DMA': Added interface parameter 'HAS_WSTRB' with value '1'.
[2025-09-15 02:03:38] INFO: [IP_Flow 19-4728] Bus Interface 'S_AXI_DMA': Added interface parameter 'ID_WIDTH' with value '4'.
[2025-09-15 02:03:38] INFO: [IP_Flow 19-4728] Bus Interface 'S_AXI_DMA': Added interface parameter 'INSERT_VIP' with value '0'.
[2025-09-15 02:03:38] INFO: [IP_Flow 19-4728] Bus Interface 'S_AXI_DMA': Added interface parameter 'MAX_BURST_LENGTH' with value '256'.
[2025-09-15 02:03:38] INFO: [IP_Flow 19-4728] Bus Interface 'S_AXI_DMA': Added interface parameter 'NUM_READ_OUTSTANDING' with value '32'.
[2025-09-15 02:03:38] INFO: [IP_Flow 19-4728] Bus Interface 'S_AXI_DMA': Added interface parameter 'NUM_READ_THREADS' with value '4'.
[2025-09-15 02:03:38] INFO: [IP_Flow 19-4728] Bus Interface 'S_AXI_DMA': Added interface parameter 'NUM_WRITE_OUTSTANDING' with value '16'.
[2025-09-15 02:03:38] INFO: [IP_Flow 19-4728] Bus Interface 'S_AXI_DMA': Added interface parameter 'NUM_WRITE_THREADS' with value '4'.
[2025-09-15 02:03:38] INFO: [IP_Flow 19-4728] Bus Interface 'S_AXI_DMA': Added interface parameter 'PHASE' with value '0'.
[2025-09-15 02:03:38] INFO: [IP_Flow 19-4728] Bus Interface 'S_AXI_DMA': Added interface parameter 'PROTOCOL' with value 'AXI4'.
[2025-09-15 02:03:38] INFO: [IP_Flow 19-4728] Bus Interface 'S_AXI_DMA': Added interface parameter 'READ_WRITE_MODE' with value 'READ_WRITE'.
[2025-09-15 02:03:38] INFO: [IP_Flow 19-4728] Bus Interface 'S_AXI_DMA': Added interface parameter 'RUSER_BITS_PER_BYTE' with value '0'.
[2025-09-15 02:03:38] INFO: [IP_Flow 19-4728] Bus Interface 'S_AXI_DMA': Added interface parameter 'RUSER_WIDTH' with value '0'.
[2025-09-15 02:03:38] INFO: [IP_Flow 19-4728] Bus Interface 'S_AXI_DMA': Added interface parameter 'SUPPORTS_NARROW_BURST' with value '0'.
[2025-09-15 02:03:38] INFO: [IP_Flow 19-4728] Bus Interface 'S_AXI_DMA': Added interface parameter 'WUSER_BITS_PER_BYTE' with value '0'.
[2025-09-15 02:03:38] INFO: [IP_Flow 19-4728] Bus Interface 'S_AXI_DMA': Added interface parameter 'WUSER_WIDTH' with value '0'.
[2025-09-15 02:03:38] INFO: [IP_Flow 19-4728] Bus Interface 'M_AXI_DDR0': Added interface parameter 'ADDR_WIDTH' with value '34'.
[2025-09-15 02:03:38] INFO: [IP_Flow 19-4728] Bus Interface 'M_AXI_DDR0': Added interface parameter 'ARUSER_WIDTH' with value '0'.
[2025-09-15 02:03:38] INFO: [IP_Flow 19-4728] Bus Interface 'M_AXI_DDR0': Added interface parameter 'AWUSER_WIDTH' with value '0'.
[2025-09-15 02:03:38] INFO: [IP_Flow 19-4728] Bus Interface 'M_AXI_DDR0': Added interface parameter 'BUSER_WIDTH' with value '0'.
[2025-09-15 02:03:38] INFO: [IP_Flow 19-4728] Bus Interface 'M_AXI_DDR0': Added interface parameter 'CLK_DOMAIN' with value 'design_1_clk_wiz_0_0_clk_out1'.
[2025-09-15 02:03:38] INFO: [IP_Flow 19-4728] Bus Interface 'M_AXI_DDR0': Added interface parameter 'DATA_WIDTH' with value '64'.
[2025-09-15 02:03:38] INFO: [IP_Flow 19-4728] Bus Interface 'M_AXI_DDR0': Added interface parameter 'HAS_BRESP' with value '1'.
[2025-09-15 02:03:38] INFO: [IP_Flow 19-4728] Bus Interface 'M_AXI_DDR0': Added interface parameter 'HAS_BURST' with value '1'.
[2025-09-15 02:03:38] INFO: [IP_Flow 19-4728] Bus Interface 'M_AXI_DDR0': Added interface parameter 'HAS_CACHE' with value '1'.
[2025-09-15 02:03:38] INFO: [IP_Flow 19-4728] Bus Interface 'M_AXI_DDR0': Added interface parameter 'HAS_LOCK' with value '1'.
[2025-09-15 02:03:38] INFO: [IP_Flow 19-4728] Bus Interface 'M_AXI_DDR0': Added interface parameter 'HAS_PROT' with value '1'.
[2025-09-15 02:03:38] INFO: [IP_Flow 19-4728] Bus Interface 'M_AXI_DDR0': Added interface parameter 'HAS_QOS' with value '1'.
[2025-09-15 02:03:38] INFO: [IP_Flow 19-4728] Bus Interface 'M_AXI_DDR0': Added interface parameter 'HAS_REGION' with value '1'.
[2025-09-15 02:03:38] INFO: [IP_Flow 19-4728] Bus Interface 'M_AXI_DDR0': Added interface parameter 'HAS_RRESP' with value '1'.
[2025-09-15 02:03:38] INFO: [IP_Flow 19-4728] Bus Interface 'M_AXI_DDR0': Added interface parameter 'HAS_WSTRB' with value '1'.
[2025-09-15 02:03:38] INFO: [IP_Flow 19-4728] Bus Interface 'M_AXI_DDR0': Added interface parameter 'ID_WIDTH' with value '16'.
[2025-09-15 02:03:38] INFO: [IP_Flow 19-4728] Bus Interface 'M_AXI_DDR0': Added interface parameter 'INSERT_VIP' with value '0'.
[2025-09-15 02:03:38] INFO: [IP_Flow 19-4728] Bus Interface 'M_AXI_DDR0': Added interface parameter 'MAX_BURST_LENGTH' with value '256'.
[2025-09-15 02:03:38] INFO: [IP_Flow 19-4728] Bus Interface 'M_AXI_DDR0': Added interface parameter 'NUM_READ_OUTSTANDING' with value '2'.
[2025-09-15 02:03:38] INFO: [IP_Flow 19-4728] Bus Interface 'M_AXI_DDR0': Added interface parameter 'NUM_READ_THREADS' with value '1'.
[2025-09-15 02:03:38] INFO: [IP_Flow 19-4728] Bus Interface 'M_AXI_DDR0': Added interface parameter 'NUM_WRITE_OUTSTANDING' with value '2'.
[2025-09-15 02:03:38] INFO: [IP_Flow 19-4728] Bus Interface 'M_AXI_DDR0': Added interface parameter 'NUM_WRITE_THREADS' with value '1'.
[2025-09-15 02:03:38] INFO: [IP_Flow 19-4728] Bus Interface 'M_AXI_DDR0': Added interface parameter 'PHASE' with value '0'.
[2025-09-15 02:03:38] INFO: [IP_Flow 19-4728] Bus Interface 'M_AXI_DDR0': Added interface parameter 'PROTOCOL' with value 'AXI4'.
[2025-09-15 02:03:38] INFO: [IP_Flow 19-4728] Bus Interface 'M_AXI_DDR0': Added interface parameter 'READ_WRITE_MODE' with value 'READ_WRITE'.
[2025-09-15 02:03:38] INFO: [IP_Flow 19-4728] Bus Interface 'M_AXI_DDR0': Added interface parameter 'RUSER_BITS_PER_BYTE' with value '0'.
[2025-09-15 02:03:38] INFO: [IP_Flow 19-4728] Bus Interface 'M_AXI_DDR0': Added interface parameter 'RUSER_WIDTH' with value '0'.
[2025-09-15 02:03:38] INFO: [IP_Flow 19-4728] Bus Interface 'M_AXI_DDR0': Added interface parameter 'SUPPORTS_NARROW_BURST' with value '1'.
[2025-09-15 02:03:38] INFO: [IP_Flow 19-4728] Bus Interface 'M_AXI_DDR0': Added interface parameter 'WUSER_BITS_PER_BYTE' with value '0'.
[2025-09-15 02:03:38] INFO: [IP_Flow 19-4728] Bus Interface 'M_AXI_DDR0': Added interface parameter 'WUSER_WIDTH' with value '0'.
[2025-09-15 02:03:38] INFO: [IP_Flow 19-4728] Bus Interface 'CLK.SYS_CLK_30': Added interface parameter 'ASSOCIATED_BUSIF' with value 'S_AXI_CTRL'.
[2025-09-15 02:03:38] INFO: [IP_Flow 19-4728] Bus Interface 'CLK.SYS_CLK_30': Added interface parameter 'CLK_DOMAIN' with value 'design_1_clk_wiz_0_0_clk_out1'.
[2025-09-15 02:03:38] INFO: [IP_Flow 19-4728] Bus Interface 'CLK.SYS_CLK_30': Added interface parameter 'INSERT_VIP' with value '0'.
[2025-09-15 02:03:38] INFO: [IP_Flow 19-4728] Bus Interface 'CLK.SYS_CLK_30': Added interface parameter 'PHASE' with value '0'.
[2025-09-15 02:03:38] INFO: [IP_Flow 19-4728] Bus Interface 'RST.SYS_RESET_N': Added interface parameter 'INSERT_VIP' with value '0'.
[2025-09-15 02:03:38] INFO: [IP_Flow 19-4728] Bus Interface 'RST.SYS_RESET_N': Added interface parameter 'POLARITY' with value 'ACTIVE_LOW'.
[2025-09-15 02:03:38] WARNING: [IP_Flow 19-3157] Bus Interface 'RST.SYS_RESET_N': Bus parameter POLARITY is ACTIVE_LOW but port 'sys_reset_n' is not *resetn - please double check the POLARITY setting.
[2025-09-15 02:03:38] INFO: [IP_Flow 19-234] Refreshing IP repositories
[2025-09-15 02:03:38] INFO: [IP_Flow 19-1704] No user IP repositories specified
[2025-09-15 02:03:47] create_bd_cell: Time (s): cpu = 00:00:07 ; elapsed = 00:00:09 . Memory (MB): peak = 3566.219 ; gain = 123.484 ; free physical = 234020 ; free virtual = 241152
[2025-09-15 02:03:56] CRITICAL WARNING: [BD 41-1356] Slave segment </ddr4_0/C0_DDR4_MEMORY_MAP_CTRL/C0_REG> is not assigned into address space </axi_tieoff_master_0/TIEOFF_M_AXI_CTRL_0>. Please use Address Editor to either assign or exclude it.
[2025-09-15 02:03:56] CRITICAL WARNING: [BD 41-1356] Slave segment </ddr4_0/C0_DDR4_MEMORY_MAP/C0_DDR4_ADDRESS_BLOCK> is not assigned into address space </firesim_wrapper_0/M_AXI_DDR0>. Please use Address Editor to either assign or exclude it.
[2025-09-15 02:03:56] CRITICAL WARNING: [BD 41-1356] Slave segment </firesim_wrapper_0/S_AXI_CTRL/reg0> is not assigned into address space </xdma_0/M_AXI_LITE>. Please use Address Editor to either assign or exclude it.
[2025-09-15 02:03:56] CRITICAL WARNING: [BD 41-1356] Slave segment </firesim_wrapper_0/S_AXI_DMA/reg0> is not assigned into address space </xdma_0/M_AXI>. Please use Address Editor to either assign or exclude it.
[2025-09-15 02:03:58] WARNING: [BD 5-699] No address segments matched 'get_bd_addr_segs -of_object /ilmb_cntlr/SLMB/Mem'
[2025-09-15 02:03:58] WARNING: [BD 5-699] No address segments matched 'get_bd_addr_segs -of_object /second_ilmb_cntlr/SLMB/Mem'
[2025-09-15 02:03:58] WARNING: [BD 5-699] No address segments matched 'get_bd_addr_segs -of_object /dlmb_cntlr/SLMB/Mem'
[2025-09-15 02:03:58] WARNING: [BD 5-699] No address segments matched 'get_bd_addr_segs -of_object /second_dlmb_cntlr/SLMB/Mem'
[2025-09-15 02:03:58] WARNING: [BD 5-699] No address segments matched 'get_bd_addr_segs -of_object /iomodule_0/SLMB/Reg'
[2025-09-15 02:03:58] WARNING: [BD 5-699] No address segments matched 'get_bd_addr_segs -of_object /iomodule_0/SLMB/IO'
[2025-09-15 02:04:00] INFO: [xilinx.com:ip:clk_wiz:6.0-1] /clk_wiz_0 clk_wiz propagate
[2025-09-15 02:04:01] WARNING: [filemgmt 56-443] The ECC Algorithm string is empty. Setting the Memory Map to default ECC value to ECC_NONE.
[2025-09-15 02:04:01] WARNING: [filemgmt 56-443] The ECC Algorithm string is empty. Setting the Memory Map to default ECC value to ECC_NONE.
[2025-09-15 02:04:01] Wrote  : </cluster/home/eirikwit/vortex-gpgpu/chipyard/sims/firesim/sim/generated-src/alveo/FireSim-FireSimV1S1C0L3-BaseF1Config1Mem_F25MHz/u250/vivado_proj/firesim.srcs/sources_1/bd/design_1/design_1.bd> 
[2025-09-15 02:04:01] # make_wrapper -files [get_files ${root_dir}/vivado_proj/firesim.srcs/sources_1/bd/design_1/design_1.bd] -top
[2025-09-15 02:04:01] INFO: [BD 41-1662] The design 'design_1.bd' is already validated. Therefore parameter propagation will not be re-run.
[2025-09-15 02:04:01] Verilog Output written to : /cluster/home/eirikwit/vortex-gpgpu/chipyard/sims/firesim/sim/generated-src/alveo/FireSim-FireSimV1S1C0L3-BaseF1Config1Mem_F25MHz/u250/vivado_proj/firesim.gen/sources_1/bd/design_1/synth/design_1.v
[2025-09-15 02:04:01] Verilog Output written to : /cluster/home/eirikwit/vortex-gpgpu/chipyard/sims/firesim/sim/generated-src/alveo/FireSim-FireSimV1S1C0L3-BaseF1Config1Mem_F25MHz/u250/vivado_proj/firesim.gen/sources_1/bd/design_1/sim/design_1.v
[2025-09-15 02:04:01] Verilog Output written to : /cluster/home/eirikwit/vortex-gpgpu/chipyard/sims/firesim/sim/generated-src/alveo/FireSim-FireSimV1S1C0L3-BaseF1Config1Mem_F25MHz/u250/vivado_proj/firesim.gen/sources_1/bd/design_1/hdl/design_1_wrapper.v
[2025-09-15 02:04:01] # add_files -norecurse ${root_dir}/vivado_proj/firesim.gen/sources_1/bd/design_1/hdl/design_1_wrapper.v
[2025-09-15 02:04:02] # if {[file exists [set constrFile [retrieveVersionedFile ${root_dir}/design/firesim_synth.xdc $vivado_version]]]} {
[2025-09-15 02:04:02] #     create_fileset -constrset synth
[2025-09-15 02:04:02] #     add_files -fileset synth -norecurse $constrFile
[2025-09-15 02:04:02] # }
[2025-09-15 02:04:02] # if {[file exists [set constrFile [retrieveVersionedFile ${root_dir}/design/firesim_impl.xdc $vivado_version]]]} {
[2025-09-15 02:04:02] #     create_fileset -constrset impl
[2025-09-15 02:04:02] #     add_files -fileset impl -norecurse $constrFile
[2025-09-15 02:04:02] # }
[2025-09-15 02:04:02] # update_compile_order -fileset sources_1
[2025-09-15 02:04:10] update_compile_order: Time (s): cpu = 00:00:10 ; elapsed = 00:00:09 . Memory (MB): peak = 3608.758 ; gain = 30.492 ; free physical = 233738 ; free virtual = 240883
[2025-09-15 02:04:10] # set_property top design_1_wrapper [current_fileset]
[2025-09-15 02:04:10] # update_compile_order -fileset sources_1
[2025-09-15 02:04:15] update_compile_order: Time (s): cpu = 00:00:06 ; elapsed = 00:00:05 . Memory (MB): peak = 3608.758 ; gain = 0.000 ; free physical = 233710 ; free virtual = 240855
[2025-09-15 02:04:15] # if {[llength [get_filesets -quiet synth]]} {
[2025-09-15 02:04:15] #     set_property constrset synth [get_runs synth_1]
[2025-09-15 02:04:15] # }
[2025-09-15 02:04:15] # if {[llength [get_filesets -quiet impl]]} {
[2025-09-15 02:04:15] #     set_property constrset impl [get_runs impl_1]
[2025-09-15 02:04:15] # }
[2025-09-15 02:04:15] # foreach sourceFile [list ${root_dir}/scripts/synthesis.tcl ${root_dir}/scripts/implementation.tcl] {
[2025-09-15 02:04:15] #   set sourceFile [retrieveVersionedFile $sourceFile $vivado_version]
[2025-09-15 02:04:15] #   if {![file exists $sourceFile]} {
[2025-09-15 02:04:15] #     puts "ERROR: could not find $sourceFile"
[2025-09-15 02:04:15] #     exit 1
[2025-09-15 02:04:15] #   }
[2025-09-15 02:04:15] #   source $sourceFile
[2025-09-15 02:04:15] # }
[2025-09-15 02:04:15] ## variable synth_run [get_runs synth_1]
[2025-09-15 02:04:15] ## reset_runs ${synth_run}
[2025-09-15 02:04:15] ## launch_runs ${synth_run} -jobs ${jobs}
[2025-09-15 02:04:15] INFO: [BD 41-1662] The design 'design_1.bd' is already validated. Therefore parameter propagation will not be re-run.
[2025-09-15 02:04:15] Verilog Output written to : /cluster/home/eirikwit/vortex-gpgpu/chipyard/sims/firesim/sim/generated-src/alveo/FireSim-FireSimV1S1C0L3-BaseF1Config1Mem_F25MHz/u250/vivado_proj/firesim.gen/sources_1/bd/design_1/synth/design_1.v
[2025-09-15 02:04:16] Verilog Output written to : /cluster/home/eirikwit/vortex-gpgpu/chipyard/sims/firesim/sim/generated-src/alveo/FireSim-FireSimV1S1C0L3-BaseF1Config1Mem_F25MHz/u250/vivado_proj/firesim.gen/sources_1/bd/design_1/sim/design_1.v
[2025-09-15 02:04:16] Verilog Output written to : /cluster/home/eirikwit/vortex-gpgpu/chipyard/sims/firesim/sim/generated-src/alveo/FireSim-FireSimV1S1C0L3-BaseF1Config1Mem_F25MHz/u250/vivado_proj/firesim.gen/sources_1/bd/design_1/hdl/design_1_wrapper.v
[2025-09-15 02:04:16] WARNING: [IP_Flow 19-4994] Overwriting existing constraint file '/cluster/home/eirikwit/vortex-gpgpu/chipyard/sims/firesim/sim/generated-src/alveo/FireSim-FireSimV1S1C0L3-BaseF1Config1Mem_F25MHz/u250/vivado_proj/firesim.gen/sources_1/bd/design_1/ip/design_1_axi_clock_converter_0_0/design_1_axi_clock_converter_0_0_ooc.xdc'
[2025-09-15 02:04:16] INFO: [IP_Flow 19-5611] Unable to find an associated reset port for the interface 'S_AXI'. A default connection has been created.
[2025-09-15 02:04:16] INFO: [IP_Flow 19-5611] Unable to find an associated reset port for the interface 'M_AXI'. A default connection has been created.
[2025-09-15 02:04:16] INFO: [BD 41-1029] Generation completed for the IP Integrator block axi_clock_converter_0 .
[2025-09-15 02:04:16] WARNING: [IP_Flow 19-4994] Overwriting existing constraint file '/cluster/home/eirikwit/vortex-gpgpu/chipyard/sims/firesim/sim/generated-src/alveo/FireSim-FireSimV1S1C0L3-BaseF1Config1Mem_F25MHz/u250/vivado_proj/firesim.gen/sources_1/bd/design_1/ip/design_1_axi_clock_converter_1_0/design_1_axi_clock_converter_1_0_ooc.xdc'
[2025-09-15 02:04:16] INFO: [IP_Flow 19-5611] Unable to find an associated reset port for the interface 'S_AXI'. A default connection has been created.
[2025-09-15 02:04:16] INFO: [IP_Flow 19-5611] Unable to find an associated reset port for the interface 'M_AXI'. A default connection has been created.
[2025-09-15 02:04:16] INFO: [BD 41-1029] Generation completed for the IP Integrator block axi_clock_converter_1 .
[2025-09-15 02:04:16] WARNING: [IP_Flow 19-4994] Overwriting existing constraint file '/cluster/home/eirikwit/vortex-gpgpu/chipyard/sims/firesim/sim/generated-src/alveo/FireSim-FireSimV1S1C0L3-BaseF1Config1Mem_F25MHz/u250/vivado_proj/firesim.gen/sources_1/bd/design_1/ip/design_1_axi_dwidth_converter_0_0/design_1_axi_dwidth_converter_0_0_ooc.xdc'
[2025-09-15 02:04:16] INFO: [IP_Flow 19-5611] Unable to find an associated reset port for the interface 'S_AXI'. A default connection has been created.
[2025-09-15 02:04:16] INFO: [IP_Flow 19-5611] Unable to find an associated reset port for the interface 'M_AXI'. A default connection has been created.
[2025-09-15 02:04:17] INFO: [BD 41-1029] Generation completed for the IP Integrator block axi_dwidth_converter_0 .
[2025-09-15 02:04:17] INFO: [BD 41-1029] Generation completed for the IP Integrator block axi_tieoff_master_0 .
[2025-09-15 02:04:18] INFO: [BD 41-1029] Generation completed for the IP Integrator block clk_wiz_0 .
[2025-09-15 02:04:25] WARNING: [filemgmt 56-443] The ECC Algorithm string is empty. Setting the Memory Map to default ECC value to ECC_NONE.
[2025-09-15 02:04:25] WARNING: [filemgmt 56-443] The ECC Algorithm string is empty. Setting the Memory Map to default ECC value to ECC_NONE.
[2025-09-15 02:04:26] WARNING: [filemgmt 56-443] The ECC Algorithm string is empty. Setting the Memory Map to default ECC value to ECC_NONE.
[2025-09-15 02:04:26] WARNING: [filemgmt 56-443] The ECC Algorithm string is empty. Setting the Memory Map to default ECC value to ECC_NONE.
[2025-09-15 02:04:26] Exporting to file /cluster/home/eirikwit/vortex-gpgpu/chipyard/sims/firesim/sim/generated-src/alveo/FireSim-FireSimV1S1C0L3-BaseF1Config1Mem_F25MHz/u250/vivado_proj/firesim.gen/sources_1/bd/design_1/ip/design_1_ddr4_0_0/bd_0/hw_handoff/design_1_ddr4_0_0_microblaze_mcs.hwh
[2025-09-15 02:04:26] Generated Hardware Definition File /cluster/home/eirikwit/vortex-gpgpu/chipyard/sims/firesim/sim/generated-src/alveo/FireSim-FireSimV1S1C0L3-BaseF1Config1Mem_F25MHz/u250/vivado_proj/firesim.gen/sources_1/bd/design_1/ip/design_1_ddr4_0_0/bd_0/synth/design_1_ddr4_0_0_microblaze_mcs.hwdef
[2025-09-15 02:04:28] INFO: [BD 41-1029] Generation completed for the IP Integrator block ddr4_0 .
[2025-09-15 02:04:28] INFO: [BD 41-1029] Generation completed for the IP Integrator block firesim_wrapper_0 .
[2025-09-15 02:04:28] INFO: [BD 41-1029] Generation completed for the IP Integrator block proc_sys_reset_0 .
[2025-09-15 02:04:28] INFO: [BD 41-1029] Generation completed for the IP Integrator block proc_sys_reset_1 .
[2025-09-15 02:04:28] INFO: [BD 41-1029] Generation completed for the IP Integrator block resetn_inv_0 .
[2025-09-15 02:04:28] INFO: [BD 41-1029] Generation completed for the IP Integrator block util_ds_buf .
[2025-09-15 02:04:39] INFO: [BD 41-1029] Generation completed for the IP Integrator block xdma_0 .
[2025-09-15 02:04:40] INFO: [BD 41-1029] Generation completed for the IP Integrator block xlconstant_0 .
[2025-09-15 02:04:40] Exporting to file /cluster/home/eirikwit/vortex-gpgpu/chipyard/sims/firesim/sim/generated-src/alveo/FireSim-FireSimV1S1C0L3-BaseF1Config1Mem_F25MHz/u250/vivado_proj/firesim.gen/sources_1/bd/design_1/hw_handoff/design_1.hwh
[2025-09-15 02:04:40] Generated Hardware Definition File /cluster/home/eirikwit/vortex-gpgpu/chipyard/sims/firesim/sim/generated-src/alveo/FireSim-FireSimV1S1C0L3-BaseF1Config1Mem_F25MHz/u250/vivado_proj/firesim.gen/sources_1/bd/design_1/synth/design_1.hwdef
[2025-09-15 02:04:40] WARNING: [BD 41-2265] Clock pin for protocol instance pin TIEOFF_M_AXI_CTRL_0 could not be determined. Make sure that ASSOCIATED_BUSIF and ASSOCIATED_RESET properties are set or propagated on clock pins of block /axi_tieoff_master_0
[2025-09-15 02:04:40] INFO: [IP_Flow 19-6930] IPCACHE: runCacheChecks() number of threads = 8
[2025-09-15 02:04:40] INFO: [IP_Flow 19-6921] IPCACHE: Adding cache check func to thread queue for IP design_1_axi_clock_converter_0_0
[2025-09-15 02:04:40] INFO: [IP_Flow 19-6921] IPCACHE: Adding cache check func to thread queue for IP design_1_axi_clock_converter_1_0
[2025-09-15 02:04:40] INFO: [IP_Flow 19-6921] IPCACHE: Adding cache check func to thread queue for IP design_1_axi_dwidth_converter_0_0
[2025-09-15 02:04:40] INFO: [IP_Flow 19-6921] IPCACHE: Adding cache check func to thread queue for IP design_1_axi_tieoff_master_0_0
[2025-09-15 02:04:40] INFO: [IP_Flow 19-6921] IPCACHE: Adding cache check func to thread queue for IP design_1_clk_wiz_0_0
[2025-09-15 02:04:40] INFO: [IP_Flow 19-6921] IPCACHE: Adding cache check func to thread queue for IP design_1_ddr4_0_0
[2025-09-15 02:04:40] INFO: [IP_Flow 19-6921] IPCACHE: Adding cache check func to thread queue for IP design_1_firesim_wrapper_0_0
[2025-09-15 02:04:40] INFO: [IP_Flow 19-6921] IPCACHE: Adding cache check func to thread queue for IP design_1_proc_sys_reset_0_0
[2025-09-15 02:04:40] INFO: [IP_Flow 19-6921] IPCACHE: Adding cache check func to thread queue for IP design_1_proc_sys_reset_1_0
[2025-09-15 02:04:40] INFO: [IP_Flow 19-6921] IPCACHE: Adding cache check func to thread queue for IP design_1_resetn_inv_0_0
[2025-09-15 02:04:40] INFO: [IP_Flow 19-6921] IPCACHE: Adding cache check func to thread queue for IP design_1_util_ds_buf_0
[2025-09-15 02:04:40] INFO: [IP_Flow 19-6921] IPCACHE: Adding cache check func to thread queue for IP design_1_xdma_0_0
[2025-09-15 02:04:40] INFO: [IP_Flow 19-8020] IPCACHE: runCacheChecks() calling threadPool finishWork()
[2025-09-15 02:04:40] INFO: [IP_Flow 19-6924] IPCACHE: Running cache check for IP inst: design_1_axi_clock_converter_0_0
[2025-09-15 02:04:40] INFO: [IP_Flow 19-6924] IPCACHE: Running cache check for IP inst: design_1_axi_clock_converter_1_0
[2025-09-15 02:04:40] INFO: [IP_Flow 19-6924] IPCACHE: Running cache check for IP inst: design_1_util_ds_buf_0
[2025-09-15 02:04:40] INFO: [IP_Flow 19-6924] IPCACHE: Running cache check for IP inst: design_1_axi_dwidth_converter_0_0
[2025-09-15 02:04:40] INFO: [IP_Flow 19-6924] IPCACHE: Running cache check for IP inst: design_1_axi_tieoff_master_0_0
[2025-09-15 02:04:40] INFO: [IP_Flow 19-6924] IPCACHE: Running cache check for IP inst: design_1_clk_wiz_0_0
[2025-09-15 02:04:40] INFO: [IP_Flow 19-6924] IPCACHE: Running cache check for IP inst: design_1_xdma_0_0
[2025-09-15 02:04:40] INFO: [IP_Flow 19-6924] IPCACHE: Running cache check for IP inst: design_1_ddr4_0_0
[2025-09-15 02:04:40] INFO: [IP_Flow 19-6924] IPCACHE: Running cache check for IP inst: design_1_firesim_wrapper_0_0
[2025-09-15 02:04:40] INFO: [IP_Flow 19-6924] IPCACHE: Running cache check for IP inst: design_1_proc_sys_reset_0_0
[2025-09-15 02:04:40] INFO: [IP_Flow 19-6924] IPCACHE: Running cache check for IP inst: design_1_proc_sys_reset_1_0
[2025-09-15 02:04:40] INFO: [IP_Flow 19-6924] IPCACHE: Running cache check for IP inst: design_1_resetn_inv_0_0
[2025-09-15 02:04:48] WARNING: [Vivado 12-7122] Auto Incremental Compile:: No reference checkpoint was found in run synth_1. Auto-incremental flow will not be run, the standard flow will be run instead.
[2025-09-15 02:04:54] [Mon Sep 15 02:04:54 2025] Launched design_1_axi_dwidth_converter_0_0_synth_1, design_1_axi_clock_converter_0_0_synth_1, design_1_clk_wiz_0_0_synth_1, design_1_axi_tieoff_master_0_0_synth_1, design_1_axi_clock_converter_1_0_synth_1, design_1_firesim_wrapper_0_0_synth_1, design_1_proc_sys_reset_0_0_synth_1, design_1_proc_sys_reset_1_0_synth_1, design_1_resetn_inv_0_0_synth_1, design_1_xdma_0_0_synth_1, design_1_util_ds_buf_0_synth_1, design_1_ddr4_0_0_synth_1...
[2025-09-15 02:04:54] Run output will be captured here:
[2025-09-15 02:04:54] design_1_axi_dwidth_converter_0_0_synth_1: /cluster/home/eirikwit/vortex-gpgpu/chipyard/sims/firesim/sim/generated-src/alveo/FireSim-FireSimV1S1C0L3-BaseF1Config1Mem_F25MHz/u250/vivado_proj/firesim.runs/design_1_axi_dwidth_converter_0_0_synth_1/runme.log
[2025-09-15 02:04:54] design_1_axi_clock_converter_0_0_synth_1: /cluster/home/eirikwit/vortex-gpgpu/chipyard/sims/firesim/sim/generated-src/alveo/FireSim-FireSimV1S1C0L3-BaseF1Config1Mem_F25MHz/u250/vivado_proj/firesim.runs/design_1_axi_clock_converter_0_0_synth_1/runme.log
[2025-09-15 02:04:54] design_1_clk_wiz_0_0_synth_1: /cluster/home/eirikwit/vortex-gpgpu/chipyard/sims/firesim/sim/generated-src/alveo/FireSim-FireSimV1S1C0L3-BaseF1Config1Mem_F25MHz/u250/vivado_proj/firesim.runs/design_1_clk_wiz_0_0_synth_1/runme.log
[2025-09-15 02:04:54] design_1_axi_tieoff_master_0_0_synth_1: /cluster/home/eirikwit/vortex-gpgpu/chipyard/sims/firesim/sim/generated-src/alveo/FireSim-FireSimV1S1C0L3-BaseF1Config1Mem_F25MHz/u250/vivado_proj/firesim.runs/design_1_axi_tieoff_master_0_0_synth_1/runme.log
[2025-09-15 02:04:54] design_1_axi_clock_converter_1_0_synth_1: /cluster/home/eirikwit/vortex-gpgpu/chipyard/sims/firesim/sim/generated-src/alveo/FireSim-FireSimV1S1C0L3-BaseF1Config1Mem_F25MHz/u250/vivado_proj/firesim.runs/design_1_axi_clock_converter_1_0_synth_1/runme.log
[2025-09-15 02:04:54] design_1_firesim_wrapper_0_0_synth_1: /cluster/home/eirikwit/vortex-gpgpu/chipyard/sims/firesim/sim/generated-src/alveo/FireSim-FireSimV1S1C0L3-BaseF1Config1Mem_F25MHz/u250/vivado_proj/firesim.runs/design_1_firesim_wrapper_0_0_synth_1/runme.log
[2025-09-15 02:04:54] design_1_proc_sys_reset_0_0_synth_1: /cluster/home/eirikwit/vortex-gpgpu/chipyard/sims/firesim/sim/generated-src/alveo/FireSim-FireSimV1S1C0L3-BaseF1Config1Mem_F25MHz/u250/vivado_proj/firesim.runs/design_1_proc_sys_reset_0_0_synth_1/runme.log
[2025-09-15 02:04:54] design_1_proc_sys_reset_1_0_synth_1: /cluster/home/eirikwit/vortex-gpgpu/chipyard/sims/firesim/sim/generated-src/alveo/FireSim-FireSimV1S1C0L3-BaseF1Config1Mem_F25MHz/u250/vivado_proj/firesim.runs/design_1_proc_sys_reset_1_0_synth_1/runme.log
[2025-09-15 02:04:54] design_1_resetn_inv_0_0_synth_1: /cluster/home/eirikwit/vortex-gpgpu/chipyard/sims/firesim/sim/generated-src/alveo/FireSim-FireSimV1S1C0L3-BaseF1Config1Mem_F25MHz/u250/vivado_proj/firesim.runs/design_1_resetn_inv_0_0_synth_1/runme.log
[2025-09-15 02:04:54] design_1_xdma_0_0_synth_1: /cluster/home/eirikwit/vortex-gpgpu/chipyard/sims/firesim/sim/generated-src/alveo/FireSim-FireSimV1S1C0L3-BaseF1Config1Mem_F25MHz/u250/vivado_proj/firesim.runs/design_1_xdma_0_0_synth_1/runme.log
[2025-09-15 02:04:54] design_1_util_ds_buf_0_synth_1: /cluster/home/eirikwit/vortex-gpgpu/chipyard/sims/firesim/sim/generated-src/alveo/FireSim-FireSimV1S1C0L3-BaseF1Config1Mem_F25MHz/u250/vivado_proj/firesim.runs/design_1_util_ds_buf_0_synth_1/runme.log
[2025-09-15 02:04:54] design_1_ddr4_0_0_synth_1: /cluster/home/eirikwit/vortex-gpgpu/chipyard/sims/firesim/sim/generated-src/alveo/FireSim-FireSimV1S1C0L3-BaseF1Config1Mem_F25MHz/u250/vivado_proj/firesim.runs/design_1_ddr4_0_0_synth_1/runme.log
[2025-09-15 02:04:54] [Mon Sep 15 02:04:54 2025] Launched synth_1...
[2025-09-15 02:04:54] Run output will be captured here: /cluster/home/eirikwit/vortex-gpgpu/chipyard/sims/firesim/sim/generated-src/alveo/FireSim-FireSimV1S1C0L3-BaseF1Config1Mem_F25MHz/u250/vivado_proj/firesim.runs/synth_1/runme.log
[2025-09-15 02:04:54] launch_runs: Time (s): cpu = 00:00:32 ; elapsed = 00:00:38 . Memory (MB): peak = 3644.738 ; gain = 35.980 ; free physical = 233514 ; free virtual = 240750
[2025-09-15 02:04:54] ## wait_on_run ${synth_run}
[2025-09-15 02:04:54] [Mon Sep 15 02:04:54 2025] Waiting for synth_1 to finish...
[2025-09-15 02:12:55] 
[2025-09-15 02:12:55] *** Running vivado
[2025-09-15 02:12:55]     with args -log design_1_wrapper.vds -m64 -product Vivado -mode batch -messageDb vivado.pb -notrace -source design_1_wrapper.tcl
[2025-09-15 02:12:55] 
[2025-09-15 02:13:00] 
[2025-09-15 02:13:00] ****** Vivado v2022.2 (64-bit)
[2025-09-15 02:13:00]   **** SW Build 3671981 on Fri Oct 14 04:59:54 MDT 2022
[2025-09-15 02:13:00]   **** IP Build 3669848 on Fri Oct 14 08:30:02 MDT 2022
[2025-09-15 02:13:00]     ** Copyright 1986-2022 Xilinx, Inc. All Rights Reserved.
[2025-09-15 02:13:00] 
[2025-09-15 02:13:00] source design_1_wrapper.tcl -notrace
[2025-09-15 02:13:05] INFO: [IP_Flow 19-234] Refreshing IP repositories
[2025-09-15 02:13:05] INFO: [IP_Flow 19-1704] No user IP repositories specified
[2025-09-15 02:13:05] INFO: [IP_Flow 19-2313] Loaded Vivado IP repository '/cluster/projects/itea_lille-ie-idi/opt/Xilinx/Vivado/2022.2/data/ip'.
[2025-09-15 02:13:05] WARNING: [filemgmt 56-443] The ECC Algorithm string is empty. Setting the Memory Map to default ECC value to ECC_NONE.
[2025-09-15 02:13:05] WARNING: [filemgmt 56-443] The ECC Algorithm string is empty. Setting the Memory Map to default ECC value to ECC_NONE.
[2025-09-15 02:13:10] add_files: Time (s): cpu = 00:00:08 ; elapsed = 00:00:07 . Memory (MB): peak = 1808.602 ; gain = 107.348 ; free physical = 231504 ; free virtual = 239734
[2025-09-15 02:13:10] Command: synth_design -top design_1_wrapper -part xcu250-figd2104-2L-e
[2025-09-15 02:13:10] Starting synth_design
[2025-09-15 02:13:10] Attempting to get a license for feature 'Synthesis' and/or device 'xcu250'
[2025-09-15 02:13:10] INFO: [Common 17-349] Got license for feature 'Synthesis' and/or device 'xcu250'
[2025-09-15 02:13:10] INFO: [Device 21-403] Loading part xcu250-figd2104-2L-e
[2025-09-15 02:13:20] INFO: [Synth 8-7079] Multithreading enabled for synth_design using a maximum of 4 processes.
[2025-09-15 02:13:21] INFO: [Synth 8-7078] Launching helper process for spawning children vivado processes
[2025-09-15 02:13:21] INFO: [Synth 8-7075] Helper process launched with PID 4011798
[2025-09-15 02:13:26] INFO: [Synth 8-11241] undeclared symbol 'REGCCE', assumed default net type 'wire' [/cluster/projects/itea_lille-ie-idi/opt/Xilinx/Vivado/2022.2/data/verilog/src/unimacro/BRAM_SINGLE_MACRO.v:2170]
[2025-09-15 02:13:26] ---------------------------------------------------------------------------------
[2025-09-15 02:13:26] Starting RTL Elaboration : Time (s): cpu = 00:00:03 ; elapsed = 00:00:03 . Memory (MB): peak = 3315.211 ; gain = 355.766 ; free physical = 229854 ; free virtual = 238048
[2025-09-15 02:13:26] Synthesis current peak Physical Memory [PSS] (MB): peak = 2632.393; parent = 2457.748; children = 174.645
[2025-09-15 02:13:26] Synthesis current peak Virtual Memory [VSS] (MB): peak = 4262.996; parent = 3319.184; children = 943.812
[2025-09-15 02:13:26] ---------------------------------------------------------------------------------
[2025-09-15 02:13:26] INFO: [Synth 8-6157] synthesizing module 'design_1_wrapper' [/cluster/home/eirikwit/vortex-gpgpu/chipyard/sims/firesim/sim/generated-src/alveo/FireSim-FireSimV1S1C0L3-BaseF1Config1Mem_F25MHz/u250/vivado_proj/firesim.gen/sources_1/bd/design_1/hdl/design_1_wrapper.v:12]
[2025-09-15 02:13:26] INFO: [Synth 8-6157] synthesizing module 'design_1' [/cluster/home/eirikwit/vortex-gpgpu/chipyard/sims/firesim/sim/generated-src/alveo/FireSim-FireSimV1S1C0L3-BaseF1Config1Mem_F25MHz/u250/vivado_proj/firesim.gen/sources_1/bd/design_1/synth/design_1.v:12]
[2025-09-15 02:13:26] INFO: [Synth 8-6157] synthesizing module 'design_1_axi_clock_converter_0_0' [/cluster/home/eirikwit/vortex-gpgpu/chipyard/sims/firesim/sim/generated-src/alveo/FireSim-FireSimV1S1C0L3-BaseF1Config1Mem_F25MHz/u250/vivado_proj/firesim.runs/synth_1/.Xil/Vivado-4010526-idun-03-31/realtime/design_1_axi_clock_converter_0_0_stub.v:5]
[2025-09-15 02:13:26] INFO: [Synth 8-6155] done synthesizing module 'design_1_axi_clock_converter_0_0' (0#1) [/cluster/home/eirikwit/vortex-gpgpu/chipyard/sims/firesim/sim/generated-src/alveo/FireSim-FireSimV1S1C0L3-BaseF1Config1Mem_F25MHz/u250/vivado_proj/firesim.runs/synth_1/.Xil/Vivado-4010526-idun-03-31/realtime/design_1_axi_clock_converter_0_0_stub.v:5]
[2025-09-15 02:13:26] INFO: [Synth 8-6157] synthesizing module 'design_1_axi_clock_converter_1_0' [/cluster/home/eirikwit/vortex-gpgpu/chipyard/sims/firesim/sim/generated-src/alveo/FireSim-FireSimV1S1C0L3-BaseF1Config1Mem_F25MHz/u250/vivado_proj/firesim.runs/synth_1/.Xil/Vivado-4010526-idun-03-31/realtime/design_1_axi_clock_converter_1_0_stub.v:5]
[2025-09-15 02:13:26] INFO: [Synth 8-6155] done synthesizing module 'design_1_axi_clock_converter_1_0' (0#1) [/cluster/home/eirikwit/vortex-gpgpu/chipyard/sims/firesim/sim/generated-src/alveo/FireSim-FireSimV1S1C0L3-BaseF1Config1Mem_F25MHz/u250/vivado_proj/firesim.runs/synth_1/.Xil/Vivado-4010526-idun-03-31/realtime/design_1_axi_clock_converter_1_0_stub.v:5]
[2025-09-15 02:13:26] INFO: [Synth 8-6157] synthesizing module 'design_1_axi_dwidth_converter_0_0' [/cluster/home/eirikwit/vortex-gpgpu/chipyard/sims/firesim/sim/generated-src/alveo/FireSim-FireSimV1S1C0L3-BaseF1Config1Mem_F25MHz/u250/vivado_proj/firesim.runs/synth_1/.Xil/Vivado-4010526-idun-03-31/realtime/design_1_axi_dwidth_converter_0_0_stub.v:5]
[2025-09-15 02:13:26] INFO: [Synth 8-6155] done synthesizing module 'design_1_axi_dwidth_converter_0_0' (0#1) [/cluster/home/eirikwit/vortex-gpgpu/chipyard/sims/firesim/sim/generated-src/alveo/FireSim-FireSimV1S1C0L3-BaseF1Config1Mem_F25MHz/u250/vivado_proj/firesim.runs/synth_1/.Xil/Vivado-4010526-idun-03-31/realtime/design_1_axi_dwidth_converter_0_0_stub.v:5]
[2025-09-15 02:13:26] WARNING: [Synth 8-7071] port 'm_axi_awregion' of module 'design_1_axi_dwidth_converter_0_0' is unconnected for instance 'axi_dwidth_converter_0' [/cluster/home/eirikwit/vortex-gpgpu/chipyard/sims/firesim/sim/generated-src/alveo/FireSim-FireSimV1S1C0L3-BaseF1Config1Mem_F25MHz/u250/vivado_proj/firesim.gen/sources_1/bd/design_1/synth/design_1.v:445]
[2025-09-15 02:13:26] WARNING: [Synth 8-7071] port 'm_axi_arregion' of module 'design_1_axi_dwidth_converter_0_0' is unconnected for instance 'axi_dwidth_converter_0' [/cluster/home/eirikwit/vortex-gpgpu/chipyard/sims/firesim/sim/generated-src/alveo/FireSim-FireSimV1S1C0L3-BaseF1Config1Mem_F25MHz/u250/vivado_proj/firesim.gen/sources_1/bd/design_1/synth/design_1.v:445]
[2025-09-15 02:13:26] WARNING: [Synth 8-7023] instance 'axi_dwidth_converter_0' of module 'design_1_axi_dwidth_converter_0_0' has 78 connections declared, but only 76 given [/cluster/home/eirikwit/vortex-gpgpu/chipyard/sims/firesim/sim/generated-src/alveo/FireSim-FireSimV1S1C0L3-BaseF1Config1Mem_F25MHz/u250/vivado_proj/firesim.gen/sources_1/bd/design_1/synth/design_1.v:445]
[2025-09-15 02:13:26] INFO: [Synth 8-6157] synthesizing module 'design_1_axi_tieoff_master_0_0' [/cluster/home/eirikwit/vortex-gpgpu/chipyard/sims/firesim/sim/generated-src/alveo/FireSim-FireSimV1S1C0L3-BaseF1Config1Mem_F25MHz/u250/vivado_proj/firesim.runs/synth_1/.Xil/Vivado-4010526-idun-03-31/realtime/design_1_axi_tieoff_master_0_0_stub.v:5]
[2025-09-15 02:13:26] INFO: [Synth 8-6155] done synthesizing module 'design_1_axi_tieoff_master_0_0' (0#1) [/cluster/home/eirikwit/vortex-gpgpu/chipyard/sims/firesim/sim/generated-src/alveo/FireSim-FireSimV1S1C0L3-BaseF1Config1Mem_F25MHz/u250/vivado_proj/firesim.runs/synth_1/.Xil/Vivado-4010526-idun-03-31/realtime/design_1_axi_tieoff_master_0_0_stub.v:5]
[2025-09-15 02:13:26] INFO: [Synth 8-6157] synthesizing module 'design_1_clk_wiz_0_0' [/cluster/home/eirikwit/vortex-gpgpu/chipyard/sims/firesim/sim/generated-src/alveo/FireSim-FireSimV1S1C0L3-BaseF1Config1Mem_F25MHz/u250/vivado_proj/firesim.runs/synth_1/.Xil/Vivado-4010526-idun-03-31/realtime/design_1_clk_wiz_0_0_stub.v:5]
[2025-09-15 02:13:26] INFO: [Synth 8-6155] done synthesizing module 'design_1_clk_wiz_0_0' (0#1) [/cluster/home/eirikwit/vortex-gpgpu/chipyard/sims/firesim/sim/generated-src/alveo/FireSim-FireSimV1S1C0L3-BaseF1Config1Mem_F25MHz/u250/vivado_proj/firesim.runs/synth_1/.Xil/Vivado-4010526-idun-03-31/realtime/design_1_clk_wiz_0_0_stub.v:5]
[2025-09-15 02:13:26] INFO: [Synth 8-6157] synthesizing module 'design_1_ddr4_0_0' [/cluster/home/eirikwit/vortex-gpgpu/chipyard/sims/firesim/sim/generated-src/alveo/FireSim-FireSimV1S1C0L3-BaseF1Config1Mem_F25MHz/u250/vivado_proj/firesim.runs/synth_1/.Xil/Vivado-4010526-idun-03-31/realtime/design_1_ddr4_0_0_stub.v:5]
[2025-09-15 02:13:26] INFO: [Synth 8-6155] done synthesizing module 'design_1_ddr4_0_0' (0#1) [/cluster/home/eirikwit/vortex-gpgpu/chipyard/sims/firesim/sim/generated-src/alveo/FireSim-FireSimV1S1C0L3-BaseF1Config1Mem_F25MHz/u250/vivado_proj/firesim.runs/synth_1/.Xil/Vivado-4010526-idun-03-31/realtime/design_1_ddr4_0_0_stub.v:5]
[2025-09-15 02:13:26] WARNING: [Synth 8-7071] port 'c0_init_calib_complete' of module 'design_1_ddr4_0_0' is unconnected for instance 'ddr4_0' [/cluster/home/eirikwit/vortex-gpgpu/chipyard/sims/firesim/sim/generated-src/alveo/FireSim-FireSimV1S1C0L3-BaseF1Config1Mem_F25MHz/u250/vivado_proj/firesim.gen/sources_1/bd/design_1/synth/design_1.v:543]
[2025-09-15 02:13:26] WARNING: [Synth 8-7071] port 'c0_ddr4_ui_clk_sync_rst' of module 'design_1_ddr4_0_0' is unconnected for instance 'ddr4_0' [/cluster/home/eirikwit/vortex-gpgpu/chipyard/sims/firesim/sim/generated-src/alveo/FireSim-FireSimV1S1C0L3-BaseF1Config1Mem_F25MHz/u250/vivado_proj/firesim.gen/sources_1/bd/design_1/synth/design_1.v:543]
[2025-09-15 02:13:26] WARNING: [Synth 8-7071] port 'addn_ui_clkout1' of module 'design_1_ddr4_0_0' is unconnected for instance 'ddr4_0' [/cluster/home/eirikwit/vortex-gpgpu/chipyard/sims/firesim/sim/generated-src/alveo/FireSim-FireSimV1S1C0L3-BaseF1Config1Mem_F25MHz/u250/vivado_proj/firesim.gen/sources_1/bd/design_1/synth/design_1.v:543]
[2025-09-15 02:13:26] WARNING: [Synth 8-7071] port 'dbg_clk' of module 'design_1_ddr4_0_0' is unconnected for instance 'ddr4_0' [/cluster/home/eirikwit/vortex-gpgpu/chipyard/sims/firesim/sim/generated-src/alveo/FireSim-FireSimV1S1C0L3-BaseF1Config1Mem_F25MHz/u250/vivado_proj/firesim.gen/sources_1/bd/design_1/synth/design_1.v:543]
[2025-09-15 02:13:26] WARNING: [Synth 8-7071] port 'c0_ddr4_interrupt' of module 'design_1_ddr4_0_0' is unconnected for instance 'ddr4_0' [/cluster/home/eirikwit/vortex-gpgpu/chipyard/sims/firesim/sim/generated-src/alveo/FireSim-FireSimV1S1C0L3-BaseF1Config1Mem_F25MHz/u250/vivado_proj/firesim.gen/sources_1/bd/design_1/synth/design_1.v:543]
[2025-09-15 02:13:26] WARNING: [Synth 8-7071] port 'c0_ddr4_s_axi_bid' of module 'design_1_ddr4_0_0' is unconnected for instance 'ddr4_0' [/cluster/home/eirikwit/vortex-gpgpu/chipyard/sims/firesim/sim/generated-src/alveo/FireSim-FireSimV1S1C0L3-BaseF1Config1Mem_F25MHz/u250/vivado_proj/firesim.gen/sources_1/bd/design_1/synth/design_1.v:543]
[2025-09-15 02:13:26] WARNING: [Synth 8-7071] port 'c0_ddr4_s_axi_rid' of module 'design_1_ddr4_0_0' is unconnected for instance 'ddr4_0' [/cluster/home/eirikwit/vortex-gpgpu/chipyard/sims/firesim/sim/generated-src/alveo/FireSim-FireSimV1S1C0L3-BaseF1Config1Mem_F25MHz/u250/vivado_proj/firesim.gen/sources_1/bd/design_1/synth/design_1.v:543]
[2025-09-15 02:13:26] WARNING: [Synth 8-7071] port 'dbg_bus' of module 'design_1_ddr4_0_0' is unconnected for instance 'ddr4_0' [/cluster/home/eirikwit/vortex-gpgpu/chipyard/sims/firesim/sim/generated-src/alveo/FireSim-FireSimV1S1C0L3-BaseF1Config1Mem_F25MHz/u250/vivado_proj/firesim.gen/sources_1/bd/design_1/synth/design_1.v:543]
[2025-09-15 02:13:26] WARNING: [Synth 8-7023] instance 'ddr4_0' of module 'design_1_ddr4_0_0' has 78 connections declared, but only 70 given [/cluster/home/eirikwit/vortex-gpgpu/chipyard/sims/firesim/sim/generated-src/alveo/FireSim-FireSimV1S1C0L3-BaseF1Config1Mem_F25MHz/u250/vivado_proj/firesim.gen/sources_1/bd/design_1/synth/design_1.v:543]
[2025-09-15 02:13:26] INFO: [Synth 8-6157] synthesizing module 'design_1_firesim_wrapper_0_0' [/cluster/home/eirikwit/vortex-gpgpu/chipyard/sims/firesim/sim/generated-src/alveo/FireSim-FireSimV1S1C0L3-BaseF1Config1Mem_F25MHz/u250/vivado_proj/firesim.runs/synth_1/.Xil/Vivado-4010526-idun-03-31/realtime/design_1_firesim_wrapper_0_0_stub.v:5]
[2025-09-15 02:13:26] INFO: [Synth 8-6155] done synthesizing module 'design_1_firesim_wrapper_0_0' (0#1) [/cluster/home/eirikwit/vortex-gpgpu/chipyard/sims/firesim/sim/generated-src/alveo/FireSim-FireSimV1S1C0L3-BaseF1Config1Mem_F25MHz/u250/vivado_proj/firesim.runs/synth_1/.Xil/Vivado-4010526-idun-03-31/realtime/design_1_firesim_wrapper_0_0_stub.v:5]
[2025-09-15 02:13:26] INFO: [Synth 8-6157] synthesizing module 'design_1_proc_sys_reset_0_0' [/cluster/home/eirikwit/vortex-gpgpu/chipyard/sims/firesim/sim/generated-src/alveo/FireSim-FireSimV1S1C0L3-BaseF1Config1Mem_F25MHz/u250/vivado_proj/firesim.runs/synth_1/.Xil/Vivado-4010526-idun-03-31/realtime/design_1_proc_sys_reset_0_0_stub.v:5]
[2025-09-15 02:13:26] INFO: [Synth 8-6155] done synthesizing module 'design_1_proc_sys_reset_0_0' (0#1) [/cluster/home/eirikwit/vortex-gpgpu/chipyard/sims/firesim/sim/generated-src/alveo/FireSim-FireSimV1S1C0L3-BaseF1Config1Mem_F25MHz/u250/vivado_proj/firesim.runs/synth_1/.Xil/Vivado-4010526-idun-03-31/realtime/design_1_proc_sys_reset_0_0_stub.v:5]
[2025-09-15 02:13:26] WARNING: [Synth 8-7071] port 'mb_reset' of module 'design_1_proc_sys_reset_0_0' is unconnected for instance 'proc_sys_reset_0' [/cluster/home/eirikwit/vortex-gpgpu/chipyard/sims/firesim/sim/generated-src/alveo/FireSim-FireSimV1S1C0L3-BaseF1Config1Mem_F25MHz/u250/vivado_proj/firesim.gen/sources_1/bd/design_1/synth/design_1.v:714]
[2025-09-15 02:13:26] WARNING: [Synth 8-7071] port 'bus_struct_reset' of module 'design_1_proc_sys_reset_0_0' is unconnected for instance 'proc_sys_reset_0' [/cluster/home/eirikwit/vortex-gpgpu/chipyard/sims/firesim/sim/generated-src/alveo/FireSim-FireSimV1S1C0L3-BaseF1Config1Mem_F25MHz/u250/vivado_proj/firesim.gen/sources_1/bd/design_1/synth/design_1.v:714]
[2025-09-15 02:13:26] WARNING: [Synth 8-7071] port 'peripheral_reset' of module 'design_1_proc_sys_reset_0_0' is unconnected for instance 'proc_sys_reset_0' [/cluster/home/eirikwit/vortex-gpgpu/chipyard/sims/firesim/sim/generated-src/alveo/FireSim-FireSimV1S1C0L3-BaseF1Config1Mem_F25MHz/u250/vivado_proj/firesim.gen/sources_1/bd/design_1/synth/design_1.v:714]
[2025-09-15 02:13:26] WARNING: [Synth 8-7071] port 'peripheral_aresetn' of module 'design_1_proc_sys_reset_0_0' is unconnected for instance 'proc_sys_reset_0' [/cluster/home/eirikwit/vortex-gpgpu/chipyard/sims/firesim/sim/generated-src/alveo/FireSim-FireSimV1S1C0L3-BaseF1Config1Mem_F25MHz/u250/vivado_proj/firesim.gen/sources_1/bd/design_1/synth/design_1.v:714]
[2025-09-15 02:13:26] WARNING: [Synth 8-7023] instance 'proc_sys_reset_0' of module 'design_1_proc_sys_reset_0_0' has 10 connections declared, but only 6 given [/cluster/home/eirikwit/vortex-gpgpu/chipyard/sims/firesim/sim/generated-src/alveo/FireSim-FireSimV1S1C0L3-BaseF1Config1Mem_F25MHz/u250/vivado_proj/firesim.gen/sources_1/bd/design_1/synth/design_1.v:714]
[2025-09-15 02:13:26] INFO: [Synth 8-6157] synthesizing module 'design_1_proc_sys_reset_1_0' [/cluster/home/eirikwit/vortex-gpgpu/chipyard/sims/firesim/sim/generated-src/alveo/FireSim-FireSimV1S1C0L3-BaseF1Config1Mem_F25MHz/u250/vivado_proj/firesim.runs/synth_1/.Xil/Vivado-4010526-idun-03-31/realtime/design_1_proc_sys_reset_1_0_stub.v:5]
[2025-09-15 02:13:26] INFO: [Synth 8-6155] done synthesizing module 'design_1_proc_sys_reset_1_0' (0#1) [/cluster/home/eirikwit/vortex-gpgpu/chipyard/sims/firesim/sim/generated-src/alveo/FireSim-FireSimV1S1C0L3-BaseF1Config1Mem_F25MHz/u250/vivado_proj/firesim.runs/synth_1/.Xil/Vivado-4010526-idun-03-31/realtime/design_1_proc_sys_reset_1_0_stub.v:5]
[2025-09-15 02:13:26] WARNING: [Synth 8-7071] port 'mb_reset' of module 'design_1_proc_sys_reset_1_0' is unconnected for instance 'proc_sys_reset_1' [/cluster/home/eirikwit/vortex-gpgpu/chipyard/sims/firesim/sim/generated-src/alveo/FireSim-FireSimV1S1C0L3-BaseF1Config1Mem_F25MHz/u250/vivado_proj/firesim.gen/sources_1/bd/design_1/synth/design_1.v:721]
[2025-09-15 02:13:26] WARNING: [Synth 8-7071] port 'bus_struct_reset' of module 'design_1_proc_sys_reset_1_0' is unconnected for instance 'proc_sys_reset_1' [/cluster/home/eirikwit/vortex-gpgpu/chipyard/sims/firesim/sim/generated-src/alveo/FireSim-FireSimV1S1C0L3-BaseF1Config1Mem_F25MHz/u250/vivado_proj/firesim.gen/sources_1/bd/design_1/synth/design_1.v:721]
[2025-09-15 02:13:26] WARNING: [Synth 8-7071] port 'peripheral_reset' of module 'design_1_proc_sys_reset_1_0' is unconnected for instance 'proc_sys_reset_1' [/cluster/home/eirikwit/vortex-gpgpu/chipyard/sims/firesim/sim/generated-src/alveo/FireSim-FireSimV1S1C0L3-BaseF1Config1Mem_F25MHz/u250/vivado_proj/firesim.gen/sources_1/bd/design_1/synth/design_1.v:721]
[2025-09-15 02:13:26] WARNING: [Synth 8-7071] port 'peripheral_aresetn' of module 'design_1_proc_sys_reset_1_0' is unconnected for instance 'proc_sys_reset_1' [/cluster/home/eirikwit/vortex-gpgpu/chipyard/sims/firesim/sim/generated-src/alveo/FireSim-FireSimV1S1C0L3-BaseF1Config1Mem_F25MHz/u250/vivado_proj/firesim.gen/sources_1/bd/design_1/synth/design_1.v:721]
[2025-09-15 02:13:26] WARNING: [Synth 8-7023] instance 'proc_sys_reset_1' of module 'design_1_proc_sys_reset_1_0' has 10 connections declared, but only 6 given [/cluster/home/eirikwit/vortex-gpgpu/chipyard/sims/firesim/sim/generated-src/alveo/FireSim-FireSimV1S1C0L3-BaseF1Config1Mem_F25MHz/u250/vivado_proj/firesim.gen/sources_1/bd/design_1/synth/design_1.v:721]
[2025-09-15 02:13:26] INFO: [Synth 8-6157] synthesizing module 'design_1_resetn_inv_0_0' [/cluster/home/eirikwit/vortex-gpgpu/chipyard/sims/firesim/sim/generated-src/alveo/FireSim-FireSimV1S1C0L3-BaseF1Config1Mem_F25MHz/u250/vivado_proj/firesim.runs/synth_1/.Xil/Vivado-4010526-idun-03-31/realtime/design_1_resetn_inv_0_0_stub.v:5]
[2025-09-15 02:13:26] INFO: [Synth 8-6155] done synthesizing module 'design_1_resetn_inv_0_0' (0#1) [/cluster/home/eirikwit/vortex-gpgpu/chipyard/sims/firesim/sim/generated-src/alveo/FireSim-FireSimV1S1C0L3-BaseF1Config1Mem_F25MHz/u250/vivado_proj/firesim.runs/synth_1/.Xil/Vivado-4010526-idun-03-31/realtime/design_1_resetn_inv_0_0_stub.v:5]
[2025-09-15 02:13:26] INFO: [Synth 8-6157] synthesizing module 'design_1_util_ds_buf_0' [/cluster/home/eirikwit/vortex-gpgpu/chipyard/sims/firesim/sim/generated-src/alveo/FireSim-FireSimV1S1C0L3-BaseF1Config1Mem_F25MHz/u250/vivado_proj/firesim.runs/synth_1/.Xil/Vivado-4010526-idun-03-31/realtime/design_1_util_ds_buf_0_stub.v:5]
[2025-09-15 02:13:26] INFO: [Synth 8-6155] done synthesizing module 'design_1_util_ds_buf_0' (0#1) [/cluster/home/eirikwit/vortex-gpgpu/chipyard/sims/firesim/sim/generated-src/alveo/FireSim-FireSimV1S1C0L3-BaseF1Config1Mem_F25MHz/u250/vivado_proj/firesim.runs/synth_1/.Xil/Vivado-4010526-idun-03-31/realtime/design_1_util_ds_buf_0_stub.v:5]
[2025-09-15 02:13:26] INFO: [Synth 8-6157] synthesizing module 'design_1_xdma_0_0' [/cluster/home/eirikwit/vortex-gpgpu/chipyard/sims/firesim/sim/generated-src/alveo/FireSim-FireSimV1S1C0L3-BaseF1Config1Mem_F25MHz/u250/vivado_proj/firesim.runs/synth_1/.Xil/Vivado-4010526-idun-03-31/realtime/design_1_xdma_0_0_stub.v:5]
[2025-09-15 02:13:26] INFO: [Synth 8-6155] done synthesizing module 'design_1_xdma_0_0' (0#1) [/cluster/home/eirikwit/vortex-gpgpu/chipyard/sims/firesim/sim/generated-src/alveo/FireSim-FireSimV1S1C0L3-BaseF1Config1Mem_F25MHz/u250/vivado_proj/firesim.runs/synth_1/.Xil/Vivado-4010526-idun-03-31/realtime/design_1_xdma_0_0_stub.v:5]
[2025-09-15 02:13:26] WARNING: [Synth 8-7071] port 'user_lnk_up' of module 'design_1_xdma_0_0' is unconnected for instance 'xdma_0' [/cluster/home/eirikwit/vortex-gpgpu/chipyard/sims/firesim/sim/generated-src/alveo/FireSim-FireSimV1S1C0L3-BaseF1Config1Mem_F25MHz/u250/vivado_proj/firesim.gen/sources_1/bd/design_1/synth/design_1.v:736]
[2025-09-15 02:13:26] WARNING: [Synth 8-7071] port 'usr_irq_ack' of module 'design_1_xdma_0_0' is unconnected for instance 'xdma_0' [/cluster/home/eirikwit/vortex-gpgpu/chipyard/sims/firesim/sim/generated-src/alveo/FireSim-FireSimV1S1C0L3-BaseF1Config1Mem_F25MHz/u250/vivado_proj/firesim.gen/sources_1/bd/design_1/synth/design_1.v:736]
[2025-09-15 02:13:26] WARNING: [Synth 8-7071] port 'msi_enable' of module 'design_1_xdma_0_0' is unconnected for instance 'xdma_0' [/cluster/home/eirikwit/vortex-gpgpu/chipyard/sims/firesim/sim/generated-src/alveo/FireSim-FireSimV1S1C0L3-BaseF1Config1Mem_F25MHz/u250/vivado_proj/firesim.gen/sources_1/bd/design_1/synth/design_1.v:736]
[2025-09-15 02:13:26] WARNING: [Synth 8-7071] port 'msi_vector_width' of module 'design_1_xdma_0_0' is unconnected for instance 'xdma_0' [/cluster/home/eirikwit/vortex-gpgpu/chipyard/sims/firesim/sim/generated-src/alveo/FireSim-FireSimV1S1C0L3-BaseF1Config1Mem_F25MHz/u250/vivado_proj/firesim.gen/sources_1/bd/design_1/synth/design_1.v:736]
[2025-09-15 02:13:26] WARNING: [Synth 8-7071] port 'cfg_mgmt_read_data' of module 'design_1_xdma_0_0' is unconnected for instance 'xdma_0' [/cluster/home/eirikwit/vortex-gpgpu/chipyard/sims/firesim/sim/generated-src/alveo/FireSim-FireSimV1S1C0L3-BaseF1Config1Mem_F25MHz/u250/vivado_proj/firesim.gen/sources_1/bd/design_1/synth/design_1.v:736]
[2025-09-15 02:13:26] WARNING: [Synth 8-7071] port 'cfg_mgmt_read_write_done' of module 'design_1_xdma_0_0' is unconnected for instance 'xdma_0' [/cluster/home/eirikwit/vortex-gpgpu/chipyard/sims/firesim/sim/generated-src/alveo/FireSim-FireSimV1S1C0L3-BaseF1Config1Mem_F25MHz/u250/vivado_proj/firesim.gen/sources_1/bd/design_1/synth/design_1.v:736]
[2025-09-15 02:13:26] WARNING: [Synth 8-7023] instance 'xdma_0' of module 'design_1_xdma_0_0' has 75 connections declared, but only 69 given [/cluster/home/eirikwit/vortex-gpgpu/chipyard/sims/firesim/sim/generated-src/alveo/FireSim-FireSimV1S1C0L3-BaseF1Config1Mem_F25MHz/u250/vivado_proj/firesim.gen/sources_1/bd/design_1/synth/design_1.v:736]
[2025-09-15 02:13:26] INFO: [Synth 8-6157] synthesizing module 'design_1_xlconstant_0_0' [/cluster/home/eirikwit/vortex-gpgpu/chipyard/sims/firesim/sim/generated-src/alveo/FireSim-FireSimV1S1C0L3-BaseF1Config1Mem_F25MHz/u250/vivado_proj/firesim.gen/sources_1/bd/design_1/ip/design_1_xlconstant_0_0/synth/design_1_xlconstant_0_0.v:53]
[2025-09-15 02:13:26] INFO: [Synth 8-6157] synthesizing module 'xlconstant_v1_1_7_xlconstant' [/cluster/home/eirikwit/vortex-gpgpu/chipyard/sims/firesim/sim/generated-src/alveo/FireSim-FireSimV1S1C0L3-BaseF1Config1Mem_F25MHz/u250/vivado_proj/firesim.gen/sources_1/bd/design_1/ipshared/badb/hdl/xlconstant_v1_1_vl_rfs.v:23]
[2025-09-15 02:13:26] INFO: [Synth 8-6155] done synthesizing module 'xlconstant_v1_1_7_xlconstant' (0#1) [/cluster/home/eirikwit/vortex-gpgpu/chipyard/sims/firesim/sim/generated-src/alveo/FireSim-FireSimV1S1C0L3-BaseF1Config1Mem_F25MHz/u250/vivado_proj/firesim.gen/sources_1/bd/design_1/ipshared/badb/hdl/xlconstant_v1_1_vl_rfs.v:23]
[2025-09-15 02:13:26] INFO: [Synth 8-6155] done synthesizing module 'design_1_xlconstant_0_0' (0#1) [/cluster/home/eirikwit/vortex-gpgpu/chipyard/sims/firesim/sim/generated-src/alveo/FireSim-FireSimV1S1C0L3-BaseF1Config1Mem_F25MHz/u250/vivado_proj/firesim.gen/sources_1/bd/design_1/ip/design_1_xlconstant_0_0/synth/design_1_xlconstant_0_0.v:53]
[2025-09-15 02:13:26] INFO: [Synth 8-6155] done synthesizing module 'design_1' (0#1) [/cluster/home/eirikwit/vortex-gpgpu/chipyard/sims/firesim/sim/generated-src/alveo/FireSim-FireSimV1S1C0L3-BaseF1Config1Mem_F25MHz/u250/vivado_proj/firesim.gen/sources_1/bd/design_1/synth/design_1.v:12]
[2025-09-15 02:13:26] INFO: [Synth 8-6155] done synthesizing module 'design_1_wrapper' (0#1) [/cluster/home/eirikwit/vortex-gpgpu/chipyard/sims/firesim/sim/generated-src/alveo/FireSim-FireSimV1S1C0L3-BaseF1Config1Mem_F25MHz/u250/vivado_proj/firesim.gen/sources_1/bd/design_1/hdl/design_1_wrapper.v:12]
[2025-09-15 02:13:26] ---------------------------------------------------------------------------------
[2025-09-15 02:13:26] Finished RTL Elaboration : Time (s): cpu = 00:00:04 ; elapsed = 00:00:05 . Memory (MB): peak = 3391.148 ; gain = 431.703 ; free physical = 229766 ; free virtual = 237961
[2025-09-15 02:13:26] Synthesis current peak Physical Memory [PSS] (MB): peak = 2632.393; parent = 2457.748; children = 174.645
[2025-09-15 02:13:26] Synthesis current peak Virtual Memory [VSS] (MB): peak = 4334.965; parent = 3391.152; children = 943.812
[2025-09-15 02:13:26] ---------------------------------------------------------------------------------
[2025-09-15 02:13:26] ---------------------------------------------------------------------------------
[2025-09-15 02:13:26] Start Handling Custom Attributes
[2025-09-15 02:13:26] ---------------------------------------------------------------------------------
[2025-09-15 02:13:26] ---------------------------------------------------------------------------------
[2025-09-15 02:13:26] Finished Handling Custom Attributes : Time (s): cpu = 00:00:04 ; elapsed = 00:00:05 . Memory (MB): peak = 3408.961 ; gain = 449.516 ; free physical = 229781 ; free virtual = 237975
[2025-09-15 02:13:26] Synthesis current peak Physical Memory [PSS] (MB): peak = 2632.393; parent = 2457.748; children = 174.645
[2025-09-15 02:13:26] Synthesis current peak Virtual Memory [VSS] (MB): peak = 4352.777; parent = 3408.965; children = 943.812
[2025-09-15 02:13:26] ---------------------------------------------------------------------------------
[2025-09-15 02:13:26] ---------------------------------------------------------------------------------
[2025-09-15 02:13:26] Finished RTL Optimization Phase 1 : Time (s): cpu = 00:00:04 ; elapsed = 00:00:05 . Memory (MB): peak = 3408.961 ; gain = 449.516 ; free physical = 229781 ; free virtual = 237975
[2025-09-15 02:13:26] Synthesis current peak Physical Memory [PSS] (MB): peak = 2632.393; parent = 2457.748; children = 174.645
[2025-09-15 02:13:26] Synthesis current peak Virtual Memory [VSS] (MB): peak = 4352.777; parent = 3408.965; children = 943.812
[2025-09-15 02:13:26] ---------------------------------------------------------------------------------
[2025-09-15 02:13:26] Netlist sorting complete. Time (s): cpu = 00:00:00.01 ; elapsed = 00:00:00.01 . Memory (MB): peak = 3408.961 ; gain = 0.000 ; free physical = 229781 ; free virtual = 237976
[2025-09-15 02:13:26] INFO: [Project 1-570] Preparing netlist for logic optimization
[2025-09-15 02:13:26] 
[2025-09-15 02:13:26] Processing XDC Constraints
[2025-09-15 02:13:26] Initializing timing engine
[2025-09-15 02:13:26] Parsing XDC File [/cluster/home/eirikwit/vortex-gpgpu/chipyard/sims/firesim/sim/generated-src/alveo/FireSim-FireSimV1S1C0L3-BaseF1Config1Mem_F25MHz/u250/vivado_proj/firesim.gen/sources_1/bd/design_1/ip/design_1_axi_clock_converter_0_0/design_1_axi_clock_converter_0_0/design_1_axi_clock_converter_0_0_in_context.xdc] for cell 'design_1_i/axi_clock_converter_0'
[2025-09-15 02:13:26] Finished Parsing XDC File [/cluster/home/eirikwit/vortex-gpgpu/chipyard/sims/firesim/sim/generated-src/alveo/FireSim-FireSimV1S1C0L3-BaseF1Config1Mem_F25MHz/u250/vivado_proj/firesim.gen/sources_1/bd/design_1/ip/design_1_axi_clock_converter_0_0/design_1_axi_clock_converter_0_0/design_1_axi_clock_converter_0_0_in_context.xdc] for cell 'design_1_i/axi_clock_converter_0'
[2025-09-15 02:13:26] Parsing XDC File [/cluster/home/eirikwit/vortex-gpgpu/chipyard/sims/firesim/sim/generated-src/alveo/FireSim-FireSimV1S1C0L3-BaseF1Config1Mem_F25MHz/u250/vivado_proj/firesim.gen/sources_1/bd/design_1/ip/design_1_axi_clock_converter_1_0/design_1_axi_clock_converter_1_0/design_1_axi_clock_converter_1_0_in_context.xdc] for cell 'design_1_i/axi_clock_converter_1'
[2025-09-15 02:13:26] Finished Parsing XDC File [/cluster/home/eirikwit/vortex-gpgpu/chipyard/sims/firesim/sim/generated-src/alveo/FireSim-FireSimV1S1C0L3-BaseF1Config1Mem_F25MHz/u250/vivado_proj/firesim.gen/sources_1/bd/design_1/ip/design_1_axi_clock_converter_1_0/design_1_axi_clock_converter_1_0/design_1_axi_clock_converter_1_0_in_context.xdc] for cell 'design_1_i/axi_clock_converter_1'
[2025-09-15 02:13:26] Parsing XDC File [/cluster/home/eirikwit/vortex-gpgpu/chipyard/sims/firesim/sim/generated-src/alveo/FireSim-FireSimV1S1C0L3-BaseF1Config1Mem_F25MHz/u250/vivado_proj/firesim.gen/sources_1/bd/design_1/ip/design_1_axi_dwidth_converter_0_0/design_1_axi_dwidth_converter_0_0/design_1_axi_dwidth_converter_0_0_in_context.xdc] for cell 'design_1_i/axi_dwidth_converter_0'
[2025-09-15 02:13:26] Finished Parsing XDC File [/cluster/home/eirikwit/vortex-gpgpu/chipyard/sims/firesim/sim/generated-src/alveo/FireSim-FireSimV1S1C0L3-BaseF1Config1Mem_F25MHz/u250/vivado_proj/firesim.gen/sources_1/bd/design_1/ip/design_1_axi_dwidth_converter_0_0/design_1_axi_dwidth_converter_0_0/design_1_axi_dwidth_converter_0_0_in_context.xdc] for cell 'design_1_i/axi_dwidth_converter_0'
[2025-09-15 02:13:26] Parsing XDC File [/cluster/home/eirikwit/vortex-gpgpu/chipyard/sims/firesim/sim/generated-src/alveo/FireSim-FireSimV1S1C0L3-BaseF1Config1Mem_F25MHz/u250/vivado_proj/firesim.gen/sources_1/bd/design_1/ip/design_1_axi_tieoff_master_0_0/design_1_axi_tieoff_master_0_0/design_1_axi_tieoff_master_0_0_in_context.xdc] for cell 'design_1_i/axi_tieoff_master_0'
[2025-09-15 02:13:26] Finished Parsing XDC File [/cluster/home/eirikwit/vortex-gpgpu/chipyard/sims/firesim/sim/generated-src/alveo/FireSim-FireSimV1S1C0L3-BaseF1Config1Mem_F25MHz/u250/vivado_proj/firesim.gen/sources_1/bd/design_1/ip/design_1_axi_tieoff_master_0_0/design_1_axi_tieoff_master_0_0/design_1_axi_tieoff_master_0_0_in_context.xdc] for cell 'design_1_i/axi_tieoff_master_0'
[2025-09-15 02:13:26] Parsing XDC File [/cluster/home/eirikwit/vortex-gpgpu/chipyard/sims/firesim/sim/generated-src/alveo/FireSim-FireSimV1S1C0L3-BaseF1Config1Mem_F25MHz/u250/vivado_proj/firesim.gen/sources_1/bd/design_1/ip/design_1_clk_wiz_0_0/design_1_clk_wiz_0_0/design_1_clk_wiz_0_0_in_context.xdc] for cell 'design_1_i/clk_wiz_0'
[2025-09-15 02:13:31] Finished Parsing XDC File [/cluster/home/eirikwit/vortex-gpgpu/chipyard/sims/firesim/sim/generated-src/alveo/FireSim-FireSimV1S1C0L3-BaseF1Config1Mem_F25MHz/u250/vivado_proj/firesim.gen/sources_1/bd/design_1/ip/design_1_clk_wiz_0_0/design_1_clk_wiz_0_0/design_1_clk_wiz_0_0_in_context.xdc] for cell 'design_1_i/clk_wiz_0'
[2025-09-15 02:13:31] Parsing XDC File [/cluster/home/eirikwit/vortex-gpgpu/chipyard/sims/firesim/sim/generated-src/alveo/FireSim-FireSimV1S1C0L3-BaseF1Config1Mem_F25MHz/u250/vivado_proj/firesim.gen/sources_1/bd/design_1/ip/design_1_ddr4_0_0/design_1_ddr4_0_0/design_1_ddr4_0_0_in_context.xdc] for cell 'design_1_i/ddr4_0'
[2025-09-15 02:13:31] Finished Parsing XDC File [/cluster/home/eirikwit/vortex-gpgpu/chipyard/sims/firesim/sim/generated-src/alveo/FireSim-FireSimV1S1C0L3-BaseF1Config1Mem_F25MHz/u250/vivado_proj/firesim.gen/sources_1/bd/design_1/ip/design_1_ddr4_0_0/design_1_ddr4_0_0/design_1_ddr4_0_0_in_context.xdc] for cell 'design_1_i/ddr4_0'
[2025-09-15 02:13:31] Parsing XDC File [/cluster/home/eirikwit/vortex-gpgpu/chipyard/sims/firesim/sim/generated-src/alveo/FireSim-FireSimV1S1C0L3-BaseF1Config1Mem_F25MHz/u250/vivado_proj/firesim.gen/sources_1/bd/design_1/ip/design_1_firesim_wrapper_0_0/design_1_firesim_wrapper_0_0/design_1_firesim_wrapper_0_0_in_context.xdc] for cell 'design_1_i/firesim_wrapper_0'
[2025-09-15 02:13:31] Finished Parsing XDC File [/cluster/home/eirikwit/vortex-gpgpu/chipyard/sims/firesim/sim/generated-src/alveo/FireSim-FireSimV1S1C0L3-BaseF1Config1Mem_F25MHz/u250/vivado_proj/firesim.gen/sources_1/bd/design_1/ip/design_1_firesim_wrapper_0_0/design_1_firesim_wrapper_0_0/design_1_firesim_wrapper_0_0_in_context.xdc] for cell 'design_1_i/firesim_wrapper_0'
[2025-09-15 02:13:31] Parsing XDC File [/cluster/home/eirikwit/vortex-gpgpu/chipyard/sims/firesim/sim/generated-src/alveo/FireSim-FireSimV1S1C0L3-BaseF1Config1Mem_F25MHz/u250/vivado_proj/firesim.gen/sources_1/bd/design_1/ip/design_1_proc_sys_reset_0_0/design_1_proc_sys_reset_0_0/design_1_proc_sys_reset_0_0_in_context.xdc] for cell 'design_1_i/proc_sys_reset_0'
[2025-09-15 02:13:31] Finished Parsing XDC File [/cluster/home/eirikwit/vortex-gpgpu/chipyard/sims/firesim/sim/generated-src/alveo/FireSim-FireSimV1S1C0L3-BaseF1Config1Mem_F25MHz/u250/vivado_proj/firesim.gen/sources_1/bd/design_1/ip/design_1_proc_sys_reset_0_0/design_1_proc_sys_reset_0_0/design_1_proc_sys_reset_0_0_in_context.xdc] for cell 'design_1_i/proc_sys_reset_0'
[2025-09-15 02:13:31] Parsing XDC File [/cluster/home/eirikwit/vortex-gpgpu/chipyard/sims/firesim/sim/generated-src/alveo/FireSim-FireSimV1S1C0L3-BaseF1Config1Mem_F25MHz/u250/vivado_proj/firesim.gen/sources_1/bd/design_1/ip/design_1_proc_sys_reset_1_0/design_1_proc_sys_reset_1_0/design_1_proc_sys_reset_1_0_in_context.xdc] for cell 'design_1_i/proc_sys_reset_1'
[2025-09-15 02:13:31] Finished Parsing XDC File [/cluster/home/eirikwit/vortex-gpgpu/chipyard/sims/firesim/sim/generated-src/alveo/FireSim-FireSimV1S1C0L3-BaseF1Config1Mem_F25MHz/u250/vivado_proj/firesim.gen/sources_1/bd/design_1/ip/design_1_proc_sys_reset_1_0/design_1_proc_sys_reset_1_0/design_1_proc_sys_reset_1_0_in_context.xdc] for cell 'design_1_i/proc_sys_reset_1'
[2025-09-15 02:13:31] Parsing XDC File [/cluster/home/eirikwit/vortex-gpgpu/chipyard/sims/firesim/sim/generated-src/alveo/FireSim-FireSimV1S1C0L3-BaseF1Config1Mem_F25MHz/u250/vivado_proj/firesim.gen/sources_1/bd/design_1/ip/design_1_resetn_inv_0_0/design_1_resetn_inv_0_0/design_1_resetn_inv_0_0_in_context.xdc] for cell 'design_1_i/resetn_inv_0'
[2025-09-15 02:13:31] Finished Parsing XDC File [/cluster/home/eirikwit/vortex-gpgpu/chipyard/sims/firesim/sim/generated-src/alveo/FireSim-FireSimV1S1C0L3-BaseF1Config1Mem_F25MHz/u250/vivado_proj/firesim.gen/sources_1/bd/design_1/ip/design_1_resetn_inv_0_0/design_1_resetn_inv_0_0/design_1_resetn_inv_0_0_in_context.xdc] for cell 'design_1_i/resetn_inv_0'
[2025-09-15 02:13:31] Parsing XDC File [/cluster/home/eirikwit/vortex-gpgpu/chipyard/sims/firesim/sim/generated-src/alveo/FireSim-FireSimV1S1C0L3-BaseF1Config1Mem_F25MHz/u250/vivado_proj/firesim.gen/sources_1/bd/design_1/ip/design_1_util_ds_buf_0/design_1_util_ds_buf_0/design_1_util_ds_buf_0_in_context.xdc] for cell 'design_1_i/util_ds_buf'
[2025-09-15 02:13:31] Finished Parsing XDC File [/cluster/home/eirikwit/vortex-gpgpu/chipyard/sims/firesim/sim/generated-src/alveo/FireSim-FireSimV1S1C0L3-BaseF1Config1Mem_F25MHz/u250/vivado_proj/firesim.gen/sources_1/bd/design_1/ip/design_1_util_ds_buf_0/design_1_util_ds_buf_0/design_1_util_ds_buf_0_in_context.xdc] for cell 'design_1_i/util_ds_buf'
[2025-09-15 02:13:31] Parsing XDC File [/cluster/home/eirikwit/vortex-gpgpu/chipyard/sims/firesim/sim/generated-src/alveo/FireSim-FireSimV1S1C0L3-BaseF1Config1Mem_F25MHz/u250/vivado_proj/firesim.gen/sources_1/bd/design_1/ip/design_1_xdma_0_0/design_1_xdma_0_0/design_1_xdma_0_0_in_context.xdc] for cell 'design_1_i/xdma_0'
[2025-09-15 02:13:31] Finished Parsing XDC File [/cluster/home/eirikwit/vortex-gpgpu/chipyard/sims/firesim/sim/generated-src/alveo/FireSim-FireSimV1S1C0L3-BaseF1Config1Mem_F25MHz/u250/vivado_proj/firesim.gen/sources_1/bd/design_1/ip/design_1_xdma_0_0/design_1_xdma_0_0/design_1_xdma_0_0_in_context.xdc] for cell 'design_1_i/xdma_0'
[2025-09-15 02:13:31] Parsing XDC File [/cluster/home/eirikwit/vortex-gpgpu/chipyard/sims/firesim/sim/generated-src/alveo/FireSim-FireSimV1S1C0L3-BaseF1Config1Mem_F25MHz/u250/design/firesim_synth.xdc]
[2025-09-15 02:13:31] WARNING: [Vivado 12-180] No cells matched 'design_1_i/firesim_wrapper_0/inst/firesim_top/top/CPUManagedStreamEngine_0/TRACEDOCTORBRIDGEMODULE_0_to_cpu_stream_outgoingQueue/fq/ram_reg*'. [/cluster/home/eirikwit/vortex-gpgpu/chipyard/sims/firesim/sim/generated-src/alveo/FireSim-FireSimV1S1C0L3-BaseF1Config1Mem_F25MHz/u250/design/firesim_synth.xdc:3]
[2025-09-15 02:13:31] Finished Parsing XDC File [/cluster/home/eirikwit/vortex-gpgpu/chipyard/sims/firesim/sim/generated-src/alveo/FireSim-FireSimV1S1C0L3-BaseF1Config1Mem_F25MHz/u250/design/firesim_synth.xdc]
[2025-09-15 02:13:31] WARNING: [Project 1-498] One or more constraints failed evaluation while reading constraint file [/cluster/home/eirikwit/vortex-gpgpu/chipyard/sims/firesim/sim/generated-src/alveo/FireSim-FireSimV1S1C0L3-BaseF1Config1Mem_F25MHz/u250/design/firesim_synth.xdc] and the design contains unresolved black boxes. These constraints will be read post-synthesis (as long as their source constraint file is marked as used_in_implementation) and should be applied correctly then. You should review the constraints listed in the file [.Xil/design_1_wrapper_propImpl.xdc] and check the run log file to verify that these constraints were correctly applied.
[2025-09-15 02:13:31] Parsing XDC File [/cluster/home/eirikwit/vortex-gpgpu/chipyard/sims/firesim/sim/generated-src/alveo/FireSim-FireSimV1S1C0L3-BaseF1Config1Mem_F25MHz/u250/vivado_proj/firesim.runs/synth_1/dont_touch.xdc]
[2025-09-15 02:13:31] Finished Parsing XDC File [/cluster/home/eirikwit/vortex-gpgpu/chipyard/sims/firesim/sim/generated-src/alveo/FireSim-FireSimV1S1C0L3-BaseF1Config1Mem_F25MHz/u250/vivado_proj/firesim.runs/synth_1/dont_touch.xdc]
[2025-09-15 02:13:31] Completed Processing XDC Constraints
[2025-09-15 02:13:31] 
[2025-09-15 02:13:31] Netlist sorting complete. Time (s): cpu = 00:00:00 ; elapsed = 00:00:00 . Memory (MB): peak = 3448.641 ; gain = 0.000 ; free physical = 229763 ; free virtual = 237958
[2025-09-15 02:13:31] INFO: [Project 1-111] Unisim Transformation Summary:
[2025-09-15 02:13:31] No Unisim elements were transformed.
[2025-09-15 02:13:31] 
[2025-09-15 02:13:31] Constraint Validation Runtime : Time (s): cpu = 00:00:00 ; elapsed = 00:00:00 . Memory (MB): peak = 3448.641 ; gain = 0.000 ; free physical = 229763 ; free virtual = 237958
[2025-09-15 02:13:31] WARNING: [Timing 38-316] Clock period '40.000' specified during out-of-context synthesis of instance 'design_1_i/axi_clock_converter_0' at clock pin 'm_axi_aclk' is different from the actual clock period '39.996', this can lead to different synthesis results.
[2025-09-15 02:13:31] WARNING: [Timing 38-316] Clock period '40.000' specified during out-of-context synthesis of instance 'design_1_i/axi_clock_converter_1' at clock pin 'm_axi_aclk' is different from the actual clock period '39.996', this can lead to different synthesis results.
[2025-09-15 02:13:31] WARNING: [Timing 38-316] Clock period '40.000' specified during out-of-context synthesis of instance 'design_1_i/axi_dwidth_converter_0' at clock pin 's_axi_aclk' is different from the actual clock period '39.996', this can lead to different synthesis results.
[2025-09-15 02:13:31] WARNING: [Timing 38-316] Clock period '40.000' specified during out-of-context synthesis of instance 'design_1_i/proc_sys_reset_0' at clock pin 'slowest_sync_clk' is different from the actual clock period '39.996', this can lead to different synthesis results.
[2025-09-15 02:13:36] INFO: [Synth 8-11241] undeclared symbol 'REGCCE', assumed default net type 'wire' [/cluster/projects/itea_lille-ie-idi/opt/Xilinx/Vivado/2022.2/data/verilog/src/unimacro/BRAM_SINGLE_MACRO.v:2170]
[2025-09-15 02:13:36] ---------------------------------------------------------------------------------
[2025-09-15 02:13:36] Finished Constraint Validation : Time (s): cpu = 00:00:13 ; elapsed = 00:00:14 . Memory (MB): peak = 3448.641 ; gain = 489.195 ; free physical = 229831 ; free virtual = 238027
[2025-09-15 02:13:36] Synthesis current peak Physical Memory [PSS] (MB): peak = 2688.770; parent = 2514.131; children = 174.645
[2025-09-15 02:13:36] Synthesis current peak Virtual Memory [VSS] (MB): peak = 4392.457; parent = 3448.645; children = 943.812
[2025-09-15 02:13:36] ---------------------------------------------------------------------------------
[2025-09-15 02:13:36] ---------------------------------------------------------------------------------
[2025-09-15 02:13:36] Start Loading Part and Timing Information
[2025-09-15 02:13:36] ---------------------------------------------------------------------------------
[2025-09-15 02:13:36] Loading part: xcu250-figd2104-2L-e
[2025-09-15 02:13:36] INFO: [Synth 8-6742] Reading net delay rules and data
[2025-09-15 02:13:36] ---------------------------------------------------------------------------------
[2025-09-15 02:13:36] Finished Loading Part and Timing Information : Time (s): cpu = 00:00:13 ; elapsed = 00:00:14 . Memory (MB): peak = 3448.641 ; gain = 489.195 ; free physical = 229831 ; free virtual = 238027
[2025-09-15 02:13:36] Synthesis current peak Physical Memory [PSS] (MB): peak = 2688.770; parent = 2514.131; children = 174.645
[2025-09-15 02:13:36] Synthesis current peak Virtual Memory [VSS] (MB): peak = 4392.457; parent = 3448.645; children = 943.812
[2025-09-15 02:13:36] ---------------------------------------------------------------------------------
[2025-09-15 02:13:36] ---------------------------------------------------------------------------------
[2025-09-15 02:13:36] Start Applying 'set_property' XDC Constraints
[2025-09-15 02:13:36] ---------------------------------------------------------------------------------
[2025-09-15 02:13:36] Applied set_property IO_BUFFER_TYPE = NONE for ddr4_sdram_c0_act_n. (constraint file  /cluster/home/eirikwit/vortex-gpgpu/chipyard/sims/firesim/sim/generated-src/alveo/FireSim-FireSimV1S1C0L3-BaseF1Config1Mem_F25MHz/u250/vivado_proj/firesim.gen/sources_1/bd/design_1/ip/design_1_ddr4_0_0/design_1_ddr4_0_0/design_1_ddr4_0_0_in_context.xdc, line 5).
[2025-09-15 02:13:36] Applied set_property CLOCK_BUFFER_TYPE = NONE for ddr4_sdram_c0_act_n. (constraint file  /cluster/home/eirikwit/vortex-gpgpu/chipyard/sims/firesim/sim/generated-src/alveo/FireSim-FireSimV1S1C0L3-BaseF1Config1Mem_F25MHz/u250/vivado_proj/firesim.gen/sources_1/bd/design_1/ip/design_1_ddr4_0_0/design_1_ddr4_0_0/design_1_ddr4_0_0_in_context.xdc, line 6).
[2025-09-15 02:13:36] Applied set_property IO_BUFFER_TYPE = NONE for ddr4_sdram_c0_adr[0]. (constraint file  /cluster/home/eirikwit/vortex-gpgpu/chipyard/sims/firesim/sim/generated-src/alveo/FireSim-FireSimV1S1C0L3-BaseF1Config1Mem_F25MHz/u250/vivado_proj/firesim.gen/sources_1/bd/design_1/ip/design_1_ddr4_0_0/design_1_ddr4_0_0/design_1_ddr4_0_0_in_context.xdc, line 7).
[2025-09-15 02:13:36] Applied set_property CLOCK_BUFFER_TYPE = NONE for ddr4_sdram_c0_adr[0]. (constraint file  /cluster/home/eirikwit/vortex-gpgpu/chipyard/sims/firesim/sim/generated-src/alveo/FireSim-FireSimV1S1C0L3-BaseF1Config1Mem_F25MHz/u250/vivado_proj/firesim.gen/sources_1/bd/design_1/ip/design_1_ddr4_0_0/design_1_ddr4_0_0/design_1_ddr4_0_0_in_context.xdc, line 8).
[2025-09-15 02:13:36] Applied set_property IO_BUFFER_TYPE = NONE for ddr4_sdram_c0_adr[10]. (constraint file  /cluster/home/eirikwit/vortex-gpgpu/chipyard/sims/firesim/sim/generated-src/alveo/FireSim-FireSimV1S1C0L3-BaseF1Config1Mem_F25MHz/u250/vivado_proj/firesim.gen/sources_1/bd/design_1/ip/design_1_ddr4_0_0/design_1_ddr4_0_0/design_1_ddr4_0_0_in_context.xdc, line 9).
[2025-09-15 02:13:36] Applied set_property CLOCK_BUFFER_TYPE = NONE for ddr4_sdram_c0_adr[10]. (constraint file  /cluster/home/eirikwit/vortex-gpgpu/chipyard/sims/firesim/sim/generated-src/alveo/FireSim-FireSimV1S1C0L3-BaseF1Config1Mem_F25MHz/u250/vivado_proj/firesim.gen/sources_1/bd/design_1/ip/design_1_ddr4_0_0/design_1_ddr4_0_0/design_1_ddr4_0_0_in_context.xdc, line 10).
[2025-09-15 02:13:36] Applied set_property IO_BUFFER_TYPE = NONE for ddr4_sdram_c0_adr[11]. (constraint file  /cluster/home/eirikwit/vortex-gpgpu/chipyard/sims/firesim/sim/generated-src/alveo/FireSim-FireSimV1S1C0L3-BaseF1Config1Mem_F25MHz/u250/vivado_proj/firesim.gen/sources_1/bd/design_1/ip/design_1_ddr4_0_0/design_1_ddr4_0_0/design_1_ddr4_0_0_in_context.xdc, line 11).
[2025-09-15 02:13:36] Applied set_property CLOCK_BUFFER_TYPE = NONE for ddr4_sdram_c0_adr[11]. (constraint file  /cluster/home/eirikwit/vortex-gpgpu/chipyard/sims/firesim/sim/generated-src/alveo/FireSim-FireSimV1S1C0L3-BaseF1Config1Mem_F25MHz/u250/vivado_proj/firesim.gen/sources_1/bd/design_1/ip/design_1_ddr4_0_0/design_1_ddr4_0_0/design_1_ddr4_0_0_in_context.xdc, line 12).
[2025-09-15 02:13:36] Applied set_property IO_BUFFER_TYPE = NONE for ddr4_sdram_c0_adr[12]. (constraint file  /cluster/home/eirikwit/vortex-gpgpu/chipyard/sims/firesim/sim/generated-src/alveo/FireSim-FireSimV1S1C0L3-BaseF1Config1Mem_F25MHz/u250/vivado_proj/firesim.gen/sources_1/bd/design_1/ip/design_1_ddr4_0_0/design_1_ddr4_0_0/design_1_ddr4_0_0_in_context.xdc, line 13).
[2025-09-15 02:13:36] Applied set_property CLOCK_BUFFER_TYPE = NONE for ddr4_sdram_c0_adr[12]. (constraint file  /cluster/home/eirikwit/vortex-gpgpu/chipyard/sims/firesim/sim/generated-src/alveo/FireSim-FireSimV1S1C0L3-BaseF1Config1Mem_F25MHz/u250/vivado_proj/firesim.gen/sources_1/bd/design_1/ip/design_1_ddr4_0_0/design_1_ddr4_0_0/design_1_ddr4_0_0_in_context.xdc, line 14).
[2025-09-15 02:13:36] Applied set_property IO_BUFFER_TYPE = NONE for ddr4_sdram_c0_adr[13]. (constraint file  /cluster/home/eirikwit/vortex-gpgpu/chipyard/sims/firesim/sim/generated-src/alveo/FireSim-FireSimV1S1C0L3-BaseF1Config1Mem_F25MHz/u250/vivado_proj/firesim.gen/sources_1/bd/design_1/ip/design_1_ddr4_0_0/design_1_ddr4_0_0/design_1_ddr4_0_0_in_context.xdc, line 15).
[2025-09-15 02:13:36] Applied set_property CLOCK_BUFFER_TYPE = NONE for ddr4_sdram_c0_adr[13]. (constraint file  /cluster/home/eirikwit/vortex-gpgpu/chipyard/sims/firesim/sim/generated-src/alveo/FireSim-FireSimV1S1C0L3-BaseF1Config1Mem_F25MHz/u250/vivado_proj/firesim.gen/sources_1/bd/design_1/ip/design_1_ddr4_0_0/design_1_ddr4_0_0/design_1_ddr4_0_0_in_context.xdc, line 16).
[2025-09-15 02:13:36] Applied set_property IO_BUFFER_TYPE = NONE for ddr4_sdram_c0_adr[14]. (constraint file  /cluster/home/eirikwit/vortex-gpgpu/chipyard/sims/firesim/sim/generated-src/alveo/FireSim-FireSimV1S1C0L3-BaseF1Config1Mem_F25MHz/u250/vivado_proj/firesim.gen/sources_1/bd/design_1/ip/design_1_ddr4_0_0/design_1_ddr4_0_0/design_1_ddr4_0_0_in_context.xdc, line 17).
[2025-09-15 02:13:36] Applied set_property CLOCK_BUFFER_TYPE = NONE for ddr4_sdram_c0_adr[14]. (constraint file  /cluster/home/eirikwit/vortex-gpgpu/chipyard/sims/firesim/sim/generated-src/alveo/FireSim-FireSimV1S1C0L3-BaseF1Config1Mem_F25MHz/u250/vivado_proj/firesim.gen/sources_1/bd/design_1/ip/design_1_ddr4_0_0/design_1_ddr4_0_0/design_1_ddr4_0_0_in_context.xdc, line 18).
[2025-09-15 02:13:36] Applied set_property IO_BUFFER_TYPE = NONE for ddr4_sdram_c0_adr[15]. (constraint file  /cluster/home/eirikwit/vortex-gpgpu/chipyard/sims/firesim/sim/generated-src/alveo/FireSim-FireSimV1S1C0L3-BaseF1Config1Mem_F25MHz/u250/vivado_proj/firesim.gen/sources_1/bd/design_1/ip/design_1_ddr4_0_0/design_1_ddr4_0_0/design_1_ddr4_0_0_in_context.xdc, line 19).
[2025-09-15 02:13:36] Applied set_property CLOCK_BUFFER_TYPE = NONE for ddr4_sdram_c0_adr[15]. (constraint file  /cluster/home/eirikwit/vortex-gpgpu/chipyard/sims/firesim/sim/generated-src/alveo/FireSim-FireSimV1S1C0L3-BaseF1Config1Mem_F25MHz/u250/vivado_proj/firesim.gen/sources_1/bd/design_1/ip/design_1_ddr4_0_0/design_1_ddr4_0_0/design_1_ddr4_0_0_in_context.xdc, line 20).
[2025-09-15 02:13:36] Applied set_property IO_BUFFER_TYPE = NONE for ddr4_sdram_c0_adr[16]. (constraint file  /cluster/home/eirikwit/vortex-gpgpu/chipyard/sims/firesim/sim/generated-src/alveo/FireSim-FireSimV1S1C0L3-BaseF1Config1Mem_F25MHz/u250/vivado_proj/firesim.gen/sources_1/bd/design_1/ip/design_1_ddr4_0_0/design_1_ddr4_0_0/design_1_ddr4_0_0_in_context.xdc, line 21).
[2025-09-15 02:13:36] Applied set_property CLOCK_BUFFER_TYPE = NONE for ddr4_sdram_c0_adr[16]. (constraint file  /cluster/home/eirikwit/vortex-gpgpu/chipyard/sims/firesim/sim/generated-src/alveo/FireSim-FireSimV1S1C0L3-BaseF1Config1Mem_F25MHz/u250/vivado_proj/firesim.gen/sources_1/bd/design_1/ip/design_1_ddr4_0_0/design_1_ddr4_0_0/design_1_ddr4_0_0_in_context.xdc, line 22).
[2025-09-15 02:13:36] Applied set_property IO_BUFFER_TYPE = NONE for ddr4_sdram_c0_adr[1]. (constraint file  /cluster/home/eirikwit/vortex-gpgpu/chipyard/sims/firesim/sim/generated-src/alveo/FireSim-FireSimV1S1C0L3-BaseF1Config1Mem_F25MHz/u250/vivado_proj/firesim.gen/sources_1/bd/design_1/ip/design_1_ddr4_0_0/design_1_ddr4_0_0/design_1_ddr4_0_0_in_context.xdc, line 23).
[2025-09-15 02:13:36] Applied set_property CLOCK_BUFFER_TYPE = NONE for ddr4_sdram_c0_adr[1]. (constraint file  /cluster/home/eirikwit/vortex-gpgpu/chipyard/sims/firesim/sim/generated-src/alveo/FireSim-FireSimV1S1C0L3-BaseF1Config1Mem_F25MHz/u250/vivado_proj/firesim.gen/sources_1/bd/design_1/ip/design_1_ddr4_0_0/design_1_ddr4_0_0/design_1_ddr4_0_0_in_context.xdc, line 24).
[2025-09-15 02:13:36] Applied set_property IO_BUFFER_TYPE = NONE for ddr4_sdram_c0_adr[2]. (constraint file  /cluster/home/eirikwit/vortex-gpgpu/chipyard/sims/firesim/sim/generated-src/alveo/FireSim-FireSimV1S1C0L3-BaseF1Config1Mem_F25MHz/u250/vivado_proj/firesim.gen/sources_1/bd/design_1/ip/design_1_ddr4_0_0/design_1_ddr4_0_0/design_1_ddr4_0_0_in_context.xdc, line 25).
[2025-09-15 02:13:36] Applied set_property CLOCK_BUFFER_TYPE = NONE for ddr4_sdram_c0_adr[2]. (constraint file  /cluster/home/eirikwit/vortex-gpgpu/chipyard/sims/firesim/sim/generated-src/alveo/FireSim-FireSimV1S1C0L3-BaseF1Config1Mem_F25MHz/u250/vivado_proj/firesim.gen/sources_1/bd/design_1/ip/design_1_ddr4_0_0/design_1_ddr4_0_0/design_1_ddr4_0_0_in_context.xdc, line 26).
[2025-09-15 02:13:36] Applied set_property IO_BUFFER_TYPE = NONE for ddr4_sdram_c0_adr[3]. (constraint file  /cluster/home/eirikwit/vortex-gpgpu/chipyard/sims/firesim/sim/generated-src/alveo/FireSim-FireSimV1S1C0L3-BaseF1Config1Mem_F25MHz/u250/vivado_proj/firesim.gen/sources_1/bd/design_1/ip/design_1_ddr4_0_0/design_1_ddr4_0_0/design_1_ddr4_0_0_in_context.xdc, line 27).
[2025-09-15 02:13:36] Applied set_property CLOCK_BUFFER_TYPE = NONE for ddr4_sdram_c0_adr[3]. (constraint file  /cluster/home/eirikwit/vortex-gpgpu/chipyard/sims/firesim/sim/generated-src/alveo/FireSim-FireSimV1S1C0L3-BaseF1Config1Mem_F25MHz/u250/vivado_proj/firesim.gen/sources_1/bd/design_1/ip/design_1_ddr4_0_0/design_1_ddr4_0_0/design_1_ddr4_0_0_in_context.xdc, line 28).
[2025-09-15 02:13:36] Applied set_property IO_BUFFER_TYPE = NONE for ddr4_sdram_c0_adr[4]. (constraint file  /cluster/home/eirikwit/vortex-gpgpu/chipyard/sims/firesim/sim/generated-src/alveo/FireSim-FireSimV1S1C0L3-BaseF1Config1Mem_F25MHz/u250/vivado_proj/firesim.gen/sources_1/bd/design_1/ip/design_1_ddr4_0_0/design_1_ddr4_0_0/design_1_ddr4_0_0_in_context.xdc, line 29).
[2025-09-15 02:13:36] Applied set_property CLOCK_BUFFER_TYPE = NONE for ddr4_sdram_c0_adr[4]. (constraint file  /cluster/home/eirikwit/vortex-gpgpu/chipyard/sims/firesim/sim/generated-src/alveo/FireSim-FireSimV1S1C0L3-BaseF1Config1Mem_F25MHz/u250/vivado_proj/firesim.gen/sources_1/bd/design_1/ip/design_1_ddr4_0_0/design_1_ddr4_0_0/design_1_ddr4_0_0_in_context.xdc, line 30).
[2025-09-15 02:13:36] Applied set_property IO_BUFFER_TYPE = NONE for ddr4_sdram_c0_adr[5]. (constraint file  /cluster/home/eirikwit/vortex-gpgpu/chipyard/sims/firesim/sim/generated-src/alveo/FireSim-FireSimV1S1C0L3-BaseF1Config1Mem_F25MHz/u250/vivado_proj/firesim.gen/sources_1/bd/design_1/ip/design_1_ddr4_0_0/design_1_ddr4_0_0/design_1_ddr4_0_0_in_context.xdc, line 31).
[2025-09-15 02:13:36] Applied set_property CLOCK_BUFFER_TYPE = NONE for ddr4_sdram_c0_adr[5]. (constraint file  /cluster/home/eirikwit/vortex-gpgpu/chipyard/sims/firesim/sim/generated-src/alveo/FireSim-FireSimV1S1C0L3-BaseF1Config1Mem_F25MHz/u250/vivado_proj/firesim.gen/sources_1/bd/design_1/ip/design_1_ddr4_0_0/design_1_ddr4_0_0/design_1_ddr4_0_0_in_context.xdc, line 32).
[2025-09-15 02:13:36] Applied set_property IO_BUFFER_TYPE = NONE for ddr4_sdram_c0_adr[6]. (constraint file  /cluster/home/eirikwit/vortex-gpgpu/chipyard/sims/firesim/sim/generated-src/alveo/FireSim-FireSimV1S1C0L3-BaseF1Config1Mem_F25MHz/u250/vivado_proj/firesim.gen/sources_1/bd/design_1/ip/design_1_ddr4_0_0/design_1_ddr4_0_0/design_1_ddr4_0_0_in_context.xdc, line 33).
[2025-09-15 02:13:36] Applied set_property CLOCK_BUFFER_TYPE = NONE for ddr4_sdram_c0_adr[6]. (constraint file  /cluster/home/eirikwit/vortex-gpgpu/chipyard/sims/firesim/sim/generated-src/alveo/FireSim-FireSimV1S1C0L3-BaseF1Config1Mem_F25MHz/u250/vivado_proj/firesim.gen/sources_1/bd/design_1/ip/design_1_ddr4_0_0/design_1_ddr4_0_0/design_1_ddr4_0_0_in_context.xdc, line 34).
[2025-09-15 02:13:36] Applied set_property IO_BUFFER_TYPE = NONE for ddr4_sdram_c0_adr[7]. (constraint file  /cluster/home/eirikwit/vortex-gpgpu/chipyard/sims/firesim/sim/generated-src/alveo/FireSim-FireSimV1S1C0L3-BaseF1Config1Mem_F25MHz/u250/vivado_proj/firesim.gen/sources_1/bd/design_1/ip/design_1_ddr4_0_0/design_1_ddr4_0_0/design_1_ddr4_0_0_in_context.xdc, line 35).
[2025-09-15 02:13:36] Applied set_property CLOCK_BUFFER_TYPE = NONE for ddr4_sdram_c0_adr[7]. (constraint file  /cluster/home/eirikwit/vortex-gpgpu/chipyard/sims/firesim/sim/generated-src/alveo/FireSim-FireSimV1S1C0L3-BaseF1Config1Mem_F25MHz/u250/vivado_proj/firesim.gen/sources_1/bd/design_1/ip/design_1_ddr4_0_0/design_1_ddr4_0_0/design_1_ddr4_0_0_in_context.xdc, line 36).
[2025-09-15 02:13:36] Applied set_property IO_BUFFER_TYPE = NONE for ddr4_sdram_c0_adr[8]. (constraint file  /cluster/home/eirikwit/vortex-gpgpu/chipyard/sims/firesim/sim/generated-src/alveo/FireSim-FireSimV1S1C0L3-BaseF1Config1Mem_F25MHz/u250/vivado_proj/firesim.gen/sources_1/bd/design_1/ip/design_1_ddr4_0_0/design_1_ddr4_0_0/design_1_ddr4_0_0_in_context.xdc, line 37).
[2025-09-15 02:13:36] Applied set_property CLOCK_BUFFER_TYPE = NONE for ddr4_sdram_c0_adr[8]. (constraint file  /cluster/home/eirikwit/vortex-gpgpu/chipyard/sims/firesim/sim/generated-src/alveo/FireSim-FireSimV1S1C0L3-BaseF1Config1Mem_F25MHz/u250/vivado_proj/firesim.gen/sources_1/bd/design_1/ip/design_1_ddr4_0_0/design_1_ddr4_0_0/design_1_ddr4_0_0_in_context.xdc, line 38).
[2025-09-15 02:13:36] Applied set_property IO_BUFFER_TYPE = NONE for ddr4_sdram_c0_adr[9]. (constraint file  /cluster/home/eirikwit/vortex-gpgpu/chipyard/sims/firesim/sim/generated-src/alveo/FireSim-FireSimV1S1C0L3-BaseF1Config1Mem_F25MHz/u250/vivado_proj/firesim.gen/sources_1/bd/design_1/ip/design_1_ddr4_0_0/design_1_ddr4_0_0/design_1_ddr4_0_0_in_context.xdc, line 39).
[2025-09-15 02:13:36] Applied set_property CLOCK_BUFFER_TYPE = NONE for ddr4_sdram_c0_adr[9]. (constraint file  /cluster/home/eirikwit/vortex-gpgpu/chipyard/sims/firesim/sim/generated-src/alveo/FireSim-FireSimV1S1C0L3-BaseF1Config1Mem_F25MHz/u250/vivado_proj/firesim.gen/sources_1/bd/design_1/ip/design_1_ddr4_0_0/design_1_ddr4_0_0/design_1_ddr4_0_0_in_context.xdc, line 40).
[2025-09-15 02:13:36] Applied set_property IO_BUFFER_TYPE = NONE for ddr4_sdram_c0_ba[0]. (constraint file  /cluster/home/eirikwit/vortex-gpgpu/chipyard/sims/firesim/sim/generated-src/alveo/FireSim-FireSimV1S1C0L3-BaseF1Config1Mem_F25MHz/u250/vivado_proj/firesim.gen/sources_1/bd/design_1/ip/design_1_ddr4_0_0/design_1_ddr4_0_0/design_1_ddr4_0_0_in_context.xdc, line 41).
[2025-09-15 02:13:36] Applied set_property CLOCK_BUFFER_TYPE = NONE for ddr4_sdram_c0_ba[0]. (constraint file  /cluster/home/eirikwit/vortex-gpgpu/chipyard/sims/firesim/sim/generated-src/alveo/FireSim-FireSimV1S1C0L3-BaseF1Config1Mem_F25MHz/u250/vivado_proj/firesim.gen/sources_1/bd/design_1/ip/design_1_ddr4_0_0/design_1_ddr4_0_0/design_1_ddr4_0_0_in_context.xdc, line 42).
[2025-09-15 02:13:36] Applied set_property IO_BUFFER_TYPE = NONE for ddr4_sdram_c0_ba[1]. (constraint file  /cluster/home/eirikwit/vortex-gpgpu/chipyard/sims/firesim/sim/generated-src/alveo/FireSim-FireSimV1S1C0L3-BaseF1Config1Mem_F25MHz/u250/vivado_proj/firesim.gen/sources_1/bd/design_1/ip/design_1_ddr4_0_0/design_1_ddr4_0_0/design_1_ddr4_0_0_in_context.xdc, line 43).
[2025-09-15 02:13:36] Applied set_property CLOCK_BUFFER_TYPE = NONE for ddr4_sdram_c0_ba[1]. (constraint file  /cluster/home/eirikwit/vortex-gpgpu/chipyard/sims/firesim/sim/generated-src/alveo/FireSim-FireSimV1S1C0L3-BaseF1Config1Mem_F25MHz/u250/vivado_proj/firesim.gen/sources_1/bd/design_1/ip/design_1_ddr4_0_0/design_1_ddr4_0_0/design_1_ddr4_0_0_in_context.xdc, line 44).
[2025-09-15 02:13:36] Applied set_property IO_BUFFER_TYPE = NONE for ddr4_sdram_c0_bg[0]. (constraint file  /cluster/home/eirikwit/vortex-gpgpu/chipyard/sims/firesim/sim/generated-src/alveo/FireSim-FireSimV1S1C0L3-BaseF1Config1Mem_F25MHz/u250/vivado_proj/firesim.gen/sources_1/bd/design_1/ip/design_1_ddr4_0_0/design_1_ddr4_0_0/design_1_ddr4_0_0_in_context.xdc, line 45).
[2025-09-15 02:13:36] Applied set_property CLOCK_BUFFER_TYPE = NONE for ddr4_sdram_c0_bg[0]. (constraint file  /cluster/home/eirikwit/vortex-gpgpu/chipyard/sims/firesim/sim/generated-src/alveo/FireSim-FireSimV1S1C0L3-BaseF1Config1Mem_F25MHz/u250/vivado_proj/firesim.gen/sources_1/bd/design_1/ip/design_1_ddr4_0_0/design_1_ddr4_0_0/design_1_ddr4_0_0_in_context.xdc, line 46).
[2025-09-15 02:13:36] Applied set_property IO_BUFFER_TYPE = NONE for ddr4_sdram_c0_bg[1]. (constraint file  /cluster/home/eirikwit/vortex-gpgpu/chipyard/sims/firesim/sim/generated-src/alveo/FireSim-FireSimV1S1C0L3-BaseF1Config1Mem_F25MHz/u250/vivado_proj/firesim.gen/sources_1/bd/design_1/ip/design_1_ddr4_0_0/design_1_ddr4_0_0/design_1_ddr4_0_0_in_context.xdc, line 47).
[2025-09-15 02:13:36] Applied set_property CLOCK_BUFFER_TYPE = NONE for ddr4_sdram_c0_bg[1]. (constraint file  /cluster/home/eirikwit/vortex-gpgpu/chipyard/sims/firesim/sim/generated-src/alveo/FireSim-FireSimV1S1C0L3-BaseF1Config1Mem_F25MHz/u250/vivado_proj/firesim.gen/sources_1/bd/design_1/ip/design_1_ddr4_0_0/design_1_ddr4_0_0/design_1_ddr4_0_0_in_context.xdc, line 48).
[2025-09-15 02:13:36] Applied set_property IO_BUFFER_TYPE = NONE for ddr4_sdram_c0_ck_c. (constraint file  /cluster/home/eirikwit/vortex-gpgpu/chipyard/sims/firesim/sim/generated-src/alveo/FireSim-FireSimV1S1C0L3-BaseF1Config1Mem_F25MHz/u250/vivado_proj/firesim.gen/sources_1/bd/design_1/ip/design_1_ddr4_0_0/design_1_ddr4_0_0/design_1_ddr4_0_0_in_context.xdc, line 49).
[2025-09-15 02:13:36] Applied set_property CLOCK_BUFFER_TYPE = NONE for ddr4_sdram_c0_ck_c. (constraint file  /cluster/home/eirikwit/vortex-gpgpu/chipyard/sims/firesim/sim/generated-src/alveo/FireSim-FireSimV1S1C0L3-BaseF1Config1Mem_F25MHz/u250/vivado_proj/firesim.gen/sources_1/bd/design_1/ip/design_1_ddr4_0_0/design_1_ddr4_0_0/design_1_ddr4_0_0_in_context.xdc, line 50).
[2025-09-15 02:13:36] Applied set_property IO_BUFFER_TYPE = NONE for ddr4_sdram_c0_ck_t. (constraint file  /cluster/home/eirikwit/vortex-gpgpu/chipyard/sims/firesim/sim/generated-src/alveo/FireSim-FireSimV1S1C0L3-BaseF1Config1Mem_F25MHz/u250/vivado_proj/firesim.gen/sources_1/bd/design_1/ip/design_1_ddr4_0_0/design_1_ddr4_0_0/design_1_ddr4_0_0_in_context.xdc, line 51).
[2025-09-15 02:13:36] Applied set_property CLOCK_BUFFER_TYPE = NONE for ddr4_sdram_c0_ck_t. (constraint file  /cluster/home/eirikwit/vortex-gpgpu/chipyard/sims/firesim/sim/generated-src/alveo/FireSim-FireSimV1S1C0L3-BaseF1Config1Mem_F25MHz/u250/vivado_proj/firesim.gen/sources_1/bd/design_1/ip/design_1_ddr4_0_0/design_1_ddr4_0_0/design_1_ddr4_0_0_in_context.xdc, line 52).
[2025-09-15 02:13:36] Applied set_property IO_BUFFER_TYPE = NONE for ddr4_sdram_c0_cke. (constraint file  /cluster/home/eirikwit/vortex-gpgpu/chipyard/sims/firesim/sim/generated-src/alveo/FireSim-FireSimV1S1C0L3-BaseF1Config1Mem_F25MHz/u250/vivado_proj/firesim.gen/sources_1/bd/design_1/ip/design_1_ddr4_0_0/design_1_ddr4_0_0/design_1_ddr4_0_0_in_context.xdc, line 53).
[2025-09-15 02:13:36] Applied set_property CLOCK_BUFFER_TYPE = NONE for ddr4_sdram_c0_cke. (constraint file  /cluster/home/eirikwit/vortex-gpgpu/chipyard/sims/firesim/sim/generated-src/alveo/FireSim-FireSimV1S1C0L3-BaseF1Config1Mem_F25MHz/u250/vivado_proj/firesim.gen/sources_1/bd/design_1/ip/design_1_ddr4_0_0/design_1_ddr4_0_0/design_1_ddr4_0_0_in_context.xdc, line 54).
[2025-09-15 02:13:36] Applied set_property IO_BUFFER_TYPE = NONE for ddr4_sdram_c0_cs_n. (constraint file  /cluster/home/eirikwit/vortex-gpgpu/chipyard/sims/firesim/sim/generated-src/alveo/FireSim-FireSimV1S1C0L3-BaseF1Config1Mem_F25MHz/u250/vivado_proj/firesim.gen/sources_1/bd/design_1/ip/design_1_ddr4_0_0/design_1_ddr4_0_0/design_1_ddr4_0_0_in_context.xdc, line 55).
[2025-09-15 02:13:36] Applied set_property CLOCK_BUFFER_TYPE = NONE for ddr4_sdram_c0_cs_n. (constraint file  /cluster/home/eirikwit/vortex-gpgpu/chipyard/sims/firesim/sim/generated-src/alveo/FireSim-FireSimV1S1C0L3-BaseF1Config1Mem_F25MHz/u250/vivado_proj/firesim.gen/sources_1/bd/design_1/ip/design_1_ddr4_0_0/design_1_ddr4_0_0/design_1_ddr4_0_0_in_context.xdc, line 56).
[2025-09-15 02:13:36] Applied set_property IO_BUFFER_TYPE = NONE for ddr4_sdram_c0_dq[0]. (constraint file  /cluster/home/eirikwit/vortex-gpgpu/chipyard/sims/firesim/sim/generated-src/alveo/FireSim-FireSimV1S1C0L3-BaseF1Config1Mem_F25MHz/u250/vivado_proj/firesim.gen/sources_1/bd/design_1/ip/design_1_ddr4_0_0/design_1_ddr4_0_0/design_1_ddr4_0_0_in_context.xdc, line 57).
[2025-09-15 02:13:36] Applied set_property CLOCK_BUFFER_TYPE = NONE for ddr4_sdram_c0_dq[0]. (constraint file  /cluster/home/eirikwit/vortex-gpgpu/chipyard/sims/firesim/sim/generated-src/alveo/FireSim-FireSimV1S1C0L3-BaseF1Config1Mem_F25MHz/u250/vivado_proj/firesim.gen/sources_1/bd/design_1/ip/design_1_ddr4_0_0/design_1_ddr4_0_0/design_1_ddr4_0_0_in_context.xdc, line 58).
[2025-09-15 02:13:36] Applied set_property IO_BUFFER_TYPE = NONE for ddr4_sdram_c0_dq[10]. (constraint file  /cluster/home/eirikwit/vortex-gpgpu/chipyard/sims/firesim/sim/generated-src/alveo/FireSim-FireSimV1S1C0L3-BaseF1Config1Mem_F25MHz/u250/vivado_proj/firesim.gen/sources_1/bd/design_1/ip/design_1_ddr4_0_0/design_1_ddr4_0_0/design_1_ddr4_0_0_in_context.xdc, line 59).
[2025-09-15 02:13:36] Applied set_property CLOCK_BUFFER_TYPE = NONE for ddr4_sdram_c0_dq[10]. (constraint file  /cluster/home/eirikwit/vortex-gpgpu/chipyard/sims/firesim/sim/generated-src/alveo/FireSim-FireSimV1S1C0L3-BaseF1Config1Mem_F25MHz/u250/vivado_proj/firesim.gen/sources_1/bd/design_1/ip/design_1_ddr4_0_0/design_1_ddr4_0_0/design_1_ddr4_0_0_in_context.xdc, line 60).
[2025-09-15 02:13:36] Applied set_property IO_BUFFER_TYPE = NONE for ddr4_sdram_c0_dq[11]. (constraint file  /cluster/home/eirikwit/vortex-gpgpu/chipyard/sims/firesim/sim/generated-src/alveo/FireSim-FireSimV1S1C0L3-BaseF1Config1Mem_F25MHz/u250/vivado_proj/firesim.gen/sources_1/bd/design_1/ip/design_1_ddr4_0_0/design_1_ddr4_0_0/design_1_ddr4_0_0_in_context.xdc, line 61).
[2025-09-15 02:13:36] Applied set_property CLOCK_BUFFER_TYPE = NONE for ddr4_sdram_c0_dq[11]. (constraint file  /cluster/home/eirikwit/vortex-gpgpu/chipyard/sims/firesim/sim/generated-src/alveo/FireSim-FireSimV1S1C0L3-BaseF1Config1Mem_F25MHz/u250/vivado_proj/firesim.gen/sources_1/bd/design_1/ip/design_1_ddr4_0_0/design_1_ddr4_0_0/design_1_ddr4_0_0_in_context.xdc, line 62).
[2025-09-15 02:13:36] Applied set_property IO_BUFFER_TYPE = NONE for ddr4_sdram_c0_dq[12]. (constraint file  /cluster/home/eirikwit/vortex-gpgpu/chipyard/sims/firesim/sim/generated-src/alveo/FireSim-FireSimV1S1C0L3-BaseF1Config1Mem_F25MHz/u250/vivado_proj/firesim.gen/sources_1/bd/design_1/ip/design_1_ddr4_0_0/design_1_ddr4_0_0/design_1_ddr4_0_0_in_context.xdc, line 63).
[2025-09-15 02:13:36] Applied set_property CLOCK_BUFFER_TYPE = NONE for ddr4_sdram_c0_dq[12]. (constraint file  /cluster/home/eirikwit/vortex-gpgpu/chipyard/sims/firesim/sim/generated-src/alveo/FireSim-FireSimV1S1C0L3-BaseF1Config1Mem_F25MHz/u250/vivado_proj/firesim.gen/sources_1/bd/design_1/ip/design_1_ddr4_0_0/design_1_ddr4_0_0/design_1_ddr4_0_0_in_context.xdc, line 64).
[2025-09-15 02:13:36] Applied set_property IO_BUFFER_TYPE = NONE for ddr4_sdram_c0_dq[13]. (constraint file  /cluster/home/eirikwit/vortex-gpgpu/chipyard/sims/firesim/sim/generated-src/alveo/FireSim-FireSimV1S1C0L3-BaseF1Config1Mem_F25MHz/u250/vivado_proj/firesim.gen/sources_1/bd/design_1/ip/design_1_ddr4_0_0/design_1_ddr4_0_0/design_1_ddr4_0_0_in_context.xdc, line 65).
[2025-09-15 02:13:36] Applied set_property CLOCK_BUFFER_TYPE = NONE for ddr4_sdram_c0_dq[13]. (constraint file  /cluster/home/eirikwit/vortex-gpgpu/chipyard/sims/firesim/sim/generated-src/alveo/FireSim-FireSimV1S1C0L3-BaseF1Config1Mem_F25MHz/u250/vivado_proj/firesim.gen/sources_1/bd/design_1/ip/design_1_ddr4_0_0/design_1_ddr4_0_0/design_1_ddr4_0_0_in_context.xdc, line 66).
[2025-09-15 02:13:36] Applied set_property IO_BUFFER_TYPE = NONE for ddr4_sdram_c0_dq[14]. (constraint file  /cluster/home/eirikwit/vortex-gpgpu/chipyard/sims/firesim/sim/generated-src/alveo/FireSim-FireSimV1S1C0L3-BaseF1Config1Mem_F25MHz/u250/vivado_proj/firesim.gen/sources_1/bd/design_1/ip/design_1_ddr4_0_0/design_1_ddr4_0_0/design_1_ddr4_0_0_in_context.xdc, line 67).
[2025-09-15 02:13:36] Applied set_property CLOCK_BUFFER_TYPE = NONE for ddr4_sdram_c0_dq[14]. (constraint file  /cluster/home/eirikwit/vortex-gpgpu/chipyard/sims/firesim/sim/generated-src/alveo/FireSim-FireSimV1S1C0L3-BaseF1Config1Mem_F25MHz/u250/vivado_proj/firesim.gen/sources_1/bd/design_1/ip/design_1_ddr4_0_0/design_1_ddr4_0_0/design_1_ddr4_0_0_in_context.xdc, line 68).
[2025-09-15 02:13:36] Applied set_property IO_BUFFER_TYPE = NONE for ddr4_sdram_c0_dq[15]. (constraint file  /cluster/home/eirikwit/vortex-gpgpu/chipyard/sims/firesim/sim/generated-src/alveo/FireSim-FireSimV1S1C0L3-BaseF1Config1Mem_F25MHz/u250/vivado_proj/firesim.gen/sources_1/bd/design_1/ip/design_1_ddr4_0_0/design_1_ddr4_0_0/design_1_ddr4_0_0_in_context.xdc, line 69).
[2025-09-15 02:13:36] Applied set_property CLOCK_BUFFER_TYPE = NONE for ddr4_sdram_c0_dq[15]. (constraint file  /cluster/home/eirikwit/vortex-gpgpu/chipyard/sims/firesim/sim/generated-src/alveo/FireSim-FireSimV1S1C0L3-BaseF1Config1Mem_F25MHz/u250/vivado_proj/firesim.gen/sources_1/bd/design_1/ip/design_1_ddr4_0_0/design_1_ddr4_0_0/design_1_ddr4_0_0_in_context.xdc, line 70).
[2025-09-15 02:13:36] Applied set_property IO_BUFFER_TYPE = NONE for ddr4_sdram_c0_dq[16]. (constraint file  /cluster/home/eirikwit/vortex-gpgpu/chipyard/sims/firesim/sim/generated-src/alveo/FireSim-FireSimV1S1C0L3-BaseF1Config1Mem_F25MHz/u250/vivado_proj/firesim.gen/sources_1/bd/design_1/ip/design_1_ddr4_0_0/design_1_ddr4_0_0/design_1_ddr4_0_0_in_context.xdc, line 71).
[2025-09-15 02:13:36] Applied set_property CLOCK_BUFFER_TYPE = NONE for ddr4_sdram_c0_dq[16]. (constraint file  /cluster/home/eirikwit/vortex-gpgpu/chipyard/sims/firesim/sim/generated-src/alveo/FireSim-FireSimV1S1C0L3-BaseF1Config1Mem_F25MHz/u250/vivado_proj/firesim.gen/sources_1/bd/design_1/ip/design_1_ddr4_0_0/design_1_ddr4_0_0/design_1_ddr4_0_0_in_context.xdc, line 72).
[2025-09-15 02:13:36] Applied set_property IO_BUFFER_TYPE = NONE for ddr4_sdram_c0_dq[17]. (constraint file  /cluster/home/eirikwit/vortex-gpgpu/chipyard/sims/firesim/sim/generated-src/alveo/FireSim-FireSimV1S1C0L3-BaseF1Config1Mem_F25MHz/u250/vivado_proj/firesim.gen/sources_1/bd/design_1/ip/design_1_ddr4_0_0/design_1_ddr4_0_0/design_1_ddr4_0_0_in_context.xdc, line 73).
[2025-09-15 02:13:36] Applied set_property CLOCK_BUFFER_TYPE = NONE for ddr4_sdram_c0_dq[17]. (constraint file  /cluster/home/eirikwit/vortex-gpgpu/chipyard/sims/firesim/sim/generated-src/alveo/FireSim-FireSimV1S1C0L3-BaseF1Config1Mem_F25MHz/u250/vivado_proj/firesim.gen/sources_1/bd/design_1/ip/design_1_ddr4_0_0/design_1_ddr4_0_0/design_1_ddr4_0_0_in_context.xdc, line 74).
[2025-09-15 02:13:36] Applied set_property IO_BUFFER_TYPE = NONE for ddr4_sdram_c0_dq[18]. (constraint file  /cluster/home/eirikwit/vortex-gpgpu/chipyard/sims/firesim/sim/generated-src/alveo/FireSim-FireSimV1S1C0L3-BaseF1Config1Mem_F25MHz/u250/vivado_proj/firesim.gen/sources_1/bd/design_1/ip/design_1_ddr4_0_0/design_1_ddr4_0_0/design_1_ddr4_0_0_in_context.xdc, line 75).
[2025-09-15 02:13:36] Applied set_property CLOCK_BUFFER_TYPE = NONE for ddr4_sdram_c0_dq[18]. (constraint file  /cluster/home/eirikwit/vortex-gpgpu/chipyard/sims/firesim/sim/generated-src/alveo/FireSim-FireSimV1S1C0L3-BaseF1Config1Mem_F25MHz/u250/vivado_proj/firesim.gen/sources_1/bd/design_1/ip/design_1_ddr4_0_0/design_1_ddr4_0_0/design_1_ddr4_0_0_in_context.xdc, line 76).
[2025-09-15 02:13:36] Applied set_property IO_BUFFER_TYPE = NONE for ddr4_sdram_c0_dq[19]. (constraint file  /cluster/home/eirikwit/vortex-gpgpu/chipyard/sims/firesim/sim/generated-src/alveo/FireSim-FireSimV1S1C0L3-BaseF1Config1Mem_F25MHz/u250/vivado_proj/firesim.gen/sources_1/bd/design_1/ip/design_1_ddr4_0_0/design_1_ddr4_0_0/design_1_ddr4_0_0_in_context.xdc, line 77).
[2025-09-15 02:13:36] Applied set_property CLOCK_BUFFER_TYPE = NONE for ddr4_sdram_c0_dq[19]. (constraint file  /cluster/home/eirikwit/vortex-gpgpu/chipyard/sims/firesim/sim/generated-src/alveo/FireSim-FireSimV1S1C0L3-BaseF1Config1Mem_F25MHz/u250/vivado_proj/firesim.gen/sources_1/bd/design_1/ip/design_1_ddr4_0_0/design_1_ddr4_0_0/design_1_ddr4_0_0_in_context.xdc, line 78).
[2025-09-15 02:13:36] Applied set_property IO_BUFFER_TYPE = NONE for ddr4_sdram_c0_dq[1]. (constraint file  /cluster/home/eirikwit/vortex-gpgpu/chipyard/sims/firesim/sim/generated-src/alveo/FireSim-FireSimV1S1C0L3-BaseF1Config1Mem_F25MHz/u250/vivado_proj/firesim.gen/sources_1/bd/design_1/ip/design_1_ddr4_0_0/design_1_ddr4_0_0/design_1_ddr4_0_0_in_context.xdc, line 79).
[2025-09-15 02:13:36] Applied set_property CLOCK_BUFFER_TYPE = NONE for ddr4_sdram_c0_dq[1]. (constraint file  /cluster/home/eirikwit/vortex-gpgpu/chipyard/sims/firesim/sim/generated-src/alveo/FireSim-FireSimV1S1C0L3-BaseF1Config1Mem_F25MHz/u250/vivado_proj/firesim.gen/sources_1/bd/design_1/ip/design_1_ddr4_0_0/design_1_ddr4_0_0/design_1_ddr4_0_0_in_context.xdc, line 80).
[2025-09-15 02:13:36] Applied set_property IO_BUFFER_TYPE = NONE for ddr4_sdram_c0_dq[20]. (constraint file  /cluster/home/eirikwit/vortex-gpgpu/chipyard/sims/firesim/sim/generated-src/alveo/FireSim-FireSimV1S1C0L3-BaseF1Config1Mem_F25MHz/u250/vivado_proj/firesim.gen/sources_1/bd/design_1/ip/design_1_ddr4_0_0/design_1_ddr4_0_0/design_1_ddr4_0_0_in_context.xdc, line 81).
[2025-09-15 02:13:36] Applied set_property CLOCK_BUFFER_TYPE = NONE for ddr4_sdram_c0_dq[20]. (constraint file  /cluster/home/eirikwit/vortex-gpgpu/chipyard/sims/firesim/sim/generated-src/alveo/FireSim-FireSimV1S1C0L3-BaseF1Config1Mem_F25MHz/u250/vivado_proj/firesim.gen/sources_1/bd/design_1/ip/design_1_ddr4_0_0/design_1_ddr4_0_0/design_1_ddr4_0_0_in_context.xdc, line 82).
[2025-09-15 02:13:36] Applied set_property IO_BUFFER_TYPE = NONE for ddr4_sdram_c0_dq[21]. (constraint file  /cluster/home/eirikwit/vortex-gpgpu/chipyard/sims/firesim/sim/generated-src/alveo/FireSim-FireSimV1S1C0L3-BaseF1Config1Mem_F25MHz/u250/vivado_proj/firesim.gen/sources_1/bd/design_1/ip/design_1_ddr4_0_0/design_1_ddr4_0_0/design_1_ddr4_0_0_in_context.xdc, line 83).
[2025-09-15 02:13:36] Applied set_property CLOCK_BUFFER_TYPE = NONE for ddr4_sdram_c0_dq[21]. (constraint file  /cluster/home/eirikwit/vortex-gpgpu/chipyard/sims/firesim/sim/generated-src/alveo/FireSim-FireSimV1S1C0L3-BaseF1Config1Mem_F25MHz/u250/vivado_proj/firesim.gen/sources_1/bd/design_1/ip/design_1_ddr4_0_0/design_1_ddr4_0_0/design_1_ddr4_0_0_in_context.xdc, line 84).
[2025-09-15 02:13:36] Applied set_property IO_BUFFER_TYPE = NONE for ddr4_sdram_c0_dq[22]. (constraint file  /cluster/home/eirikwit/vortex-gpgpu/chipyard/sims/firesim/sim/generated-src/alveo/FireSim-FireSimV1S1C0L3-BaseF1Config1Mem_F25MHz/u250/vivado_proj/firesim.gen/sources_1/bd/design_1/ip/design_1_ddr4_0_0/design_1_ddr4_0_0/design_1_ddr4_0_0_in_context.xdc, line 85).
[2025-09-15 02:13:36] Applied set_property CLOCK_BUFFER_TYPE = NONE for ddr4_sdram_c0_dq[22]. (constraint file  /cluster/home/eirikwit/vortex-gpgpu/chipyard/sims/firesim/sim/generated-src/alveo/FireSim-FireSimV1S1C0L3-BaseF1Config1Mem_F25MHz/u250/vivado_proj/firesim.gen/sources_1/bd/design_1/ip/design_1_ddr4_0_0/design_1_ddr4_0_0/design_1_ddr4_0_0_in_context.xdc, line 86).
[2025-09-15 02:13:36] Applied set_property IO_BUFFER_TYPE = NONE for ddr4_sdram_c0_dq[23]. (constraint file  /cluster/home/eirikwit/vortex-gpgpu/chipyard/sims/firesim/sim/generated-src/alveo/FireSim-FireSimV1S1C0L3-BaseF1Config1Mem_F25MHz/u250/vivado_proj/firesim.gen/sources_1/bd/design_1/ip/design_1_ddr4_0_0/design_1_ddr4_0_0/design_1_ddr4_0_0_in_context.xdc, line 87).
[2025-09-15 02:13:36] Applied set_property CLOCK_BUFFER_TYPE = NONE for ddr4_sdram_c0_dq[23]. (constraint file  /cluster/home/eirikwit/vortex-gpgpu/chipyard/sims/firesim/sim/generated-src/alveo/FireSim-FireSimV1S1C0L3-BaseF1Config1Mem_F25MHz/u250/vivado_proj/firesim.gen/sources_1/bd/design_1/ip/design_1_ddr4_0_0/design_1_ddr4_0_0/design_1_ddr4_0_0_in_context.xdc, line 88).
[2025-09-15 02:13:36] Applied set_property IO_BUFFER_TYPE = NONE for ddr4_sdram_c0_dq[24]. (constraint file  /cluster/home/eirikwit/vortex-gpgpu/chipyard/sims/firesim/sim/generated-src/alveo/FireSim-FireSimV1S1C0L3-BaseF1Config1Mem_F25MHz/u250/vivado_proj/firesim.gen/sources_1/bd/design_1/ip/design_1_ddr4_0_0/design_1_ddr4_0_0/design_1_ddr4_0_0_in_context.xdc, line 89).
[2025-09-15 02:13:36] Applied set_property CLOCK_BUFFER_TYPE = NONE for ddr4_sdram_c0_dq[24]. (constraint file  /cluster/home/eirikwit/vortex-gpgpu/chipyard/sims/firesim/sim/generated-src/alveo/FireSim-FireSimV1S1C0L3-BaseF1Config1Mem_F25MHz/u250/vivado_proj/firesim.gen/sources_1/bd/design_1/ip/design_1_ddr4_0_0/design_1_ddr4_0_0/design_1_ddr4_0_0_in_context.xdc, line 90).
[2025-09-15 02:13:36] Applied set_property IO_BUFFER_TYPE = NONE for ddr4_sdram_c0_dq[25]. (constraint file  /cluster/home/eirikwit/vortex-gpgpu/chipyard/sims/firesim/sim/generated-src/alveo/FireSim-FireSimV1S1C0L3-BaseF1Config1Mem_F25MHz/u250/vivado_proj/firesim.gen/sources_1/bd/design_1/ip/design_1_ddr4_0_0/design_1_ddr4_0_0/design_1_ddr4_0_0_in_context.xdc, line 91).
[2025-09-15 02:13:36] Applied set_property CLOCK_BUFFER_TYPE = NONE for ddr4_sdram_c0_dq[25]. (constraint file  /cluster/home/eirikwit/vortex-gpgpu/chipyard/sims/firesim/sim/generated-src/alveo/FireSim-FireSimV1S1C0L3-BaseF1Config1Mem_F25MHz/u250/vivado_proj/firesim.gen/sources_1/bd/design_1/ip/design_1_ddr4_0_0/design_1_ddr4_0_0/design_1_ddr4_0_0_in_context.xdc, line 92).
[2025-09-15 02:13:36] Applied set_property IO_BUFFER_TYPE = NONE for ddr4_sdram_c0_dq[26]. (constraint file  /cluster/home/eirikwit/vortex-gpgpu/chipyard/sims/firesim/sim/generated-src/alveo/FireSim-FireSimV1S1C0L3-BaseF1Config1Mem_F25MHz/u250/vivado_proj/firesim.gen/sources_1/bd/design_1/ip/design_1_ddr4_0_0/design_1_ddr4_0_0/design_1_ddr4_0_0_in_context.xdc, line 93).
[2025-09-15 02:13:36] Applied set_property CLOCK_BUFFER_TYPE = NONE for ddr4_sdram_c0_dq[26]. (constraint file  /cluster/home/eirikwit/vortex-gpgpu/chipyard/sims/firesim/sim/generated-src/alveo/FireSim-FireSimV1S1C0L3-BaseF1Config1Mem_F25MHz/u250/vivado_proj/firesim.gen/sources_1/bd/design_1/ip/design_1_ddr4_0_0/design_1_ddr4_0_0/design_1_ddr4_0_0_in_context.xdc, line 94).
[2025-09-15 02:13:36] Applied set_property IO_BUFFER_TYPE = NONE for ddr4_sdram_c0_dq[27]. (constraint file  /cluster/home/eirikwit/vortex-gpgpu/chipyard/sims/firesim/sim/generated-src/alveo/FireSim-FireSimV1S1C0L3-BaseF1Config1Mem_F25MHz/u250/vivado_proj/firesim.gen/sources_1/bd/design_1/ip/design_1_ddr4_0_0/design_1_ddr4_0_0/design_1_ddr4_0_0_in_context.xdc, line 95).
[2025-09-15 02:13:36] Applied set_property CLOCK_BUFFER_TYPE = NONE for ddr4_sdram_c0_dq[27]. (constraint file  /cluster/home/eirikwit/vortex-gpgpu/chipyard/sims/firesim/sim/generated-src/alveo/FireSim-FireSimV1S1C0L3-BaseF1Config1Mem_F25MHz/u250/vivado_proj/firesim.gen/sources_1/bd/design_1/ip/design_1_ddr4_0_0/design_1_ddr4_0_0/design_1_ddr4_0_0_in_context.xdc, line 96).
[2025-09-15 02:13:36] Applied set_property IO_BUFFER_TYPE = NONE for ddr4_sdram_c0_dq[28]. (constraint file  /cluster/home/eirikwit/vortex-gpgpu/chipyard/sims/firesim/sim/generated-src/alveo/FireSim-FireSimV1S1C0L3-BaseF1Config1Mem_F25MHz/u250/vivado_proj/firesim.gen/sources_1/bd/design_1/ip/design_1_ddr4_0_0/design_1_ddr4_0_0/design_1_ddr4_0_0_in_context.xdc, line 97).
[2025-09-15 02:13:36] Applied set_property CLOCK_BUFFER_TYPE = NONE for ddr4_sdram_c0_dq[28]. (constraint file  /cluster/home/eirikwit/vortex-gpgpu/chipyard/sims/firesim/sim/generated-src/alveo/FireSim-FireSimV1S1C0L3-BaseF1Config1Mem_F25MHz/u250/vivado_proj/firesim.gen/sources_1/bd/design_1/ip/design_1_ddr4_0_0/design_1_ddr4_0_0/design_1_ddr4_0_0_in_context.xdc, line 98).
[2025-09-15 02:13:36] Applied set_property IO_BUFFER_TYPE = NONE for ddr4_sdram_c0_dq[29]. (constraint file  /cluster/home/eirikwit/vortex-gpgpu/chipyard/sims/firesim/sim/generated-src/alveo/FireSim-FireSimV1S1C0L3-BaseF1Config1Mem_F25MHz/u250/vivado_proj/firesim.gen/sources_1/bd/design_1/ip/design_1_ddr4_0_0/design_1_ddr4_0_0/design_1_ddr4_0_0_in_context.xdc, line 99).
[2025-09-15 02:13:36] Applied set_property CLOCK_BUFFER_TYPE = NONE for ddr4_sdram_c0_dq[29]. (constraint file  /cluster/home/eirikwit/vortex-gpgpu/chipyard/sims/firesim/sim/generated-src/alveo/FireSim-FireSimV1S1C0L3-BaseF1Config1Mem_F25MHz/u250/vivado_proj/firesim.gen/sources_1/bd/design_1/ip/design_1_ddr4_0_0/design_1_ddr4_0_0/design_1_ddr4_0_0_in_context.xdc, line 100).
[2025-09-15 02:13:36] Applied set_property IO_BUFFER_TYPE = NONE for ddr4_sdram_c0_dq[2]. (constraint file  /cluster/home/eirikwit/vortex-gpgpu/chipyard/sims/firesim/sim/generated-src/alveo/FireSim-FireSimV1S1C0L3-BaseF1Config1Mem_F25MHz/u250/vivado_proj/firesim.gen/sources_1/bd/design_1/ip/design_1_ddr4_0_0/design_1_ddr4_0_0/design_1_ddr4_0_0_in_context.xdc, line 101).
[2025-09-15 02:13:36] Applied set_property CLOCK_BUFFER_TYPE = NONE for ddr4_sdram_c0_dq[2]. (constraint file  /cluster/home/eirikwit/vortex-gpgpu/chipyard/sims/firesim/sim/generated-src/alveo/FireSim-FireSimV1S1C0L3-BaseF1Config1Mem_F25MHz/u250/vivado_proj/firesim.gen/sources_1/bd/design_1/ip/design_1_ddr4_0_0/design_1_ddr4_0_0/design_1_ddr4_0_0_in_context.xdc, line 102).
[2025-09-15 02:13:36] Applied set_property IO_BUFFER_TYPE = NONE for ddr4_sdram_c0_dq[30]. (constraint file  /cluster/home/eirikwit/vortex-gpgpu/chipyard/sims/firesim/sim/generated-src/alveo/FireSim-FireSimV1S1C0L3-BaseF1Config1Mem_F25MHz/u250/vivado_proj/firesim.gen/sources_1/bd/design_1/ip/design_1_ddr4_0_0/design_1_ddr4_0_0/design_1_ddr4_0_0_in_context.xdc, line 103).
[2025-09-15 02:13:36] Applied set_property CLOCK_BUFFER_TYPE = NONE for ddr4_sdram_c0_dq[30]. (constraint file  /cluster/home/eirikwit/vortex-gpgpu/chipyard/sims/firesim/sim/generated-src/alveo/FireSim-FireSimV1S1C0L3-BaseF1Config1Mem_F25MHz/u250/vivado_proj/firesim.gen/sources_1/bd/design_1/ip/design_1_ddr4_0_0/design_1_ddr4_0_0/design_1_ddr4_0_0_in_context.xdc, line 104).
[2025-09-15 02:13:36] Applied set_property IO_BUFFER_TYPE = NONE for ddr4_sdram_c0_dq[31]. (constraint file  /cluster/home/eirikwit/vortex-gpgpu/chipyard/sims/firesim/sim/generated-src/alveo/FireSim-FireSimV1S1C0L3-BaseF1Config1Mem_F25MHz/u250/vivado_proj/firesim.gen/sources_1/bd/design_1/ip/design_1_ddr4_0_0/design_1_ddr4_0_0/design_1_ddr4_0_0_in_context.xdc, line 105).
[2025-09-15 02:13:36] Applied set_property CLOCK_BUFFER_TYPE = NONE for ddr4_sdram_c0_dq[31]. (constraint file  /cluster/home/eirikwit/vortex-gpgpu/chipyard/sims/firesim/sim/generated-src/alveo/FireSim-FireSimV1S1C0L3-BaseF1Config1Mem_F25MHz/u250/vivado_proj/firesim.gen/sources_1/bd/design_1/ip/design_1_ddr4_0_0/design_1_ddr4_0_0/design_1_ddr4_0_0_in_context.xdc, line 106).
[2025-09-15 02:13:36] Applied set_property IO_BUFFER_TYPE = NONE for ddr4_sdram_c0_dq[32]. (constraint file  /cluster/home/eirikwit/vortex-gpgpu/chipyard/sims/firesim/sim/generated-src/alveo/FireSim-FireSimV1S1C0L3-BaseF1Config1Mem_F25MHz/u250/vivado_proj/firesim.gen/sources_1/bd/design_1/ip/design_1_ddr4_0_0/design_1_ddr4_0_0/design_1_ddr4_0_0_in_context.xdc, line 107).
[2025-09-15 02:13:36] Applied set_property CLOCK_BUFFER_TYPE = NONE for ddr4_sdram_c0_dq[32]. (constraint file  /cluster/home/eirikwit/vortex-gpgpu/chipyard/sims/firesim/sim/generated-src/alveo/FireSim-FireSimV1S1C0L3-BaseF1Config1Mem_F25MHz/u250/vivado_proj/firesim.gen/sources_1/bd/design_1/ip/design_1_ddr4_0_0/design_1_ddr4_0_0/design_1_ddr4_0_0_in_context.xdc, line 108).
[2025-09-15 02:13:36] Applied set_property IO_BUFFER_TYPE = NONE for ddr4_sdram_c0_dq[33]. (constraint file  /cluster/home/eirikwit/vortex-gpgpu/chipyard/sims/firesim/sim/generated-src/alveo/FireSim-FireSimV1S1C0L3-BaseF1Config1Mem_F25MHz/u250/vivado_proj/firesim.gen/sources_1/bd/design_1/ip/design_1_ddr4_0_0/design_1_ddr4_0_0/design_1_ddr4_0_0_in_context.xdc, line 109).
[2025-09-15 02:13:36] Applied set_property CLOCK_BUFFER_TYPE = NONE for ddr4_sdram_c0_dq[33]. (constraint file  /cluster/home/eirikwit/vortex-gpgpu/chipyard/sims/firesim/sim/generated-src/alveo/FireSim-FireSimV1S1C0L3-BaseF1Config1Mem_F25MHz/u250/vivado_proj/firesim.gen/sources_1/bd/design_1/ip/design_1_ddr4_0_0/design_1_ddr4_0_0/design_1_ddr4_0_0_in_context.xdc, line 110).
[2025-09-15 02:13:36] Applied set_property IO_BUFFER_TYPE = NONE for ddr4_sdram_c0_dq[34]. (constraint file  /cluster/home/eirikwit/vortex-gpgpu/chipyard/sims/firesim/sim/generated-src/alveo/FireSim-FireSimV1S1C0L3-BaseF1Config1Mem_F25MHz/u250/vivado_proj/firesim.gen/sources_1/bd/design_1/ip/design_1_ddr4_0_0/design_1_ddr4_0_0/design_1_ddr4_0_0_in_context.xdc, line 111).
[2025-09-15 02:13:36] Applied set_property CLOCK_BUFFER_TYPE = NONE for ddr4_sdram_c0_dq[34]. (constraint file  /cluster/home/eirikwit/vortex-gpgpu/chipyard/sims/firesim/sim/generated-src/alveo/FireSim-FireSimV1S1C0L3-BaseF1Config1Mem_F25MHz/u250/vivado_proj/firesim.gen/sources_1/bd/design_1/ip/design_1_ddr4_0_0/design_1_ddr4_0_0/design_1_ddr4_0_0_in_context.xdc, line 112).
[2025-09-15 02:13:36] Applied set_property IO_BUFFER_TYPE = NONE for ddr4_sdram_c0_dq[35]. (constraint file  /cluster/home/eirikwit/vortex-gpgpu/chipyard/sims/firesim/sim/generated-src/alveo/FireSim-FireSimV1S1C0L3-BaseF1Config1Mem_F25MHz/u250/vivado_proj/firesim.gen/sources_1/bd/design_1/ip/design_1_ddr4_0_0/design_1_ddr4_0_0/design_1_ddr4_0_0_in_context.xdc, line 113).
[2025-09-15 02:13:36] Applied set_property CLOCK_BUFFER_TYPE = NONE for ddr4_sdram_c0_dq[35]. (constraint file  /cluster/home/eirikwit/vortex-gpgpu/chipyard/sims/firesim/sim/generated-src/alveo/FireSim-FireSimV1S1C0L3-BaseF1Config1Mem_F25MHz/u250/vivado_proj/firesim.gen/sources_1/bd/design_1/ip/design_1_ddr4_0_0/design_1_ddr4_0_0/design_1_ddr4_0_0_in_context.xdc, line 114).
[2025-09-15 02:13:36] Applied set_property IO_BUFFER_TYPE = NONE for ddr4_sdram_c0_dq[36]. (constraint file  /cluster/home/eirikwit/vortex-gpgpu/chipyard/sims/firesim/sim/generated-src/alveo/FireSim-FireSimV1S1C0L3-BaseF1Config1Mem_F25MHz/u250/vivado_proj/firesim.gen/sources_1/bd/design_1/ip/design_1_ddr4_0_0/design_1_ddr4_0_0/design_1_ddr4_0_0_in_context.xdc, line 115).
[2025-09-15 02:13:36] Applied set_property CLOCK_BUFFER_TYPE = NONE for ddr4_sdram_c0_dq[36]. (constraint file  /cluster/home/eirikwit/vortex-gpgpu/chipyard/sims/firesim/sim/generated-src/alveo/FireSim-FireSimV1S1C0L3-BaseF1Config1Mem_F25MHz/u250/vivado_proj/firesim.gen/sources_1/bd/design_1/ip/design_1_ddr4_0_0/design_1_ddr4_0_0/design_1_ddr4_0_0_in_context.xdc, line 116).
[2025-09-15 02:13:36] Applied set_property IO_BUFFER_TYPE = NONE for ddr4_sdram_c0_dq[37]. (constraint file  /cluster/home/eirikwit/vortex-gpgpu/chipyard/sims/firesim/sim/generated-src/alveo/FireSim-FireSimV1S1C0L3-BaseF1Config1Mem_F25MHz/u250/vivado_proj/firesim.gen/sources_1/bd/design_1/ip/design_1_ddr4_0_0/design_1_ddr4_0_0/design_1_ddr4_0_0_in_context.xdc, line 117).
[2025-09-15 02:13:36] Applied set_property CLOCK_BUFFER_TYPE = NONE for ddr4_sdram_c0_dq[37]. (constraint file  /cluster/home/eirikwit/vortex-gpgpu/chipyard/sims/firesim/sim/generated-src/alveo/FireSim-FireSimV1S1C0L3-BaseF1Config1Mem_F25MHz/u250/vivado_proj/firesim.gen/sources_1/bd/design_1/ip/design_1_ddr4_0_0/design_1_ddr4_0_0/design_1_ddr4_0_0_in_context.xdc, line 118).
[2025-09-15 02:13:36] Applied set_property IO_BUFFER_TYPE = NONE for ddr4_sdram_c0_dq[38]. (constraint file  /cluster/home/eirikwit/vortex-gpgpu/chipyard/sims/firesim/sim/generated-src/alveo/FireSim-FireSimV1S1C0L3-BaseF1Config1Mem_F25MHz/u250/vivado_proj/firesim.gen/sources_1/bd/design_1/ip/design_1_ddr4_0_0/design_1_ddr4_0_0/design_1_ddr4_0_0_in_context.xdc, line 119).
[2025-09-15 02:13:36] Applied set_property CLOCK_BUFFER_TYPE = NONE for ddr4_sdram_c0_dq[38]. (constraint file  /cluster/home/eirikwit/vortex-gpgpu/chipyard/sims/firesim/sim/generated-src/alveo/FireSim-FireSimV1S1C0L3-BaseF1Config1Mem_F25MHz/u250/vivado_proj/firesim.gen/sources_1/bd/design_1/ip/design_1_ddr4_0_0/design_1_ddr4_0_0/design_1_ddr4_0_0_in_context.xdc, line 120).
[2025-09-15 02:13:36] Applied set_property IO_BUFFER_TYPE = NONE for ddr4_sdram_c0_dq[39]. (constraint file  /cluster/home/eirikwit/vortex-gpgpu/chipyard/sims/firesim/sim/generated-src/alveo/FireSim-FireSimV1S1C0L3-BaseF1Config1Mem_F25MHz/u250/vivado_proj/firesim.gen/sources_1/bd/design_1/ip/design_1_ddr4_0_0/design_1_ddr4_0_0/design_1_ddr4_0_0_in_context.xdc, line 121).
[2025-09-15 02:13:36] Applied set_property CLOCK_BUFFER_TYPE = NONE for ddr4_sdram_c0_dq[39]. (constraint file  /cluster/home/eirikwit/vortex-gpgpu/chipyard/sims/firesim/sim/generated-src/alveo/FireSim-FireSimV1S1C0L3-BaseF1Config1Mem_F25MHz/u250/vivado_proj/firesim.gen/sources_1/bd/design_1/ip/design_1_ddr4_0_0/design_1_ddr4_0_0/design_1_ddr4_0_0_in_context.xdc, line 122).
[2025-09-15 02:13:36] Applied set_property IO_BUFFER_TYPE = NONE for ddr4_sdram_c0_dq[3]. (constraint file  /cluster/home/eirikwit/vortex-gpgpu/chipyard/sims/firesim/sim/generated-src/alveo/FireSim-FireSimV1S1C0L3-BaseF1Config1Mem_F25MHz/u250/vivado_proj/firesim.gen/sources_1/bd/design_1/ip/design_1_ddr4_0_0/design_1_ddr4_0_0/design_1_ddr4_0_0_in_context.xdc, line 123).
[2025-09-15 02:13:36] Applied set_property CLOCK_BUFFER_TYPE = NONE for ddr4_sdram_c0_dq[3]. (constraint file  /cluster/home/eirikwit/vortex-gpgpu/chipyard/sims/firesim/sim/generated-src/alveo/FireSim-FireSimV1S1C0L3-BaseF1Config1Mem_F25MHz/u250/vivado_proj/firesim.gen/sources_1/bd/design_1/ip/design_1_ddr4_0_0/design_1_ddr4_0_0/design_1_ddr4_0_0_in_context.xdc, line 124).
[2025-09-15 02:13:36] Applied set_property IO_BUFFER_TYPE = NONE for ddr4_sdram_c0_dq[40]. (constraint file  /cluster/home/eirikwit/vortex-gpgpu/chipyard/sims/firesim/sim/generated-src/alveo/FireSim-FireSimV1S1C0L3-BaseF1Config1Mem_F25MHz/u250/vivado_proj/firesim.gen/sources_1/bd/design_1/ip/design_1_ddr4_0_0/design_1_ddr4_0_0/design_1_ddr4_0_0_in_context.xdc, line 125).
[2025-09-15 02:13:36] Applied set_property CLOCK_BUFFER_TYPE = NONE for ddr4_sdram_c0_dq[40]. (constraint file  /cluster/home/eirikwit/vortex-gpgpu/chipyard/sims/firesim/sim/generated-src/alveo/FireSim-FireSimV1S1C0L3-BaseF1Config1Mem_F25MHz/u250/vivado_proj/firesim.gen/sources_1/bd/design_1/ip/design_1_ddr4_0_0/design_1_ddr4_0_0/design_1_ddr4_0_0_in_context.xdc, line 126).
[2025-09-15 02:13:36] Applied set_property IO_BUFFER_TYPE = NONE for ddr4_sdram_c0_dq[41]. (constraint file  /cluster/home/eirikwit/vortex-gpgpu/chipyard/sims/firesim/sim/generated-src/alveo/FireSim-FireSimV1S1C0L3-BaseF1Config1Mem_F25MHz/u250/vivado_proj/firesim.gen/sources_1/bd/design_1/ip/design_1_ddr4_0_0/design_1_ddr4_0_0/design_1_ddr4_0_0_in_context.xdc, line 127).
[2025-09-15 02:13:36] Applied set_property CLOCK_BUFFER_TYPE = NONE for ddr4_sdram_c0_dq[41]. (constraint file  /cluster/home/eirikwit/vortex-gpgpu/chipyard/sims/firesim/sim/generated-src/alveo/FireSim-FireSimV1S1C0L3-BaseF1Config1Mem_F25MHz/u250/vivado_proj/firesim.gen/sources_1/bd/design_1/ip/design_1_ddr4_0_0/design_1_ddr4_0_0/design_1_ddr4_0_0_in_context.xdc, line 128).
[2025-09-15 02:13:36] Applied set_property IO_BUFFER_TYPE = NONE for ddr4_sdram_c0_dq[42]. (constraint file  /cluster/home/eirikwit/vortex-gpgpu/chipyard/sims/firesim/sim/generated-src/alveo/FireSim-FireSimV1S1C0L3-BaseF1Config1Mem_F25MHz/u250/vivado_proj/firesim.gen/sources_1/bd/design_1/ip/design_1_ddr4_0_0/design_1_ddr4_0_0/design_1_ddr4_0_0_in_context.xdc, line 129).
[2025-09-15 02:13:36] Applied set_property CLOCK_BUFFER_TYPE = NONE for ddr4_sdram_c0_dq[42]. (constraint file  /cluster/home/eirikwit/vortex-gpgpu/chipyard/sims/firesim/sim/generated-src/alveo/FireSim-FireSimV1S1C0L3-BaseF1Config1Mem_F25MHz/u250/vivado_proj/firesim.gen/sources_1/bd/design_1/ip/design_1_ddr4_0_0/design_1_ddr4_0_0/design_1_ddr4_0_0_in_context.xdc, line 130).
[2025-09-15 02:13:36] Applied set_property IO_BUFFER_TYPE = NONE for ddr4_sdram_c0_dq[43]. (constraint file  /cluster/home/eirikwit/vortex-gpgpu/chipyard/sims/firesim/sim/generated-src/alveo/FireSim-FireSimV1S1C0L3-BaseF1Config1Mem_F25MHz/u250/vivado_proj/firesim.gen/sources_1/bd/design_1/ip/design_1_ddr4_0_0/design_1_ddr4_0_0/design_1_ddr4_0_0_in_context.xdc, line 131).
[2025-09-15 02:13:36] Applied set_property CLOCK_BUFFER_TYPE = NONE for ddr4_sdram_c0_dq[43]. (constraint file  /cluster/home/eirikwit/vortex-gpgpu/chipyard/sims/firesim/sim/generated-src/alveo/FireSim-FireSimV1S1C0L3-BaseF1Config1Mem_F25MHz/u250/vivado_proj/firesim.gen/sources_1/bd/design_1/ip/design_1_ddr4_0_0/design_1_ddr4_0_0/design_1_ddr4_0_0_in_context.xdc, line 132).
[2025-09-15 02:13:36] Applied set_property IO_BUFFER_TYPE = NONE for ddr4_sdram_c0_dq[44]. (constraint file  /cluster/home/eirikwit/vortex-gpgpu/chipyard/sims/firesim/sim/generated-src/alveo/FireSim-FireSimV1S1C0L3-BaseF1Config1Mem_F25MHz/u250/vivado_proj/firesim.gen/sources_1/bd/design_1/ip/design_1_ddr4_0_0/design_1_ddr4_0_0/design_1_ddr4_0_0_in_context.xdc, line 133).
[2025-09-15 02:13:36] Applied set_property CLOCK_BUFFER_TYPE = NONE for ddr4_sdram_c0_dq[44]. (constraint file  /cluster/home/eirikwit/vortex-gpgpu/chipyard/sims/firesim/sim/generated-src/alveo/FireSim-FireSimV1S1C0L3-BaseF1Config1Mem_F25MHz/u250/vivado_proj/firesim.gen/sources_1/bd/design_1/ip/design_1_ddr4_0_0/design_1_ddr4_0_0/design_1_ddr4_0_0_in_context.xdc, line 134).
[2025-09-15 02:13:36] Applied set_property IO_BUFFER_TYPE = NONE for ddr4_sdram_c0_dq[45]. (constraint file  /cluster/home/eirikwit/vortex-gpgpu/chipyard/sims/firesim/sim/generated-src/alveo/FireSim-FireSimV1S1C0L3-BaseF1Config1Mem_F25MHz/u250/vivado_proj/firesim.gen/sources_1/bd/design_1/ip/design_1_ddr4_0_0/design_1_ddr4_0_0/design_1_ddr4_0_0_in_context.xdc, line 135).
[2025-09-15 02:13:36] Applied set_property CLOCK_BUFFER_TYPE = NONE for ddr4_sdram_c0_dq[45]. (constraint file  /cluster/home/eirikwit/vortex-gpgpu/chipyard/sims/firesim/sim/generated-src/alveo/FireSim-FireSimV1S1C0L3-BaseF1Config1Mem_F25MHz/u250/vivado_proj/firesim.gen/sources_1/bd/design_1/ip/design_1_ddr4_0_0/design_1_ddr4_0_0/design_1_ddr4_0_0_in_context.xdc, line 136).
[2025-09-15 02:13:36] Applied set_property IO_BUFFER_TYPE = NONE for ddr4_sdram_c0_dq[46]. (constraint file  /cluster/home/eirikwit/vortex-gpgpu/chipyard/sims/firesim/sim/generated-src/alveo/FireSim-FireSimV1S1C0L3-BaseF1Config1Mem_F25MHz/u250/vivado_proj/firesim.gen/sources_1/bd/design_1/ip/design_1_ddr4_0_0/design_1_ddr4_0_0/design_1_ddr4_0_0_in_context.xdc, line 137).
[2025-09-15 02:13:36] Applied set_property CLOCK_BUFFER_TYPE = NONE for ddr4_sdram_c0_dq[46]. (constraint file  /cluster/home/eirikwit/vortex-gpgpu/chipyard/sims/firesim/sim/generated-src/alveo/FireSim-FireSimV1S1C0L3-BaseF1Config1Mem_F25MHz/u250/vivado_proj/firesim.gen/sources_1/bd/design_1/ip/design_1_ddr4_0_0/design_1_ddr4_0_0/design_1_ddr4_0_0_in_context.xdc, line 138).
[2025-09-15 02:13:36] Applied set_property IO_BUFFER_TYPE = NONE for ddr4_sdram_c0_dq[47]. (constraint file  /cluster/home/eirikwit/vortex-gpgpu/chipyard/sims/firesim/sim/generated-src/alveo/FireSim-FireSimV1S1C0L3-BaseF1Config1Mem_F25MHz/u250/vivado_proj/firesim.gen/sources_1/bd/design_1/ip/design_1_ddr4_0_0/design_1_ddr4_0_0/design_1_ddr4_0_0_in_context.xdc, line 139).
[2025-09-15 02:13:36] Applied set_property CLOCK_BUFFER_TYPE = NONE for ddr4_sdram_c0_dq[47]. (constraint file  /cluster/home/eirikwit/vortex-gpgpu/chipyard/sims/firesim/sim/generated-src/alveo/FireSim-FireSimV1S1C0L3-BaseF1Config1Mem_F25MHz/u250/vivado_proj/firesim.gen/sources_1/bd/design_1/ip/design_1_ddr4_0_0/design_1_ddr4_0_0/design_1_ddr4_0_0_in_context.xdc, line 140).
[2025-09-15 02:13:36] Applied set_property IO_BUFFER_TYPE = NONE for ddr4_sdram_c0_dq[48]. (constraint file  /cluster/home/eirikwit/vortex-gpgpu/chipyard/sims/firesim/sim/generated-src/alveo/FireSim-FireSimV1S1C0L3-BaseF1Config1Mem_F25MHz/u250/vivado_proj/firesim.gen/sources_1/bd/design_1/ip/design_1_ddr4_0_0/design_1_ddr4_0_0/design_1_ddr4_0_0_in_context.xdc, line 141).
[2025-09-15 02:13:36] Applied set_property CLOCK_BUFFER_TYPE = NONE for ddr4_sdram_c0_dq[48]. (constraint file  /cluster/home/eirikwit/vortex-gpgpu/chipyard/sims/firesim/sim/generated-src/alveo/FireSim-FireSimV1S1C0L3-BaseF1Config1Mem_F25MHz/u250/vivado_proj/firesim.gen/sources_1/bd/design_1/ip/design_1_ddr4_0_0/design_1_ddr4_0_0/design_1_ddr4_0_0_in_context.xdc, line 142).
[2025-09-15 02:13:36] Applied set_property IO_BUFFER_TYPE = NONE for ddr4_sdram_c0_dq[49]. (constraint file  /cluster/home/eirikwit/vortex-gpgpu/chipyard/sims/firesim/sim/generated-src/alveo/FireSim-FireSimV1S1C0L3-BaseF1Config1Mem_F25MHz/u250/vivado_proj/firesim.gen/sources_1/bd/design_1/ip/design_1_ddr4_0_0/design_1_ddr4_0_0/design_1_ddr4_0_0_in_context.xdc, line 143).
[2025-09-15 02:13:36] Applied set_property CLOCK_BUFFER_TYPE = NONE for ddr4_sdram_c0_dq[49]. (constraint file  /cluster/home/eirikwit/vortex-gpgpu/chipyard/sims/firesim/sim/generated-src/alveo/FireSim-FireSimV1S1C0L3-BaseF1Config1Mem_F25MHz/u250/vivado_proj/firesim.gen/sources_1/bd/design_1/ip/design_1_ddr4_0_0/design_1_ddr4_0_0/design_1_ddr4_0_0_in_context.xdc, line 144).
[2025-09-15 02:13:36] Applied set_property IO_BUFFER_TYPE = NONE for ddr4_sdram_c0_dq[4]. (constraint file  /cluster/home/eirikwit/vortex-gpgpu/chipyard/sims/firesim/sim/generated-src/alveo/FireSim-FireSimV1S1C0L3-BaseF1Config1Mem_F25MHz/u250/vivado_proj/firesim.gen/sources_1/bd/design_1/ip/design_1_ddr4_0_0/design_1_ddr4_0_0/design_1_ddr4_0_0_in_context.xdc, line 145).
[2025-09-15 02:13:36] Applied set_property CLOCK_BUFFER_TYPE = NONE for ddr4_sdram_c0_dq[4]. (constraint file  /cluster/home/eirikwit/vortex-gpgpu/chipyard/sims/firesim/sim/generated-src/alveo/FireSim-FireSimV1S1C0L3-BaseF1Config1Mem_F25MHz/u250/vivado_proj/firesim.gen/sources_1/bd/design_1/ip/design_1_ddr4_0_0/design_1_ddr4_0_0/design_1_ddr4_0_0_in_context.xdc, line 146).
[2025-09-15 02:13:36] Applied set_property IO_BUFFER_TYPE = NONE for ddr4_sdram_c0_dq[50]. (constraint file  /cluster/home/eirikwit/vortex-gpgpu/chipyard/sims/firesim/sim/generated-src/alveo/FireSim-FireSimV1S1C0L3-BaseF1Config1Mem_F25MHz/u250/vivado_proj/firesim.gen/sources_1/bd/design_1/ip/design_1_ddr4_0_0/design_1_ddr4_0_0/design_1_ddr4_0_0_in_context.xdc, line 147).
[2025-09-15 02:13:36] Applied set_property CLOCK_BUFFER_TYPE = NONE for ddr4_sdram_c0_dq[50]. (constraint file  /cluster/home/eirikwit/vortex-gpgpu/chipyard/sims/firesim/sim/generated-src/alveo/FireSim-FireSimV1S1C0L3-BaseF1Config1Mem_F25MHz/u250/vivado_proj/firesim.gen/sources_1/bd/design_1/ip/design_1_ddr4_0_0/design_1_ddr4_0_0/design_1_ddr4_0_0_in_context.xdc, line 148).
[2025-09-15 02:13:36] Applied set_property IO_BUFFER_TYPE = NONE for ddr4_sdram_c0_dq[51]. (constraint file  /cluster/home/eirikwit/vortex-gpgpu/chipyard/sims/firesim/sim/generated-src/alveo/FireSim-FireSimV1S1C0L3-BaseF1Config1Mem_F25MHz/u250/vivado_proj/firesim.gen/sources_1/bd/design_1/ip/design_1_ddr4_0_0/design_1_ddr4_0_0/design_1_ddr4_0_0_in_context.xdc, line 149).
[2025-09-15 02:13:36] Applied set_property CLOCK_BUFFER_TYPE = NONE for ddr4_sdram_c0_dq[51]. (constraint file  /cluster/home/eirikwit/vortex-gpgpu/chipyard/sims/firesim/sim/generated-src/alveo/FireSim-FireSimV1S1C0L3-BaseF1Config1Mem_F25MHz/u250/vivado_proj/firesim.gen/sources_1/bd/design_1/ip/design_1_ddr4_0_0/design_1_ddr4_0_0/design_1_ddr4_0_0_in_context.xdc, line 150).
[2025-09-15 02:13:36] Applied set_property IO_BUFFER_TYPE = NONE for ddr4_sdram_c0_dq[52]. (constraint file  /cluster/home/eirikwit/vortex-gpgpu/chipyard/sims/firesim/sim/generated-src/alveo/FireSim-FireSimV1S1C0L3-BaseF1Config1Mem_F25MHz/u250/vivado_proj/firesim.gen/sources_1/bd/design_1/ip/design_1_ddr4_0_0/design_1_ddr4_0_0/design_1_ddr4_0_0_in_context.xdc, line 151).
[2025-09-15 02:13:36] Applied set_property CLOCK_BUFFER_TYPE = NONE for ddr4_sdram_c0_dq[52]. (constraint file  /cluster/home/eirikwit/vortex-gpgpu/chipyard/sims/firesim/sim/generated-src/alveo/FireSim-FireSimV1S1C0L3-BaseF1Config1Mem_F25MHz/u250/vivado_proj/firesim.gen/sources_1/bd/design_1/ip/design_1_ddr4_0_0/design_1_ddr4_0_0/design_1_ddr4_0_0_in_context.xdc, line 152).
[2025-09-15 02:13:36] Applied set_property IO_BUFFER_TYPE = NONE for ddr4_sdram_c0_dq[53]. (constraint file  /cluster/home/eirikwit/vortex-gpgpu/chipyard/sims/firesim/sim/generated-src/alveo/FireSim-FireSimV1S1C0L3-BaseF1Config1Mem_F25MHz/u250/vivado_proj/firesim.gen/sources_1/bd/design_1/ip/design_1_ddr4_0_0/design_1_ddr4_0_0/design_1_ddr4_0_0_in_context.xdc, line 153).
[2025-09-15 02:13:36] Applied set_property CLOCK_BUFFER_TYPE = NONE for ddr4_sdram_c0_dq[53]. (constraint file  /cluster/home/eirikwit/vortex-gpgpu/chipyard/sims/firesim/sim/generated-src/alveo/FireSim-FireSimV1S1C0L3-BaseF1Config1Mem_F25MHz/u250/vivado_proj/firesim.gen/sources_1/bd/design_1/ip/design_1_ddr4_0_0/design_1_ddr4_0_0/design_1_ddr4_0_0_in_context.xdc, line 154).
[2025-09-15 02:13:36] Applied set_property IO_BUFFER_TYPE = NONE for ddr4_sdram_c0_dq[54]. (constraint file  /cluster/home/eirikwit/vortex-gpgpu/chipyard/sims/firesim/sim/generated-src/alveo/FireSim-FireSimV1S1C0L3-BaseF1Config1Mem_F25MHz/u250/vivado_proj/firesim.gen/sources_1/bd/design_1/ip/design_1_ddr4_0_0/design_1_ddr4_0_0/design_1_ddr4_0_0_in_context.xdc, line 155).
[2025-09-15 02:13:36] Applied set_property CLOCK_BUFFER_TYPE = NONE for ddr4_sdram_c0_dq[54]. (constraint file  /cluster/home/eirikwit/vortex-gpgpu/chipyard/sims/firesim/sim/generated-src/alveo/FireSim-FireSimV1S1C0L3-BaseF1Config1Mem_F25MHz/u250/vivado_proj/firesim.gen/sources_1/bd/design_1/ip/design_1_ddr4_0_0/design_1_ddr4_0_0/design_1_ddr4_0_0_in_context.xdc, line 156).
[2025-09-15 02:13:36] Applied set_property IO_BUFFER_TYPE = NONE for ddr4_sdram_c0_dq[55]. (constraint file  /cluster/home/eirikwit/vortex-gpgpu/chipyard/sims/firesim/sim/generated-src/alveo/FireSim-FireSimV1S1C0L3-BaseF1Config1Mem_F25MHz/u250/vivado_proj/firesim.gen/sources_1/bd/design_1/ip/design_1_ddr4_0_0/design_1_ddr4_0_0/design_1_ddr4_0_0_in_context.xdc, line 157).
[2025-09-15 02:13:36] Applied set_property CLOCK_BUFFER_TYPE = NONE for ddr4_sdram_c0_dq[55]. (constraint file  /cluster/home/eirikwit/vortex-gpgpu/chipyard/sims/firesim/sim/generated-src/alveo/FireSim-FireSimV1S1C0L3-BaseF1Config1Mem_F25MHz/u250/vivado_proj/firesim.gen/sources_1/bd/design_1/ip/design_1_ddr4_0_0/design_1_ddr4_0_0/design_1_ddr4_0_0_in_context.xdc, line 158).
[2025-09-15 02:13:36] Applied set_property IO_BUFFER_TYPE = NONE for ddr4_sdram_c0_dq[56]. (constraint file  /cluster/home/eirikwit/vortex-gpgpu/chipyard/sims/firesim/sim/generated-src/alveo/FireSim-FireSimV1S1C0L3-BaseF1Config1Mem_F25MHz/u250/vivado_proj/firesim.gen/sources_1/bd/design_1/ip/design_1_ddr4_0_0/design_1_ddr4_0_0/design_1_ddr4_0_0_in_context.xdc, line 159).
[2025-09-15 02:13:36] Applied set_property CLOCK_BUFFER_TYPE = NONE for ddr4_sdram_c0_dq[56]. (constraint file  /cluster/home/eirikwit/vortex-gpgpu/chipyard/sims/firesim/sim/generated-src/alveo/FireSim-FireSimV1S1C0L3-BaseF1Config1Mem_F25MHz/u250/vivado_proj/firesim.gen/sources_1/bd/design_1/ip/design_1_ddr4_0_0/design_1_ddr4_0_0/design_1_ddr4_0_0_in_context.xdc, line 160).
[2025-09-15 02:13:36] Applied set_property IO_BUFFER_TYPE = NONE for ddr4_sdram_c0_dq[57]. (constraint file  /cluster/home/eirikwit/vortex-gpgpu/chipyard/sims/firesim/sim/generated-src/alveo/FireSim-FireSimV1S1C0L3-BaseF1Config1Mem_F25MHz/u250/vivado_proj/firesim.gen/sources_1/bd/design_1/ip/design_1_ddr4_0_0/design_1_ddr4_0_0/design_1_ddr4_0_0_in_context.xdc, line 161).
[2025-09-15 02:13:36] Applied set_property CLOCK_BUFFER_TYPE = NONE for ddr4_sdram_c0_dq[57]. (constraint file  /cluster/home/eirikwit/vortex-gpgpu/chipyard/sims/firesim/sim/generated-src/alveo/FireSim-FireSimV1S1C0L3-BaseF1Config1Mem_F25MHz/u250/vivado_proj/firesim.gen/sources_1/bd/design_1/ip/design_1_ddr4_0_0/design_1_ddr4_0_0/design_1_ddr4_0_0_in_context.xdc, line 162).
[2025-09-15 02:13:36] Applied set_property IO_BUFFER_TYPE = NONE for ddr4_sdram_c0_dq[58]. (constraint file  /cluster/home/eirikwit/vortex-gpgpu/chipyard/sims/firesim/sim/generated-src/alveo/FireSim-FireSimV1S1C0L3-BaseF1Config1Mem_F25MHz/u250/vivado_proj/firesim.gen/sources_1/bd/design_1/ip/design_1_ddr4_0_0/design_1_ddr4_0_0/design_1_ddr4_0_0_in_context.xdc, line 163).
[2025-09-15 02:13:36] Applied set_property CLOCK_BUFFER_TYPE = NONE for ddr4_sdram_c0_dq[58]. (constraint file  /cluster/home/eirikwit/vortex-gpgpu/chipyard/sims/firesim/sim/generated-src/alveo/FireSim-FireSimV1S1C0L3-BaseF1Config1Mem_F25MHz/u250/vivado_proj/firesim.gen/sources_1/bd/design_1/ip/design_1_ddr4_0_0/design_1_ddr4_0_0/design_1_ddr4_0_0_in_context.xdc, line 164).
[2025-09-15 02:13:36] Applied set_property IO_BUFFER_TYPE = NONE for ddr4_sdram_c0_dq[59]. (constraint file  /cluster/home/eirikwit/vortex-gpgpu/chipyard/sims/firesim/sim/generated-src/alveo/FireSim-FireSimV1S1C0L3-BaseF1Config1Mem_F25MHz/u250/vivado_proj/firesim.gen/sources_1/bd/design_1/ip/design_1_ddr4_0_0/design_1_ddr4_0_0/design_1_ddr4_0_0_in_context.xdc, line 165).
[2025-09-15 02:13:36] Applied set_property CLOCK_BUFFER_TYPE = NONE for ddr4_sdram_c0_dq[59]. (constraint file  /cluster/home/eirikwit/vortex-gpgpu/chipyard/sims/firesim/sim/generated-src/alveo/FireSim-FireSimV1S1C0L3-BaseF1Config1Mem_F25MHz/u250/vivado_proj/firesim.gen/sources_1/bd/design_1/ip/design_1_ddr4_0_0/design_1_ddr4_0_0/design_1_ddr4_0_0_in_context.xdc, line 166).
[2025-09-15 02:13:36] Applied set_property IO_BUFFER_TYPE = NONE for ddr4_sdram_c0_dq[5]. (constraint file  /cluster/home/eirikwit/vortex-gpgpu/chipyard/sims/firesim/sim/generated-src/alveo/FireSim-FireSimV1S1C0L3-BaseF1Config1Mem_F25MHz/u250/vivado_proj/firesim.gen/sources_1/bd/design_1/ip/design_1_ddr4_0_0/design_1_ddr4_0_0/design_1_ddr4_0_0_in_context.xdc, line 167).
[2025-09-15 02:13:36] Applied set_property CLOCK_BUFFER_TYPE = NONE for ddr4_sdram_c0_dq[5]. (constraint file  /cluster/home/eirikwit/vortex-gpgpu/chipyard/sims/firesim/sim/generated-src/alveo/FireSim-FireSimV1S1C0L3-BaseF1Config1Mem_F25MHz/u250/vivado_proj/firesim.gen/sources_1/bd/design_1/ip/design_1_ddr4_0_0/design_1_ddr4_0_0/design_1_ddr4_0_0_in_context.xdc, line 168).
[2025-09-15 02:13:36] Applied set_property IO_BUFFER_TYPE = NONE for ddr4_sdram_c0_dq[60]. (constraint file  /cluster/home/eirikwit/vortex-gpgpu/chipyard/sims/firesim/sim/generated-src/alveo/FireSim-FireSimV1S1C0L3-BaseF1Config1Mem_F25MHz/u250/vivado_proj/firesim.gen/sources_1/bd/design_1/ip/design_1_ddr4_0_0/design_1_ddr4_0_0/design_1_ddr4_0_0_in_context.xdc, line 169).
[2025-09-15 02:13:36] Applied set_property CLOCK_BUFFER_TYPE = NONE for ddr4_sdram_c0_dq[60]. (constraint file  /cluster/home/eirikwit/vortex-gpgpu/chipyard/sims/firesim/sim/generated-src/alveo/FireSim-FireSimV1S1C0L3-BaseF1Config1Mem_F25MHz/u250/vivado_proj/firesim.gen/sources_1/bd/design_1/ip/design_1_ddr4_0_0/design_1_ddr4_0_0/design_1_ddr4_0_0_in_context.xdc, line 170).
[2025-09-15 02:13:36] Applied set_property IO_BUFFER_TYPE = NONE for ddr4_sdram_c0_dq[61]. (constraint file  /cluster/home/eirikwit/vortex-gpgpu/chipyard/sims/firesim/sim/generated-src/alveo/FireSim-FireSimV1S1C0L3-BaseF1Config1Mem_F25MHz/u250/vivado_proj/firesim.gen/sources_1/bd/design_1/ip/design_1_ddr4_0_0/design_1_ddr4_0_0/design_1_ddr4_0_0_in_context.xdc, line 171).
[2025-09-15 02:13:36] Applied set_property CLOCK_BUFFER_TYPE = NONE for ddr4_sdram_c0_dq[61]. (constraint file  /cluster/home/eirikwit/vortex-gpgpu/chipyard/sims/firesim/sim/generated-src/alveo/FireSim-FireSimV1S1C0L3-BaseF1Config1Mem_F25MHz/u250/vivado_proj/firesim.gen/sources_1/bd/design_1/ip/design_1_ddr4_0_0/design_1_ddr4_0_0/design_1_ddr4_0_0_in_context.xdc, line 172).
[2025-09-15 02:13:36] Applied set_property IO_BUFFER_TYPE = NONE for ddr4_sdram_c0_dq[62]. (constraint file  /cluster/home/eirikwit/vortex-gpgpu/chipyard/sims/firesim/sim/generated-src/alveo/FireSim-FireSimV1S1C0L3-BaseF1Config1Mem_F25MHz/u250/vivado_proj/firesim.gen/sources_1/bd/design_1/ip/design_1_ddr4_0_0/design_1_ddr4_0_0/design_1_ddr4_0_0_in_context.xdc, line 173).
[2025-09-15 02:13:36] Applied set_property CLOCK_BUFFER_TYPE = NONE for ddr4_sdram_c0_dq[62]. (constraint file  /cluster/home/eirikwit/vortex-gpgpu/chipyard/sims/firesim/sim/generated-src/alveo/FireSim-FireSimV1S1C0L3-BaseF1Config1Mem_F25MHz/u250/vivado_proj/firesim.gen/sources_1/bd/design_1/ip/design_1_ddr4_0_0/design_1_ddr4_0_0/design_1_ddr4_0_0_in_context.xdc, line 174).
[2025-09-15 02:13:36] Applied set_property IO_BUFFER_TYPE = NONE for ddr4_sdram_c0_dq[63]. (constraint file  /cluster/home/eirikwit/vortex-gpgpu/chipyard/sims/firesim/sim/generated-src/alveo/FireSim-FireSimV1S1C0L3-BaseF1Config1Mem_F25MHz/u250/vivado_proj/firesim.gen/sources_1/bd/design_1/ip/design_1_ddr4_0_0/design_1_ddr4_0_0/design_1_ddr4_0_0_in_context.xdc, line 175).
[2025-09-15 02:13:36] Applied set_property CLOCK_BUFFER_TYPE = NONE for ddr4_sdram_c0_dq[63]. (constraint file  /cluster/home/eirikwit/vortex-gpgpu/chipyard/sims/firesim/sim/generated-src/alveo/FireSim-FireSimV1S1C0L3-BaseF1Config1Mem_F25MHz/u250/vivado_proj/firesim.gen/sources_1/bd/design_1/ip/design_1_ddr4_0_0/design_1_ddr4_0_0/design_1_ddr4_0_0_in_context.xdc, line 176).
[2025-09-15 02:13:36] Applied set_property IO_BUFFER_TYPE = NONE for ddr4_sdram_c0_dq[64]. (constraint file  /cluster/home/eirikwit/vortex-gpgpu/chipyard/sims/firesim/sim/generated-src/alveo/FireSim-FireSimV1S1C0L3-BaseF1Config1Mem_F25MHz/u250/vivado_proj/firesim.gen/sources_1/bd/design_1/ip/design_1_ddr4_0_0/design_1_ddr4_0_0/design_1_ddr4_0_0_in_context.xdc, line 177).
[2025-09-15 02:13:36] Applied set_property CLOCK_BUFFER_TYPE = NONE for ddr4_sdram_c0_dq[64]. (constraint file  /cluster/home/eirikwit/vortex-gpgpu/chipyard/sims/firesim/sim/generated-src/alveo/FireSim-FireSimV1S1C0L3-BaseF1Config1Mem_F25MHz/u250/vivado_proj/firesim.gen/sources_1/bd/design_1/ip/design_1_ddr4_0_0/design_1_ddr4_0_0/design_1_ddr4_0_0_in_context.xdc, line 178).
[2025-09-15 02:13:36] Applied set_property IO_BUFFER_TYPE = NONE for ddr4_sdram_c0_dq[65]. (constraint file  /cluster/home/eirikwit/vortex-gpgpu/chipyard/sims/firesim/sim/generated-src/alveo/FireSim-FireSimV1S1C0L3-BaseF1Config1Mem_F25MHz/u250/vivado_proj/firesim.gen/sources_1/bd/design_1/ip/design_1_ddr4_0_0/design_1_ddr4_0_0/design_1_ddr4_0_0_in_context.xdc, line 179).
[2025-09-15 02:13:36] Applied set_property CLOCK_BUFFER_TYPE = NONE for ddr4_sdram_c0_dq[65]. (constraint file  /cluster/home/eirikwit/vortex-gpgpu/chipyard/sims/firesim/sim/generated-src/alveo/FireSim-FireSimV1S1C0L3-BaseF1Config1Mem_F25MHz/u250/vivado_proj/firesim.gen/sources_1/bd/design_1/ip/design_1_ddr4_0_0/design_1_ddr4_0_0/design_1_ddr4_0_0_in_context.xdc, line 180).
[2025-09-15 02:13:36] Applied set_property IO_BUFFER_TYPE = NONE for ddr4_sdram_c0_dq[66]. (constraint file  /cluster/home/eirikwit/vortex-gpgpu/chipyard/sims/firesim/sim/generated-src/alveo/FireSim-FireSimV1S1C0L3-BaseF1Config1Mem_F25MHz/u250/vivado_proj/firesim.gen/sources_1/bd/design_1/ip/design_1_ddr4_0_0/design_1_ddr4_0_0/design_1_ddr4_0_0_in_context.xdc, line 181).
[2025-09-15 02:13:36] Applied set_property CLOCK_BUFFER_TYPE = NONE for ddr4_sdram_c0_dq[66]. (constraint file  /cluster/home/eirikwit/vortex-gpgpu/chipyard/sims/firesim/sim/generated-src/alveo/FireSim-FireSimV1S1C0L3-BaseF1Config1Mem_F25MHz/u250/vivado_proj/firesim.gen/sources_1/bd/design_1/ip/design_1_ddr4_0_0/design_1_ddr4_0_0/design_1_ddr4_0_0_in_context.xdc, line 182).
[2025-09-15 02:13:36] Applied set_property IO_BUFFER_TYPE = NONE for ddr4_sdram_c0_dq[67]. (constraint file  /cluster/home/eirikwit/vortex-gpgpu/chipyard/sims/firesim/sim/generated-src/alveo/FireSim-FireSimV1S1C0L3-BaseF1Config1Mem_F25MHz/u250/vivado_proj/firesim.gen/sources_1/bd/design_1/ip/design_1_ddr4_0_0/design_1_ddr4_0_0/design_1_ddr4_0_0_in_context.xdc, line 183).
[2025-09-15 02:13:36] Applied set_property CLOCK_BUFFER_TYPE = NONE for ddr4_sdram_c0_dq[67]. (constraint file  /cluster/home/eirikwit/vortex-gpgpu/chipyard/sims/firesim/sim/generated-src/alveo/FireSim-FireSimV1S1C0L3-BaseF1Config1Mem_F25MHz/u250/vivado_proj/firesim.gen/sources_1/bd/design_1/ip/design_1_ddr4_0_0/design_1_ddr4_0_0/design_1_ddr4_0_0_in_context.xdc, line 184).
[2025-09-15 02:13:36] Applied set_property IO_BUFFER_TYPE = NONE for ddr4_sdram_c0_dq[68]. (constraint file  /cluster/home/eirikwit/vortex-gpgpu/chipyard/sims/firesim/sim/generated-src/alveo/FireSim-FireSimV1S1C0L3-BaseF1Config1Mem_F25MHz/u250/vivado_proj/firesim.gen/sources_1/bd/design_1/ip/design_1_ddr4_0_0/design_1_ddr4_0_0/design_1_ddr4_0_0_in_context.xdc, line 185).
[2025-09-15 02:13:36] Applied set_property CLOCK_BUFFER_TYPE = NONE for ddr4_sdram_c0_dq[68]. (constraint file  /cluster/home/eirikwit/vortex-gpgpu/chipyard/sims/firesim/sim/generated-src/alveo/FireSim-FireSimV1S1C0L3-BaseF1Config1Mem_F25MHz/u250/vivado_proj/firesim.gen/sources_1/bd/design_1/ip/design_1_ddr4_0_0/design_1_ddr4_0_0/design_1_ddr4_0_0_in_context.xdc, line 186).
[2025-09-15 02:13:36] Applied set_property IO_BUFFER_TYPE = NONE for ddr4_sdram_c0_dq[69]. (constraint file  /cluster/home/eirikwit/vortex-gpgpu/chipyard/sims/firesim/sim/generated-src/alveo/FireSim-FireSimV1S1C0L3-BaseF1Config1Mem_F25MHz/u250/vivado_proj/firesim.gen/sources_1/bd/design_1/ip/design_1_ddr4_0_0/design_1_ddr4_0_0/design_1_ddr4_0_0_in_context.xdc, line 187).
[2025-09-15 02:13:36] Applied set_property CLOCK_BUFFER_TYPE = NONE for ddr4_sdram_c0_dq[69]. (constraint file  /cluster/home/eirikwit/vortex-gpgpu/chipyard/sims/firesim/sim/generated-src/alveo/FireSim-FireSimV1S1C0L3-BaseF1Config1Mem_F25MHz/u250/vivado_proj/firesim.gen/sources_1/bd/design_1/ip/design_1_ddr4_0_0/design_1_ddr4_0_0/design_1_ddr4_0_0_in_context.xdc, line 188).
[2025-09-15 02:13:36] Applied set_property IO_BUFFER_TYPE = NONE for ddr4_sdram_c0_dq[6]. (constraint file  /cluster/home/eirikwit/vortex-gpgpu/chipyard/sims/firesim/sim/generated-src/alveo/FireSim-FireSimV1S1C0L3-BaseF1Config1Mem_F25MHz/u250/vivado_proj/firesim.gen/sources_1/bd/design_1/ip/design_1_ddr4_0_0/design_1_ddr4_0_0/design_1_ddr4_0_0_in_context.xdc, line 189).
[2025-09-15 02:13:36] Applied set_property CLOCK_BUFFER_TYPE = NONE for ddr4_sdram_c0_dq[6]. (constraint file  /cluster/home/eirikwit/vortex-gpgpu/chipyard/sims/firesim/sim/generated-src/alveo/FireSim-FireSimV1S1C0L3-BaseF1Config1Mem_F25MHz/u250/vivado_proj/firesim.gen/sources_1/bd/design_1/ip/design_1_ddr4_0_0/design_1_ddr4_0_0/design_1_ddr4_0_0_in_context.xdc, line 190).
[2025-09-15 02:13:36] Applied set_property IO_BUFFER_TYPE = NONE for ddr4_sdram_c0_dq[70]. (constraint file  /cluster/home/eirikwit/vortex-gpgpu/chipyard/sims/firesim/sim/generated-src/alveo/FireSim-FireSimV1S1C0L3-BaseF1Config1Mem_F25MHz/u250/vivado_proj/firesim.gen/sources_1/bd/design_1/ip/design_1_ddr4_0_0/design_1_ddr4_0_0/design_1_ddr4_0_0_in_context.xdc, line 191).
[2025-09-15 02:13:36] Applied set_property CLOCK_BUFFER_TYPE = NONE for ddr4_sdram_c0_dq[70]. (constraint file  /cluster/home/eirikwit/vortex-gpgpu/chipyard/sims/firesim/sim/generated-src/alveo/FireSim-FireSimV1S1C0L3-BaseF1Config1Mem_F25MHz/u250/vivado_proj/firesim.gen/sources_1/bd/design_1/ip/design_1_ddr4_0_0/design_1_ddr4_0_0/design_1_ddr4_0_0_in_context.xdc, line 192).
[2025-09-15 02:13:36] Applied set_property IO_BUFFER_TYPE = NONE for ddr4_sdram_c0_dq[71]. (constraint file  /cluster/home/eirikwit/vortex-gpgpu/chipyard/sims/firesim/sim/generated-src/alveo/FireSim-FireSimV1S1C0L3-BaseF1Config1Mem_F25MHz/u250/vivado_proj/firesim.gen/sources_1/bd/design_1/ip/design_1_ddr4_0_0/design_1_ddr4_0_0/design_1_ddr4_0_0_in_context.xdc, line 193).
[2025-09-15 02:13:36] Applied set_property CLOCK_BUFFER_TYPE = NONE for ddr4_sdram_c0_dq[71]. (constraint file  /cluster/home/eirikwit/vortex-gpgpu/chipyard/sims/firesim/sim/generated-src/alveo/FireSim-FireSimV1S1C0L3-BaseF1Config1Mem_F25MHz/u250/vivado_proj/firesim.gen/sources_1/bd/design_1/ip/design_1_ddr4_0_0/design_1_ddr4_0_0/design_1_ddr4_0_0_in_context.xdc, line 194).
[2025-09-15 02:13:36] Applied set_property IO_BUFFER_TYPE = NONE for ddr4_sdram_c0_dq[7]. (constraint file  /cluster/home/eirikwit/vortex-gpgpu/chipyard/sims/firesim/sim/generated-src/alveo/FireSim-FireSimV1S1C0L3-BaseF1Config1Mem_F25MHz/u250/vivado_proj/firesim.gen/sources_1/bd/design_1/ip/design_1_ddr4_0_0/design_1_ddr4_0_0/design_1_ddr4_0_0_in_context.xdc, line 195).
[2025-09-15 02:13:36] Applied set_property CLOCK_BUFFER_TYPE = NONE for ddr4_sdram_c0_dq[7]. (constraint file  /cluster/home/eirikwit/vortex-gpgpu/chipyard/sims/firesim/sim/generated-src/alveo/FireSim-FireSimV1S1C0L3-BaseF1Config1Mem_F25MHz/u250/vivado_proj/firesim.gen/sources_1/bd/design_1/ip/design_1_ddr4_0_0/design_1_ddr4_0_0/design_1_ddr4_0_0_in_context.xdc, line 196).
[2025-09-15 02:13:36] Applied set_property IO_BUFFER_TYPE = NONE for ddr4_sdram_c0_dq[8]. (constraint file  /cluster/home/eirikwit/vortex-gpgpu/chipyard/sims/firesim/sim/generated-src/alveo/FireSim-FireSimV1S1C0L3-BaseF1Config1Mem_F25MHz/u250/vivado_proj/firesim.gen/sources_1/bd/design_1/ip/design_1_ddr4_0_0/design_1_ddr4_0_0/design_1_ddr4_0_0_in_context.xdc, line 197).
[2025-09-15 02:13:36] Applied set_property CLOCK_BUFFER_TYPE = NONE for ddr4_sdram_c0_dq[8]. (constraint file  /cluster/home/eirikwit/vortex-gpgpu/chipyard/sims/firesim/sim/generated-src/alveo/FireSim-FireSimV1S1C0L3-BaseF1Config1Mem_F25MHz/u250/vivado_proj/firesim.gen/sources_1/bd/design_1/ip/design_1_ddr4_0_0/design_1_ddr4_0_0/design_1_ddr4_0_0_in_context.xdc, line 198).
[2025-09-15 02:13:36] Applied set_property IO_BUFFER_TYPE = NONE for ddr4_sdram_c0_dq[9]. (constraint file  /cluster/home/eirikwit/vortex-gpgpu/chipyard/sims/firesim/sim/generated-src/alveo/FireSim-FireSimV1S1C0L3-BaseF1Config1Mem_F25MHz/u250/vivado_proj/firesim.gen/sources_1/bd/design_1/ip/design_1_ddr4_0_0/design_1_ddr4_0_0/design_1_ddr4_0_0_in_context.xdc, line 199).
[2025-09-15 02:13:36] Applied set_property CLOCK_BUFFER_TYPE = NONE for ddr4_sdram_c0_dq[9]. (constraint file  /cluster/home/eirikwit/vortex-gpgpu/chipyard/sims/firesim/sim/generated-src/alveo/FireSim-FireSimV1S1C0L3-BaseF1Config1Mem_F25MHz/u250/vivado_proj/firesim.gen/sources_1/bd/design_1/ip/design_1_ddr4_0_0/design_1_ddr4_0_0/design_1_ddr4_0_0_in_context.xdc, line 200).
[2025-09-15 02:13:36] Applied set_property IO_BUFFER_TYPE = NONE for ddr4_sdram_c0_dqs_c[0]. (constraint file  /cluster/home/eirikwit/vortex-gpgpu/chipyard/sims/firesim/sim/generated-src/alveo/FireSim-FireSimV1S1C0L3-BaseF1Config1Mem_F25MHz/u250/vivado_proj/firesim.gen/sources_1/bd/design_1/ip/design_1_ddr4_0_0/design_1_ddr4_0_0/design_1_ddr4_0_0_in_context.xdc, line 201).
[2025-09-15 02:13:36] Applied set_property CLOCK_BUFFER_TYPE = NONE for ddr4_sdram_c0_dqs_c[0]. (constraint file  /cluster/home/eirikwit/vortex-gpgpu/chipyard/sims/firesim/sim/generated-src/alveo/FireSim-FireSimV1S1C0L3-BaseF1Config1Mem_F25MHz/u250/vivado_proj/firesim.gen/sources_1/bd/design_1/ip/design_1_ddr4_0_0/design_1_ddr4_0_0/design_1_ddr4_0_0_in_context.xdc, line 202).
[2025-09-15 02:13:36] Applied set_property IO_BUFFER_TYPE = NONE for ddr4_sdram_c0_dqs_c[10]. (constraint file  /cluster/home/eirikwit/vortex-gpgpu/chipyard/sims/firesim/sim/generated-src/alveo/FireSim-FireSimV1S1C0L3-BaseF1Config1Mem_F25MHz/u250/vivado_proj/firesim.gen/sources_1/bd/design_1/ip/design_1_ddr4_0_0/design_1_ddr4_0_0/design_1_ddr4_0_0_in_context.xdc, line 203).
[2025-09-15 02:13:36] Applied set_property CLOCK_BUFFER_TYPE = NONE for ddr4_sdram_c0_dqs_c[10]. (constraint file  /cluster/home/eirikwit/vortex-gpgpu/chipyard/sims/firesim/sim/generated-src/alveo/FireSim-FireSimV1S1C0L3-BaseF1Config1Mem_F25MHz/u250/vivado_proj/firesim.gen/sources_1/bd/design_1/ip/design_1_ddr4_0_0/design_1_ddr4_0_0/design_1_ddr4_0_0_in_context.xdc, line 204).
[2025-09-15 02:13:36] Applied set_property IO_BUFFER_TYPE = NONE for ddr4_sdram_c0_dqs_c[11]. (constraint file  /cluster/home/eirikwit/vortex-gpgpu/chipyard/sims/firesim/sim/generated-src/alveo/FireSim-FireSimV1S1C0L3-BaseF1Config1Mem_F25MHz/u250/vivado_proj/firesim.gen/sources_1/bd/design_1/ip/design_1_ddr4_0_0/design_1_ddr4_0_0/design_1_ddr4_0_0_in_context.xdc, line 205).
[2025-09-15 02:13:36] Applied set_property CLOCK_BUFFER_TYPE = NONE for ddr4_sdram_c0_dqs_c[11]. (constraint file  /cluster/home/eirikwit/vortex-gpgpu/chipyard/sims/firesim/sim/generated-src/alveo/FireSim-FireSimV1S1C0L3-BaseF1Config1Mem_F25MHz/u250/vivado_proj/firesim.gen/sources_1/bd/design_1/ip/design_1_ddr4_0_0/design_1_ddr4_0_0/design_1_ddr4_0_0_in_context.xdc, line 206).
[2025-09-15 02:13:36] Applied set_property IO_BUFFER_TYPE = NONE for ddr4_sdram_c0_dqs_c[12]. (constraint file  /cluster/home/eirikwit/vortex-gpgpu/chipyard/sims/firesim/sim/generated-src/alveo/FireSim-FireSimV1S1C0L3-BaseF1Config1Mem_F25MHz/u250/vivado_proj/firesim.gen/sources_1/bd/design_1/ip/design_1_ddr4_0_0/design_1_ddr4_0_0/design_1_ddr4_0_0_in_context.xdc, line 207).
[2025-09-15 02:13:36] Applied set_property CLOCK_BUFFER_TYPE = NONE for ddr4_sdram_c0_dqs_c[12]. (constraint file  /cluster/home/eirikwit/vortex-gpgpu/chipyard/sims/firesim/sim/generated-src/alveo/FireSim-FireSimV1S1C0L3-BaseF1Config1Mem_F25MHz/u250/vivado_proj/firesim.gen/sources_1/bd/design_1/ip/design_1_ddr4_0_0/design_1_ddr4_0_0/design_1_ddr4_0_0_in_context.xdc, line 208).
[2025-09-15 02:13:36] Applied set_property IO_BUFFER_TYPE = NONE for ddr4_sdram_c0_dqs_c[13]. (constraint file  /cluster/home/eirikwit/vortex-gpgpu/chipyard/sims/firesim/sim/generated-src/alveo/FireSim-FireSimV1S1C0L3-BaseF1Config1Mem_F25MHz/u250/vivado_proj/firesim.gen/sources_1/bd/design_1/ip/design_1_ddr4_0_0/design_1_ddr4_0_0/design_1_ddr4_0_0_in_context.xdc, line 209).
[2025-09-15 02:13:36] Applied set_property CLOCK_BUFFER_TYPE = NONE for ddr4_sdram_c0_dqs_c[13]. (constraint file  /cluster/home/eirikwit/vortex-gpgpu/chipyard/sims/firesim/sim/generated-src/alveo/FireSim-FireSimV1S1C0L3-BaseF1Config1Mem_F25MHz/u250/vivado_proj/firesim.gen/sources_1/bd/design_1/ip/design_1_ddr4_0_0/design_1_ddr4_0_0/design_1_ddr4_0_0_in_context.xdc, line 210).
[2025-09-15 02:13:36] Applied set_property IO_BUFFER_TYPE = NONE for ddr4_sdram_c0_dqs_c[14]. (constraint file  /cluster/home/eirikwit/vortex-gpgpu/chipyard/sims/firesim/sim/generated-src/alveo/FireSim-FireSimV1S1C0L3-BaseF1Config1Mem_F25MHz/u250/vivado_proj/firesim.gen/sources_1/bd/design_1/ip/design_1_ddr4_0_0/design_1_ddr4_0_0/design_1_ddr4_0_0_in_context.xdc, line 211).
[2025-09-15 02:13:36] Applied set_property CLOCK_BUFFER_TYPE = NONE for ddr4_sdram_c0_dqs_c[14]. (constraint file  /cluster/home/eirikwit/vortex-gpgpu/chipyard/sims/firesim/sim/generated-src/alveo/FireSim-FireSimV1S1C0L3-BaseF1Config1Mem_F25MHz/u250/vivado_proj/firesim.gen/sources_1/bd/design_1/ip/design_1_ddr4_0_0/design_1_ddr4_0_0/design_1_ddr4_0_0_in_context.xdc, line 212).
[2025-09-15 02:13:36] Applied set_property IO_BUFFER_TYPE = NONE for ddr4_sdram_c0_dqs_c[15]. (constraint file  /cluster/home/eirikwit/vortex-gpgpu/chipyard/sims/firesim/sim/generated-src/alveo/FireSim-FireSimV1S1C0L3-BaseF1Config1Mem_F25MHz/u250/vivado_proj/firesim.gen/sources_1/bd/design_1/ip/design_1_ddr4_0_0/design_1_ddr4_0_0/design_1_ddr4_0_0_in_context.xdc, line 213).
[2025-09-15 02:13:36] Applied set_property CLOCK_BUFFER_TYPE = NONE for ddr4_sdram_c0_dqs_c[15]. (constraint file  /cluster/home/eirikwit/vortex-gpgpu/chipyard/sims/firesim/sim/generated-src/alveo/FireSim-FireSimV1S1C0L3-BaseF1Config1Mem_F25MHz/u250/vivado_proj/firesim.gen/sources_1/bd/design_1/ip/design_1_ddr4_0_0/design_1_ddr4_0_0/design_1_ddr4_0_0_in_context.xdc, line 214).
[2025-09-15 02:13:36] Applied set_property IO_BUFFER_TYPE = NONE for ddr4_sdram_c0_dqs_c[16]. (constraint file  /cluster/home/eirikwit/vortex-gpgpu/chipyard/sims/firesim/sim/generated-src/alveo/FireSim-FireSimV1S1C0L3-BaseF1Config1Mem_F25MHz/u250/vivado_proj/firesim.gen/sources_1/bd/design_1/ip/design_1_ddr4_0_0/design_1_ddr4_0_0/design_1_ddr4_0_0_in_context.xdc, line 215).
[2025-09-15 02:13:36] Applied set_property CLOCK_BUFFER_TYPE = NONE for ddr4_sdram_c0_dqs_c[16]. (constraint file  /cluster/home/eirikwit/vortex-gpgpu/chipyard/sims/firesim/sim/generated-src/alveo/FireSim-FireSimV1S1C0L3-BaseF1Config1Mem_F25MHz/u250/vivado_proj/firesim.gen/sources_1/bd/design_1/ip/design_1_ddr4_0_0/design_1_ddr4_0_0/design_1_ddr4_0_0_in_context.xdc, line 216).
[2025-09-15 02:13:36] Applied set_property IO_BUFFER_TYPE = NONE for ddr4_sdram_c0_dqs_c[17]. (constraint file  /cluster/home/eirikwit/vortex-gpgpu/chipyard/sims/firesim/sim/generated-src/alveo/FireSim-FireSimV1S1C0L3-BaseF1Config1Mem_F25MHz/u250/vivado_proj/firesim.gen/sources_1/bd/design_1/ip/design_1_ddr4_0_0/design_1_ddr4_0_0/design_1_ddr4_0_0_in_context.xdc, line 217).
[2025-09-15 02:13:36] Applied set_property CLOCK_BUFFER_TYPE = NONE for ddr4_sdram_c0_dqs_c[17]. (constraint file  /cluster/home/eirikwit/vortex-gpgpu/chipyard/sims/firesim/sim/generated-src/alveo/FireSim-FireSimV1S1C0L3-BaseF1Config1Mem_F25MHz/u250/vivado_proj/firesim.gen/sources_1/bd/design_1/ip/design_1_ddr4_0_0/design_1_ddr4_0_0/design_1_ddr4_0_0_in_context.xdc, line 218).
[2025-09-15 02:13:36] Applied set_property IO_BUFFER_TYPE = NONE for ddr4_sdram_c0_dqs_c[1]. (constraint file  /cluster/home/eirikwit/vortex-gpgpu/chipyard/sims/firesim/sim/generated-src/alveo/FireSim-FireSimV1S1C0L3-BaseF1Config1Mem_F25MHz/u250/vivado_proj/firesim.gen/sources_1/bd/design_1/ip/design_1_ddr4_0_0/design_1_ddr4_0_0/design_1_ddr4_0_0_in_context.xdc, line 219).
[2025-09-15 02:13:36] Applied set_property CLOCK_BUFFER_TYPE = NONE for ddr4_sdram_c0_dqs_c[1]. (constraint file  /cluster/home/eirikwit/vortex-gpgpu/chipyard/sims/firesim/sim/generated-src/alveo/FireSim-FireSimV1S1C0L3-BaseF1Config1Mem_F25MHz/u250/vivado_proj/firesim.gen/sources_1/bd/design_1/ip/design_1_ddr4_0_0/design_1_ddr4_0_0/design_1_ddr4_0_0_in_context.xdc, line 220).
[2025-09-15 02:13:36] Applied set_property IO_BUFFER_TYPE = NONE for ddr4_sdram_c0_dqs_c[2]. (constraint file  /cluster/home/eirikwit/vortex-gpgpu/chipyard/sims/firesim/sim/generated-src/alveo/FireSim-FireSimV1S1C0L3-BaseF1Config1Mem_F25MHz/u250/vivado_proj/firesim.gen/sources_1/bd/design_1/ip/design_1_ddr4_0_0/design_1_ddr4_0_0/design_1_ddr4_0_0_in_context.xdc, line 221).
[2025-09-15 02:13:36] Applied set_property CLOCK_BUFFER_TYPE = NONE for ddr4_sdram_c0_dqs_c[2]. (constraint file  /cluster/home/eirikwit/vortex-gpgpu/chipyard/sims/firesim/sim/generated-src/alveo/FireSim-FireSimV1S1C0L3-BaseF1Config1Mem_F25MHz/u250/vivado_proj/firesim.gen/sources_1/bd/design_1/ip/design_1_ddr4_0_0/design_1_ddr4_0_0/design_1_ddr4_0_0_in_context.xdc, line 222).
[2025-09-15 02:13:36] Applied set_property IO_BUFFER_TYPE = NONE for ddr4_sdram_c0_dqs_c[3]. (constraint file  /cluster/home/eirikwit/vortex-gpgpu/chipyard/sims/firesim/sim/generated-src/alveo/FireSim-FireSimV1S1C0L3-BaseF1Config1Mem_F25MHz/u250/vivado_proj/firesim.gen/sources_1/bd/design_1/ip/design_1_ddr4_0_0/design_1_ddr4_0_0/design_1_ddr4_0_0_in_context.xdc, line 223).
[2025-09-15 02:13:36] Applied set_property CLOCK_BUFFER_TYPE = NONE for ddr4_sdram_c0_dqs_c[3]. (constraint file  /cluster/home/eirikwit/vortex-gpgpu/chipyard/sims/firesim/sim/generated-src/alveo/FireSim-FireSimV1S1C0L3-BaseF1Config1Mem_F25MHz/u250/vivado_proj/firesim.gen/sources_1/bd/design_1/ip/design_1_ddr4_0_0/design_1_ddr4_0_0/design_1_ddr4_0_0_in_context.xdc, line 224).
[2025-09-15 02:13:36] Applied set_property IO_BUFFER_TYPE = NONE for ddr4_sdram_c0_dqs_c[4]. (constraint file  /cluster/home/eirikwit/vortex-gpgpu/chipyard/sims/firesim/sim/generated-src/alveo/FireSim-FireSimV1S1C0L3-BaseF1Config1Mem_F25MHz/u250/vivado_proj/firesim.gen/sources_1/bd/design_1/ip/design_1_ddr4_0_0/design_1_ddr4_0_0/design_1_ddr4_0_0_in_context.xdc, line 225).
[2025-09-15 02:13:36] Applied set_property CLOCK_BUFFER_TYPE = NONE for ddr4_sdram_c0_dqs_c[4]. (constraint file  /cluster/home/eirikwit/vortex-gpgpu/chipyard/sims/firesim/sim/generated-src/alveo/FireSim-FireSimV1S1C0L3-BaseF1Config1Mem_F25MHz/u250/vivado_proj/firesim.gen/sources_1/bd/design_1/ip/design_1_ddr4_0_0/design_1_ddr4_0_0/design_1_ddr4_0_0_in_context.xdc, line 226).
[2025-09-15 02:13:36] Applied set_property IO_BUFFER_TYPE = NONE for ddr4_sdram_c0_dqs_c[5]. (constraint file  /cluster/home/eirikwit/vortex-gpgpu/chipyard/sims/firesim/sim/generated-src/alveo/FireSim-FireSimV1S1C0L3-BaseF1Config1Mem_F25MHz/u250/vivado_proj/firesim.gen/sources_1/bd/design_1/ip/design_1_ddr4_0_0/design_1_ddr4_0_0/design_1_ddr4_0_0_in_context.xdc, line 227).
[2025-09-15 02:13:36] Applied set_property CLOCK_BUFFER_TYPE = NONE for ddr4_sdram_c0_dqs_c[5]. (constraint file  /cluster/home/eirikwit/vortex-gpgpu/chipyard/sims/firesim/sim/generated-src/alveo/FireSim-FireSimV1S1C0L3-BaseF1Config1Mem_F25MHz/u250/vivado_proj/firesim.gen/sources_1/bd/design_1/ip/design_1_ddr4_0_0/design_1_ddr4_0_0/design_1_ddr4_0_0_in_context.xdc, line 228).
[2025-09-15 02:13:36] Applied set_property IO_BUFFER_TYPE = NONE for ddr4_sdram_c0_dqs_c[6]. (constraint file  /cluster/home/eirikwit/vortex-gpgpu/chipyard/sims/firesim/sim/generated-src/alveo/FireSim-FireSimV1S1C0L3-BaseF1Config1Mem_F25MHz/u250/vivado_proj/firesim.gen/sources_1/bd/design_1/ip/design_1_ddr4_0_0/design_1_ddr4_0_0/design_1_ddr4_0_0_in_context.xdc, line 229).
[2025-09-15 02:13:36] Applied set_property CLOCK_BUFFER_TYPE = NONE for ddr4_sdram_c0_dqs_c[6]. (constraint file  /cluster/home/eirikwit/vortex-gpgpu/chipyard/sims/firesim/sim/generated-src/alveo/FireSim-FireSimV1S1C0L3-BaseF1Config1Mem_F25MHz/u250/vivado_proj/firesim.gen/sources_1/bd/design_1/ip/design_1_ddr4_0_0/design_1_ddr4_0_0/design_1_ddr4_0_0_in_context.xdc, line 230).
[2025-09-15 02:13:36] Applied set_property IO_BUFFER_TYPE = NONE for ddr4_sdram_c0_dqs_c[7]. (constraint file  /cluster/home/eirikwit/vortex-gpgpu/chipyard/sims/firesim/sim/generated-src/alveo/FireSim-FireSimV1S1C0L3-BaseF1Config1Mem_F25MHz/u250/vivado_proj/firesim.gen/sources_1/bd/design_1/ip/design_1_ddr4_0_0/design_1_ddr4_0_0/design_1_ddr4_0_0_in_context.xdc, line 231).
[2025-09-15 02:13:36] Applied set_property CLOCK_BUFFER_TYPE = NONE for ddr4_sdram_c0_dqs_c[7]. (constraint file  /cluster/home/eirikwit/vortex-gpgpu/chipyard/sims/firesim/sim/generated-src/alveo/FireSim-FireSimV1S1C0L3-BaseF1Config1Mem_F25MHz/u250/vivado_proj/firesim.gen/sources_1/bd/design_1/ip/design_1_ddr4_0_0/design_1_ddr4_0_0/design_1_ddr4_0_0_in_context.xdc, line 232).
[2025-09-15 02:13:36] Applied set_property IO_BUFFER_TYPE = NONE for ddr4_sdram_c0_dqs_c[8]. (constraint file  /cluster/home/eirikwit/vortex-gpgpu/chipyard/sims/firesim/sim/generated-src/alveo/FireSim-FireSimV1S1C0L3-BaseF1Config1Mem_F25MHz/u250/vivado_proj/firesim.gen/sources_1/bd/design_1/ip/design_1_ddr4_0_0/design_1_ddr4_0_0/design_1_ddr4_0_0_in_context.xdc, line 233).
[2025-09-15 02:13:36] Applied set_property CLOCK_BUFFER_TYPE = NONE for ddr4_sdram_c0_dqs_c[8]. (constraint file  /cluster/home/eirikwit/vortex-gpgpu/chipyard/sims/firesim/sim/generated-src/alveo/FireSim-FireSimV1S1C0L3-BaseF1Config1Mem_F25MHz/u250/vivado_proj/firesim.gen/sources_1/bd/design_1/ip/design_1_ddr4_0_0/design_1_ddr4_0_0/design_1_ddr4_0_0_in_context.xdc, line 234).
[2025-09-15 02:13:36] Applied set_property IO_BUFFER_TYPE = NONE for ddr4_sdram_c0_dqs_c[9]. (constraint file  /cluster/home/eirikwit/vortex-gpgpu/chipyard/sims/firesim/sim/generated-src/alveo/FireSim-FireSimV1S1C0L3-BaseF1Config1Mem_F25MHz/u250/vivado_proj/firesim.gen/sources_1/bd/design_1/ip/design_1_ddr4_0_0/design_1_ddr4_0_0/design_1_ddr4_0_0_in_context.xdc, line 235).
[2025-09-15 02:13:36] Applied set_property CLOCK_BUFFER_TYPE = NONE for ddr4_sdram_c0_dqs_c[9]. (constraint file  /cluster/home/eirikwit/vortex-gpgpu/chipyard/sims/firesim/sim/generated-src/alveo/FireSim-FireSimV1S1C0L3-BaseF1Config1Mem_F25MHz/u250/vivado_proj/firesim.gen/sources_1/bd/design_1/ip/design_1_ddr4_0_0/design_1_ddr4_0_0/design_1_ddr4_0_0_in_context.xdc, line 236).
[2025-09-15 02:13:36] Applied set_property IO_BUFFER_TYPE = NONE for ddr4_sdram_c0_dqs_t[0]. (constraint file  /cluster/home/eirikwit/vortex-gpgpu/chipyard/sims/firesim/sim/generated-src/alveo/FireSim-FireSimV1S1C0L3-BaseF1Config1Mem_F25MHz/u250/vivado_proj/firesim.gen/sources_1/bd/design_1/ip/design_1_ddr4_0_0/design_1_ddr4_0_0/design_1_ddr4_0_0_in_context.xdc, line 237).
[2025-09-15 02:13:36] Applied set_property CLOCK_BUFFER_TYPE = NONE for ddr4_sdram_c0_dqs_t[0]. (constraint file  /cluster/home/eirikwit/vortex-gpgpu/chipyard/sims/firesim/sim/generated-src/alveo/FireSim-FireSimV1S1C0L3-BaseF1Config1Mem_F25MHz/u250/vivado_proj/firesim.gen/sources_1/bd/design_1/ip/design_1_ddr4_0_0/design_1_ddr4_0_0/design_1_ddr4_0_0_in_context.xdc, line 238).
[2025-09-15 02:13:36] Applied set_property IO_BUFFER_TYPE = NONE for ddr4_sdram_c0_dqs_t[10]. (constraint file  /cluster/home/eirikwit/vortex-gpgpu/chipyard/sims/firesim/sim/generated-src/alveo/FireSim-FireSimV1S1C0L3-BaseF1Config1Mem_F25MHz/u250/vivado_proj/firesim.gen/sources_1/bd/design_1/ip/design_1_ddr4_0_0/design_1_ddr4_0_0/design_1_ddr4_0_0_in_context.xdc, line 239).
[2025-09-15 02:13:37] Applied set_property CLOCK_BUFFER_TYPE = NONE for ddr4_sdram_c0_dqs_t[10]. (constraint file  /cluster/home/eirikwit/vortex-gpgpu/chipyard/sims/firesim/sim/generated-src/alveo/FireSim-FireSimV1S1C0L3-BaseF1Config1Mem_F25MHz/u250/vivado_proj/firesim.gen/sources_1/bd/design_1/ip/design_1_ddr4_0_0/design_1_ddr4_0_0/design_1_ddr4_0_0_in_context.xdc, line 240).
[2025-09-15 02:13:37] Applied set_property IO_BUFFER_TYPE = NONE for ddr4_sdram_c0_dqs_t[11]. (constraint file  /cluster/home/eirikwit/vortex-gpgpu/chipyard/sims/firesim/sim/generated-src/alveo/FireSim-FireSimV1S1C0L3-BaseF1Config1Mem_F25MHz/u250/vivado_proj/firesim.gen/sources_1/bd/design_1/ip/design_1_ddr4_0_0/design_1_ddr4_0_0/design_1_ddr4_0_0_in_context.xdc, line 241).
[2025-09-15 02:13:37] Applied set_property CLOCK_BUFFER_TYPE = NONE for ddr4_sdram_c0_dqs_t[11]. (constraint file  /cluster/home/eirikwit/vortex-gpgpu/chipyard/sims/firesim/sim/generated-src/alveo/FireSim-FireSimV1S1C0L3-BaseF1Config1Mem_F25MHz/u250/vivado_proj/firesim.gen/sources_1/bd/design_1/ip/design_1_ddr4_0_0/design_1_ddr4_0_0/design_1_ddr4_0_0_in_context.xdc, line 242).
[2025-09-15 02:13:37] Applied set_property IO_BUFFER_TYPE = NONE for ddr4_sdram_c0_dqs_t[12]. (constraint file  /cluster/home/eirikwit/vortex-gpgpu/chipyard/sims/firesim/sim/generated-src/alveo/FireSim-FireSimV1S1C0L3-BaseF1Config1Mem_F25MHz/u250/vivado_proj/firesim.gen/sources_1/bd/design_1/ip/design_1_ddr4_0_0/design_1_ddr4_0_0/design_1_ddr4_0_0_in_context.xdc, line 243).
[2025-09-15 02:13:37] Applied set_property CLOCK_BUFFER_TYPE = NONE for ddr4_sdram_c0_dqs_t[12]. (constraint file  /cluster/home/eirikwit/vortex-gpgpu/chipyard/sims/firesim/sim/generated-src/alveo/FireSim-FireSimV1S1C0L3-BaseF1Config1Mem_F25MHz/u250/vivado_proj/firesim.gen/sources_1/bd/design_1/ip/design_1_ddr4_0_0/design_1_ddr4_0_0/design_1_ddr4_0_0_in_context.xdc, line 244).
[2025-09-15 02:13:37] Applied set_property IO_BUFFER_TYPE = NONE for ddr4_sdram_c0_dqs_t[13]. (constraint file  /cluster/home/eirikwit/vortex-gpgpu/chipyard/sims/firesim/sim/generated-src/alveo/FireSim-FireSimV1S1C0L3-BaseF1Config1Mem_F25MHz/u250/vivado_proj/firesim.gen/sources_1/bd/design_1/ip/design_1_ddr4_0_0/design_1_ddr4_0_0/design_1_ddr4_0_0_in_context.xdc, line 245).
[2025-09-15 02:13:37] Applied set_property CLOCK_BUFFER_TYPE = NONE for ddr4_sdram_c0_dqs_t[13]. (constraint file  /cluster/home/eirikwit/vortex-gpgpu/chipyard/sims/firesim/sim/generated-src/alveo/FireSim-FireSimV1S1C0L3-BaseF1Config1Mem_F25MHz/u250/vivado_proj/firesim.gen/sources_1/bd/design_1/ip/design_1_ddr4_0_0/design_1_ddr4_0_0/design_1_ddr4_0_0_in_context.xdc, line 246).
[2025-09-15 02:13:37] Applied set_property IO_BUFFER_TYPE = NONE for ddr4_sdram_c0_dqs_t[14]. (constraint file  /cluster/home/eirikwit/vortex-gpgpu/chipyard/sims/firesim/sim/generated-src/alveo/FireSim-FireSimV1S1C0L3-BaseF1Config1Mem_F25MHz/u250/vivado_proj/firesim.gen/sources_1/bd/design_1/ip/design_1_ddr4_0_0/design_1_ddr4_0_0/design_1_ddr4_0_0_in_context.xdc, line 247).
[2025-09-15 02:13:37] Applied set_property CLOCK_BUFFER_TYPE = NONE for ddr4_sdram_c0_dqs_t[14]. (constraint file  /cluster/home/eirikwit/vortex-gpgpu/chipyard/sims/firesim/sim/generated-src/alveo/FireSim-FireSimV1S1C0L3-BaseF1Config1Mem_F25MHz/u250/vivado_proj/firesim.gen/sources_1/bd/design_1/ip/design_1_ddr4_0_0/design_1_ddr4_0_0/design_1_ddr4_0_0_in_context.xdc, line 248).
[2025-09-15 02:13:37] Applied set_property IO_BUFFER_TYPE = NONE for ddr4_sdram_c0_dqs_t[15]. (constraint file  /cluster/home/eirikwit/vortex-gpgpu/chipyard/sims/firesim/sim/generated-src/alveo/FireSim-FireSimV1S1C0L3-BaseF1Config1Mem_F25MHz/u250/vivado_proj/firesim.gen/sources_1/bd/design_1/ip/design_1_ddr4_0_0/design_1_ddr4_0_0/design_1_ddr4_0_0_in_context.xdc, line 249).
[2025-09-15 02:13:37] Applied set_property CLOCK_BUFFER_TYPE = NONE for ddr4_sdram_c0_dqs_t[15]. (constraint file  /cluster/home/eirikwit/vortex-gpgpu/chipyard/sims/firesim/sim/generated-src/alveo/FireSim-FireSimV1S1C0L3-BaseF1Config1Mem_F25MHz/u250/vivado_proj/firesim.gen/sources_1/bd/design_1/ip/design_1_ddr4_0_0/design_1_ddr4_0_0/design_1_ddr4_0_0_in_context.xdc, line 250).
[2025-09-15 02:13:37] Applied set_property IO_BUFFER_TYPE = NONE for ddr4_sdram_c0_dqs_t[16]. (constraint file  /cluster/home/eirikwit/vortex-gpgpu/chipyard/sims/firesim/sim/generated-src/alveo/FireSim-FireSimV1S1C0L3-BaseF1Config1Mem_F25MHz/u250/vivado_proj/firesim.gen/sources_1/bd/design_1/ip/design_1_ddr4_0_0/design_1_ddr4_0_0/design_1_ddr4_0_0_in_context.xdc, line 251).
[2025-09-15 02:13:37] Applied set_property CLOCK_BUFFER_TYPE = NONE for ddr4_sdram_c0_dqs_t[16]. (constraint file  /cluster/home/eirikwit/vortex-gpgpu/chipyard/sims/firesim/sim/generated-src/alveo/FireSim-FireSimV1S1C0L3-BaseF1Config1Mem_F25MHz/u250/vivado_proj/firesim.gen/sources_1/bd/design_1/ip/design_1_ddr4_0_0/design_1_ddr4_0_0/design_1_ddr4_0_0_in_context.xdc, line 252).
[2025-09-15 02:13:37] Applied set_property IO_BUFFER_TYPE = NONE for ddr4_sdram_c0_dqs_t[17]. (constraint file  /cluster/home/eirikwit/vortex-gpgpu/chipyard/sims/firesim/sim/generated-src/alveo/FireSim-FireSimV1S1C0L3-BaseF1Config1Mem_F25MHz/u250/vivado_proj/firesim.gen/sources_1/bd/design_1/ip/design_1_ddr4_0_0/design_1_ddr4_0_0/design_1_ddr4_0_0_in_context.xdc, line 253).
[2025-09-15 02:13:37] Applied set_property CLOCK_BUFFER_TYPE = NONE for ddr4_sdram_c0_dqs_t[17]. (constraint file  /cluster/home/eirikwit/vortex-gpgpu/chipyard/sims/firesim/sim/generated-src/alveo/FireSim-FireSimV1S1C0L3-BaseF1Config1Mem_F25MHz/u250/vivado_proj/firesim.gen/sources_1/bd/design_1/ip/design_1_ddr4_0_0/design_1_ddr4_0_0/design_1_ddr4_0_0_in_context.xdc, line 254).
[2025-09-15 02:13:37] Applied set_property IO_BUFFER_TYPE = NONE for ddr4_sdram_c0_dqs_t[1]. (constraint file  /cluster/home/eirikwit/vortex-gpgpu/chipyard/sims/firesim/sim/generated-src/alveo/FireSim-FireSimV1S1C0L3-BaseF1Config1Mem_F25MHz/u250/vivado_proj/firesim.gen/sources_1/bd/design_1/ip/design_1_ddr4_0_0/design_1_ddr4_0_0/design_1_ddr4_0_0_in_context.xdc, line 255).
[2025-09-15 02:13:37] Applied set_property CLOCK_BUFFER_TYPE = NONE for ddr4_sdram_c0_dqs_t[1]. (constraint file  /cluster/home/eirikwit/vortex-gpgpu/chipyard/sims/firesim/sim/generated-src/alveo/FireSim-FireSimV1S1C0L3-BaseF1Config1Mem_F25MHz/u250/vivado_proj/firesim.gen/sources_1/bd/design_1/ip/design_1_ddr4_0_0/design_1_ddr4_0_0/design_1_ddr4_0_0_in_context.xdc, line 256).
[2025-09-15 02:13:37] Applied set_property IO_BUFFER_TYPE = NONE for ddr4_sdram_c0_dqs_t[2]. (constraint file  /cluster/home/eirikwit/vortex-gpgpu/chipyard/sims/firesim/sim/generated-src/alveo/FireSim-FireSimV1S1C0L3-BaseF1Config1Mem_F25MHz/u250/vivado_proj/firesim.gen/sources_1/bd/design_1/ip/design_1_ddr4_0_0/design_1_ddr4_0_0/design_1_ddr4_0_0_in_context.xdc, line 257).
[2025-09-15 02:13:37] Applied set_property CLOCK_BUFFER_TYPE = NONE for ddr4_sdram_c0_dqs_t[2]. (constraint file  /cluster/home/eirikwit/vortex-gpgpu/chipyard/sims/firesim/sim/generated-src/alveo/FireSim-FireSimV1S1C0L3-BaseF1Config1Mem_F25MHz/u250/vivado_proj/firesim.gen/sources_1/bd/design_1/ip/design_1_ddr4_0_0/design_1_ddr4_0_0/design_1_ddr4_0_0_in_context.xdc, line 258).
[2025-09-15 02:13:37] Applied set_property IO_BUFFER_TYPE = NONE for ddr4_sdram_c0_dqs_t[3]. (constraint file  /cluster/home/eirikwit/vortex-gpgpu/chipyard/sims/firesim/sim/generated-src/alveo/FireSim-FireSimV1S1C0L3-BaseF1Config1Mem_F25MHz/u250/vivado_proj/firesim.gen/sources_1/bd/design_1/ip/design_1_ddr4_0_0/design_1_ddr4_0_0/design_1_ddr4_0_0_in_context.xdc, line 259).
[2025-09-15 02:13:37] Applied set_property CLOCK_BUFFER_TYPE = NONE for ddr4_sdram_c0_dqs_t[3]. (constraint file  /cluster/home/eirikwit/vortex-gpgpu/chipyard/sims/firesim/sim/generated-src/alveo/FireSim-FireSimV1S1C0L3-BaseF1Config1Mem_F25MHz/u250/vivado_proj/firesim.gen/sources_1/bd/design_1/ip/design_1_ddr4_0_0/design_1_ddr4_0_0/design_1_ddr4_0_0_in_context.xdc, line 260).
[2025-09-15 02:13:37] Applied set_property IO_BUFFER_TYPE = NONE for ddr4_sdram_c0_dqs_t[4]. (constraint file  /cluster/home/eirikwit/vortex-gpgpu/chipyard/sims/firesim/sim/generated-src/alveo/FireSim-FireSimV1S1C0L3-BaseF1Config1Mem_F25MHz/u250/vivado_proj/firesim.gen/sources_1/bd/design_1/ip/design_1_ddr4_0_0/design_1_ddr4_0_0/design_1_ddr4_0_0_in_context.xdc, line 261).
[2025-09-15 02:13:37] Applied set_property CLOCK_BUFFER_TYPE = NONE for ddr4_sdram_c0_dqs_t[4]. (constraint file  /cluster/home/eirikwit/vortex-gpgpu/chipyard/sims/firesim/sim/generated-src/alveo/FireSim-FireSimV1S1C0L3-BaseF1Config1Mem_F25MHz/u250/vivado_proj/firesim.gen/sources_1/bd/design_1/ip/design_1_ddr4_0_0/design_1_ddr4_0_0/design_1_ddr4_0_0_in_context.xdc, line 262).
[2025-09-15 02:13:37] Applied set_property IO_BUFFER_TYPE = NONE for ddr4_sdram_c0_dqs_t[5]. (constraint file  /cluster/home/eirikwit/vortex-gpgpu/chipyard/sims/firesim/sim/generated-src/alveo/FireSim-FireSimV1S1C0L3-BaseF1Config1Mem_F25MHz/u250/vivado_proj/firesim.gen/sources_1/bd/design_1/ip/design_1_ddr4_0_0/design_1_ddr4_0_0/design_1_ddr4_0_0_in_context.xdc, line 263).
[2025-09-15 02:13:37] Applied set_property CLOCK_BUFFER_TYPE = NONE for ddr4_sdram_c0_dqs_t[5]. (constraint file  /cluster/home/eirikwit/vortex-gpgpu/chipyard/sims/firesim/sim/generated-src/alveo/FireSim-FireSimV1S1C0L3-BaseF1Config1Mem_F25MHz/u250/vivado_proj/firesim.gen/sources_1/bd/design_1/ip/design_1_ddr4_0_0/design_1_ddr4_0_0/design_1_ddr4_0_0_in_context.xdc, line 264).
[2025-09-15 02:13:37] Applied set_property IO_BUFFER_TYPE = NONE for ddr4_sdram_c0_dqs_t[6]. (constraint file  /cluster/home/eirikwit/vortex-gpgpu/chipyard/sims/firesim/sim/generated-src/alveo/FireSim-FireSimV1S1C0L3-BaseF1Config1Mem_F25MHz/u250/vivado_proj/firesim.gen/sources_1/bd/design_1/ip/design_1_ddr4_0_0/design_1_ddr4_0_0/design_1_ddr4_0_0_in_context.xdc, line 265).
[2025-09-15 02:13:37] Applied set_property CLOCK_BUFFER_TYPE = NONE for ddr4_sdram_c0_dqs_t[6]. (constraint file  /cluster/home/eirikwit/vortex-gpgpu/chipyard/sims/firesim/sim/generated-src/alveo/FireSim-FireSimV1S1C0L3-BaseF1Config1Mem_F25MHz/u250/vivado_proj/firesim.gen/sources_1/bd/design_1/ip/design_1_ddr4_0_0/design_1_ddr4_0_0/design_1_ddr4_0_0_in_context.xdc, line 266).
[2025-09-15 02:13:37] Applied set_property IO_BUFFER_TYPE = NONE for ddr4_sdram_c0_dqs_t[7]. (constraint file  /cluster/home/eirikwit/vortex-gpgpu/chipyard/sims/firesim/sim/generated-src/alveo/FireSim-FireSimV1S1C0L3-BaseF1Config1Mem_F25MHz/u250/vivado_proj/firesim.gen/sources_1/bd/design_1/ip/design_1_ddr4_0_0/design_1_ddr4_0_0/design_1_ddr4_0_0_in_context.xdc, line 267).
[2025-09-15 02:13:37] Applied set_property CLOCK_BUFFER_TYPE = NONE for ddr4_sdram_c0_dqs_t[7]. (constraint file  /cluster/home/eirikwit/vortex-gpgpu/chipyard/sims/firesim/sim/generated-src/alveo/FireSim-FireSimV1S1C0L3-BaseF1Config1Mem_F25MHz/u250/vivado_proj/firesim.gen/sources_1/bd/design_1/ip/design_1_ddr4_0_0/design_1_ddr4_0_0/design_1_ddr4_0_0_in_context.xdc, line 268).
[2025-09-15 02:13:37] Applied set_property IO_BUFFER_TYPE = NONE for ddr4_sdram_c0_dqs_t[8]. (constraint file  /cluster/home/eirikwit/vortex-gpgpu/chipyard/sims/firesim/sim/generated-src/alveo/FireSim-FireSimV1S1C0L3-BaseF1Config1Mem_F25MHz/u250/vivado_proj/firesim.gen/sources_1/bd/design_1/ip/design_1_ddr4_0_0/design_1_ddr4_0_0/design_1_ddr4_0_0_in_context.xdc, line 269).
[2025-09-15 02:13:37] Applied set_property CLOCK_BUFFER_TYPE = NONE for ddr4_sdram_c0_dqs_t[8]. (constraint file  /cluster/home/eirikwit/vortex-gpgpu/chipyard/sims/firesim/sim/generated-src/alveo/FireSim-FireSimV1S1C0L3-BaseF1Config1Mem_F25MHz/u250/vivado_proj/firesim.gen/sources_1/bd/design_1/ip/design_1_ddr4_0_0/design_1_ddr4_0_0/design_1_ddr4_0_0_in_context.xdc, line 270).
[2025-09-15 02:13:37] Applied set_property IO_BUFFER_TYPE = NONE for ddr4_sdram_c0_dqs_t[9]. (constraint file  /cluster/home/eirikwit/vortex-gpgpu/chipyard/sims/firesim/sim/generated-src/alveo/FireSim-FireSimV1S1C0L3-BaseF1Config1Mem_F25MHz/u250/vivado_proj/firesim.gen/sources_1/bd/design_1/ip/design_1_ddr4_0_0/design_1_ddr4_0_0/design_1_ddr4_0_0_in_context.xdc, line 271).
[2025-09-15 02:13:37] Applied set_property CLOCK_BUFFER_TYPE = NONE for ddr4_sdram_c0_dqs_t[9]. (constraint file  /cluster/home/eirikwit/vortex-gpgpu/chipyard/sims/firesim/sim/generated-src/alveo/FireSim-FireSimV1S1C0L3-BaseF1Config1Mem_F25MHz/u250/vivado_proj/firesim.gen/sources_1/bd/design_1/ip/design_1_ddr4_0_0/design_1_ddr4_0_0/design_1_ddr4_0_0_in_context.xdc, line 272).
[2025-09-15 02:13:37] Applied set_property IO_BUFFER_TYPE = NONE for ddr4_sdram_c0_odt. (constraint file  /cluster/home/eirikwit/vortex-gpgpu/chipyard/sims/firesim/sim/generated-src/alveo/FireSim-FireSimV1S1C0L3-BaseF1Config1Mem_F25MHz/u250/vivado_proj/firesim.gen/sources_1/bd/design_1/ip/design_1_ddr4_0_0/design_1_ddr4_0_0/design_1_ddr4_0_0_in_context.xdc, line 273).
[2025-09-15 02:13:37] Applied set_property CLOCK_BUFFER_TYPE = NONE for ddr4_sdram_c0_odt. (constraint file  /cluster/home/eirikwit/vortex-gpgpu/chipyard/sims/firesim/sim/generated-src/alveo/FireSim-FireSimV1S1C0L3-BaseF1Config1Mem_F25MHz/u250/vivado_proj/firesim.gen/sources_1/bd/design_1/ip/design_1_ddr4_0_0/design_1_ddr4_0_0/design_1_ddr4_0_0_in_context.xdc, line 274).
[2025-09-15 02:13:37] Applied set_property IO_BUFFER_TYPE = NONE for ddr4_sdram_c0_par. (constraint file  /cluster/home/eirikwit/vortex-gpgpu/chipyard/sims/firesim/sim/generated-src/alveo/FireSim-FireSimV1S1C0L3-BaseF1Config1Mem_F25MHz/u250/vivado_proj/firesim.gen/sources_1/bd/design_1/ip/design_1_ddr4_0_0/design_1_ddr4_0_0/design_1_ddr4_0_0_in_context.xdc, line 275).
[2025-09-15 02:13:37] Applied set_property CLOCK_BUFFER_TYPE = NONE for ddr4_sdram_c0_par. (constraint file  /cluster/home/eirikwit/vortex-gpgpu/chipyard/sims/firesim/sim/generated-src/alveo/FireSim-FireSimV1S1C0L3-BaseF1Config1Mem_F25MHz/u250/vivado_proj/firesim.gen/sources_1/bd/design_1/ip/design_1_ddr4_0_0/design_1_ddr4_0_0/design_1_ddr4_0_0_in_context.xdc, line 276).
[2025-09-15 02:13:37] Applied set_property IO_BUFFER_TYPE = NONE for ddr4_sdram_c0_reset_n. (constraint file  /cluster/home/eirikwit/vortex-gpgpu/chipyard/sims/firesim/sim/generated-src/alveo/FireSim-FireSimV1S1C0L3-BaseF1Config1Mem_F25MHz/u250/vivado_proj/firesim.gen/sources_1/bd/design_1/ip/design_1_ddr4_0_0/design_1_ddr4_0_0/design_1_ddr4_0_0_in_context.xdc, line 277).
[2025-09-15 02:13:37] Applied set_property CLOCK_BUFFER_TYPE = NONE for ddr4_sdram_c0_reset_n. (constraint file  /cluster/home/eirikwit/vortex-gpgpu/chipyard/sims/firesim/sim/generated-src/alveo/FireSim-FireSimV1S1C0L3-BaseF1Config1Mem_F25MHz/u250/vivado_proj/firesim.gen/sources_1/bd/design_1/ip/design_1_ddr4_0_0/design_1_ddr4_0_0/design_1_ddr4_0_0_in_context.xdc, line 278).
[2025-09-15 02:13:37] Applied set_property IO_BUFFER_TYPE = NONE for default_300mhz_clk0_clk_n. (constraint file  /cluster/home/eirikwit/vortex-gpgpu/chipyard/sims/firesim/sim/generated-src/alveo/FireSim-FireSimV1S1C0L3-BaseF1Config1Mem_F25MHz/u250/vivado_proj/firesim.gen/sources_1/bd/design_1/ip/design_1_ddr4_0_0/design_1_ddr4_0_0/design_1_ddr4_0_0_in_context.xdc, line 279).
[2025-09-15 02:13:37] Applied set_property CLOCK_BUFFER_TYPE = NONE for default_300mhz_clk0_clk_n. (constraint file  /cluster/home/eirikwit/vortex-gpgpu/chipyard/sims/firesim/sim/generated-src/alveo/FireSim-FireSimV1S1C0L3-BaseF1Config1Mem_F25MHz/u250/vivado_proj/firesim.gen/sources_1/bd/design_1/ip/design_1_ddr4_0_0/design_1_ddr4_0_0/design_1_ddr4_0_0_in_context.xdc, line 280).
[2025-09-15 02:13:37] Applied set_property IO_BUFFER_TYPE = NONE for default_300mhz_clk0_clk_p. (constraint file  /cluster/home/eirikwit/vortex-gpgpu/chipyard/sims/firesim/sim/generated-src/alveo/FireSim-FireSimV1S1C0L3-BaseF1Config1Mem_F25MHz/u250/vivado_proj/firesim.gen/sources_1/bd/design_1/ip/design_1_ddr4_0_0/design_1_ddr4_0_0/design_1_ddr4_0_0_in_context.xdc, line 281).
[2025-09-15 02:13:37] Applied set_property CLOCK_BUFFER_TYPE = NONE for default_300mhz_clk0_clk_p. (constraint file  /cluster/home/eirikwit/vortex-gpgpu/chipyard/sims/firesim/sim/generated-src/alveo/FireSim-FireSimV1S1C0L3-BaseF1Config1Mem_F25MHz/u250/vivado_proj/firesim.gen/sources_1/bd/design_1/ip/design_1_ddr4_0_0/design_1_ddr4_0_0/design_1_ddr4_0_0_in_context.xdc, line 282).
[2025-09-15 02:13:37] Applied set_property IO_BUFFER_TYPE = NONE for pcie_refclk_clk_n. (constraint file  /cluster/home/eirikwit/vortex-gpgpu/chipyard/sims/firesim/sim/generated-src/alveo/FireSim-FireSimV1S1C0L3-BaseF1Config1Mem_F25MHz/u250/vivado_proj/firesim.gen/sources_1/bd/design_1/ip/design_1_util_ds_buf_0/design_1_util_ds_buf_0/design_1_util_ds_buf_0_in_context.xdc, line 3).
[2025-09-15 02:13:37] Applied set_property CLOCK_BUFFER_TYPE = NONE for pcie_refclk_clk_n. (constraint file  /cluster/home/eirikwit/vortex-gpgpu/chipyard/sims/firesim/sim/generated-src/alveo/FireSim-FireSimV1S1C0L3-BaseF1Config1Mem_F25MHz/u250/vivado_proj/firesim.gen/sources_1/bd/design_1/ip/design_1_util_ds_buf_0/design_1_util_ds_buf_0/design_1_util_ds_buf_0_in_context.xdc, line 4).
[2025-09-15 02:13:37] Applied set_property IO_BUFFER_TYPE = NONE for pcie_refclk_clk_p. (constraint file  /cluster/home/eirikwit/vortex-gpgpu/chipyard/sims/firesim/sim/generated-src/alveo/FireSim-FireSimV1S1C0L3-BaseF1Config1Mem_F25MHz/u250/vivado_proj/firesim.gen/sources_1/bd/design_1/ip/design_1_util_ds_buf_0/design_1_util_ds_buf_0/design_1_util_ds_buf_0_in_context.xdc, line 5).
[2025-09-15 02:13:37] Applied set_property CLOCK_BUFFER_TYPE = NONE for pcie_refclk_clk_p. (constraint file  /cluster/home/eirikwit/vortex-gpgpu/chipyard/sims/firesim/sim/generated-src/alveo/FireSim-FireSimV1S1C0L3-BaseF1Config1Mem_F25MHz/u250/vivado_proj/firesim.gen/sources_1/bd/design_1/ip/design_1_util_ds_buf_0/design_1_util_ds_buf_0/design_1_util_ds_buf_0_in_context.xdc, line 6).
[2025-09-15 02:13:37] Applied set_property IO_BUFFER_TYPE = NONE for pci_express_x16_rxn[0]. (constraint file  /cluster/home/eirikwit/vortex-gpgpu/chipyard/sims/firesim/sim/generated-src/alveo/FireSim-FireSimV1S1C0L3-BaseF1Config1Mem_F25MHz/u250/vivado_proj/firesim.gen/sources_1/bd/design_1/ip/design_1_xdma_0_0/design_1_xdma_0_0/design_1_xdma_0_0_in_context.xdc, line 2).
[2025-09-15 02:13:37] Applied set_property CLOCK_BUFFER_TYPE = NONE for pci_express_x16_rxn[0]. (constraint file  /cluster/home/eirikwit/vortex-gpgpu/chipyard/sims/firesim/sim/generated-src/alveo/FireSim-FireSimV1S1C0L3-BaseF1Config1Mem_F25MHz/u250/vivado_proj/firesim.gen/sources_1/bd/design_1/ip/design_1_xdma_0_0/design_1_xdma_0_0/design_1_xdma_0_0_in_context.xdc, line 3).
[2025-09-15 02:13:37] Applied set_property IO_BUFFER_TYPE = NONE for pci_express_x16_rxn[10]. (constraint file  /cluster/home/eirikwit/vortex-gpgpu/chipyard/sims/firesim/sim/generated-src/alveo/FireSim-FireSimV1S1C0L3-BaseF1Config1Mem_F25MHz/u250/vivado_proj/firesim.gen/sources_1/bd/design_1/ip/design_1_xdma_0_0/design_1_xdma_0_0/design_1_xdma_0_0_in_context.xdc, line 4).
[2025-09-15 02:13:37] Applied set_property CLOCK_BUFFER_TYPE = NONE for pci_express_x16_rxn[10]. (constraint file  /cluster/home/eirikwit/vortex-gpgpu/chipyard/sims/firesim/sim/generated-src/alveo/FireSim-FireSimV1S1C0L3-BaseF1Config1Mem_F25MHz/u250/vivado_proj/firesim.gen/sources_1/bd/design_1/ip/design_1_xdma_0_0/design_1_xdma_0_0/design_1_xdma_0_0_in_context.xdc, line 5).
[2025-09-15 02:13:37] Applied set_property IO_BUFFER_TYPE = NONE for pci_express_x16_rxn[11]. (constraint file  /cluster/home/eirikwit/vortex-gpgpu/chipyard/sims/firesim/sim/generated-src/alveo/FireSim-FireSimV1S1C0L3-BaseF1Config1Mem_F25MHz/u250/vivado_proj/firesim.gen/sources_1/bd/design_1/ip/design_1_xdma_0_0/design_1_xdma_0_0/design_1_xdma_0_0_in_context.xdc, line 6).
[2025-09-15 02:13:37] Applied set_property CLOCK_BUFFER_TYPE = NONE for pci_express_x16_rxn[11]. (constraint file  /cluster/home/eirikwit/vortex-gpgpu/chipyard/sims/firesim/sim/generated-src/alveo/FireSim-FireSimV1S1C0L3-BaseF1Config1Mem_F25MHz/u250/vivado_proj/firesim.gen/sources_1/bd/design_1/ip/design_1_xdma_0_0/design_1_xdma_0_0/design_1_xdma_0_0_in_context.xdc, line 7).
[2025-09-15 02:13:37] Applied set_property IO_BUFFER_TYPE = NONE for pci_express_x16_rxn[12]. (constraint file  /cluster/home/eirikwit/vortex-gpgpu/chipyard/sims/firesim/sim/generated-src/alveo/FireSim-FireSimV1S1C0L3-BaseF1Config1Mem_F25MHz/u250/vivado_proj/firesim.gen/sources_1/bd/design_1/ip/design_1_xdma_0_0/design_1_xdma_0_0/design_1_xdma_0_0_in_context.xdc, line 8).
[2025-09-15 02:13:37] Applied set_property CLOCK_BUFFER_TYPE = NONE for pci_express_x16_rxn[12]. (constraint file  /cluster/home/eirikwit/vortex-gpgpu/chipyard/sims/firesim/sim/generated-src/alveo/FireSim-FireSimV1S1C0L3-BaseF1Config1Mem_F25MHz/u250/vivado_proj/firesim.gen/sources_1/bd/design_1/ip/design_1_xdma_0_0/design_1_xdma_0_0/design_1_xdma_0_0_in_context.xdc, line 9).
[2025-09-15 02:13:37] Applied set_property IO_BUFFER_TYPE = NONE for pci_express_x16_rxn[13]. (constraint file  /cluster/home/eirikwit/vortex-gpgpu/chipyard/sims/firesim/sim/generated-src/alveo/FireSim-FireSimV1S1C0L3-BaseF1Config1Mem_F25MHz/u250/vivado_proj/firesim.gen/sources_1/bd/design_1/ip/design_1_xdma_0_0/design_1_xdma_0_0/design_1_xdma_0_0_in_context.xdc, line 10).
[2025-09-15 02:13:37] Applied set_property CLOCK_BUFFER_TYPE = NONE for pci_express_x16_rxn[13]. (constraint file  /cluster/home/eirikwit/vortex-gpgpu/chipyard/sims/firesim/sim/generated-src/alveo/FireSim-FireSimV1S1C0L3-BaseF1Config1Mem_F25MHz/u250/vivado_proj/firesim.gen/sources_1/bd/design_1/ip/design_1_xdma_0_0/design_1_xdma_0_0/design_1_xdma_0_0_in_context.xdc, line 11).
[2025-09-15 02:13:37] Applied set_property IO_BUFFER_TYPE = NONE for pci_express_x16_rxn[14]. (constraint file  /cluster/home/eirikwit/vortex-gpgpu/chipyard/sims/firesim/sim/generated-src/alveo/FireSim-FireSimV1S1C0L3-BaseF1Config1Mem_F25MHz/u250/vivado_proj/firesim.gen/sources_1/bd/design_1/ip/design_1_xdma_0_0/design_1_xdma_0_0/design_1_xdma_0_0_in_context.xdc, line 12).
[2025-09-15 02:13:37] Applied set_property CLOCK_BUFFER_TYPE = NONE for pci_express_x16_rxn[14]. (constraint file  /cluster/home/eirikwit/vortex-gpgpu/chipyard/sims/firesim/sim/generated-src/alveo/FireSim-FireSimV1S1C0L3-BaseF1Config1Mem_F25MHz/u250/vivado_proj/firesim.gen/sources_1/bd/design_1/ip/design_1_xdma_0_0/design_1_xdma_0_0/design_1_xdma_0_0_in_context.xdc, line 13).
[2025-09-15 02:13:37] Applied set_property IO_BUFFER_TYPE = NONE for pci_express_x16_rxn[15]. (constraint file  /cluster/home/eirikwit/vortex-gpgpu/chipyard/sims/firesim/sim/generated-src/alveo/FireSim-FireSimV1S1C0L3-BaseF1Config1Mem_F25MHz/u250/vivado_proj/firesim.gen/sources_1/bd/design_1/ip/design_1_xdma_0_0/design_1_xdma_0_0/design_1_xdma_0_0_in_context.xdc, line 14).
[2025-09-15 02:13:37] Applied set_property CLOCK_BUFFER_TYPE = NONE for pci_express_x16_rxn[15]. (constraint file  /cluster/home/eirikwit/vortex-gpgpu/chipyard/sims/firesim/sim/generated-src/alveo/FireSim-FireSimV1S1C0L3-BaseF1Config1Mem_F25MHz/u250/vivado_proj/firesim.gen/sources_1/bd/design_1/ip/design_1_xdma_0_0/design_1_xdma_0_0/design_1_xdma_0_0_in_context.xdc, line 15).
[2025-09-15 02:13:37] Applied set_property IO_BUFFER_TYPE = NONE for pci_express_x16_rxn[1]. (constraint file  /cluster/home/eirikwit/vortex-gpgpu/chipyard/sims/firesim/sim/generated-src/alveo/FireSim-FireSimV1S1C0L3-BaseF1Config1Mem_F25MHz/u250/vivado_proj/firesim.gen/sources_1/bd/design_1/ip/design_1_xdma_0_0/design_1_xdma_0_0/design_1_xdma_0_0_in_context.xdc, line 16).
[2025-09-15 02:13:37] Applied set_property CLOCK_BUFFER_TYPE = NONE for pci_express_x16_rxn[1]. (constraint file  /cluster/home/eirikwit/vortex-gpgpu/chipyard/sims/firesim/sim/generated-src/alveo/FireSim-FireSimV1S1C0L3-BaseF1Config1Mem_F25MHz/u250/vivado_proj/firesim.gen/sources_1/bd/design_1/ip/design_1_xdma_0_0/design_1_xdma_0_0/design_1_xdma_0_0_in_context.xdc, line 17).
[2025-09-15 02:13:37] Applied set_property IO_BUFFER_TYPE = NONE for pci_express_x16_rxn[2]. (constraint file  /cluster/home/eirikwit/vortex-gpgpu/chipyard/sims/firesim/sim/generated-src/alveo/FireSim-FireSimV1S1C0L3-BaseF1Config1Mem_F25MHz/u250/vivado_proj/firesim.gen/sources_1/bd/design_1/ip/design_1_xdma_0_0/design_1_xdma_0_0/design_1_xdma_0_0_in_context.xdc, line 18).
[2025-09-15 02:13:37] Applied set_property CLOCK_BUFFER_TYPE = NONE for pci_express_x16_rxn[2]. (constraint file  /cluster/home/eirikwit/vortex-gpgpu/chipyard/sims/firesim/sim/generated-src/alveo/FireSim-FireSimV1S1C0L3-BaseF1Config1Mem_F25MHz/u250/vivado_proj/firesim.gen/sources_1/bd/design_1/ip/design_1_xdma_0_0/design_1_xdma_0_0/design_1_xdma_0_0_in_context.xdc, line 19).
[2025-09-15 02:13:37] Applied set_property IO_BUFFER_TYPE = NONE for pci_express_x16_rxn[3]. (constraint file  /cluster/home/eirikwit/vortex-gpgpu/chipyard/sims/firesim/sim/generated-src/alveo/FireSim-FireSimV1S1C0L3-BaseF1Config1Mem_F25MHz/u250/vivado_proj/firesim.gen/sources_1/bd/design_1/ip/design_1_xdma_0_0/design_1_xdma_0_0/design_1_xdma_0_0_in_context.xdc, line 20).
[2025-09-15 02:13:37] Applied set_property CLOCK_BUFFER_TYPE = NONE for pci_express_x16_rxn[3]. (constraint file  /cluster/home/eirikwit/vortex-gpgpu/chipyard/sims/firesim/sim/generated-src/alveo/FireSim-FireSimV1S1C0L3-BaseF1Config1Mem_F25MHz/u250/vivado_proj/firesim.gen/sources_1/bd/design_1/ip/design_1_xdma_0_0/design_1_xdma_0_0/design_1_xdma_0_0_in_context.xdc, line 21).
[2025-09-15 02:13:37] Applied set_property IO_BUFFER_TYPE = NONE for pci_express_x16_rxn[4]. (constraint file  /cluster/home/eirikwit/vortex-gpgpu/chipyard/sims/firesim/sim/generated-src/alveo/FireSim-FireSimV1S1C0L3-BaseF1Config1Mem_F25MHz/u250/vivado_proj/firesim.gen/sources_1/bd/design_1/ip/design_1_xdma_0_0/design_1_xdma_0_0/design_1_xdma_0_0_in_context.xdc, line 22).
[2025-09-15 02:13:37] Applied set_property CLOCK_BUFFER_TYPE = NONE for pci_express_x16_rxn[4]. (constraint file  /cluster/home/eirikwit/vortex-gpgpu/chipyard/sims/firesim/sim/generated-src/alveo/FireSim-FireSimV1S1C0L3-BaseF1Config1Mem_F25MHz/u250/vivado_proj/firesim.gen/sources_1/bd/design_1/ip/design_1_xdma_0_0/design_1_xdma_0_0/design_1_xdma_0_0_in_context.xdc, line 23).
[2025-09-15 02:13:37] Applied set_property IO_BUFFER_TYPE = NONE for pci_express_x16_rxn[5]. (constraint file  /cluster/home/eirikwit/vortex-gpgpu/chipyard/sims/firesim/sim/generated-src/alveo/FireSim-FireSimV1S1C0L3-BaseF1Config1Mem_F25MHz/u250/vivado_proj/firesim.gen/sources_1/bd/design_1/ip/design_1_xdma_0_0/design_1_xdma_0_0/design_1_xdma_0_0_in_context.xdc, line 24).
[2025-09-15 02:13:37] Applied set_property CLOCK_BUFFER_TYPE = NONE for pci_express_x16_rxn[5]. (constraint file  /cluster/home/eirikwit/vortex-gpgpu/chipyard/sims/firesim/sim/generated-src/alveo/FireSim-FireSimV1S1C0L3-BaseF1Config1Mem_F25MHz/u250/vivado_proj/firesim.gen/sources_1/bd/design_1/ip/design_1_xdma_0_0/design_1_xdma_0_0/design_1_xdma_0_0_in_context.xdc, line 25).
[2025-09-15 02:13:37] Applied set_property IO_BUFFER_TYPE = NONE for pci_express_x16_rxn[6]. (constraint file  /cluster/home/eirikwit/vortex-gpgpu/chipyard/sims/firesim/sim/generated-src/alveo/FireSim-FireSimV1S1C0L3-BaseF1Config1Mem_F25MHz/u250/vivado_proj/firesim.gen/sources_1/bd/design_1/ip/design_1_xdma_0_0/design_1_xdma_0_0/design_1_xdma_0_0_in_context.xdc, line 26).
[2025-09-15 02:13:37] Applied set_property CLOCK_BUFFER_TYPE = NONE for pci_express_x16_rxn[6]. (constraint file  /cluster/home/eirikwit/vortex-gpgpu/chipyard/sims/firesim/sim/generated-src/alveo/FireSim-FireSimV1S1C0L3-BaseF1Config1Mem_F25MHz/u250/vivado_proj/firesim.gen/sources_1/bd/design_1/ip/design_1_xdma_0_0/design_1_xdma_0_0/design_1_xdma_0_0_in_context.xdc, line 27).
[2025-09-15 02:13:37] Applied set_property IO_BUFFER_TYPE = NONE for pci_express_x16_rxn[7]. (constraint file  /cluster/home/eirikwit/vortex-gpgpu/chipyard/sims/firesim/sim/generated-src/alveo/FireSim-FireSimV1S1C0L3-BaseF1Config1Mem_F25MHz/u250/vivado_proj/firesim.gen/sources_1/bd/design_1/ip/design_1_xdma_0_0/design_1_xdma_0_0/design_1_xdma_0_0_in_context.xdc, line 28).
[2025-09-15 02:13:37] Applied set_property CLOCK_BUFFER_TYPE = NONE for pci_express_x16_rxn[7]. (constraint file  /cluster/home/eirikwit/vortex-gpgpu/chipyard/sims/firesim/sim/generated-src/alveo/FireSim-FireSimV1S1C0L3-BaseF1Config1Mem_F25MHz/u250/vivado_proj/firesim.gen/sources_1/bd/design_1/ip/design_1_xdma_0_0/design_1_xdma_0_0/design_1_xdma_0_0_in_context.xdc, line 29).
[2025-09-15 02:13:37] Applied set_property IO_BUFFER_TYPE = NONE for pci_express_x16_rxn[8]. (constraint file  /cluster/home/eirikwit/vortex-gpgpu/chipyard/sims/firesim/sim/generated-src/alveo/FireSim-FireSimV1S1C0L3-BaseF1Config1Mem_F25MHz/u250/vivado_proj/firesim.gen/sources_1/bd/design_1/ip/design_1_xdma_0_0/design_1_xdma_0_0/design_1_xdma_0_0_in_context.xdc, line 30).
[2025-09-15 02:13:37] Applied set_property CLOCK_BUFFER_TYPE = NONE for pci_express_x16_rxn[8]. (constraint file  /cluster/home/eirikwit/vortex-gpgpu/chipyard/sims/firesim/sim/generated-src/alveo/FireSim-FireSimV1S1C0L3-BaseF1Config1Mem_F25MHz/u250/vivado_proj/firesim.gen/sources_1/bd/design_1/ip/design_1_xdma_0_0/design_1_xdma_0_0/design_1_xdma_0_0_in_context.xdc, line 31).
[2025-09-15 02:13:37] Applied set_property IO_BUFFER_TYPE = NONE for pci_express_x16_rxn[9]. (constraint file  /cluster/home/eirikwit/vortex-gpgpu/chipyard/sims/firesim/sim/generated-src/alveo/FireSim-FireSimV1S1C0L3-BaseF1Config1Mem_F25MHz/u250/vivado_proj/firesim.gen/sources_1/bd/design_1/ip/design_1_xdma_0_0/design_1_xdma_0_0/design_1_xdma_0_0_in_context.xdc, line 32).
[2025-09-15 02:13:37] Applied set_property CLOCK_BUFFER_TYPE = NONE for pci_express_x16_rxn[9]. (constraint file  /cluster/home/eirikwit/vortex-gpgpu/chipyard/sims/firesim/sim/generated-src/alveo/FireSim-FireSimV1S1C0L3-BaseF1Config1Mem_F25MHz/u250/vivado_proj/firesim.gen/sources_1/bd/design_1/ip/design_1_xdma_0_0/design_1_xdma_0_0/design_1_xdma_0_0_in_context.xdc, line 33).
[2025-09-15 02:13:37] Applied set_property IO_BUFFER_TYPE = NONE for pci_express_x16_rxp[0]. (constraint file  /cluster/home/eirikwit/vortex-gpgpu/chipyard/sims/firesim/sim/generated-src/alveo/FireSim-FireSimV1S1C0L3-BaseF1Config1Mem_F25MHz/u250/vivado_proj/firesim.gen/sources_1/bd/design_1/ip/design_1_xdma_0_0/design_1_xdma_0_0/design_1_xdma_0_0_in_context.xdc, line 34).
[2025-09-15 02:13:37] Applied set_property CLOCK_BUFFER_TYPE = NONE for pci_express_x16_rxp[0]. (constraint file  /cluster/home/eirikwit/vortex-gpgpu/chipyard/sims/firesim/sim/generated-src/alveo/FireSim-FireSimV1S1C0L3-BaseF1Config1Mem_F25MHz/u250/vivado_proj/firesim.gen/sources_1/bd/design_1/ip/design_1_xdma_0_0/design_1_xdma_0_0/design_1_xdma_0_0_in_context.xdc, line 35).
[2025-09-15 02:13:37] Applied set_property IO_BUFFER_TYPE = NONE for pci_express_x16_rxp[10]. (constraint file  /cluster/home/eirikwit/vortex-gpgpu/chipyard/sims/firesim/sim/generated-src/alveo/FireSim-FireSimV1S1C0L3-BaseF1Config1Mem_F25MHz/u250/vivado_proj/firesim.gen/sources_1/bd/design_1/ip/design_1_xdma_0_0/design_1_xdma_0_0/design_1_xdma_0_0_in_context.xdc, line 36).
[2025-09-15 02:13:37] Applied set_property CLOCK_BUFFER_TYPE = NONE for pci_express_x16_rxp[10]. (constraint file  /cluster/home/eirikwit/vortex-gpgpu/chipyard/sims/firesim/sim/generated-src/alveo/FireSim-FireSimV1S1C0L3-BaseF1Config1Mem_F25MHz/u250/vivado_proj/firesim.gen/sources_1/bd/design_1/ip/design_1_xdma_0_0/design_1_xdma_0_0/design_1_xdma_0_0_in_context.xdc, line 37).
[2025-09-15 02:13:37] Applied set_property IO_BUFFER_TYPE = NONE for pci_express_x16_rxp[11]. (constraint file  /cluster/home/eirikwit/vortex-gpgpu/chipyard/sims/firesim/sim/generated-src/alveo/FireSim-FireSimV1S1C0L3-BaseF1Config1Mem_F25MHz/u250/vivado_proj/firesim.gen/sources_1/bd/design_1/ip/design_1_xdma_0_0/design_1_xdma_0_0/design_1_xdma_0_0_in_context.xdc, line 38).
[2025-09-15 02:13:37] Applied set_property CLOCK_BUFFER_TYPE = NONE for pci_express_x16_rxp[11]. (constraint file  /cluster/home/eirikwit/vortex-gpgpu/chipyard/sims/firesim/sim/generated-src/alveo/FireSim-FireSimV1S1C0L3-BaseF1Config1Mem_F25MHz/u250/vivado_proj/firesim.gen/sources_1/bd/design_1/ip/design_1_xdma_0_0/design_1_xdma_0_0/design_1_xdma_0_0_in_context.xdc, line 39).
[2025-09-15 02:13:37] Applied set_property IO_BUFFER_TYPE = NONE for pci_express_x16_rxp[12]. (constraint file  /cluster/home/eirikwit/vortex-gpgpu/chipyard/sims/firesim/sim/generated-src/alveo/FireSim-FireSimV1S1C0L3-BaseF1Config1Mem_F25MHz/u250/vivado_proj/firesim.gen/sources_1/bd/design_1/ip/design_1_xdma_0_0/design_1_xdma_0_0/design_1_xdma_0_0_in_context.xdc, line 40).
[2025-09-15 02:13:37] Applied set_property CLOCK_BUFFER_TYPE = NONE for pci_express_x16_rxp[12]. (constraint file  /cluster/home/eirikwit/vortex-gpgpu/chipyard/sims/firesim/sim/generated-src/alveo/FireSim-FireSimV1S1C0L3-BaseF1Config1Mem_F25MHz/u250/vivado_proj/firesim.gen/sources_1/bd/design_1/ip/design_1_xdma_0_0/design_1_xdma_0_0/design_1_xdma_0_0_in_context.xdc, line 41).
[2025-09-15 02:13:37] Applied set_property IO_BUFFER_TYPE = NONE for pci_express_x16_rxp[13]. (constraint file  /cluster/home/eirikwit/vortex-gpgpu/chipyard/sims/firesim/sim/generated-src/alveo/FireSim-FireSimV1S1C0L3-BaseF1Config1Mem_F25MHz/u250/vivado_proj/firesim.gen/sources_1/bd/design_1/ip/design_1_xdma_0_0/design_1_xdma_0_0/design_1_xdma_0_0_in_context.xdc, line 42).
[2025-09-15 02:13:37] Applied set_property CLOCK_BUFFER_TYPE = NONE for pci_express_x16_rxp[13]. (constraint file  /cluster/home/eirikwit/vortex-gpgpu/chipyard/sims/firesim/sim/generated-src/alveo/FireSim-FireSimV1S1C0L3-BaseF1Config1Mem_F25MHz/u250/vivado_proj/firesim.gen/sources_1/bd/design_1/ip/design_1_xdma_0_0/design_1_xdma_0_0/design_1_xdma_0_0_in_context.xdc, line 43).
[2025-09-15 02:13:37] Applied set_property IO_BUFFER_TYPE = NONE for pci_express_x16_rxp[14]. (constraint file  /cluster/home/eirikwit/vortex-gpgpu/chipyard/sims/firesim/sim/generated-src/alveo/FireSim-FireSimV1S1C0L3-BaseF1Config1Mem_F25MHz/u250/vivado_proj/firesim.gen/sources_1/bd/design_1/ip/design_1_xdma_0_0/design_1_xdma_0_0/design_1_xdma_0_0_in_context.xdc, line 44).
[2025-09-15 02:13:37] Applied set_property CLOCK_BUFFER_TYPE = NONE for pci_express_x16_rxp[14]. (constraint file  /cluster/home/eirikwit/vortex-gpgpu/chipyard/sims/firesim/sim/generated-src/alveo/FireSim-FireSimV1S1C0L3-BaseF1Config1Mem_F25MHz/u250/vivado_proj/firesim.gen/sources_1/bd/design_1/ip/design_1_xdma_0_0/design_1_xdma_0_0/design_1_xdma_0_0_in_context.xdc, line 45).
[2025-09-15 02:13:37] Applied set_property IO_BUFFER_TYPE = NONE for pci_express_x16_rxp[15]. (constraint file  /cluster/home/eirikwit/vortex-gpgpu/chipyard/sims/firesim/sim/generated-src/alveo/FireSim-FireSimV1S1C0L3-BaseF1Config1Mem_F25MHz/u250/vivado_proj/firesim.gen/sources_1/bd/design_1/ip/design_1_xdma_0_0/design_1_xdma_0_0/design_1_xdma_0_0_in_context.xdc, line 46).
[2025-09-15 02:13:37] Applied set_property CLOCK_BUFFER_TYPE = NONE for pci_express_x16_rxp[15]. (constraint file  /cluster/home/eirikwit/vortex-gpgpu/chipyard/sims/firesim/sim/generated-src/alveo/FireSim-FireSimV1S1C0L3-BaseF1Config1Mem_F25MHz/u250/vivado_proj/firesim.gen/sources_1/bd/design_1/ip/design_1_xdma_0_0/design_1_xdma_0_0/design_1_xdma_0_0_in_context.xdc, line 47).
[2025-09-15 02:13:37] Applied set_property IO_BUFFER_TYPE = NONE for pci_express_x16_rxp[1]. (constraint file  /cluster/home/eirikwit/vortex-gpgpu/chipyard/sims/firesim/sim/generated-src/alveo/FireSim-FireSimV1S1C0L3-BaseF1Config1Mem_F25MHz/u250/vivado_proj/firesim.gen/sources_1/bd/design_1/ip/design_1_xdma_0_0/design_1_xdma_0_0/design_1_xdma_0_0_in_context.xdc, line 48).
[2025-09-15 02:13:37] Applied set_property CLOCK_BUFFER_TYPE = NONE for pci_express_x16_rxp[1]. (constraint file  /cluster/home/eirikwit/vortex-gpgpu/chipyard/sims/firesim/sim/generated-src/alveo/FireSim-FireSimV1S1C0L3-BaseF1Config1Mem_F25MHz/u250/vivado_proj/firesim.gen/sources_1/bd/design_1/ip/design_1_xdma_0_0/design_1_xdma_0_0/design_1_xdma_0_0_in_context.xdc, line 49).
[2025-09-15 02:13:37] Applied set_property IO_BUFFER_TYPE = NONE for pci_express_x16_rxp[2]. (constraint file  /cluster/home/eirikwit/vortex-gpgpu/chipyard/sims/firesim/sim/generated-src/alveo/FireSim-FireSimV1S1C0L3-BaseF1Config1Mem_F25MHz/u250/vivado_proj/firesim.gen/sources_1/bd/design_1/ip/design_1_xdma_0_0/design_1_xdma_0_0/design_1_xdma_0_0_in_context.xdc, line 50).
[2025-09-15 02:13:37] Applied set_property CLOCK_BUFFER_TYPE = NONE for pci_express_x16_rxp[2]. (constraint file  /cluster/home/eirikwit/vortex-gpgpu/chipyard/sims/firesim/sim/generated-src/alveo/FireSim-FireSimV1S1C0L3-BaseF1Config1Mem_F25MHz/u250/vivado_proj/firesim.gen/sources_1/bd/design_1/ip/design_1_xdma_0_0/design_1_xdma_0_0/design_1_xdma_0_0_in_context.xdc, line 51).
[2025-09-15 02:13:37] Applied set_property IO_BUFFER_TYPE = NONE for pci_express_x16_rxp[3]. (constraint file  /cluster/home/eirikwit/vortex-gpgpu/chipyard/sims/firesim/sim/generated-src/alveo/FireSim-FireSimV1S1C0L3-BaseF1Config1Mem_F25MHz/u250/vivado_proj/firesim.gen/sources_1/bd/design_1/ip/design_1_xdma_0_0/design_1_xdma_0_0/design_1_xdma_0_0_in_context.xdc, line 52).
[2025-09-15 02:13:37] Applied set_property CLOCK_BUFFER_TYPE = NONE for pci_express_x16_rxp[3]. (constraint file  /cluster/home/eirikwit/vortex-gpgpu/chipyard/sims/firesim/sim/generated-src/alveo/FireSim-FireSimV1S1C0L3-BaseF1Config1Mem_F25MHz/u250/vivado_proj/firesim.gen/sources_1/bd/design_1/ip/design_1_xdma_0_0/design_1_xdma_0_0/design_1_xdma_0_0_in_context.xdc, line 53).
[2025-09-15 02:13:37] Applied set_property IO_BUFFER_TYPE = NONE for pci_express_x16_rxp[4]. (constraint file  /cluster/home/eirikwit/vortex-gpgpu/chipyard/sims/firesim/sim/generated-src/alveo/FireSim-FireSimV1S1C0L3-BaseF1Config1Mem_F25MHz/u250/vivado_proj/firesim.gen/sources_1/bd/design_1/ip/design_1_xdma_0_0/design_1_xdma_0_0/design_1_xdma_0_0_in_context.xdc, line 54).
[2025-09-15 02:13:37] Applied set_property CLOCK_BUFFER_TYPE = NONE for pci_express_x16_rxp[4]. (constraint file  /cluster/home/eirikwit/vortex-gpgpu/chipyard/sims/firesim/sim/generated-src/alveo/FireSim-FireSimV1S1C0L3-BaseF1Config1Mem_F25MHz/u250/vivado_proj/firesim.gen/sources_1/bd/design_1/ip/design_1_xdma_0_0/design_1_xdma_0_0/design_1_xdma_0_0_in_context.xdc, line 55).
[2025-09-15 02:13:37] Applied set_property IO_BUFFER_TYPE = NONE for pci_express_x16_rxp[5]. (constraint file  /cluster/home/eirikwit/vortex-gpgpu/chipyard/sims/firesim/sim/generated-src/alveo/FireSim-FireSimV1S1C0L3-BaseF1Config1Mem_F25MHz/u250/vivado_proj/firesim.gen/sources_1/bd/design_1/ip/design_1_xdma_0_0/design_1_xdma_0_0/design_1_xdma_0_0_in_context.xdc, line 56).
[2025-09-15 02:13:37] Applied set_property CLOCK_BUFFER_TYPE = NONE for pci_express_x16_rxp[5]. (constraint file  /cluster/home/eirikwit/vortex-gpgpu/chipyard/sims/firesim/sim/generated-src/alveo/FireSim-FireSimV1S1C0L3-BaseF1Config1Mem_F25MHz/u250/vivado_proj/firesim.gen/sources_1/bd/design_1/ip/design_1_xdma_0_0/design_1_xdma_0_0/design_1_xdma_0_0_in_context.xdc, line 57).
[2025-09-15 02:13:37] Applied set_property IO_BUFFER_TYPE = NONE for pci_express_x16_rxp[6]. (constraint file  /cluster/home/eirikwit/vortex-gpgpu/chipyard/sims/firesim/sim/generated-src/alveo/FireSim-FireSimV1S1C0L3-BaseF1Config1Mem_F25MHz/u250/vivado_proj/firesim.gen/sources_1/bd/design_1/ip/design_1_xdma_0_0/design_1_xdma_0_0/design_1_xdma_0_0_in_context.xdc, line 58).
[2025-09-15 02:13:37] Applied set_property CLOCK_BUFFER_TYPE = NONE for pci_express_x16_rxp[6]. (constraint file  /cluster/home/eirikwit/vortex-gpgpu/chipyard/sims/firesim/sim/generated-src/alveo/FireSim-FireSimV1S1C0L3-BaseF1Config1Mem_F25MHz/u250/vivado_proj/firesim.gen/sources_1/bd/design_1/ip/design_1_xdma_0_0/design_1_xdma_0_0/design_1_xdma_0_0_in_context.xdc, line 59).
[2025-09-15 02:13:37] Applied set_property IO_BUFFER_TYPE = NONE for pci_express_x16_rxp[7]. (constraint file  /cluster/home/eirikwit/vortex-gpgpu/chipyard/sims/firesim/sim/generated-src/alveo/FireSim-FireSimV1S1C0L3-BaseF1Config1Mem_F25MHz/u250/vivado_proj/firesim.gen/sources_1/bd/design_1/ip/design_1_xdma_0_0/design_1_xdma_0_0/design_1_xdma_0_0_in_context.xdc, line 60).
[2025-09-15 02:13:37] Applied set_property CLOCK_BUFFER_TYPE = NONE for pci_express_x16_rxp[7]. (constraint file  /cluster/home/eirikwit/vortex-gpgpu/chipyard/sims/firesim/sim/generated-src/alveo/FireSim-FireSimV1S1C0L3-BaseF1Config1Mem_F25MHz/u250/vivado_proj/firesim.gen/sources_1/bd/design_1/ip/design_1_xdma_0_0/design_1_xdma_0_0/design_1_xdma_0_0_in_context.xdc, line 61).
[2025-09-15 02:13:37] Applied set_property IO_BUFFER_TYPE = NONE for pci_express_x16_rxp[8]. (constraint file  /cluster/home/eirikwit/vortex-gpgpu/chipyard/sims/firesim/sim/generated-src/alveo/FireSim-FireSimV1S1C0L3-BaseF1Config1Mem_F25MHz/u250/vivado_proj/firesim.gen/sources_1/bd/design_1/ip/design_1_xdma_0_0/design_1_xdma_0_0/design_1_xdma_0_0_in_context.xdc, line 62).
[2025-09-15 02:13:37] Applied set_property CLOCK_BUFFER_TYPE = NONE for pci_express_x16_rxp[8]. (constraint file  /cluster/home/eirikwit/vortex-gpgpu/chipyard/sims/firesim/sim/generated-src/alveo/FireSim-FireSimV1S1C0L3-BaseF1Config1Mem_F25MHz/u250/vivado_proj/firesim.gen/sources_1/bd/design_1/ip/design_1_xdma_0_0/design_1_xdma_0_0/design_1_xdma_0_0_in_context.xdc, line 63).
[2025-09-15 02:13:37] Applied set_property IO_BUFFER_TYPE = NONE for pci_express_x16_rxp[9]. (constraint file  /cluster/home/eirikwit/vortex-gpgpu/chipyard/sims/firesim/sim/generated-src/alveo/FireSim-FireSimV1S1C0L3-BaseF1Config1Mem_F25MHz/u250/vivado_proj/firesim.gen/sources_1/bd/design_1/ip/design_1_xdma_0_0/design_1_xdma_0_0/design_1_xdma_0_0_in_context.xdc, line 64).
[2025-09-15 02:13:37] Applied set_property CLOCK_BUFFER_TYPE = NONE for pci_express_x16_rxp[9]. (constraint file  /cluster/home/eirikwit/vortex-gpgpu/chipyard/sims/firesim/sim/generated-src/alveo/FireSim-FireSimV1S1C0L3-BaseF1Config1Mem_F25MHz/u250/vivado_proj/firesim.gen/sources_1/bd/design_1/ip/design_1_xdma_0_0/design_1_xdma_0_0/design_1_xdma_0_0_in_context.xdc, line 65).
[2025-09-15 02:13:37] Applied set_property IO_BUFFER_TYPE = NONE for pci_express_x16_txn[0]. (constraint file  /cluster/home/eirikwit/vortex-gpgpu/chipyard/sims/firesim/sim/generated-src/alveo/FireSim-FireSimV1S1C0L3-BaseF1Config1Mem_F25MHz/u250/vivado_proj/firesim.gen/sources_1/bd/design_1/ip/design_1_xdma_0_0/design_1_xdma_0_0/design_1_xdma_0_0_in_context.xdc, line 66).
[2025-09-15 02:13:37] Applied set_property CLOCK_BUFFER_TYPE = NONE for pci_express_x16_txn[0]. (constraint file  /cluster/home/eirikwit/vortex-gpgpu/chipyard/sims/firesim/sim/generated-src/alveo/FireSim-FireSimV1S1C0L3-BaseF1Config1Mem_F25MHz/u250/vivado_proj/firesim.gen/sources_1/bd/design_1/ip/design_1_xdma_0_0/design_1_xdma_0_0/design_1_xdma_0_0_in_context.xdc, line 67).
[2025-09-15 02:13:37] Applied set_property IO_BUFFER_TYPE = NONE for pci_express_x16_txn[10]. (constraint file  /cluster/home/eirikwit/vortex-gpgpu/chipyard/sims/firesim/sim/generated-src/alveo/FireSim-FireSimV1S1C0L3-BaseF1Config1Mem_F25MHz/u250/vivado_proj/firesim.gen/sources_1/bd/design_1/ip/design_1_xdma_0_0/design_1_xdma_0_0/design_1_xdma_0_0_in_context.xdc, line 68).
[2025-09-15 02:13:37] Applied set_property CLOCK_BUFFER_TYPE = NONE for pci_express_x16_txn[10]. (constraint file  /cluster/home/eirikwit/vortex-gpgpu/chipyard/sims/firesim/sim/generated-src/alveo/FireSim-FireSimV1S1C0L3-BaseF1Config1Mem_F25MHz/u250/vivado_proj/firesim.gen/sources_1/bd/design_1/ip/design_1_xdma_0_0/design_1_xdma_0_0/design_1_xdma_0_0_in_context.xdc, line 69).
[2025-09-15 02:13:37] Applied set_property IO_BUFFER_TYPE = NONE for pci_express_x16_txn[11]. (constraint file  /cluster/home/eirikwit/vortex-gpgpu/chipyard/sims/firesim/sim/generated-src/alveo/FireSim-FireSimV1S1C0L3-BaseF1Config1Mem_F25MHz/u250/vivado_proj/firesim.gen/sources_1/bd/design_1/ip/design_1_xdma_0_0/design_1_xdma_0_0/design_1_xdma_0_0_in_context.xdc, line 70).
[2025-09-15 02:13:37] Applied set_property CLOCK_BUFFER_TYPE = NONE for pci_express_x16_txn[11]. (constraint file  /cluster/home/eirikwit/vortex-gpgpu/chipyard/sims/firesim/sim/generated-src/alveo/FireSim-FireSimV1S1C0L3-BaseF1Config1Mem_F25MHz/u250/vivado_proj/firesim.gen/sources_1/bd/design_1/ip/design_1_xdma_0_0/design_1_xdma_0_0/design_1_xdma_0_0_in_context.xdc, line 71).
[2025-09-15 02:13:37] Applied set_property IO_BUFFER_TYPE = NONE for pci_express_x16_txn[12]. (constraint file  /cluster/home/eirikwit/vortex-gpgpu/chipyard/sims/firesim/sim/generated-src/alveo/FireSim-FireSimV1S1C0L3-BaseF1Config1Mem_F25MHz/u250/vivado_proj/firesim.gen/sources_1/bd/design_1/ip/design_1_xdma_0_0/design_1_xdma_0_0/design_1_xdma_0_0_in_context.xdc, line 72).
[2025-09-15 02:13:37] Applied set_property CLOCK_BUFFER_TYPE = NONE for pci_express_x16_txn[12]. (constraint file  /cluster/home/eirikwit/vortex-gpgpu/chipyard/sims/firesim/sim/generated-src/alveo/FireSim-FireSimV1S1C0L3-BaseF1Config1Mem_F25MHz/u250/vivado_proj/firesim.gen/sources_1/bd/design_1/ip/design_1_xdma_0_0/design_1_xdma_0_0/design_1_xdma_0_0_in_context.xdc, line 73).
[2025-09-15 02:13:37] Applied set_property IO_BUFFER_TYPE = NONE for pci_express_x16_txn[13]. (constraint file  /cluster/home/eirikwit/vortex-gpgpu/chipyard/sims/firesim/sim/generated-src/alveo/FireSim-FireSimV1S1C0L3-BaseF1Config1Mem_F25MHz/u250/vivado_proj/firesim.gen/sources_1/bd/design_1/ip/design_1_xdma_0_0/design_1_xdma_0_0/design_1_xdma_0_0_in_context.xdc, line 74).
[2025-09-15 02:13:37] Applied set_property CLOCK_BUFFER_TYPE = NONE for pci_express_x16_txn[13]. (constraint file  /cluster/home/eirikwit/vortex-gpgpu/chipyard/sims/firesim/sim/generated-src/alveo/FireSim-FireSimV1S1C0L3-BaseF1Config1Mem_F25MHz/u250/vivado_proj/firesim.gen/sources_1/bd/design_1/ip/design_1_xdma_0_0/design_1_xdma_0_0/design_1_xdma_0_0_in_context.xdc, line 75).
[2025-09-15 02:13:37] Applied set_property IO_BUFFER_TYPE = NONE for pci_express_x16_txn[14]. (constraint file  /cluster/home/eirikwit/vortex-gpgpu/chipyard/sims/firesim/sim/generated-src/alveo/FireSim-FireSimV1S1C0L3-BaseF1Config1Mem_F25MHz/u250/vivado_proj/firesim.gen/sources_1/bd/design_1/ip/design_1_xdma_0_0/design_1_xdma_0_0/design_1_xdma_0_0_in_context.xdc, line 76).
[2025-09-15 02:13:37] Applied set_property CLOCK_BUFFER_TYPE = NONE for pci_express_x16_txn[14]. (constraint file  /cluster/home/eirikwit/vortex-gpgpu/chipyard/sims/firesim/sim/generated-src/alveo/FireSim-FireSimV1S1C0L3-BaseF1Config1Mem_F25MHz/u250/vivado_proj/firesim.gen/sources_1/bd/design_1/ip/design_1_xdma_0_0/design_1_xdma_0_0/design_1_xdma_0_0_in_context.xdc, line 77).
[2025-09-15 02:13:37] Applied set_property IO_BUFFER_TYPE = NONE for pci_express_x16_txn[15]. (constraint file  /cluster/home/eirikwit/vortex-gpgpu/chipyard/sims/firesim/sim/generated-src/alveo/FireSim-FireSimV1S1C0L3-BaseF1Config1Mem_F25MHz/u250/vivado_proj/firesim.gen/sources_1/bd/design_1/ip/design_1_xdma_0_0/design_1_xdma_0_0/design_1_xdma_0_0_in_context.xdc, line 78).
[2025-09-15 02:13:37] Applied set_property CLOCK_BUFFER_TYPE = NONE for pci_express_x16_txn[15]. (constraint file  /cluster/home/eirikwit/vortex-gpgpu/chipyard/sims/firesim/sim/generated-src/alveo/FireSim-FireSimV1S1C0L3-BaseF1Config1Mem_F25MHz/u250/vivado_proj/firesim.gen/sources_1/bd/design_1/ip/design_1_xdma_0_0/design_1_xdma_0_0/design_1_xdma_0_0_in_context.xdc, line 79).
[2025-09-15 02:13:37] Applied set_property IO_BUFFER_TYPE = NONE for pci_express_x16_txn[1]. (constraint file  /cluster/home/eirikwit/vortex-gpgpu/chipyard/sims/firesim/sim/generated-src/alveo/FireSim-FireSimV1S1C0L3-BaseF1Config1Mem_F25MHz/u250/vivado_proj/firesim.gen/sources_1/bd/design_1/ip/design_1_xdma_0_0/design_1_xdma_0_0/design_1_xdma_0_0_in_context.xdc, line 80).
[2025-09-15 02:13:37] Applied set_property CLOCK_BUFFER_TYPE = NONE for pci_express_x16_txn[1]. (constraint file  /cluster/home/eirikwit/vortex-gpgpu/chipyard/sims/firesim/sim/generated-src/alveo/FireSim-FireSimV1S1C0L3-BaseF1Config1Mem_F25MHz/u250/vivado_proj/firesim.gen/sources_1/bd/design_1/ip/design_1_xdma_0_0/design_1_xdma_0_0/design_1_xdma_0_0_in_context.xdc, line 81).
[2025-09-15 02:13:37] Applied set_property IO_BUFFER_TYPE = NONE for pci_express_x16_txn[2]. (constraint file  /cluster/home/eirikwit/vortex-gpgpu/chipyard/sims/firesim/sim/generated-src/alveo/FireSim-FireSimV1S1C0L3-BaseF1Config1Mem_F25MHz/u250/vivado_proj/firesim.gen/sources_1/bd/design_1/ip/design_1_xdma_0_0/design_1_xdma_0_0/design_1_xdma_0_0_in_context.xdc, line 82).
[2025-09-15 02:13:37] Applied set_property CLOCK_BUFFER_TYPE = NONE for pci_express_x16_txn[2]. (constraint file  /cluster/home/eirikwit/vortex-gpgpu/chipyard/sims/firesim/sim/generated-src/alveo/FireSim-FireSimV1S1C0L3-BaseF1Config1Mem_F25MHz/u250/vivado_proj/firesim.gen/sources_1/bd/design_1/ip/design_1_xdma_0_0/design_1_xdma_0_0/design_1_xdma_0_0_in_context.xdc, line 83).
[2025-09-15 02:13:37] Applied set_property IO_BUFFER_TYPE = NONE for pci_express_x16_txn[3]. (constraint file  /cluster/home/eirikwit/vortex-gpgpu/chipyard/sims/firesim/sim/generated-src/alveo/FireSim-FireSimV1S1C0L3-BaseF1Config1Mem_F25MHz/u250/vivado_proj/firesim.gen/sources_1/bd/design_1/ip/design_1_xdma_0_0/design_1_xdma_0_0/design_1_xdma_0_0_in_context.xdc, line 84).
[2025-09-15 02:13:37] Applied set_property CLOCK_BUFFER_TYPE = NONE for pci_express_x16_txn[3]. (constraint file  /cluster/home/eirikwit/vortex-gpgpu/chipyard/sims/firesim/sim/generated-src/alveo/FireSim-FireSimV1S1C0L3-BaseF1Config1Mem_F25MHz/u250/vivado_proj/firesim.gen/sources_1/bd/design_1/ip/design_1_xdma_0_0/design_1_xdma_0_0/design_1_xdma_0_0_in_context.xdc, line 85).
[2025-09-15 02:13:37] Applied set_property IO_BUFFER_TYPE = NONE for pci_express_x16_txn[4]. (constraint file  /cluster/home/eirikwit/vortex-gpgpu/chipyard/sims/firesim/sim/generated-src/alveo/FireSim-FireSimV1S1C0L3-BaseF1Config1Mem_F25MHz/u250/vivado_proj/firesim.gen/sources_1/bd/design_1/ip/design_1_xdma_0_0/design_1_xdma_0_0/design_1_xdma_0_0_in_context.xdc, line 86).
[2025-09-15 02:13:37] Applied set_property CLOCK_BUFFER_TYPE = NONE for pci_express_x16_txn[4]. (constraint file  /cluster/home/eirikwit/vortex-gpgpu/chipyard/sims/firesim/sim/generated-src/alveo/FireSim-FireSimV1S1C0L3-BaseF1Config1Mem_F25MHz/u250/vivado_proj/firesim.gen/sources_1/bd/design_1/ip/design_1_xdma_0_0/design_1_xdma_0_0/design_1_xdma_0_0_in_context.xdc, line 87).
[2025-09-15 02:13:37] Applied set_property IO_BUFFER_TYPE = NONE for pci_express_x16_txn[5]. (constraint file  /cluster/home/eirikwit/vortex-gpgpu/chipyard/sims/firesim/sim/generated-src/alveo/FireSim-FireSimV1S1C0L3-BaseF1Config1Mem_F25MHz/u250/vivado_proj/firesim.gen/sources_1/bd/design_1/ip/design_1_xdma_0_0/design_1_xdma_0_0/design_1_xdma_0_0_in_context.xdc, line 88).
[2025-09-15 02:13:37] Applied set_property CLOCK_BUFFER_TYPE = NONE for pci_express_x16_txn[5]. (constraint file  /cluster/home/eirikwit/vortex-gpgpu/chipyard/sims/firesim/sim/generated-src/alveo/FireSim-FireSimV1S1C0L3-BaseF1Config1Mem_F25MHz/u250/vivado_proj/firesim.gen/sources_1/bd/design_1/ip/design_1_xdma_0_0/design_1_xdma_0_0/design_1_xdma_0_0_in_context.xdc, line 89).
[2025-09-15 02:13:37] Applied set_property IO_BUFFER_TYPE = NONE for pci_express_x16_txn[6]. (constraint file  /cluster/home/eirikwit/vortex-gpgpu/chipyard/sims/firesim/sim/generated-src/alveo/FireSim-FireSimV1S1C0L3-BaseF1Config1Mem_F25MHz/u250/vivado_proj/firesim.gen/sources_1/bd/design_1/ip/design_1_xdma_0_0/design_1_xdma_0_0/design_1_xdma_0_0_in_context.xdc, line 90).
[2025-09-15 02:13:37] Applied set_property CLOCK_BUFFER_TYPE = NONE for pci_express_x16_txn[6]. (constraint file  /cluster/home/eirikwit/vortex-gpgpu/chipyard/sims/firesim/sim/generated-src/alveo/FireSim-FireSimV1S1C0L3-BaseF1Config1Mem_F25MHz/u250/vivado_proj/firesim.gen/sources_1/bd/design_1/ip/design_1_xdma_0_0/design_1_xdma_0_0/design_1_xdma_0_0_in_context.xdc, line 91).
[2025-09-15 02:13:37] Applied set_property IO_BUFFER_TYPE = NONE for pci_express_x16_txn[7]. (constraint file  /cluster/home/eirikwit/vortex-gpgpu/chipyard/sims/firesim/sim/generated-src/alveo/FireSim-FireSimV1S1C0L3-BaseF1Config1Mem_F25MHz/u250/vivado_proj/firesim.gen/sources_1/bd/design_1/ip/design_1_xdma_0_0/design_1_xdma_0_0/design_1_xdma_0_0_in_context.xdc, line 92).
[2025-09-15 02:13:37] Applied set_property CLOCK_BUFFER_TYPE = NONE for pci_express_x16_txn[7]. (constraint file  /cluster/home/eirikwit/vortex-gpgpu/chipyard/sims/firesim/sim/generated-src/alveo/FireSim-FireSimV1S1C0L3-BaseF1Config1Mem_F25MHz/u250/vivado_proj/firesim.gen/sources_1/bd/design_1/ip/design_1_xdma_0_0/design_1_xdma_0_0/design_1_xdma_0_0_in_context.xdc, line 93).
[2025-09-15 02:13:37] Applied set_property IO_BUFFER_TYPE = NONE for pci_express_x16_txn[8]. (constraint file  /cluster/home/eirikwit/vortex-gpgpu/chipyard/sims/firesim/sim/generated-src/alveo/FireSim-FireSimV1S1C0L3-BaseF1Config1Mem_F25MHz/u250/vivado_proj/firesim.gen/sources_1/bd/design_1/ip/design_1_xdma_0_0/design_1_xdma_0_0/design_1_xdma_0_0_in_context.xdc, line 94).
[2025-09-15 02:13:37] Applied set_property CLOCK_BUFFER_TYPE = NONE for pci_express_x16_txn[8]. (constraint file  /cluster/home/eirikwit/vortex-gpgpu/chipyard/sims/firesim/sim/generated-src/alveo/FireSim-FireSimV1S1C0L3-BaseF1Config1Mem_F25MHz/u250/vivado_proj/firesim.gen/sources_1/bd/design_1/ip/design_1_xdma_0_0/design_1_xdma_0_0/design_1_xdma_0_0_in_context.xdc, line 95).
[2025-09-15 02:13:37] Applied set_property IO_BUFFER_TYPE = NONE for pci_express_x16_txn[9]. (constraint file  /cluster/home/eirikwit/vortex-gpgpu/chipyard/sims/firesim/sim/generated-src/alveo/FireSim-FireSimV1S1C0L3-BaseF1Config1Mem_F25MHz/u250/vivado_proj/firesim.gen/sources_1/bd/design_1/ip/design_1_xdma_0_0/design_1_xdma_0_0/design_1_xdma_0_0_in_context.xdc, line 96).
[2025-09-15 02:13:37] Applied set_property CLOCK_BUFFER_TYPE = NONE for pci_express_x16_txn[9]. (constraint file  /cluster/home/eirikwit/vortex-gpgpu/chipyard/sims/firesim/sim/generated-src/alveo/FireSim-FireSimV1S1C0L3-BaseF1Config1Mem_F25MHz/u250/vivado_proj/firesim.gen/sources_1/bd/design_1/ip/design_1_xdma_0_0/design_1_xdma_0_0/design_1_xdma_0_0_in_context.xdc, line 97).
[2025-09-15 02:13:37] Applied set_property IO_BUFFER_TYPE = NONE for pci_express_x16_txp[0]. (constraint file  /cluster/home/eirikwit/vortex-gpgpu/chipyard/sims/firesim/sim/generated-src/alveo/FireSim-FireSimV1S1C0L3-BaseF1Config1Mem_F25MHz/u250/vivado_proj/firesim.gen/sources_1/bd/design_1/ip/design_1_xdma_0_0/design_1_xdma_0_0/design_1_xdma_0_0_in_context.xdc, line 98).
[2025-09-15 02:13:37] Applied set_property CLOCK_BUFFER_TYPE = NONE for pci_express_x16_txp[0]. (constraint file  /cluster/home/eirikwit/vortex-gpgpu/chipyard/sims/firesim/sim/generated-src/alveo/FireSim-FireSimV1S1C0L3-BaseF1Config1Mem_F25MHz/u250/vivado_proj/firesim.gen/sources_1/bd/design_1/ip/design_1_xdma_0_0/design_1_xdma_0_0/design_1_xdma_0_0_in_context.xdc, line 99).
[2025-09-15 02:13:37] Applied set_property IO_BUFFER_TYPE = NONE for pci_express_x16_txp[10]. (constraint file  /cluster/home/eirikwit/vortex-gpgpu/chipyard/sims/firesim/sim/generated-src/alveo/FireSim-FireSimV1S1C0L3-BaseF1Config1Mem_F25MHz/u250/vivado_proj/firesim.gen/sources_1/bd/design_1/ip/design_1_xdma_0_0/design_1_xdma_0_0/design_1_xdma_0_0_in_context.xdc, line 100).
[2025-09-15 02:13:37] Applied set_property CLOCK_BUFFER_TYPE = NONE for pci_express_x16_txp[10]. (constraint file  /cluster/home/eirikwit/vortex-gpgpu/chipyard/sims/firesim/sim/generated-src/alveo/FireSim-FireSimV1S1C0L3-BaseF1Config1Mem_F25MHz/u250/vivado_proj/firesim.gen/sources_1/bd/design_1/ip/design_1_xdma_0_0/design_1_xdma_0_0/design_1_xdma_0_0_in_context.xdc, line 101).
[2025-09-15 02:13:37] Applied set_property IO_BUFFER_TYPE = NONE for pci_express_x16_txp[11]. (constraint file  /cluster/home/eirikwit/vortex-gpgpu/chipyard/sims/firesim/sim/generated-src/alveo/FireSim-FireSimV1S1C0L3-BaseF1Config1Mem_F25MHz/u250/vivado_proj/firesim.gen/sources_1/bd/design_1/ip/design_1_xdma_0_0/design_1_xdma_0_0/design_1_xdma_0_0_in_context.xdc, line 102).
[2025-09-15 02:13:37] Applied set_property CLOCK_BUFFER_TYPE = NONE for pci_express_x16_txp[11]. (constraint file  /cluster/home/eirikwit/vortex-gpgpu/chipyard/sims/firesim/sim/generated-src/alveo/FireSim-FireSimV1S1C0L3-BaseF1Config1Mem_F25MHz/u250/vivado_proj/firesim.gen/sources_1/bd/design_1/ip/design_1_xdma_0_0/design_1_xdma_0_0/design_1_xdma_0_0_in_context.xdc, line 103).
[2025-09-15 02:13:37] Applied set_property IO_BUFFER_TYPE = NONE for pci_express_x16_txp[12]. (constraint file  /cluster/home/eirikwit/vortex-gpgpu/chipyard/sims/firesim/sim/generated-src/alveo/FireSim-FireSimV1S1C0L3-BaseF1Config1Mem_F25MHz/u250/vivado_proj/firesim.gen/sources_1/bd/design_1/ip/design_1_xdma_0_0/design_1_xdma_0_0/design_1_xdma_0_0_in_context.xdc, line 104).
[2025-09-15 02:13:37] Applied set_property CLOCK_BUFFER_TYPE = NONE for pci_express_x16_txp[12]. (constraint file  /cluster/home/eirikwit/vortex-gpgpu/chipyard/sims/firesim/sim/generated-src/alveo/FireSim-FireSimV1S1C0L3-BaseF1Config1Mem_F25MHz/u250/vivado_proj/firesim.gen/sources_1/bd/design_1/ip/design_1_xdma_0_0/design_1_xdma_0_0/design_1_xdma_0_0_in_context.xdc, line 105).
[2025-09-15 02:13:37] Applied set_property IO_BUFFER_TYPE = NONE for pci_express_x16_txp[13]. (constraint file  /cluster/home/eirikwit/vortex-gpgpu/chipyard/sims/firesim/sim/generated-src/alveo/FireSim-FireSimV1S1C0L3-BaseF1Config1Mem_F25MHz/u250/vivado_proj/firesim.gen/sources_1/bd/design_1/ip/design_1_xdma_0_0/design_1_xdma_0_0/design_1_xdma_0_0_in_context.xdc, line 106).
[2025-09-15 02:13:37] Applied set_property CLOCK_BUFFER_TYPE = NONE for pci_express_x16_txp[13]. (constraint file  /cluster/home/eirikwit/vortex-gpgpu/chipyard/sims/firesim/sim/generated-src/alveo/FireSim-FireSimV1S1C0L3-BaseF1Config1Mem_F25MHz/u250/vivado_proj/firesim.gen/sources_1/bd/design_1/ip/design_1_xdma_0_0/design_1_xdma_0_0/design_1_xdma_0_0_in_context.xdc, line 107).
[2025-09-15 02:13:37] Applied set_property IO_BUFFER_TYPE = NONE for pci_express_x16_txp[14]. (constraint file  /cluster/home/eirikwit/vortex-gpgpu/chipyard/sims/firesim/sim/generated-src/alveo/FireSim-FireSimV1S1C0L3-BaseF1Config1Mem_F25MHz/u250/vivado_proj/firesim.gen/sources_1/bd/design_1/ip/design_1_xdma_0_0/design_1_xdma_0_0/design_1_xdma_0_0_in_context.xdc, line 108).
[2025-09-15 02:13:37] Applied set_property CLOCK_BUFFER_TYPE = NONE for pci_express_x16_txp[14]. (constraint file  /cluster/home/eirikwit/vortex-gpgpu/chipyard/sims/firesim/sim/generated-src/alveo/FireSim-FireSimV1S1C0L3-BaseF1Config1Mem_F25MHz/u250/vivado_proj/firesim.gen/sources_1/bd/design_1/ip/design_1_xdma_0_0/design_1_xdma_0_0/design_1_xdma_0_0_in_context.xdc, line 109).
[2025-09-15 02:13:37] Applied set_property IO_BUFFER_TYPE = NONE for pci_express_x16_txp[15]. (constraint file  /cluster/home/eirikwit/vortex-gpgpu/chipyard/sims/firesim/sim/generated-src/alveo/FireSim-FireSimV1S1C0L3-BaseF1Config1Mem_F25MHz/u250/vivado_proj/firesim.gen/sources_1/bd/design_1/ip/design_1_xdma_0_0/design_1_xdma_0_0/design_1_xdma_0_0_in_context.xdc, line 110).
[2025-09-15 02:13:37] Applied set_property CLOCK_BUFFER_TYPE = NONE for pci_express_x16_txp[15]. (constraint file  /cluster/home/eirikwit/vortex-gpgpu/chipyard/sims/firesim/sim/generated-src/alveo/FireSim-FireSimV1S1C0L3-BaseF1Config1Mem_F25MHz/u250/vivado_proj/firesim.gen/sources_1/bd/design_1/ip/design_1_xdma_0_0/design_1_xdma_0_0/design_1_xdma_0_0_in_context.xdc, line 111).
[2025-09-15 02:13:37] Applied set_property IO_BUFFER_TYPE = NONE for pci_express_x16_txp[1]. (constraint file  /cluster/home/eirikwit/vortex-gpgpu/chipyard/sims/firesim/sim/generated-src/alveo/FireSim-FireSimV1S1C0L3-BaseF1Config1Mem_F25MHz/u250/vivado_proj/firesim.gen/sources_1/bd/design_1/ip/design_1_xdma_0_0/design_1_xdma_0_0/design_1_xdma_0_0_in_context.xdc, line 112).
[2025-09-15 02:13:37] Applied set_property CLOCK_BUFFER_TYPE = NONE for pci_express_x16_txp[1]. (constraint file  /cluster/home/eirikwit/vortex-gpgpu/chipyard/sims/firesim/sim/generated-src/alveo/FireSim-FireSimV1S1C0L3-BaseF1Config1Mem_F25MHz/u250/vivado_proj/firesim.gen/sources_1/bd/design_1/ip/design_1_xdma_0_0/design_1_xdma_0_0/design_1_xdma_0_0_in_context.xdc, line 113).
[2025-09-15 02:13:37] Applied set_property IO_BUFFER_TYPE = NONE for pci_express_x16_txp[2]. (constraint file  /cluster/home/eirikwit/vortex-gpgpu/chipyard/sims/firesim/sim/generated-src/alveo/FireSim-FireSimV1S1C0L3-BaseF1Config1Mem_F25MHz/u250/vivado_proj/firesim.gen/sources_1/bd/design_1/ip/design_1_xdma_0_0/design_1_xdma_0_0/design_1_xdma_0_0_in_context.xdc, line 114).
[2025-09-15 02:13:37] Applied set_property CLOCK_BUFFER_TYPE = NONE for pci_express_x16_txp[2]. (constraint file  /cluster/home/eirikwit/vortex-gpgpu/chipyard/sims/firesim/sim/generated-src/alveo/FireSim-FireSimV1S1C0L3-BaseF1Config1Mem_F25MHz/u250/vivado_proj/firesim.gen/sources_1/bd/design_1/ip/design_1_xdma_0_0/design_1_xdma_0_0/design_1_xdma_0_0_in_context.xdc, line 115).
[2025-09-15 02:13:37] Applied set_property IO_BUFFER_TYPE = NONE for pci_express_x16_txp[3]. (constraint file  /cluster/home/eirikwit/vortex-gpgpu/chipyard/sims/firesim/sim/generated-src/alveo/FireSim-FireSimV1S1C0L3-BaseF1Config1Mem_F25MHz/u250/vivado_proj/firesim.gen/sources_1/bd/design_1/ip/design_1_xdma_0_0/design_1_xdma_0_0/design_1_xdma_0_0_in_context.xdc, line 116).
[2025-09-15 02:13:37] Applied set_property CLOCK_BUFFER_TYPE = NONE for pci_express_x16_txp[3]. (constraint file  /cluster/home/eirikwit/vortex-gpgpu/chipyard/sims/firesim/sim/generated-src/alveo/FireSim-FireSimV1S1C0L3-BaseF1Config1Mem_F25MHz/u250/vivado_proj/firesim.gen/sources_1/bd/design_1/ip/design_1_xdma_0_0/design_1_xdma_0_0/design_1_xdma_0_0_in_context.xdc, line 117).
[2025-09-15 02:13:37] Applied set_property IO_BUFFER_TYPE = NONE for pci_express_x16_txp[4]. (constraint file  /cluster/home/eirikwit/vortex-gpgpu/chipyard/sims/firesim/sim/generated-src/alveo/FireSim-FireSimV1S1C0L3-BaseF1Config1Mem_F25MHz/u250/vivado_proj/firesim.gen/sources_1/bd/design_1/ip/design_1_xdma_0_0/design_1_xdma_0_0/design_1_xdma_0_0_in_context.xdc, line 118).
[2025-09-15 02:13:37] Applied set_property CLOCK_BUFFER_TYPE = NONE for pci_express_x16_txp[4]. (constraint file  /cluster/home/eirikwit/vortex-gpgpu/chipyard/sims/firesim/sim/generated-src/alveo/FireSim-FireSimV1S1C0L3-BaseF1Config1Mem_F25MHz/u250/vivado_proj/firesim.gen/sources_1/bd/design_1/ip/design_1_xdma_0_0/design_1_xdma_0_0/design_1_xdma_0_0_in_context.xdc, line 119).
[2025-09-15 02:13:37] Applied set_property IO_BUFFER_TYPE = NONE for pci_express_x16_txp[5]. (constraint file  /cluster/home/eirikwit/vortex-gpgpu/chipyard/sims/firesim/sim/generated-src/alveo/FireSim-FireSimV1S1C0L3-BaseF1Config1Mem_F25MHz/u250/vivado_proj/firesim.gen/sources_1/bd/design_1/ip/design_1_xdma_0_0/design_1_xdma_0_0/design_1_xdma_0_0_in_context.xdc, line 120).
[2025-09-15 02:13:37] Applied set_property CLOCK_BUFFER_TYPE = NONE for pci_express_x16_txp[5]. (constraint file  /cluster/home/eirikwit/vortex-gpgpu/chipyard/sims/firesim/sim/generated-src/alveo/FireSim-FireSimV1S1C0L3-BaseF1Config1Mem_F25MHz/u250/vivado_proj/firesim.gen/sources_1/bd/design_1/ip/design_1_xdma_0_0/design_1_xdma_0_0/design_1_xdma_0_0_in_context.xdc, line 121).
[2025-09-15 02:13:37] Applied set_property IO_BUFFER_TYPE = NONE for pci_express_x16_txp[6]. (constraint file  /cluster/home/eirikwit/vortex-gpgpu/chipyard/sims/firesim/sim/generated-src/alveo/FireSim-FireSimV1S1C0L3-BaseF1Config1Mem_F25MHz/u250/vivado_proj/firesim.gen/sources_1/bd/design_1/ip/design_1_xdma_0_0/design_1_xdma_0_0/design_1_xdma_0_0_in_context.xdc, line 122).
[2025-09-15 02:13:37] Applied set_property CLOCK_BUFFER_TYPE = NONE for pci_express_x16_txp[6]. (constraint file  /cluster/home/eirikwit/vortex-gpgpu/chipyard/sims/firesim/sim/generated-src/alveo/FireSim-FireSimV1S1C0L3-BaseF1Config1Mem_F25MHz/u250/vivado_proj/firesim.gen/sources_1/bd/design_1/ip/design_1_xdma_0_0/design_1_xdma_0_0/design_1_xdma_0_0_in_context.xdc, line 123).
[2025-09-15 02:13:37] Applied set_property IO_BUFFER_TYPE = NONE for pci_express_x16_txp[7]. (constraint file  /cluster/home/eirikwit/vortex-gpgpu/chipyard/sims/firesim/sim/generated-src/alveo/FireSim-FireSimV1S1C0L3-BaseF1Config1Mem_F25MHz/u250/vivado_proj/firesim.gen/sources_1/bd/design_1/ip/design_1_xdma_0_0/design_1_xdma_0_0/design_1_xdma_0_0_in_context.xdc, line 124).
[2025-09-15 02:13:37] Applied set_property CLOCK_BUFFER_TYPE = NONE for pci_express_x16_txp[7]. (constraint file  /cluster/home/eirikwit/vortex-gpgpu/chipyard/sims/firesim/sim/generated-src/alveo/FireSim-FireSimV1S1C0L3-BaseF1Config1Mem_F25MHz/u250/vivado_proj/firesim.gen/sources_1/bd/design_1/ip/design_1_xdma_0_0/design_1_xdma_0_0/design_1_xdma_0_0_in_context.xdc, line 125).
[2025-09-15 02:13:37] Applied set_property IO_BUFFER_TYPE = NONE for pci_express_x16_txp[8]. (constraint file  /cluster/home/eirikwit/vortex-gpgpu/chipyard/sims/firesim/sim/generated-src/alveo/FireSim-FireSimV1S1C0L3-BaseF1Config1Mem_F25MHz/u250/vivado_proj/firesim.gen/sources_1/bd/design_1/ip/design_1_xdma_0_0/design_1_xdma_0_0/design_1_xdma_0_0_in_context.xdc, line 126).
[2025-09-15 02:13:37] Applied set_property CLOCK_BUFFER_TYPE = NONE for pci_express_x16_txp[8]. (constraint file  /cluster/home/eirikwit/vortex-gpgpu/chipyard/sims/firesim/sim/generated-src/alveo/FireSim-FireSimV1S1C0L3-BaseF1Config1Mem_F25MHz/u250/vivado_proj/firesim.gen/sources_1/bd/design_1/ip/design_1_xdma_0_0/design_1_xdma_0_0/design_1_xdma_0_0_in_context.xdc, line 127).
[2025-09-15 02:13:37] Applied set_property IO_BUFFER_TYPE = NONE for pci_express_x16_txp[9]. (constraint file  /cluster/home/eirikwit/vortex-gpgpu/chipyard/sims/firesim/sim/generated-src/alveo/FireSim-FireSimV1S1C0L3-BaseF1Config1Mem_F25MHz/u250/vivado_proj/firesim.gen/sources_1/bd/design_1/ip/design_1_xdma_0_0/design_1_xdma_0_0/design_1_xdma_0_0_in_context.xdc, line 128).
[2025-09-15 02:13:37] Applied set_property CLOCK_BUFFER_TYPE = NONE for pci_express_x16_txp[9]. (constraint file  /cluster/home/eirikwit/vortex-gpgpu/chipyard/sims/firesim/sim/generated-src/alveo/FireSim-FireSimV1S1C0L3-BaseF1Config1Mem_F25MHz/u250/vivado_proj/firesim.gen/sources_1/bd/design_1/ip/design_1_xdma_0_0/design_1_xdma_0_0/design_1_xdma_0_0_in_context.xdc, line 129).
[2025-09-15 02:13:37] Applied set_property KEEP_HIERARCHY = SOFT for design_1_i. (constraint file  auto generated constraint).
[2025-09-15 02:13:37] Applied set_property KEEP_HIERARCHY = SOFT for design_1_i/axi_clock_converter_0. (constraint file  auto generated constraint).
[2025-09-15 02:13:37] Applied set_property KEEP_HIERARCHY = SOFT for design_1_i/axi_clock_converter_1. (constraint file  auto generated constraint).
[2025-09-15 02:13:37] Applied set_property KEEP_HIERARCHY = SOFT for design_1_i/axi_dwidth_converter_0. (constraint file  auto generated constraint).
[2025-09-15 02:13:37] Applied set_property KEEP_HIERARCHY = SOFT for design_1_i/axi_tieoff_master_0. (constraint file  auto generated constraint).
[2025-09-15 02:13:37] Applied set_property KEEP_HIERARCHY = SOFT for design_1_i/clk_wiz_0. (constraint file  auto generated constraint).
[2025-09-15 02:13:37] Applied set_property KEEP_HIERARCHY = SOFT for design_1_i/ddr4_0. (constraint file  auto generated constraint).
[2025-09-15 02:13:37] Applied set_property KEEP_HIERARCHY = SOFT for design_1_i/firesim_wrapper_0. (constraint file  auto generated constraint).
[2025-09-15 02:13:37] Applied set_property KEEP_HIERARCHY = SOFT for design_1_i/proc_sys_reset_0. (constraint file  auto generated constraint).
[2025-09-15 02:13:37] Applied set_property KEEP_HIERARCHY = SOFT for design_1_i/proc_sys_reset_1. (constraint file  auto generated constraint).
[2025-09-15 02:13:37] Applied set_property KEEP_HIERARCHY = SOFT for design_1_i/resetn_inv_0. (constraint file  auto generated constraint).
[2025-09-15 02:13:37] Applied set_property KEEP_HIERARCHY = SOFT for design_1_i/util_ds_buf. (constraint file  auto generated constraint).
[2025-09-15 02:13:37] Applied set_property KEEP_HIERARCHY = SOFT for design_1_i/xdma_0. (constraint file  auto generated constraint).
[2025-09-15 02:13:37] Applied set_property KEEP_HIERARCHY = SOFT for design_1_i/xlconstant_0. (constraint file  auto generated constraint).
[2025-09-15 02:13:37] ---------------------------------------------------------------------------------
[2025-09-15 02:13:37] Finished applying 'set_property' XDC Constraints : Time (s): cpu = 00:00:14 ; elapsed = 00:00:15 . Memory (MB): peak = 3448.641 ; gain = 489.195 ; free physical = 229832 ; free virtual = 238027
[2025-09-15 02:13:37] Synthesis current peak Physical Memory [PSS] (MB): peak = 2688.770; parent = 2514.131; children = 174.645
[2025-09-15 02:13:37] Synthesis current peak Virtual Memory [VSS] (MB): peak = 4392.457; parent = 3448.645; children = 943.812
[2025-09-15 02:13:37] ---------------------------------------------------------------------------------
[2025-09-15 02:13:37] ---------------------------------------------------------------------------------
[2025-09-15 02:13:37] Finished RTL Optimization Phase 2 : Time (s): cpu = 00:00:14 ; elapsed = 00:00:15 . Memory (MB): peak = 3448.641 ; gain = 489.195 ; free physical = 229832 ; free virtual = 238029
[2025-09-15 02:13:37] Synthesis current peak Physical Memory [PSS] (MB): peak = 2688.770; parent = 2514.131; children = 174.645
[2025-09-15 02:13:37] Synthesis current peak Virtual Memory [VSS] (MB): peak = 4392.457; parent = 3448.645; children = 943.812
[2025-09-15 02:13:37] ---------------------------------------------------------------------------------
[2025-09-15 02:13:37] ---------------------------------------------------------------------------------
[2025-09-15 02:13:37] Start RTL Component Statistics 
[2025-09-15 02:13:37] ---------------------------------------------------------------------------------
[2025-09-15 02:13:37] Detailed RTL Component Info : 
[2025-09-15 02:13:37] ---------------------------------------------------------------------------------
[2025-09-15 02:13:37] Finished RTL Component Statistics 
[2025-09-15 02:13:37] ---------------------------------------------------------------------------------
[2025-09-15 02:13:37] ---------------------------------------------------------------------------------
[2025-09-15 02:13:37] Start Part Resource Summary
[2025-09-15 02:13:37] ---------------------------------------------------------------------------------
[2025-09-15 02:13:37] Part Resources:
[2025-09-15 02:13:37] DSPs: 12288 (col length:96)
[2025-09-15 02:13:37] BRAMs: 5376 (col length: RAMB18 384 RAMB36 192)
[2025-09-15 02:13:37] ---------------------------------------------------------------------------------
[2025-09-15 02:13:37] Finished Part Resource Summary
[2025-09-15 02:13:37] ---------------------------------------------------------------------------------
[2025-09-15 02:13:37] ---------------------------------------------------------------------------------
[2025-09-15 02:13:37] Start Cross Boundary and Area Optimization
[2025-09-15 02:13:37] ---------------------------------------------------------------------------------
[2025-09-15 02:13:37] WARNING: [Synth 8-7080] Parallel synthesis criteria is not met
[2025-09-15 02:13:37] ---------------------------------------------------------------------------------
[2025-09-15 02:13:37] Finished Cross Boundary and Area Optimization : Time (s): cpu = 00:00:15 ; elapsed = 00:00:16 . Memory (MB): peak = 3448.641 ; gain = 489.195 ; free physical = 229834 ; free virtual = 238035
[2025-09-15 02:13:37] Synthesis current peak Physical Memory [PSS] (MB): peak = 2688.770; parent = 2514.131; children = 174.645
[2025-09-15 02:13:37] Synthesis current peak Virtual Memory [VSS] (MB): peak = 4392.457; parent = 3448.645; children = 943.812
[2025-09-15 02:13:37] ---------------------------------------------------------------------------------
[2025-09-15 02:13:47] ---------------------------------------------------------------------------------
[2025-09-15 02:13:47] Start Applying XDC Timing Constraints
[2025-09-15 02:13:47] ---------------------------------------------------------------------------------
[2025-09-15 02:13:47] ---------------------------------------------------------------------------------
[2025-09-15 02:13:47] Finished Applying XDC Timing Constraints : Time (s): cpu = 00:00:24 ; elapsed = 00:00:27 . Memory (MB): peak = 3771.828 ; gain = 812.383 ; free physical = 229432 ; free virtual = 237634
[2025-09-15 02:13:47] Synthesis current peak Physical Memory [PSS] (MB): peak = 3086.434; parent = 2911.797; children = 174.645
[2025-09-15 02:13:47] Synthesis current peak Virtual Memory [VSS] (MB): peak = 4715.645; parent = 3771.832; children = 943.812
[2025-09-15 02:13:47] ---------------------------------------------------------------------------------
[2025-09-15 02:13:47] ---------------------------------------------------------------------------------
[2025-09-15 02:13:47] Start Timing Optimization
[2025-09-15 02:13:47] ---------------------------------------------------------------------------------
[2025-09-15 02:13:47] ---------------------------------------------------------------------------------
[2025-09-15 02:13:47] Finished Timing Optimization : Time (s): cpu = 00:00:24 ; elapsed = 00:00:27 . Memory (MB): peak = 3772.828 ; gain = 813.383 ; free physical = 229431 ; free virtual = 237633
[2025-09-15 02:13:47] Synthesis current peak Physical Memory [PSS] (MB): peak = 3087.223; parent = 2912.586; children = 174.645
[2025-09-15 02:13:47] Synthesis current peak Virtual Memory [VSS] (MB): peak = 4716.645; parent = 3772.832; children = 943.812
[2025-09-15 02:13:47] ---------------------------------------------------------------------------------
[2025-09-15 02:13:47] ---------------------------------------------------------------------------------
[2025-09-15 02:13:47] Start Technology Mapping
[2025-09-15 02:13:47] ---------------------------------------------------------------------------------
[2025-09-15 02:13:47] ---------------------------------------------------------------------------------
[2025-09-15 02:13:47] Finished Technology Mapping : Time (s): cpu = 00:00:24 ; elapsed = 00:00:27 . Memory (MB): peak = 3791.859 ; gain = 832.414 ; free physical = 229421 ; free virtual = 237623
[2025-09-15 02:13:47] Synthesis current peak Physical Memory [PSS] (MB): peak = 3087.223; parent = 2912.586; children = 174.645
[2025-09-15 02:13:47] Synthesis current peak Virtual Memory [VSS] (MB): peak = 4735.676; parent = 3791.863; children = 943.812
[2025-09-15 02:13:47] ---------------------------------------------------------------------------------
[2025-09-15 02:13:47] ---------------------------------------------------------------------------------
[2025-09-15 02:13:47] Start IO Insertion
[2025-09-15 02:13:47] ---------------------------------------------------------------------------------
[2025-09-15 02:13:47] ---------------------------------------------------------------------------------
[2025-09-15 02:13:47] Start Flattening Before IO Insertion
[2025-09-15 02:13:47] ---------------------------------------------------------------------------------
[2025-09-15 02:13:47] ---------------------------------------------------------------------------------
[2025-09-15 02:13:47] Finished Flattening Before IO Insertion
[2025-09-15 02:13:47] ---------------------------------------------------------------------------------
[2025-09-15 02:13:47] ---------------------------------------------------------------------------------
[2025-09-15 02:13:47] Start Final Netlist Cleanup
[2025-09-15 02:13:47] ---------------------------------------------------------------------------------
[2025-09-15 02:13:47] ---------------------------------------------------------------------------------
[2025-09-15 02:13:47] Finished Final Netlist Cleanup
[2025-09-15 02:13:47] ---------------------------------------------------------------------------------
[2025-09-15 02:13:52] ---------------------------------------------------------------------------------
[2025-09-15 02:13:52] Finished IO Insertion : Time (s): cpu = 00:00:27 ; elapsed = 00:00:30 . Memory (MB): peak = 3797.797 ; gain = 838.352 ; free physical = 229425 ; free virtual = 237628
[2025-09-15 02:13:52] Synthesis current peak Physical Memory [PSS] (MB): peak = 3087.223; parent = 2912.586; children = 174.645
[2025-09-15 02:13:52] Synthesis current peak Virtual Memory [VSS] (MB): peak = 4741.613; parent = 3797.801; children = 943.812
[2025-09-15 02:13:52] ---------------------------------------------------------------------------------
[2025-09-15 02:13:52] ---------------------------------------------------------------------------------
[2025-09-15 02:13:52] Start Renaming Generated Instances
[2025-09-15 02:13:52] ---------------------------------------------------------------------------------
[2025-09-15 02:13:52] ---------------------------------------------------------------------------------
[2025-09-15 02:13:52] Finished Renaming Generated Instances : Time (s): cpu = 00:00:27 ; elapsed = 00:00:30 . Memory (MB): peak = 3797.797 ; gain = 838.352 ; free physical = 229425 ; free virtual = 237628
[2025-09-15 02:13:52] Synthesis current peak Physical Memory [PSS] (MB): peak = 3087.223; parent = 2912.586; children = 174.645
[2025-09-15 02:13:52] Synthesis current peak Virtual Memory [VSS] (MB): peak = 4741.613; parent = 3797.801; children = 943.812
[2025-09-15 02:13:52] ---------------------------------------------------------------------------------
[2025-09-15 02:13:52] ---------------------------------------------------------------------------------
[2025-09-15 02:13:52] Start Rebuilding User Hierarchy
[2025-09-15 02:13:52] ---------------------------------------------------------------------------------
[2025-09-15 02:13:52] ---------------------------------------------------------------------------------
[2025-09-15 02:13:52] Finished Rebuilding User Hierarchy : Time (s): cpu = 00:00:27 ; elapsed = 00:00:30 . Memory (MB): peak = 3797.797 ; gain = 838.352 ; free physical = 229425 ; free virtual = 237628
[2025-09-15 02:13:52] Synthesis current peak Physical Memory [PSS] (MB): peak = 3087.555; parent = 2912.918; children = 174.645
[2025-09-15 02:13:52] Synthesis current peak Virtual Memory [VSS] (MB): peak = 4741.613; parent = 3797.801; children = 943.812
[2025-09-15 02:13:52] ---------------------------------------------------------------------------------
[2025-09-15 02:13:52] ---------------------------------------------------------------------------------
[2025-09-15 02:13:52] Start Renaming Generated Ports
[2025-09-15 02:13:52] ---------------------------------------------------------------------------------
[2025-09-15 02:13:52] ---------------------------------------------------------------------------------
[2025-09-15 02:13:52] Finished Renaming Generated Ports : Time (s): cpu = 00:00:27 ; elapsed = 00:00:30 . Memory (MB): peak = 3797.797 ; gain = 838.352 ; free physical = 229425 ; free virtual = 237628
[2025-09-15 02:13:52] Synthesis current peak Physical Memory [PSS] (MB): peak = 3087.566; parent = 2912.930; children = 174.645
[2025-09-15 02:13:52] Synthesis current peak Virtual Memory [VSS] (MB): peak = 4741.613; parent = 3797.801; children = 943.812
[2025-09-15 02:13:52] ---------------------------------------------------------------------------------
[2025-09-15 02:13:52] ---------------------------------------------------------------------------------
[2025-09-15 02:13:52] Start Handling Custom Attributes
[2025-09-15 02:13:52] ---------------------------------------------------------------------------------
[2025-09-15 02:13:52] ---------------------------------------------------------------------------------
[2025-09-15 02:13:52] Finished Handling Custom Attributes : Time (s): cpu = 00:00:27 ; elapsed = 00:00:30 . Memory (MB): peak = 3797.797 ; gain = 838.352 ; free physical = 229425 ; free virtual = 237628
[2025-09-15 02:13:52] Synthesis current peak Physical Memory [PSS] (MB): peak = 3087.566; parent = 2912.930; children = 174.645
[2025-09-15 02:13:52] Synthesis current peak Virtual Memory [VSS] (MB): peak = 4741.613; parent = 3797.801; children = 943.812
[2025-09-15 02:13:52] ---------------------------------------------------------------------------------
[2025-09-15 02:13:52] ---------------------------------------------------------------------------------
[2025-09-15 02:13:52] Start Renaming Generated Nets
[2025-09-15 02:13:52] ---------------------------------------------------------------------------------
[2025-09-15 02:13:52] ---------------------------------------------------------------------------------
[2025-09-15 02:13:52] Finished Renaming Generated Nets : Time (s): cpu = 00:00:27 ; elapsed = 00:00:30 . Memory (MB): peak = 3797.797 ; gain = 838.352 ; free physical = 229425 ; free virtual = 237628
[2025-09-15 02:13:52] Synthesis current peak Physical Memory [PSS] (MB): peak = 3087.582; parent = 2912.945; children = 174.645
[2025-09-15 02:13:52] Synthesis current peak Virtual Memory [VSS] (MB): peak = 4741.613; parent = 3797.801; children = 943.812
[2025-09-15 02:13:52] ---------------------------------------------------------------------------------
[2025-09-15 02:13:52] ---------------------------------------------------------------------------------
[2025-09-15 02:13:52] Start Writing Synthesis Report
[2025-09-15 02:13:52] ---------------------------------------------------------------------------------
[2025-09-15 02:13:52] 
[2025-09-15 02:13:52] Report BlackBoxes: 
[2025-09-15 02:13:52] +------+----------------------------------+----------+
[2025-09-15 02:13:52] |      |BlackBox name                     |Instances |
[2025-09-15 02:13:52] +------+----------------------------------+----------+
[2025-09-15 02:13:52] |1     |design_1_axi_clock_converter_0_0  |         1|
[2025-09-15 02:13:52] |2     |design_1_axi_clock_converter_1_0  |         1|
[2025-09-15 02:13:52] |3     |design_1_axi_dwidth_converter_0_0 |         1|
[2025-09-15 02:13:52] |4     |design_1_axi_tieoff_master_0_0    |         1|
[2025-09-15 02:13:52] |5     |design_1_clk_wiz_0_0              |         1|
[2025-09-15 02:13:52] |6     |design_1_ddr4_0_0                 |         1|
[2025-09-15 02:13:52] |7     |design_1_firesim_wrapper_0_0      |         1|
[2025-09-15 02:13:52] |8     |design_1_proc_sys_reset_0_0       |         1|
[2025-09-15 02:13:52] |9     |design_1_proc_sys_reset_1_0       |         1|
[2025-09-15 02:13:52] |10    |design_1_resetn_inv_0_0           |         1|
[2025-09-15 02:13:52] |11    |design_1_util_ds_buf_0            |         1|
[2025-09-15 02:13:52] |12    |design_1_xdma_0_0                 |         1|
[2025-09-15 02:13:52] +------+----------------------------------+----------+
[2025-09-15 02:13:52] 
[2025-09-15 02:13:52] Report Cell Usage: 
[2025-09-15 02:13:52] +------+--------------------------------+------+
[2025-09-15 02:13:52] |      |Cell                            |Count |
[2025-09-15 02:13:52] +------+--------------------------------+------+
[2025-09-15 02:13:52] |1     |design_1_axi_clock_converter_0  |     1|
[2025-09-15 02:13:52] |2     |design_1_axi_clock_converter_1  |     1|
[2025-09-15 02:13:52] |3     |design_1_axi_dwidth_converter_0 |     1|
[2025-09-15 02:13:52] |4     |design_1_axi_tieoff_master_0    |     1|
[2025-09-15 02:13:52] |5     |design_1_clk_wiz_0              |     1|
[2025-09-15 02:13:52] |6     |design_1_ddr4_0                 |     1|
[2025-09-15 02:13:52] |7     |design_1_firesim_wrapper_0      |     1|
[2025-09-15 02:13:52] |8     |design_1_proc_sys_reset_0       |     1|
[2025-09-15 02:13:52] |9     |design_1_proc_sys_reset_1       |     1|
[2025-09-15 02:13:52] |10    |design_1_resetn_inv_0           |     1|
[2025-09-15 02:13:52] |11    |design_1_util_ds_buf            |     1|
[2025-09-15 02:13:52] |12    |design_1_xdma_0                 |     1|
[2025-09-15 02:13:52] |13    |IBUF                            |     2|
[2025-09-15 02:13:52] +------+--------------------------------+------+
[2025-09-15 02:13:52] ---------------------------------------------------------------------------------
[2025-09-15 02:13:52] Finished Writing Synthesis Report : Time (s): cpu = 00:00:27 ; elapsed = 00:00:30 . Memory (MB): peak = 3797.797 ; gain = 838.352 ; free physical = 229425 ; free virtual = 237628
[2025-09-15 02:13:52] Synthesis current peak Physical Memory [PSS] (MB): peak = 3087.652; parent = 2913.016; children = 174.645
[2025-09-15 02:13:52] Synthesis current peak Virtual Memory [VSS] (MB): peak = 4741.613; parent = 3797.801; children = 943.812
[2025-09-15 02:13:52] ---------------------------------------------------------------------------------
[2025-09-15 02:13:52] Synthesis finished with 0 errors, 0 critical warnings and 1 warnings.
[2025-09-15 02:13:52] Synthesis Optimization Runtime : Time (s): cpu = 00:00:22 ; elapsed = 00:00:25 . Memory (MB): peak = 3797.797 ; gain = 798.672 ; free physical = 229425 ; free virtual = 237628
[2025-09-15 02:13:52] Synthesis Optimization Complete : Time (s): cpu = 00:00:28 ; elapsed = 00:00:31 . Memory (MB): peak = 3797.805 ; gain = 838.352 ; free physical = 229425 ; free virtual = 237628
[2025-09-15 02:13:52] INFO: [Project 1-571] Translating synthesized netlist
[2025-09-15 02:13:52] Netlist sorting complete. Time (s): cpu = 00:00:00.01 ; elapsed = 00:00:00.01 . Memory (MB): peak = 3805.734 ; gain = 0.000 ; free physical = 229539 ; free virtual = 237741
[2025-09-15 02:13:52] INFO: [Netlist 29-17] Analyzing 2 Unisim elements for replacement
[2025-09-15 02:13:52] INFO: [Netlist 29-28] Unisim Transformation completed in 0 CPU seconds
[2025-09-15 02:13:52] INFO: [Project 1-570] Preparing netlist for logic optimization
[2025-09-15 02:13:52] INFO: [Opt 31-138] Pushed 0 inverter(s) to 0 load pin(s).
[2025-09-15 02:13:52] Netlist sorting complete. Time (s): cpu = 00:00:00 ; elapsed = 00:00:00 . Memory (MB): peak = 3882.336 ; gain = 0.000 ; free physical = 229459 ; free virtual = 237662
[2025-09-15 02:13:52] INFO: [Project 1-111] Unisim Transformation Summary:
[2025-09-15 02:13:52]   A total of 2 instances were transformed.
[2025-09-15 02:13:52]   IBUF => IBUF (IBUFCTRL, INBUF): 2 instances
[2025-09-15 02:13:52] 
[2025-09-15 02:13:52] Synth Design complete, checksum: d18a991c
[2025-09-15 02:13:52] INFO: [Common 17-83] Releasing license: Synthesis
[2025-09-15 02:13:52] 52 Infos, 38 Warnings, 0 Critical Warnings and 0 Errors encountered.
[2025-09-15 02:13:52] synth_design completed successfully
[2025-09-15 02:13:52] synth_design: Time (s): cpu = 00:00:39 ; elapsed = 00:00:40 . Memory (MB): peak = 3882.336 ; gain = 2073.734 ; free physical = 229485 ; free virtual = 237688
[2025-09-15 02:13:52] INFO: [Common 17-1381] The checkpoint '/cluster/home/eirikwit/vortex-gpgpu/chipyard/sims/firesim/sim/generated-src/alveo/FireSim-FireSimV1S1C0L3-BaseF1Config1Mem_F25MHz/u250/vivado_proj/firesim.runs/synth_1/design_1_wrapper.dcp' has been generated.
[2025-09-15 02:13:52] INFO: [runtcl-4] Executing : report_utilization -file design_1_wrapper_utilization_synth.rpt -pb design_1_wrapper_utilization_synth.pb
[2025-09-15 02:13:52] INFO: [Common 17-206] Exiting Vivado at Mon Sep 15 02:13:52 2025...
[2025-09-15 02:14:02] [Mon Sep 15 02:14:02 2025] synth_1 finished
[2025-09-15 02:14:02] wait_on_runs: Time (s): cpu = 00:27:35 ; elapsed = 00:09:09 . Memory (MB): peak = 3644.738 ; gain = 0.000 ; free physical = 232314 ; free virtual = 240510
[2025-09-15 02:14:02] ## if {[get_property PROGRESS ${synth_run}] != "100%"} {
[2025-09-15 02:14:02] ##     puts "ERROR: synthesis failed"
[2025-09-15 02:14:02] ##     exit 1
[2025-09-15 02:14:02] ## }
[2025-09-15 02:14:02] ## variable impl_run [get_runs impl_1]
[2025-09-15 02:14:02] ## variable WNS -1
[2025-09-15 02:14:02] ## variable WHS -1
[2025-09-15 02:14:02] ## set idr_start_directive Explore
[2025-09-15 02:14:02] ## set impl_run [get_runs impl_1]
[2025-09-15 02:14:02] ## reset_runs ${impl_run}
[2025-09-15 02:14:02] ## if {[info exists ::env(BUILD_VORTEX)]} {
[2025-09-15 02:14:02] ##   set vortex_root $::env(VORTEX_ROOT)
[2025-09-15 02:14:02] ##   set_property STEPS.OPT_DESIGN.TCL.PRE ${vortex_root}/hw/syn/xilinx/firesim/pre_opt_async_bram_patch.tcl ${impl_run}
[2025-09-15 02:14:02] ## }
[2025-09-15 02:14:02] WARNING: [Runs 36-537] File /cluster/home/eirikwit/vortex-gpgpu/vortex-ntnu/hw/syn/xilinx/firesim/pre_opt_async_bram_patch.tcl is not part of fileset utils_1, but has specified as a Tcl hook script for run(s) impl_1. This file will not be handled as part of the project for archive and other project based functionality.
[2025-09-15 02:14:02] ## set_property STEPS.OPT_DESIGN.ARGS.DIRECTIVE ${idr_start_directive} ${impl_run}
[2025-09-15 02:14:02] ## set_property STEPS.PLACE_DESIGN.ARGS.DIRECTIVE ${idr_start_directive} ${impl_run}
[2025-09-15 02:14:02] ## set_property STEPS.ROUTE_DESIGN.ARGS.DIRECTIVE ${idr_start_directive} ${impl_run}
[2025-09-15 02:14:03] ## set_property STEPS.PHYS_OPT_DESIGN.IS_ENABLED true ${impl_run}
[2025-09-15 02:14:03] ## set_property STEPS.PHYS_OPT_DESIGN.ARGS.DIRECTIVE ${idr_start_directive} ${impl_run}
[2025-09-15 02:14:03] ## set_property STEPS.POST_ROUTE_PHYS_OPT_DESIGN.ARGS.DIRECTIVE ${idr_start_directive} ${impl_run}
[2025-09-15 02:14:03] ## launch_runs ${impl_run} -to_step route_design -jobs ${jobs}
[2025-09-15 02:14:21] [Mon Sep 15 02:14:21 2025] Launched impl_1...
[2025-09-15 02:14:21] Run output will be captured here: /cluster/home/eirikwit/vortex-gpgpu/chipyard/sims/firesim/sim/generated-src/alveo/FireSim-FireSimV1S1C0L3-BaseF1Config1Mem_F25MHz/u250/vivado_proj/firesim.runs/impl_1/runme.log
[2025-09-15 02:14:21] launch_runs: Time (s): cpu = 00:00:23 ; elapsed = 00:00:19 . Memory (MB): peak = 3658.703 ; gain = 13.965 ; free physical = 231659 ; free virtual = 239886
[2025-09-15 02:14:21] ## wait_on_run ${impl_run}
[2025-09-15 02:14:21] [Mon Sep 15 02:14:21 2025] Waiting for impl_1 to finish...
[2025-09-15 02:14:26] 
[2025-09-15 02:14:26] *** Running vivado
[2025-09-15 02:14:26]     with args -log design_1_wrapper.vdi -applog -m64 -product Vivado -messageDb vivado.pb -mode batch -source design_1_wrapper.tcl -notrace
[2025-09-15 02:14:26] 
[2025-09-15 02:14:31] 
[2025-09-15 02:14:31] ****** Vivado v2022.2 (64-bit)
[2025-09-15 02:14:31]   **** SW Build 3671981 on Fri Oct 14 04:59:54 MDT 2022
[2025-09-15 02:14:31]   **** IP Build 3669848 on Fri Oct 14 08:30:02 MDT 2022
[2025-09-15 02:14:31]     ** Copyright 1986-2022 Xilinx, Inc. All Rights Reserved.
[2025-09-15 02:14:31] 
[2025-09-15 02:14:31] source design_1_wrapper.tcl -notrace
[2025-09-15 02:14:36] INFO: [IP_Flow 19-234] Refreshing IP repositories
[2025-09-15 02:14:36] INFO: [IP_Flow 19-1704] No user IP repositories specified
[2025-09-15 02:14:36] INFO: [IP_Flow 19-2313] Loaded Vivado IP repository '/cluster/projects/itea_lille-ie-idi/opt/Xilinx/Vivado/2022.2/data/ip'.
[2025-09-15 02:14:36] WARNING: [filemgmt 56-443] The ECC Algorithm string is empty. Setting the Memory Map to default ECC value to ECC_NONE.
[2025-09-15 02:14:36] WARNING: [filemgmt 56-443] The ECC Algorithm string is empty. Setting the Memory Map to default ECC value to ECC_NONE.
[2025-09-15 02:14:41] add_files: Time (s): cpu = 00:00:06 ; elapsed = 00:00:05 . Memory (MB): peak = 1808.668 ; gain = 102.414 ; free physical = 231011 ; free virtual = 239238
[2025-09-15 02:14:41] Command: link_design -top design_1_wrapper -part xcu250-figd2104-2L-e
[2025-09-15 02:14:41] Design is defaulting to srcset: sources_1
[2025-09-15 02:14:41] Design is defaulting to constrset: constrs_1
[2025-09-15 02:14:41] INFO: [Device 21-403] Loading part xcu250-figd2104-2L-e
[2025-09-15 02:14:51] INFO: [Project 1-454] Reading design checkpoint '/cluster/home/eirikwit/vortex-gpgpu/chipyard/sims/firesim/sim/generated-src/alveo/FireSim-FireSimV1S1C0L3-BaseF1Config1Mem_F25MHz/u250/vivado_proj/firesim.gen/sources_1/bd/design_1/ip/design_1_axi_clock_converter_0_0/design_1_axi_clock_converter_0_0.dcp' for cell 'design_1_i/axi_clock_converter_0'
[2025-09-15 02:14:51] INFO: [Project 1-454] Reading design checkpoint '/cluster/home/eirikwit/vortex-gpgpu/chipyard/sims/firesim/sim/generated-src/alveo/FireSim-FireSimV1S1C0L3-BaseF1Config1Mem_F25MHz/u250/vivado_proj/firesim.gen/sources_1/bd/design_1/ip/design_1_axi_clock_converter_1_0/design_1_axi_clock_converter_1_0.dcp' for cell 'design_1_i/axi_clock_converter_1'
[2025-09-15 02:14:51] INFO: [Project 1-454] Reading design checkpoint '/cluster/home/eirikwit/vortex-gpgpu/chipyard/sims/firesim/sim/generated-src/alveo/FireSim-FireSimV1S1C0L3-BaseF1Config1Mem_F25MHz/u250/vivado_proj/firesim.gen/sources_1/bd/design_1/ip/design_1_axi_dwidth_converter_0_0/design_1_axi_dwidth_converter_0_0.dcp' for cell 'design_1_i/axi_dwidth_converter_0'
[2025-09-15 02:14:51] INFO: [Project 1-454] Reading design checkpoint '/cluster/home/eirikwit/vortex-gpgpu/chipyard/sims/firesim/sim/generated-src/alveo/FireSim-FireSimV1S1C0L3-BaseF1Config1Mem_F25MHz/u250/vivado_proj/firesim.gen/sources_1/bd/design_1/ip/design_1_axi_tieoff_master_0_0/design_1_axi_tieoff_master_0_0.dcp' for cell 'design_1_i/axi_tieoff_master_0'
[2025-09-15 02:14:51] INFO: [Project 1-454] Reading design checkpoint '/cluster/home/eirikwit/vortex-gpgpu/chipyard/sims/firesim/sim/generated-src/alveo/FireSim-FireSimV1S1C0L3-BaseF1Config1Mem_F25MHz/u250/vivado_proj/firesim.gen/sources_1/bd/design_1/ip/design_1_clk_wiz_0_0/design_1_clk_wiz_0_0.dcp' for cell 'design_1_i/clk_wiz_0'
[2025-09-15 02:14:56] INFO: [Project 1-454] Reading design checkpoint '/cluster/home/eirikwit/vortex-gpgpu/chipyard/sims/firesim/sim/generated-src/alveo/FireSim-FireSimV1S1C0L3-BaseF1Config1Mem_F25MHz/u250/vivado_proj/firesim.gen/sources_1/bd/design_1/ip/design_1_ddr4_0_0/design_1_ddr4_0_0.dcp' for cell 'design_1_i/ddr4_0'
[2025-09-15 02:15:06] INFO: [Project 1-454] Reading design checkpoint '/cluster/home/eirikwit/vortex-gpgpu/chipyard/sims/firesim/sim/generated-src/alveo/FireSim-FireSimV1S1C0L3-BaseF1Config1Mem_F25MHz/u250/vivado_proj/firesim.gen/sources_1/bd/design_1/ip/design_1_firesim_wrapper_0_0/design_1_firesim_wrapper_0_0.dcp' for cell 'design_1_i/firesim_wrapper_0'
[2025-09-15 02:15:06] INFO: [Project 1-454] Reading design checkpoint '/cluster/home/eirikwit/vortex-gpgpu/chipyard/sims/firesim/sim/generated-src/alveo/FireSim-FireSimV1S1C0L3-BaseF1Config1Mem_F25MHz/u250/vivado_proj/firesim.gen/sources_1/bd/design_1/ip/design_1_proc_sys_reset_0_0/design_1_proc_sys_reset_0_0.dcp' for cell 'design_1_i/proc_sys_reset_0'
[2025-09-15 02:15:06] INFO: [Project 1-454] Reading design checkpoint '/cluster/home/eirikwit/vortex-gpgpu/chipyard/sims/firesim/sim/generated-src/alveo/FireSim-FireSimV1S1C0L3-BaseF1Config1Mem_F25MHz/u250/vivado_proj/firesim.gen/sources_1/bd/design_1/ip/design_1_proc_sys_reset_1_0/design_1_proc_sys_reset_1_0.dcp' for cell 'design_1_i/proc_sys_reset_1'
[2025-09-15 02:15:06] INFO: [Project 1-454] Reading design checkpoint '/cluster/home/eirikwit/vortex-gpgpu/chipyard/sims/firesim/sim/generated-src/alveo/FireSim-FireSimV1S1C0L3-BaseF1Config1Mem_F25MHz/u250/vivado_proj/firesim.gen/sources_1/bd/design_1/ip/design_1_resetn_inv_0_0/design_1_resetn_inv_0_0.dcp' for cell 'design_1_i/resetn_inv_0'
[2025-09-15 02:15:06] INFO: [Project 1-454] Reading design checkpoint '/cluster/home/eirikwit/vortex-gpgpu/chipyard/sims/firesim/sim/generated-src/alveo/FireSim-FireSimV1S1C0L3-BaseF1Config1Mem_F25MHz/u250/vivado_proj/firesim.gen/sources_1/bd/design_1/ip/design_1_util_ds_buf_0/design_1_util_ds_buf_0.dcp' for cell 'design_1_i/util_ds_buf'
[2025-09-15 02:15:17] INFO: [Project 1-454] Reading design checkpoint '/cluster/home/eirikwit/vortex-gpgpu/chipyard/sims/firesim/sim/generated-src/alveo/FireSim-FireSimV1S1C0L3-BaseF1Config1Mem_F25MHz/u250/vivado_proj/firesim.gen/sources_1/bd/design_1/ip/design_1_xdma_0_0/design_1_xdma_0_0.dcp' for cell 'design_1_i/xdma_0'
[2025-09-15 02:15:22] Netlist sorting complete. Time (s): cpu = 00:00:03 ; elapsed = 00:00:03 . Memory (MB): peak = 3565.695 ; gain = 2.000 ; free physical = 229250 ; free virtual = 237477
[2025-09-15 02:15:22] INFO: [Netlist 29-17] Analyzing 9321 Unisim elements for replacement
[2025-09-15 02:15:22] INFO: [Netlist 29-28] Unisim Transformation completed in 1 CPU seconds
[2025-09-15 02:15:22] WARNING: [Netlist 29-1115] Found multi-term driver net: design_1_i/util_ds_buf/U0/<const0>.
[2025-09-15 02:15:22] INFO: [Project 1-479] Netlist was created with Vivado 2022.2
[2025-09-15 02:15:27] INFO: [Project 1-570] Preparing netlist for logic optimization
[2025-09-15 02:15:32] WARNING: [Opt 31-32] Removing redundant IBUF since it is not being driven by a top-level port. design_1_i/clk_wiz_0/inst/clkin1_ibuf 
[2025-09-15 02:15:32] Resolution: The tool has removed redundant IBUF. To resolve this warning, check for redundant IBUF in the input design.
[2025-09-15 02:15:32] WARNING: [Constraints 18-550] Could not create 'IBUF_LOW_PWR' constraint because net 'design_1_i/clk_wiz_0/clk_in1' is not directly connected to top level port. Synthesis is ignored for IBUF_LOW_PWR but preserved for implementation.
[2025-09-15 02:15:52] INFO: [Chipscope 16-324] Core: design_1_i/ddr4_0 UUID: 5055ccf3-ab28-5f28-a888-99587c896c7c 
[2025-09-15 02:15:52] Parsing XDC File [/cluster/home/eirikwit/vortex-gpgpu/chipyard/sims/firesim/sim/generated-src/alveo/FireSim-FireSimV1S1C0L3-BaseF1Config1Mem_F25MHz/u250/vivado_proj/firesim.gen/sources_1/bd/design_1/ip/design_1_proc_sys_reset_0_0/design_1_proc_sys_reset_0_0_board.xdc] for cell 'design_1_i/proc_sys_reset_0/U0'
[2025-09-15 02:15:52] Finished Parsing XDC File [/cluster/home/eirikwit/vortex-gpgpu/chipyard/sims/firesim/sim/generated-src/alveo/FireSim-FireSimV1S1C0L3-BaseF1Config1Mem_F25MHz/u250/vivado_proj/firesim.gen/sources_1/bd/design_1/ip/design_1_proc_sys_reset_0_0/design_1_proc_sys_reset_0_0_board.xdc] for cell 'design_1_i/proc_sys_reset_0/U0'
[2025-09-15 02:15:52] Parsing XDC File [/cluster/home/eirikwit/vortex-gpgpu/chipyard/sims/firesim/sim/generated-src/alveo/FireSim-FireSimV1S1C0L3-BaseF1Config1Mem_F25MHz/u250/vivado_proj/firesim.gen/sources_1/bd/design_1/ip/design_1_xdma_0_0/source/design_1_xdma_0_0_pcie4_uscaleplus_ip.xdc] for cell 'design_1_i/xdma_0/inst'
[2025-09-15 02:15:52] Finished Parsing XDC File [/cluster/home/eirikwit/vortex-gpgpu/chipyard/sims/firesim/sim/generated-src/alveo/FireSim-FireSimV1S1C0L3-BaseF1Config1Mem_F25MHz/u250/vivado_proj/firesim.gen/sources_1/bd/design_1/ip/design_1_xdma_0_0/source/design_1_xdma_0_0_pcie4_uscaleplus_ip.xdc] for cell 'design_1_i/xdma_0/inst'
[2025-09-15 02:15:52] Parsing XDC File [/cluster/home/eirikwit/vortex-gpgpu/chipyard/sims/firesim/sim/generated-src/alveo/FireSim-FireSimV1S1C0L3-BaseF1Config1Mem_F25MHz/u250/vivado_proj/firesim.gen/sources_1/bd/design_1/ip/design_1_xdma_0_0/design_1_xdma_0_0_board.xdc] for cell 'design_1_i/xdma_0/inst'
[2025-09-15 02:15:52] Finished Parsing XDC File [/cluster/home/eirikwit/vortex-gpgpu/chipyard/sims/firesim/sim/generated-src/alveo/FireSim-FireSimV1S1C0L3-BaseF1Config1Mem_F25MHz/u250/vivado_proj/firesim.gen/sources_1/bd/design_1/ip/design_1_xdma_0_0/design_1_xdma_0_0_board.xdc] for cell 'design_1_i/xdma_0/inst'
[2025-09-15 02:15:52] Parsing XDC File [/cluster/home/eirikwit/vortex-gpgpu/chipyard/sims/firesim/sim/generated-src/alveo/FireSim-FireSimV1S1C0L3-BaseF1Config1Mem_F25MHz/u250/vivado_proj/firesim.gen/sources_1/bd/design_1/ip/design_1_xdma_0_0/ip_0/source/ip_pcie4_uscale_plus_x0y1.xdc] for cell 'design_1_i/xdma_0/inst/pcie4_ip_i/inst'
[2025-09-15 02:15:57] INFO: [Power 33-23] Power model is not available for xiphy_riu_or [/cluster/home/eirikwit/vortex-gpgpu/chipyard/sims/firesim/sim/generated-src/alveo/FireSim-FireSimV1S1C0L3-BaseF1Config1Mem_F25MHz/u250/vivado_proj/firesim.gen/sources_1/bd/design_1/ip/design_1_xdma_0_0/ip_0/source/ip_pcie4_uscale_plus_x0y1.xdc:240]
[2025-09-15 02:15:57] INFO: [Power 33-23] Power model is not available for genVref.u_hpio_vref [/cluster/home/eirikwit/vortex-gpgpu/chipyard/sims/firesim/sim/generated-src/alveo/FireSim-FireSimV1S1C0L3-BaseF1Config1Mem_F25MHz/u250/vivado_proj/firesim.gen/sources_1/bd/design_1/ip/design_1_xdma_0_0/ip_0/source/ip_pcie4_uscale_plus_x0y1.xdc:240]
[2025-09-15 02:16:07] INFO: [Timing 38-35] Done setting XDC timing constraints. [/cluster/home/eirikwit/vortex-gpgpu/chipyard/sims/firesim/sim/generated-src/alveo/FireSim-FireSimV1S1C0L3-BaseF1Config1Mem_F25MHz/u250/vivado_proj/firesim.gen/sources_1/bd/design_1/ip/design_1_xdma_0_0/ip_0/source/ip_pcie4_uscale_plus_x0y1.xdc:240]
[2025-09-15 02:16:42] set_switching_activity: Time (s): cpu = 00:01:28 ; elapsed = 00:00:47 . Memory (MB): peak = 6313.715 ; gain = 1949.535 ; free physical = 227005 ; free virtual = 235375
[2025-09-15 02:16:42] Finished Parsing XDC File [/cluster/home/eirikwit/vortex-gpgpu/chipyard/sims/firesim/sim/generated-src/alveo/FireSim-FireSimV1S1C0L3-BaseF1Config1Mem_F25MHz/u250/vivado_proj/firesim.gen/sources_1/bd/design_1/ip/design_1_xdma_0_0/ip_0/source/ip_pcie4_uscale_plus_x0y1.xdc] for cell 'design_1_i/xdma_0/inst/pcie4_ip_i/inst'
[2025-09-15 02:16:42] Parsing XDC File [/cluster/home/eirikwit/vortex-gpgpu/chipyard/sims/firesim/sim/generated-src/alveo/FireSim-FireSimV1S1C0L3-BaseF1Config1Mem_F25MHz/u250/vivado_proj/firesim.gen/sources_1/bd/design_1/ip/design_1_xdma_0_0/ip_0/source/ip_pcie4_uscale_plus_impl_x0y1.xdc] for cell 'design_1_i/xdma_0/inst/pcie4_ip_i/inst'
[2025-09-15 02:16:47] Finished Parsing XDC File [/cluster/home/eirikwit/vortex-gpgpu/chipyard/sims/firesim/sim/generated-src/alveo/FireSim-FireSimV1S1C0L3-BaseF1Config1Mem_F25MHz/u250/vivado_proj/firesim.gen/sources_1/bd/design_1/ip/design_1_xdma_0_0/ip_0/source/ip_pcie4_uscale_plus_impl_x0y1.xdc] for cell 'design_1_i/xdma_0/inst/pcie4_ip_i/inst'
[2025-09-15 02:16:47] Parsing XDC File [/cluster/home/eirikwit/vortex-gpgpu/chipyard/sims/firesim/sim/generated-src/alveo/FireSim-FireSimV1S1C0L3-BaseF1Config1Mem_F25MHz/u250/vivado_proj/firesim.gen/sources_1/bd/design_1/ip/design_1_xdma_0_0/ip_0/ip_0/synth/design_1_xdma_0_0_pcie4_ip_gt.xdc] for cell 'design_1_i/xdma_0/inst/pcie4_ip_i/inst/design_1_xdma_0_0_pcie4_ip_gt_top_i/diablo_gt.diablo_gt_phy_wrapper/gt_wizard.gtwizard_top_i/design_1_xdma_0_0_pcie4_ip_gt_i/inst'
[2025-09-15 02:16:47] Finished Parsing XDC File [/cluster/home/eirikwit/vortex-gpgpu/chipyard/sims/firesim/sim/generated-src/alveo/FireSim-FireSimV1S1C0L3-BaseF1Config1Mem_F25MHz/u250/vivado_proj/firesim.gen/sources_1/bd/design_1/ip/design_1_xdma_0_0/ip_0/ip_0/synth/design_1_xdma_0_0_pcie4_ip_gt.xdc] for cell 'design_1_i/xdma_0/inst/pcie4_ip_i/inst/design_1_xdma_0_0_pcie4_ip_gt_top_i/diablo_gt.diablo_gt_phy_wrapper/gt_wizard.gtwizard_top_i/design_1_xdma_0_0_pcie4_ip_gt_i/inst'
[2025-09-15 02:16:47] Parsing XDC File [/cluster/home/eirikwit/vortex-gpgpu/chipyard/sims/firesim/sim/generated-src/alveo/FireSim-FireSimV1S1C0L3-BaseF1Config1Mem_F25MHz/u250/vivado_proj/firesim.gen/sources_1/bd/design_1/ip/design_1_util_ds_buf_0/design_1_util_ds_buf_0.xdc] for cell 'design_1_i/util_ds_buf/U0'
[2025-09-15 02:16:47] Finished Parsing XDC File [/cluster/home/eirikwit/vortex-gpgpu/chipyard/sims/firesim/sim/generated-src/alveo/FireSim-FireSimV1S1C0L3-BaseF1Config1Mem_F25MHz/u250/vivado_proj/firesim.gen/sources_1/bd/design_1/ip/design_1_util_ds_buf_0/design_1_util_ds_buf_0.xdc] for cell 'design_1_i/util_ds_buf/U0'
[2025-09-15 02:16:47] Parsing XDC File [/cluster/home/eirikwit/vortex-gpgpu/chipyard/sims/firesim/sim/generated-src/alveo/FireSim-FireSimV1S1C0L3-BaseF1Config1Mem_F25MHz/u250/vivado_proj/firesim.gen/sources_1/bd/design_1/ip/design_1_util_ds_buf_0/design_1_util_ds_buf_0_board.xdc] for cell 'design_1_i/util_ds_buf/U0'
[2025-09-15 02:16:47] Finished Parsing XDC File [/cluster/home/eirikwit/vortex-gpgpu/chipyard/sims/firesim/sim/generated-src/alveo/FireSim-FireSimV1S1C0L3-BaseF1Config1Mem_F25MHz/u250/vivado_proj/firesim.gen/sources_1/bd/design_1/ip/design_1_util_ds_buf_0/design_1_util_ds_buf_0_board.xdc] for cell 'design_1_i/util_ds_buf/U0'
[2025-09-15 02:16:47] Parsing XDC File [/cluster/home/eirikwit/vortex-gpgpu/chipyard/sims/firesim/sim/generated-src/alveo/FireSim-FireSimV1S1C0L3-BaseF1Config1Mem_F25MHz/u250/vivado_proj/firesim.gen/sources_1/bd/design_1/ip/design_1_proc_sys_reset_1_0/design_1_proc_sys_reset_1_0.xdc] for cell 'design_1_i/proc_sys_reset_1/U0'
[2025-09-15 02:16:47] Finished Parsing XDC File [/cluster/home/eirikwit/vortex-gpgpu/chipyard/sims/firesim/sim/generated-src/alveo/FireSim-FireSimV1S1C0L3-BaseF1Config1Mem_F25MHz/u250/vivado_proj/firesim.gen/sources_1/bd/design_1/ip/design_1_proc_sys_reset_1_0/design_1_proc_sys_reset_1_0.xdc] for cell 'design_1_i/proc_sys_reset_1/U0'
[2025-09-15 02:16:47] Parsing XDC File [/cluster/home/eirikwit/vortex-gpgpu/chipyard/sims/firesim/sim/generated-src/alveo/FireSim-FireSimV1S1C0L3-BaseF1Config1Mem_F25MHz/u250/vivado_proj/firesim.gen/sources_1/bd/design_1/ip/design_1_proc_sys_reset_1_0/design_1_proc_sys_reset_1_0_board.xdc] for cell 'design_1_i/proc_sys_reset_1/U0'
[2025-09-15 02:16:47] Finished Parsing XDC File [/cluster/home/eirikwit/vortex-gpgpu/chipyard/sims/firesim/sim/generated-src/alveo/FireSim-FireSimV1S1C0L3-BaseF1Config1Mem_F25MHz/u250/vivado_proj/firesim.gen/sources_1/bd/design_1/ip/design_1_proc_sys_reset_1_0/design_1_proc_sys_reset_1_0_board.xdc] for cell 'design_1_i/proc_sys_reset_1/U0'
[2025-09-15 02:16:47] Parsing XDC File [/cluster/home/eirikwit/vortex-gpgpu/chipyard/sims/firesim/sim/generated-src/alveo/FireSim-FireSimV1S1C0L3-BaseF1Config1Mem_F25MHz/u250/vivado_proj/firesim.gen/sources_1/bd/design_1/ip/design_1_proc_sys_reset_0_0/design_1_proc_sys_reset_0_0.xdc] for cell 'design_1_i/proc_sys_reset_0/U0'
[2025-09-15 02:16:47] Finished Parsing XDC File [/cluster/home/eirikwit/vortex-gpgpu/chipyard/sims/firesim/sim/generated-src/alveo/FireSim-FireSimV1S1C0L3-BaseF1Config1Mem_F25MHz/u250/vivado_proj/firesim.gen/sources_1/bd/design_1/ip/design_1_proc_sys_reset_0_0/design_1_proc_sys_reset_0_0.xdc] for cell 'design_1_i/proc_sys_reset_0/U0'
[2025-09-15 02:16:47] Parsing XDC File [/cluster/home/eirikwit/vortex-gpgpu/chipyard/sims/firesim/sim/generated-src/alveo/FireSim-FireSimV1S1C0L3-BaseF1Config1Mem_F25MHz/u250/vivado_proj/firesim.gen/sources_1/bd/design_1/ip/design_1_clk_wiz_0_0/design_1_clk_wiz_0_0_board.xdc] for cell 'design_1_i/clk_wiz_0/inst'
[2025-09-15 02:16:47] Finished Parsing XDC File [/cluster/home/eirikwit/vortex-gpgpu/chipyard/sims/firesim/sim/generated-src/alveo/FireSim-FireSimV1S1C0L3-BaseF1Config1Mem_F25MHz/u250/vivado_proj/firesim.gen/sources_1/bd/design_1/ip/design_1_clk_wiz_0_0/design_1_clk_wiz_0_0_board.xdc] for cell 'design_1_i/clk_wiz_0/inst'
[2025-09-15 02:16:47] Parsing XDC File [/cluster/home/eirikwit/vortex-gpgpu/chipyard/sims/firesim/sim/generated-src/alveo/FireSim-FireSimV1S1C0L3-BaseF1Config1Mem_F25MHz/u250/vivado_proj/firesim.gen/sources_1/bd/design_1/ip/design_1_ddr4_0_0/par/design_1_ddr4_0_0.xdc] for cell 'design_1_i/ddr4_0/inst'
[2025-09-15 02:16:47] Finished Parsing XDC File [/cluster/home/eirikwit/vortex-gpgpu/chipyard/sims/firesim/sim/generated-src/alveo/FireSim-FireSimV1S1C0L3-BaseF1Config1Mem_F25MHz/u250/vivado_proj/firesim.gen/sources_1/bd/design_1/ip/design_1_ddr4_0_0/par/design_1_ddr4_0_0.xdc] for cell 'design_1_i/ddr4_0/inst'
[2025-09-15 02:16:47] Parsing XDC File [/cluster/home/eirikwit/vortex-gpgpu/chipyard/sims/firesim/sim/generated-src/alveo/FireSim-FireSimV1S1C0L3-BaseF1Config1Mem_F25MHz/u250/vivado_proj/firesim.gen/sources_1/bd/design_1/ip/design_1_ddr4_0_0/ip_0/design_1_ddr4_0_0_microblaze_mcs_board.xdc] for cell 'design_1_i/ddr4_0/inst/u_ddr4_mem_intfc/u_ddr_cal_riu/mcs0/inst'
[2025-09-15 02:16:47] Finished Parsing XDC File [/cluster/home/eirikwit/vortex-gpgpu/chipyard/sims/firesim/sim/generated-src/alveo/FireSim-FireSimV1S1C0L3-BaseF1Config1Mem_F25MHz/u250/vivado_proj/firesim.gen/sources_1/bd/design_1/ip/design_1_ddr4_0_0/ip_0/design_1_ddr4_0_0_microblaze_mcs_board.xdc] for cell 'design_1_i/ddr4_0/inst/u_ddr4_mem_intfc/u_ddr_cal_riu/mcs0/inst'
[2025-09-15 02:16:47] Parsing XDC File [/cluster/home/eirikwit/vortex-gpgpu/chipyard/sims/firesim/sim/generated-src/alveo/FireSim-FireSimV1S1C0L3-BaseF1Config1Mem_F25MHz/u250/vivado_proj/firesim.gen/sources_1/bd/design_1/ip/design_1_ddr4_0_0/bd_0/ip/ip_10/bd_45eb_iomodule_0_0_board.xdc] for cell 'design_1_i/ddr4_0/inst/u_ddr4_mem_intfc/u_ddr_cal_riu/mcs0/inst/iomodule_0/U0'
[2025-09-15 02:16:47] Finished Parsing XDC File [/cluster/home/eirikwit/vortex-gpgpu/chipyard/sims/firesim/sim/generated-src/alveo/FireSim-FireSimV1S1C0L3-BaseF1Config1Mem_F25MHz/u250/vivado_proj/firesim.gen/sources_1/bd/design_1/ip/design_1_ddr4_0_0/bd_0/ip/ip_10/bd_45eb_iomodule_0_0_board.xdc] for cell 'design_1_i/ddr4_0/inst/u_ddr4_mem_intfc/u_ddr_cal_riu/mcs0/inst/iomodule_0/U0'
[2025-09-15 02:16:47] Parsing XDC File [/cluster/home/eirikwit/vortex-gpgpu/chipyard/sims/firesim/sim/generated-src/alveo/FireSim-FireSimV1S1C0L3-BaseF1Config1Mem_F25MHz/u250/vivado_proj/firesim.gen/sources_1/bd/design_1/ip/design_1_ddr4_0_0/bd_0/ip/ip_3/bd_45eb_dlmb_0.xdc] for cell 'design_1_i/ddr4_0/inst/u_ddr4_mem_intfc/u_ddr_cal_riu/mcs0/inst/dlmb/U0'
[2025-09-15 02:16:47] Finished Parsing XDC File [/cluster/home/eirikwit/vortex-gpgpu/chipyard/sims/firesim/sim/generated-src/alveo/FireSim-FireSimV1S1C0L3-BaseF1Config1Mem_F25MHz/u250/vivado_proj/firesim.gen/sources_1/bd/design_1/ip/design_1_ddr4_0_0/bd_0/ip/ip_3/bd_45eb_dlmb_0.xdc] for cell 'design_1_i/ddr4_0/inst/u_ddr4_mem_intfc/u_ddr_cal_riu/mcs0/inst/dlmb/U0'
[2025-09-15 02:16:47] Parsing XDC File [/cluster/home/eirikwit/vortex-gpgpu/chipyard/sims/firesim/sim/generated-src/alveo/FireSim-FireSimV1S1C0L3-BaseF1Config1Mem_F25MHz/u250/vivado_proj/firesim.gen/sources_1/bd/design_1/ip/design_1_ddr4_0_0/bd_0/ip/ip_2/bd_45eb_ilmb_0.xdc] for cell 'design_1_i/ddr4_0/inst/u_ddr4_mem_intfc/u_ddr_cal_riu/mcs0/inst/ilmb/U0'
[2025-09-15 02:16:47] Finished Parsing XDC File [/cluster/home/eirikwit/vortex-gpgpu/chipyard/sims/firesim/sim/generated-src/alveo/FireSim-FireSimV1S1C0L3-BaseF1Config1Mem_F25MHz/u250/vivado_proj/firesim.gen/sources_1/bd/design_1/ip/design_1_ddr4_0_0/bd_0/ip/ip_2/bd_45eb_ilmb_0.xdc] for cell 'design_1_i/ddr4_0/inst/u_ddr4_mem_intfc/u_ddr_cal_riu/mcs0/inst/ilmb/U0'
[2025-09-15 02:16:47] Parsing XDC File [/cluster/home/eirikwit/vortex-gpgpu/chipyard/sims/firesim/sim/generated-src/alveo/FireSim-FireSimV1S1C0L3-BaseF1Config1Mem_F25MHz/u250/vivado_proj/firesim.gen/sources_1/bd/design_1/ip/design_1_ddr4_0_0/bd_0/ip/ip_1/bd_45eb_rst_0_0.xdc] for cell 'design_1_i/ddr4_0/inst/u_ddr4_mem_intfc/u_ddr_cal_riu/mcs0/inst/rst_0/U0'
[2025-09-15 02:16:47] Finished Parsing XDC File [/cluster/home/eirikwit/vortex-gpgpu/chipyard/sims/firesim/sim/generated-src/alveo/FireSim-FireSimV1S1C0L3-BaseF1Config1Mem_F25MHz/u250/vivado_proj/firesim.gen/sources_1/bd/design_1/ip/design_1_ddr4_0_0/bd_0/ip/ip_1/bd_45eb_rst_0_0.xdc] for cell 'design_1_i/ddr4_0/inst/u_ddr4_mem_intfc/u_ddr_cal_riu/mcs0/inst/rst_0/U0'
[2025-09-15 02:16:47] Parsing XDC File [/cluster/home/eirikwit/vortex-gpgpu/chipyard/sims/firesim/sim/generated-src/alveo/FireSim-FireSimV1S1C0L3-BaseF1Config1Mem_F25MHz/u250/vivado_proj/firesim.gen/sources_1/bd/design_1/ip/design_1_ddr4_0_0/bd_0/ip/ip_1/bd_45eb_rst_0_0_board.xdc] for cell 'design_1_i/ddr4_0/inst/u_ddr4_mem_intfc/u_ddr_cal_riu/mcs0/inst/rst_0/U0'
[2025-09-15 02:16:47] Finished Parsing XDC File [/cluster/home/eirikwit/vortex-gpgpu/chipyard/sims/firesim/sim/generated-src/alveo/FireSim-FireSimV1S1C0L3-BaseF1Config1Mem_F25MHz/u250/vivado_proj/firesim.gen/sources_1/bd/design_1/ip/design_1_ddr4_0_0/bd_0/ip/ip_1/bd_45eb_rst_0_0_board.xdc] for cell 'design_1_i/ddr4_0/inst/u_ddr4_mem_intfc/u_ddr_cal_riu/mcs0/inst/rst_0/U0'
[2025-09-15 02:16:47] Parsing XDC File [/cluster/home/eirikwit/vortex-gpgpu/chipyard/sims/firesim/sim/generated-src/alveo/FireSim-FireSimV1S1C0L3-BaseF1Config1Mem_F25MHz/u250/vivado_proj/firesim.gen/sources_1/bd/design_1/ip/design_1_ddr4_0_0/bd_0/ip/ip_0/bd_45eb_microblaze_I_0.xdc] for cell 'design_1_i/ddr4_0/inst/u_ddr4_mem_intfc/u_ddr_cal_riu/mcs0/inst/microblaze_I/U0'
[2025-09-15 02:16:47] Finished Parsing XDC File [/cluster/home/eirikwit/vortex-gpgpu/chipyard/sims/firesim/sim/generated-src/alveo/FireSim-FireSimV1S1C0L3-BaseF1Config1Mem_F25MHz/u250/vivado_proj/firesim.gen/sources_1/bd/design_1/ip/design_1_ddr4_0_0/bd_0/ip/ip_0/bd_45eb_microblaze_I_0.xdc] for cell 'design_1_i/ddr4_0/inst/u_ddr4_mem_intfc/u_ddr_cal_riu/mcs0/inst/microblaze_I/U0'
[2025-09-15 02:16:47] Parsing XDC File [/cluster/home/eirikwit/vortex-gpgpu/chipyard/sims/firesim/sim/generated-src/alveo/FireSim-FireSimV1S1C0L3-BaseF1Config1Mem_F25MHz/u250/vivado_proj/firesim.gen/sources_1/bd/design_1/ip/design_1_clk_wiz_0_0/design_1_clk_wiz_0_0.xdc] for cell 'design_1_i/clk_wiz_0/inst'
[2025-09-15 02:16:52] INFO: [Timing 38-2] Deriving generated clocks [/cluster/home/eirikwit/vortex-gpgpu/chipyard/sims/firesim/sim/generated-src/alveo/FireSim-FireSimV1S1C0L3-BaseF1Config1Mem_F25MHz/u250/vivado_proj/firesim.gen/sources_1/bd/design_1/ip/design_1_clk_wiz_0_0/design_1_clk_wiz_0_0.xdc:57]
[2025-09-15 02:16:52] Finished Parsing XDC File [/cluster/home/eirikwit/vortex-gpgpu/chipyard/sims/firesim/sim/generated-src/alveo/FireSim-FireSimV1S1C0L3-BaseF1Config1Mem_F25MHz/u250/vivado_proj/firesim.gen/sources_1/bd/design_1/ip/design_1_clk_wiz_0_0/design_1_clk_wiz_0_0.xdc] for cell 'design_1_i/clk_wiz_0/inst'
[2025-09-15 02:16:52] Parsing XDC File [/cluster/home/eirikwit/vortex-gpgpu/chipyard/sims/firesim/sim/generated-src/alveo/FireSim-FireSimV1S1C0L3-BaseF1Config1Mem_F25MHz/u250/design/firesim_impl.xdc]
[2025-09-15 02:16:52] WARNING: [Vivado 12-627] No clocks matched 'host_clock'. [/cluster/home/eirikwit/vortex-gpgpu/chipyard/sims/firesim/sim/generated-src/alveo/FireSim-FireSimV1S1C0L3-BaseF1Config1Mem_F25MHz/u250/design/firesim_impl.xdc:3]
[2025-09-15 02:16:52] INFO: [Vivado 12-626] No clocks found. Please use 'create_clock' or 'create_generated_clock' command to create clocks. [/cluster/home/eirikwit/vortex-gpgpu/chipyard/sims/firesim/sim/generated-src/alveo/FireSim-FireSimV1S1C0L3-BaseF1Config1Mem_F25MHz/u250/design/firesim_impl.xdc:3]
[2025-09-15 02:16:52] WARNING: [Vivado 12-508] No pins matched 'get_pins -of [get_clocks host_clock]'. [/cluster/home/eirikwit/vortex-gpgpu/chipyard/sims/firesim/sim/generated-src/alveo/FireSim-FireSimV1S1C0L3-BaseF1Config1Mem_F25MHz/u250/design/firesim_impl.xdc:3]
[2025-09-15 02:16:52] CRITICAL WARNING: [Vivado 12-4739] create_generated_clock:No valid object(s) found for '-source [get_pins -of [get_clocks host_clock]]'. [/cluster/home/eirikwit/vortex-gpgpu/chipyard/sims/firesim/sim/generated-src/alveo/FireSim-FireSimV1S1C0L3-BaseF1Config1Mem_F25MHz/u250/design/firesim_impl.xdc:3]
[2025-09-15 02:16:52] Resolution: Check if the specified object(s) exists in the current design. If it does, ensure that the correct design hierarchy was specified for the object. If you are working with clocks, make sure create_clock was used to create the clock object before it is referenced.
[2025-09-15 02:16:52] WARNING: [Vivado 12-627] No clocks matched 'buildtop_reference_clock'. [/cluster/home/eirikwit/vortex-gpgpu/chipyard/sims/firesim/sim/generated-src/alveo/FireSim-FireSimV1S1C0L3-BaseF1Config1Mem_F25MHz/u250/design/firesim_impl.xdc:4]
[2025-09-15 02:16:52] INFO: [Vivado 12-626] No clocks found. Please use 'create_clock' or 'create_generated_clock' command to create clocks. [/cluster/home/eirikwit/vortex-gpgpu/chipyard/sims/firesim/sim/generated-src/alveo/FireSim-FireSimV1S1C0L3-BaseF1Config1Mem_F25MHz/u250/design/firesim_impl.xdc:4]
[2025-09-15 02:16:52] WARNING: [Vivado 12-627] No clocks matched 'buildtop_reference_clock'. [/cluster/home/eirikwit/vortex-gpgpu/chipyard/sims/firesim/sim/generated-src/alveo/FireSim-FireSimV1S1C0L3-BaseF1Config1Mem_F25MHz/u250/design/firesim_impl.xdc:4]
[2025-09-15 02:16:52] INFO: [Vivado 12-626] No clocks found. Please use 'create_clock' or 'create_generated_clock' command to create clocks. [/cluster/home/eirikwit/vortex-gpgpu/chipyard/sims/firesim/sim/generated-src/alveo/FireSim-FireSimV1S1C0L3-BaseF1Config1Mem_F25MHz/u250/design/firesim_impl.xdc:4]
[2025-09-15 02:16:52] CRITICAL WARNING: [Vivado 12-4739] set_multicycle_path:No valid object(s) found for '-from [get_clocks buildtop_reference_clock]'. [/cluster/home/eirikwit/vortex-gpgpu/chipyard/sims/firesim/sim/generated-src/alveo/FireSim-FireSimV1S1C0L3-BaseF1Config1Mem_F25MHz/u250/design/firesim_impl.xdc:4]
[2025-09-15 02:16:52] Resolution: Check if the specified object(s) exists in the current design. If it does, ensure that the correct design hierarchy was specified for the object. If you are working with clocks, make sure create_clock was used to create the clock object before it is referenced.
[2025-09-15 02:16:52] WARNING: [Vivado 12-627] No clocks matched 'buildtop_reference_clock'. [/cluster/home/eirikwit/vortex-gpgpu/chipyard/sims/firesim/sim/generated-src/alveo/FireSim-FireSimV1S1C0L3-BaseF1Config1Mem_F25MHz/u250/design/firesim_impl.xdc:5]
[2025-09-15 02:16:52] INFO: [Vivado 12-626] No clocks found. Please use 'create_clock' or 'create_generated_clock' command to create clocks. [/cluster/home/eirikwit/vortex-gpgpu/chipyard/sims/firesim/sim/generated-src/alveo/FireSim-FireSimV1S1C0L3-BaseF1Config1Mem_F25MHz/u250/design/firesim_impl.xdc:5]
[2025-09-15 02:16:52] WARNING: [Vivado 12-627] No clocks matched 'buildtop_reference_clock'. [/cluster/home/eirikwit/vortex-gpgpu/chipyard/sims/firesim/sim/generated-src/alveo/FireSim-FireSimV1S1C0L3-BaseF1Config1Mem_F25MHz/u250/design/firesim_impl.xdc:5]
[2025-09-15 02:16:52] INFO: [Vivado 12-626] No clocks found. Please use 'create_clock' or 'create_generated_clock' command to create clocks. [/cluster/home/eirikwit/vortex-gpgpu/chipyard/sims/firesim/sim/generated-src/alveo/FireSim-FireSimV1S1C0L3-BaseF1Config1Mem_F25MHz/u250/design/firesim_impl.xdc:5]
[2025-09-15 02:16:52] CRITICAL WARNING: [Vivado 12-4739] set_multicycle_path:No valid object(s) found for '-from [get_clocks buildtop_reference_clock]'. [/cluster/home/eirikwit/vortex-gpgpu/chipyard/sims/firesim/sim/generated-src/alveo/FireSim-FireSimV1S1C0L3-BaseF1Config1Mem_F25MHz/u250/design/firesim_impl.xdc:5]
[2025-09-15 02:16:52] Resolution: Check if the specified object(s) exists in the current design. If it does, ensure that the correct design hierarchy was specified for the object. If you are working with clocks, make sure create_clock was used to create the clock object before it is referenced.
[2025-09-15 02:16:52] Finished Parsing XDC File [/cluster/home/eirikwit/vortex-gpgpu/chipyard/sims/firesim/sim/generated-src/alveo/FireSim-FireSimV1S1C0L3-BaseF1Config1Mem_F25MHz/u250/design/firesim_impl.xdc]
[2025-09-15 02:16:52] Parsing XDC File [/cluster/home/eirikwit/vortex-gpgpu/chipyard/sims/firesim/sim/generated-src/alveo/FireSim-FireSimV1S1C0L3-BaseF1Config1Mem_F25MHz/u250/vivado_proj/firesim.gen/sources_1/bd/design_1/ip/design_1_axi_clock_converter_0_0/design_1_axi_clock_converter_0_0_clocks.xdc] for cell 'design_1_i/axi_clock_converter_0/inst'
[2025-09-15 02:16:52] Finished Parsing XDC File [/cluster/home/eirikwit/vortex-gpgpu/chipyard/sims/firesim/sim/generated-src/alveo/FireSim-FireSimV1S1C0L3-BaseF1Config1Mem_F25MHz/u250/vivado_proj/firesim.gen/sources_1/bd/design_1/ip/design_1_axi_clock_converter_0_0/design_1_axi_clock_converter_0_0_clocks.xdc] for cell 'design_1_i/axi_clock_converter_0/inst'
[2025-09-15 02:16:52] Parsing XDC File [/cluster/home/eirikwit/vortex-gpgpu/chipyard/sims/firesim/sim/generated-src/alveo/FireSim-FireSimV1S1C0L3-BaseF1Config1Mem_F25MHz/u250/vivado_proj/firesim.gen/sources_1/bd/design_1/ip/design_1_axi_clock_converter_1_0/design_1_axi_clock_converter_1_0_clocks.xdc] for cell 'design_1_i/axi_clock_converter_1/inst'
[2025-09-15 02:16:52] WARNING: [Vivado_Tcl 4-921] Waiver ID 'CDC-10' -to list should not be empty. [/cluster/home/eirikwit/vortex-gpgpu/chipyard/sims/firesim/sim/generated-src/alveo/FireSim-FireSimV1S1C0L3-BaseF1Config1Mem_F25MHz/u250/vivado_proj/firesim.gen/sources_1/bd/design_1/ip/design_1_axi_clock_converter_1_0/design_1_axi_clock_converter_1_0_clocks.xdc:7]
[2025-09-15 02:16:52] WARNING: [Vivado_Tcl 4-921] Waiver ID 'CDC-11' -to list should not be empty. [/cluster/home/eirikwit/vortex-gpgpu/chipyard/sims/firesim/sim/generated-src/alveo/FireSim-FireSimV1S1C0L3-BaseF1Config1Mem_F25MHz/u250/vivado_proj/firesim.gen/sources_1/bd/design_1/ip/design_1_axi_clock_converter_1_0/design_1_axi_clock_converter_1_0_clocks.xdc:10]
[2025-09-15 02:16:52] WARNING: [Vivado_Tcl 4-921] Waiver ID 'CDC-15' -to list should not be empty. [/cluster/home/eirikwit/vortex-gpgpu/chipyard/sims/firesim/sim/generated-src/alveo/FireSim-FireSimV1S1C0L3-BaseF1Config1Mem_F25MHz/u250/vivado_proj/firesim.gen/sources_1/bd/design_1/ip/design_1_axi_clock_converter_1_0/design_1_axi_clock_converter_1_0_clocks.xdc:13]
[2025-09-15 02:16:52] WARNING: [Vivado_Tcl 4-939] Waiver ID 'LUTAR-1' object list should not be empty (perhaps an invalid wildcard was used or only unsupported objects). [/cluster/home/eirikwit/vortex-gpgpu/chipyard/sims/firesim/sim/generated-src/alveo/FireSim-FireSimV1S1C0L3-BaseF1Config1Mem_F25MHz/u250/vivado_proj/firesim.gen/sources_1/bd/design_1/ip/design_1_axi_clock_converter_1_0/design_1_axi_clock_converter_1_0_clocks.xdc:17]
[2025-09-15 02:16:52] Finished Parsing XDC File [/cluster/home/eirikwit/vortex-gpgpu/chipyard/sims/firesim/sim/generated-src/alveo/FireSim-FireSimV1S1C0L3-BaseF1Config1Mem_F25MHz/u250/vivado_proj/firesim.gen/sources_1/bd/design_1/ip/design_1_axi_clock_converter_1_0/design_1_axi_clock_converter_1_0_clocks.xdc] for cell 'design_1_i/axi_clock_converter_1/inst'
[2025-09-15 02:16:52] Parsing XDC File [/cluster/home/eirikwit/vortex-gpgpu/chipyard/sims/firesim/sim/generated-src/alveo/FireSim-FireSimV1S1C0L3-BaseF1Config1Mem_F25MHz/u250/vivado_proj/firesim.gen/sources_1/bd/design_1/ip/design_1_axi_dwidth_converter_0_0/design_1_axi_dwidth_converter_0_0_clocks.xdc] for cell 'design_1_i/axi_dwidth_converter_0/inst'
[2025-09-15 02:16:52] Finished Parsing XDC File [/cluster/home/eirikwit/vortex-gpgpu/chipyard/sims/firesim/sim/generated-src/alveo/FireSim-FireSimV1S1C0L3-BaseF1Config1Mem_F25MHz/u250/vivado_proj/firesim.gen/sources_1/bd/design_1/ip/design_1_axi_dwidth_converter_0_0/design_1_axi_dwidth_converter_0_0_clocks.xdc] for cell 'design_1_i/axi_dwidth_converter_0/inst'
[2025-09-15 02:16:52] Parsing XDC File [/cluster/home/eirikwit/vortex-gpgpu/chipyard/sims/firesim/sim/generated-src/alveo/FireSim-FireSimV1S1C0L3-BaseF1Config1Mem_F25MHz/u250/vivado_proj/firesim.gen/sources_1/bd/design_1/ip/design_1_ddr4_0_0/design_1_ddr4_0_0_board.xdc] for cell 'design_1_i/ddr4_0/inst'
[2025-09-15 02:16:52] Finished Parsing XDC File [/cluster/home/eirikwit/vortex-gpgpu/chipyard/sims/firesim/sim/generated-src/alveo/FireSim-FireSimV1S1C0L3-BaseF1Config1Mem_F25MHz/u250/vivado_proj/firesim.gen/sources_1/bd/design_1/ip/design_1_ddr4_0_0/design_1_ddr4_0_0_board.xdc] for cell 'design_1_i/ddr4_0/inst'
[2025-09-15 02:16:52] Parsing XDC File [/cluster/home/eirikwit/vortex-gpgpu/chipyard/sims/firesim/sim/generated-src/alveo/FireSim-FireSimV1S1C0L3-BaseF1Config1Mem_F25MHz/u250/vivado_proj/firesim.gen/sources_1/bd/design_1/ip/design_1_xdma_0_0/ip_0/design_1_xdma_0_0_pcie4_ip_board.xdc] for cell 'design_1_i/xdma_0/inst/pcie4_ip_i/inst'
[2025-09-15 02:16:52] Finished Parsing XDC File [/cluster/home/eirikwit/vortex-gpgpu/chipyard/sims/firesim/sim/generated-src/alveo/FireSim-FireSimV1S1C0L3-BaseF1Config1Mem_F25MHz/u250/vivado_proj/firesim.gen/sources_1/bd/design_1/ip/design_1_xdma_0_0/ip_0/design_1_xdma_0_0_pcie4_ip_board.xdc] for cell 'design_1_i/xdma_0/inst/pcie4_ip_i/inst'
[2025-09-15 02:16:52] Parsing XDC File [/cluster/home/eirikwit/vortex-gpgpu/chipyard/sims/firesim/sim/generated-src/alveo/FireSim-FireSimV1S1C0L3-BaseF1Config1Mem_F25MHz/u250/vivado_proj/firesim.gen/sources_1/bd/design_1/ip/design_1_xdma_0_0/ip_0/synth/design_1_xdma_0_0_pcie4_ip_late.xdc] for cell 'design_1_i/xdma_0/inst/pcie4_ip_i/inst'
[2025-09-15 02:16:57] Finished Parsing XDC File [/cluster/home/eirikwit/vortex-gpgpu/chipyard/sims/firesim/sim/generated-src/alveo/FireSim-FireSimV1S1C0L3-BaseF1Config1Mem_F25MHz/u250/vivado_proj/firesim.gen/sources_1/bd/design_1/ip/design_1_xdma_0_0/ip_0/synth/design_1_xdma_0_0_pcie4_ip_late.xdc] for cell 'design_1_i/xdma_0/inst/pcie4_ip_i/inst'
[2025-09-15 02:16:57] INFO: [Project 1-1714] 104 XPM XDC files have been applied to the design.
[2025-09-15 02:16:57] INFO: [Opt 31-138] Pushed 0 inverter(s) to 0 load pin(s).
[2025-09-15 02:17:17] Generating merged BMM file for the design top 'design_1_wrapper'...
[2025-09-15 02:17:17] INFO: [Memdata 28-144] Successfully populated the BRAM INIT strings from the following elf files: /cluster/home/eirikwit/vortex-gpgpu/chipyard/sims/firesim/sim/generated-src/alveo/FireSim-FireSimV1S1C0L3-BaseF1Config1Mem_F25MHz/u250/vivado_proj/firesim.gen/sources_1/bd/design_1/ip/design_1_ddr4_0_0/sw/calibration_0/Debug/calibration_ddr.elf 
[2025-09-15 02:17:17] INFO: [Project 1-1687] 12 scoped IP constraints or related sub-commands were skipped due to synthesis logic optimizations usually triggered by constant connectivity or unconnected output pins. To review the skipped constraints and messages, run the command 'set_param netlist.IPMsgFiltering false' before opening the design.
[2025-09-15 02:17:17] Netlist sorting complete. Time (s): cpu = 00:00:00.04 ; elapsed = 00:00:00.04 . Memory (MB): peak = 6344.023 ; gain = 0.000 ; free physical = 226795 ; free virtual = 235165
[2025-09-15 02:17:17] INFO: [Project 1-111] Unisim Transformation Summary:
[2025-09-15 02:17:17]   A total of 1958 instances were transformed.
[2025-09-15 02:17:17]   DSP48E1 => DSP48E2 (DSP_ALU, DSP_A_B_DATA, DSP_C_DATA, DSP_MULTIPLIER, DSP_M_DATA, DSP_OUTPUT, DSP_PREADD, DSP_PREADD_DATA): 3 instances
[2025-09-15 02:17:17]   DSP48E2 => DSP48E2 (DSP_ALU, DSP_A_B_DATA, DSP_C_DATA, DSP_MULTIPLIER, DSP_M_DATA, DSP_OUTPUT, DSP_PREADD, DSP_PREADD_DATA): 24 instances
[2025-09-15 02:17:17]   IBUF => IBUF (IBUFCTRL, INBUF): 2 instances
[2025-09-15 02:17:17]   IBUFDS => IBUFDS (DIFFINBUF, IBUFCTRL): 1 instance 
[2025-09-15 02:17:17]   IOBUFDS => IOBUFDS (DIFFINBUF, IBUFCTRL, INV, OBUFT(x2)): 18 instances
[2025-09-15 02:17:17]   IOBUFE3 => IOBUFE3 (IBUFCTRL, INBUF, OBUFT_DCIEN): 72 instances
[2025-09-15 02:17:17]   LUT6_2 => LUT6_2 (LUT5, LUT6): 31 instances
[2025-09-15 02:17:17]   OBUFDS => OBUFDS_DUAL_BUF (INV, OBUF(x2)): 1 instance 
[2025-09-15 02:17:17]   RAM16X1D => RAM32X1D (RAMD32(x2)): 154 instances
[2025-09-15 02:17:17]   RAM16X1S => RAM32X1S (RAMS32): 45 instances
[2025-09-15 02:17:17]   RAM256X1D => RAM256X1D (MUXF7(x4), MUXF8(x2), RAMD64E(x8)): 1 instance 
[2025-09-15 02:17:17]   RAM256X1S => RAM256X1S (MUXF7(x2), MUXF8, RAMS64E(x4)): 9 instances
[2025-09-15 02:17:17]   RAM32M => RAM32M (RAMD32(x6), RAMS32(x2)): 342 instances
[2025-09-15 02:17:17]   RAM32M16 => RAM32M16 (RAMD32(x14), RAMS32(x2)): 1127 instances
[2025-09-15 02:17:17]   RAM32X1D => RAM32X1D (RAMD32(x2)): 65 instances
[2025-09-15 02:17:17]   RAM64M => RAM64M (RAMD64E(x4)): 9 instances
[2025-09-15 02:17:17]   RAM64M8 => RAM64M8 (RAMD64E(x8)): 42 instances
[2025-09-15 02:17:17]   RAM64X1D => RAM64X1D (RAMD64E(x2)): 12 instances
[2025-09-15 02:17:17] 
[2025-09-15 02:17:17] 35 Infos, 15 Warnings, 3 Critical Warnings and 0 Errors encountered.
[2025-09-15 02:17:17] link_design completed successfully
[2025-09-15 02:17:17] link_design: Time (s): cpu = 00:03:33 ; elapsed = 00:02:36 . Memory (MB): peak = 6344.023 ; gain = 4535.355 ; free physical = 226795 ; free virtual = 235166
[2025-09-15 02:17:17] source /cluster/home/eirikwit/vortex-gpgpu/vortex-ntnu/hw/syn/xilinx/firesim/pre_opt_async_bram_patch.tcl
[2025-09-15 02:17:17] INFO: Resolving asynchronous BRAM patch: 'design_1_i/firesim_wrapper_0/inst/firesim_top/top/sim/target/FireSim_/lazyModule/system/tile_prci_domain/tile_reset_domain_vortexgpgpu_tile/core/vortex_axi/vortex/g_clusters[0].cluster/g_sockets[0].socket/dcache/g_cache_wrap[0].cache_wrap/g_cache.cache/g_banks[0].bank/cache_mshr/mshr_store/g_async.g_bram.async_ram_patch'.
[2025-09-15 02:17:27] get_nets: Time (s): cpu = 00:00:08 ; elapsed = 00:00:08 . Memory (MB): peak = 6344.023 ; gain = 0.000 ; free physical = 226815 ; free virtual = 235186
[2025-09-15 02:17:32] get_nets: Time (s): cpu = 00:00:08 ; elapsed = 00:00:08 . Memory (MB): peak = 6344.023 ; gain = 0.000 ; free physical = 226837 ; free virtual = 235207
[2025-09-15 02:17:42] get_nets: Time (s): cpu = 00:00:08 ; elapsed = 00:00:08 . Memory (MB): peak = 6344.023 ; gain = 0.000 ; free physical = 226855 ; free virtual = 235226
[2025-09-15 02:17:52] get_nets: Time (s): cpu = 00:00:09 ; elapsed = 00:00:09 . Memory (MB): peak = 6344.023 ; gain = 0.000 ; free physical = 226875 ; free virtual = 235245
[2025-09-15 02:17:57] get_nets: Time (s): cpu = 00:00:09 ; elapsed = 00:00:09 . Memory (MB): peak = 6344.023 ; gain = 0.000 ; free physical = 226894 ; free virtual = 235264
[2025-09-15 02:18:07] get_nets: Time (s): cpu = 00:00:08 ; elapsed = 00:00:08 . Memory (MB): peak = 6344.023 ; gain = 0.000 ; free physical = 226914 ; free virtual = 235284
[2025-09-15 02:18:17] get_nets: Time (s): cpu = 00:00:08 ; elapsed = 00:00:09 . Memory (MB): peak = 6344.023 ; gain = 0.000 ; free physical = 226931 ; free virtual = 235301
[2025-09-15 02:18:22] get_nets: Time (s): cpu = 00:00:08 ; elapsed = 00:00:08 . Memory (MB): peak = 6344.023 ; gain = 0.000 ; free physical = 226947 ; free virtual = 235317
[2025-09-15 02:18:37] INFO: Resolving asynchronous BRAM patch: 'design_1_i/firesim_wrapper_0/inst/firesim_top/top/sim/target/FireSim_/lazyModule/system/tile_prci_domain/tile_reset_domain_vortexgpgpu_tile/core/vortex_axi/vortex/g_clusters[0].cluster/g_sockets[0].socket/dcache/g_cache_wrap[0].cache_wrap/g_cache.cache/g_banks[0].bank/cache_repl/g_enable.g_fifo.fifo_store/g_async.g_bram.async_ram_patch'.
[2025-09-15 02:18:42] get_nets: Time (s): cpu = 00:00:08 ; elapsed = 00:00:08 . Memory (MB): peak = 6344.023 ; gain = 0.000 ; free physical = 226749 ; free virtual = 235119
[2025-09-15 02:18:52] get_nets: Time (s): cpu = 00:00:08 ; elapsed = 00:00:09 . Memory (MB): peak = 6344.023 ; gain = 0.000 ; free physical = 226772 ; free virtual = 235142
[2025-09-15 02:19:02] get_nets: Time (s): cpu = 00:00:08 ; elapsed = 00:00:08 . Memory (MB): peak = 6344.023 ; gain = 0.000 ; free physical = 226790 ; free virtual = 235160
[2025-09-15 02:19:07] get_nets: Time (s): cpu = 00:00:09 ; elapsed = 00:00:09 . Memory (MB): peak = 6344.023 ; gain = 0.000 ; free physical = 226791 ; free virtual = 235161
[2025-09-15 02:19:17] get_nets: Time (s): cpu = 00:00:09 ; elapsed = 00:00:09 . Memory (MB): peak = 6344.023 ; gain = 0.000 ; free physical = 226792 ; free virtual = 235162
[2025-09-15 02:19:27] get_nets: Time (s): cpu = 00:00:09 ; elapsed = 00:00:09 . Memory (MB): peak = 6344.023 ; gain = 0.000 ; free physical = 226794 ; free virtual = 235164
[2025-09-15 02:19:32] get_nets: Time (s): cpu = 00:00:09 ; elapsed = 00:00:09 . Memory (MB): peak = 6344.023 ; gain = 0.000 ; free physical = 226795 ; free virtual = 235165
[2025-09-15 02:19:42] get_nets: Time (s): cpu = 00:00:09 ; elapsed = 00:00:09 . Memory (MB): peak = 6344.023 ; gain = 0.000 ; free physical = 226795 ; free virtual = 235165
[2025-09-15 02:19:52] get_nets: Time (s): cpu = 00:00:09 ; elapsed = 00:00:09 . Memory (MB): peak = 6344.023 ; gain = 0.000 ; free physical = 226797 ; free virtual = 235167
[2025-09-15 02:20:02] get_nets: Time (s): cpu = 00:00:08 ; elapsed = 00:00:08 . Memory (MB): peak = 6344.023 ; gain = 0.000 ; free physical = 226799 ; free virtual = 235169
[2025-09-15 02:20:07] INFO: Resolving asynchronous BRAM patch: 'design_1_i/firesim_wrapper_0/inst/firesim_top/top/sim/target/FireSim_/lazyModule/system/tile_prci_domain/tile_reset_domain_vortexgpgpu_tile/core/vortex_axi/vortex/g_clusters[0].cluster/g_sockets[0].socket/dcache/g_cache_wrap[0].cache_wrap/g_cache.cache/g_banks[0].bank/cache_tags/g_tag_store[0].tag_store/g_async.g_bram.async_ram_patch'.
[2025-09-15 02:20:17] get_nets: Time (s): cpu = 00:00:08 ; elapsed = 00:00:08 . Memory (MB): peak = 6344.023 ; gain = 0.000 ; free physical = 226800 ; free virtual = 235170
[2025-09-15 02:20:27] get_nets: Time (s): cpu = 00:00:08 ; elapsed = 00:00:08 . Memory (MB): peak = 6344.023 ; gain = 0.000 ; free physical = 226803 ; free virtual = 235173
[2025-09-15 02:20:32] get_nets: Time (s): cpu = 00:00:08 ; elapsed = 00:00:08 . Memory (MB): peak = 6344.023 ; gain = 0.000 ; free physical = 226805 ; free virtual = 235175
[2025-09-15 02:20:42] get_nets: Time (s): cpu = 00:00:08 ; elapsed = 00:00:09 . Memory (MB): peak = 6344.023 ; gain = 0.000 ; free physical = 226808 ; free virtual = 235178
[2025-09-15 02:20:53] get_nets: Time (s): cpu = 00:00:09 ; elapsed = 00:00:09 . Memory (MB): peak = 6344.023 ; gain = 0.000 ; free physical = 226811 ; free virtual = 235181
[2025-09-15 02:20:58] get_nets: Time (s): cpu = 00:00:08 ; elapsed = 00:00:09 . Memory (MB): peak = 6344.023 ; gain = 0.000 ; free physical = 226813 ; free virtual = 235183
[2025-09-15 02:21:08] get_nets: Time (s): cpu = 00:00:09 ; elapsed = 00:00:09 . Memory (MB): peak = 6344.023 ; gain = 0.000 ; free physical = 226814 ; free virtual = 235185
[2025-09-15 02:21:18] get_nets: Time (s): cpu = 00:00:08 ; elapsed = 00:00:09 . Memory (MB): peak = 6344.023 ; gain = 0.000 ; free physical = 226816 ; free virtual = 235186
[2025-09-15 02:21:23] get_nets: Time (s): cpu = 00:00:08 ; elapsed = 00:00:09 . Memory (MB): peak = 6344.023 ; gain = 0.000 ; free physical = 226819 ; free virtual = 235189
[2025-09-15 02:21:33] get_nets: Time (s): cpu = 00:00:08 ; elapsed = 00:00:08 . Memory (MB): peak = 6344.023 ; gain = 0.000 ; free physical = 226820 ; free virtual = 235190
[2025-09-15 02:21:43] INFO: Resolving asynchronous BRAM patch: 'design_1_i/firesim_wrapper_0/inst/firesim_top/top/sim/target/FireSim_/lazyModule/system/tile_prci_domain/tile_reset_domain_vortexgpgpu_tile/core/vortex_axi/vortex/g_clusters[0].cluster/g_sockets[0].socket/dcache/g_cache_wrap[0].cache_wrap/g_cache.cache/g_banks[0].bank/cache_tags/g_tag_store[1].tag_store/g_async.g_bram.async_ram_patch'.
[2025-09-15 02:21:53] get_nets: Time (s): cpu = 00:00:08 ; elapsed = 00:00:08 . Memory (MB): peak = 6344.023 ; gain = 0.000 ; free physical = 226822 ; free virtual = 235192
[2025-09-15 02:22:03] get_nets: Time (s): cpu = 00:00:08 ; elapsed = 00:00:09 . Memory (MB): peak = 6344.023 ; gain = 0.000 ; free physical = 226829 ; free virtual = 235199
[2025-09-15 02:22:08] get_nets: Time (s): cpu = 00:00:08 ; elapsed = 00:00:08 . Memory (MB): peak = 6344.023 ; gain = 0.000 ; free physical = 226831 ; free virtual = 235201
[2025-09-15 02:22:18] get_nets: Time (s): cpu = 00:00:09 ; elapsed = 00:00:09 . Memory (MB): peak = 6344.023 ; gain = 0.000 ; free physical = 226832 ; free virtual = 235202
[2025-09-15 02:22:28] get_nets: Time (s): cpu = 00:00:08 ; elapsed = 00:00:09 . Memory (MB): peak = 6344.023 ; gain = 0.000 ; free physical = 226834 ; free virtual = 235204
[2025-09-15 02:22:33] get_nets: Time (s): cpu = 00:00:08 ; elapsed = 00:00:09 . Memory (MB): peak = 6344.023 ; gain = 0.000 ; free physical = 226835 ; free virtual = 235205
[2025-09-15 02:22:43] get_nets: Time (s): cpu = 00:00:09 ; elapsed = 00:00:09 . Memory (MB): peak = 6344.023 ; gain = 0.000 ; free physical = 226836 ; free virtual = 235206
[2025-09-15 02:22:53] get_nets: Time (s): cpu = 00:00:09 ; elapsed = 00:00:09 . Memory (MB): peak = 6344.023 ; gain = 0.000 ; free physical = 226837 ; free virtual = 235207
[2025-09-15 02:22:58] get_nets: Time (s): cpu = 00:00:08 ; elapsed = 00:00:09 . Memory (MB): peak = 6344.023 ; gain = 0.000 ; free physical = 226841 ; free virtual = 235211
[2025-09-15 02:23:08] get_nets: Time (s): cpu = 00:00:08 ; elapsed = 00:00:08 . Memory (MB): peak = 6344.023 ; gain = 0.000 ; free physical = 226844 ; free virtual = 235214
[2025-09-15 02:23:18] INFO: Resolving asynchronous BRAM patch: 'design_1_i/firesim_wrapper_0/inst/firesim_top/top/sim/target/FireSim_/lazyModule/system/tile_prci_domain/tile_reset_domain_vortexgpgpu_tile/core/vortex_axi/vortex/g_clusters[0].cluster/g_sockets[0].socket/dcache/g_cache_wrap[0].cache_wrap/g_cache.cache/g_banks[0].bank/cache_tags/g_tag_store[2].tag_store/g_async.g_bram.async_ram_patch'.
[2025-09-15 02:23:28] get_nets: Time (s): cpu = 00:00:08 ; elapsed = 00:00:09 . Memory (MB): peak = 6344.023 ; gain = 0.000 ; free physical = 226845 ; free virtual = 235216
[2025-09-15 02:23:38] get_nets: Time (s): cpu = 00:00:08 ; elapsed = 00:00:08 . Memory (MB): peak = 6344.023 ; gain = 0.000 ; free physical = 226850 ; free virtual = 235220
[2025-09-15 02:23:43] get_nets: Time (s): cpu = 00:00:09 ; elapsed = 00:00:09 . Memory (MB): peak = 6344.023 ; gain = 0.000 ; free physical = 226850 ; free virtual = 235221
[2025-09-15 02:23:53] get_nets: Time (s): cpu = 00:00:08 ; elapsed = 00:00:09 . Memory (MB): peak = 6344.023 ; gain = 0.000 ; free physical = 226852 ; free virtual = 235222
[2025-09-15 02:24:03] get_nets: Time (s): cpu = 00:00:09 ; elapsed = 00:00:09 . Memory (MB): peak = 6344.023 ; gain = 0.000 ; free physical = 226853 ; free virtual = 235223
[2025-09-15 02:24:08] get_nets: Time (s): cpu = 00:00:09 ; elapsed = 00:00:09 . Memory (MB): peak = 6344.023 ; gain = 0.000 ; free physical = 226853 ; free virtual = 235224
[2025-09-15 02:24:18] get_nets: Time (s): cpu = 00:00:08 ; elapsed = 00:00:08 . Memory (MB): peak = 6344.023 ; gain = 0.000 ; free physical = 226855 ; free virtual = 235225
[2025-09-15 02:24:28] get_nets: Time (s): cpu = 00:00:08 ; elapsed = 00:00:08 . Memory (MB): peak = 6344.023 ; gain = 0.000 ; free physical = 226856 ; free virtual = 235226
[2025-09-15 02:24:33] get_nets: Time (s): cpu = 00:00:08 ; elapsed = 00:00:08 . Memory (MB): peak = 6344.023 ; gain = 0.000 ; free physical = 226859 ; free virtual = 235229
[2025-09-15 02:24:43] get_nets: Time (s): cpu = 00:00:08 ; elapsed = 00:00:08 . Memory (MB): peak = 6344.023 ; gain = 0.000 ; free physical = 226862 ; free virtual = 235232
[2025-09-15 02:24:53] INFO: Resolving asynchronous BRAM patch: 'design_1_i/firesim_wrapper_0/inst/firesim_top/top/sim/target/FireSim_/lazyModule/system/tile_prci_domain/tile_reset_domain_vortexgpgpu_tile/core/vortex_axi/vortex/g_clusters[0].cluster/g_sockets[0].socket/dcache/g_cache_wrap[0].cache_wrap/g_cache.cache/g_banks[0].bank/cache_tags/g_tag_store[3].tag_store/g_async.g_bram.async_ram_patch'.
[2025-09-15 02:24:58] get_nets: Time (s): cpu = 00:00:08 ; elapsed = 00:00:08 . Memory (MB): peak = 6344.023 ; gain = 0.000 ; free physical = 226870 ; free virtual = 235240
[2025-09-15 02:25:08] get_nets: Time (s): cpu = 00:00:08 ; elapsed = 00:00:09 . Memory (MB): peak = 6344.023 ; gain = 0.000 ; free physical = 226900 ; free virtual = 235270
[2025-09-15 02:25:18] get_nets: Time (s): cpu = 00:00:08 ; elapsed = 00:00:08 . Memory (MB): peak = 6344.023 ; gain = 0.000 ; free physical = 226904 ; free virtual = 235274
[2025-09-15 02:25:28] get_nets: Time (s): cpu = 00:00:09 ; elapsed = 00:00:09 . Memory (MB): peak = 6344.023 ; gain = 0.000 ; free physical = 226904 ; free virtual = 235274
[2025-09-15 02:25:33] get_nets: Time (s): cpu = 00:00:08 ; elapsed = 00:00:08 . Memory (MB): peak = 6344.023 ; gain = 0.000 ; free physical = 226908 ; free virtual = 235279
[2025-09-15 02:25:43] get_nets: Time (s): cpu = 00:00:08 ; elapsed = 00:00:09 . Memory (MB): peak = 6344.023 ; gain = 0.000 ; free physical = 226911 ; free virtual = 235281
[2025-09-15 02:25:53] get_nets: Time (s): cpu = 00:00:09 ; elapsed = 00:00:09 . Memory (MB): peak = 6344.023 ; gain = 0.000 ; free physical = 226913 ; free virtual = 235284
[2025-09-15 02:25:58] get_nets: Time (s): cpu = 00:00:08 ; elapsed = 00:00:08 . Memory (MB): peak = 6344.023 ; gain = 0.000 ; free physical = 226914 ; free virtual = 235285
[2025-09-15 02:26:08] get_nets: Time (s): cpu = 00:00:08 ; elapsed = 00:00:08 . Memory (MB): peak = 6344.023 ; gain = 0.000 ; free physical = 226925 ; free virtual = 235296
[2025-09-15 02:26:18] get_nets: Time (s): cpu = 00:00:08 ; elapsed = 00:00:08 . Memory (MB): peak = 6344.023 ; gain = 0.000 ; free physical = 226931 ; free virtual = 235302
[2025-09-15 02:26:29] INFO: Resolving asynchronous BRAM patch: 'design_1_i/firesim_wrapper_0/inst/firesim_top/top/sim/target/FireSim_/lazyModule/system/tile_prci_domain/tile_reset_domain_vortexgpgpu_tile/core/vortex_axi/vortex/g_clusters[0].cluster/g_sockets[0].socket/dcache/g_cache_wrap[0].cache_wrap/g_cache.cache/g_banks[0].bank/mem_req_queue/g_depth_n.dp_ram/g_async.g_bram.async_ram_patch'.
[2025-09-15 02:26:34] get_nets: Time (s): cpu = 00:00:08 ; elapsed = 00:00:08 . Memory (MB): peak = 6344.023 ; gain = 0.000 ; free physical = 226909 ; free virtual = 235279
[2025-09-15 02:26:44] get_nets: Time (s): cpu = 00:00:08 ; elapsed = 00:00:08 . Memory (MB): peak = 6344.023 ; gain = 0.000 ; free physical = 226935 ; free virtual = 235305
[2025-09-15 02:26:54] get_nets: Time (s): cpu = 00:00:08 ; elapsed = 00:00:08 . Memory (MB): peak = 6344.023 ; gain = 0.000 ; free physical = 226935 ; free virtual = 235306
[2025-09-15 02:27:04] get_nets: Time (s): cpu = 00:00:08 ; elapsed = 00:00:09 . Memory (MB): peak = 6344.023 ; gain = 0.000 ; free physical = 226935 ; free virtual = 235306
[2025-09-15 02:27:09] get_nets: Time (s): cpu = 00:00:09 ; elapsed = 00:00:09 . Memory (MB): peak = 6344.023 ; gain = 0.000 ; free physical = 226936 ; free virtual = 235307
[2025-09-15 02:27:19] get_nets: Time (s): cpu = 00:00:08 ; elapsed = 00:00:08 . Memory (MB): peak = 6344.023 ; gain = 0.000 ; free physical = 226936 ; free virtual = 235306
[2025-09-15 02:27:29] INFO: Resolving asynchronous BRAM patch: 'design_1_i/firesim_wrapper_0/inst/firesim_top/top/sim/target/FireSim_/lazyModule/system/tile_prci_domain/tile_reset_domain_vortexgpgpu_tile/core/vortex_axi/vortex/g_clusters[0].cluster/g_sockets[0].socket/dcache/g_cache_wrap[0].cache_wrap/g_cache.cache/g_mem_rsp_queue[0].mem_rsp_queue/g_ebN.fifo_queue/g_depth_n.dp_ram/g_async.g_bram.async_ram_patch'.
[2025-09-15 02:27:39] get_nets: Time (s): cpu = 00:00:08 ; elapsed = 00:00:09 . Memory (MB): peak = 6344.023 ; gain = 0.000 ; free physical = 226914 ; free virtual = 235284
[2025-09-15 02:27:44] get_nets: Time (s): cpu = 00:00:08 ; elapsed = 00:00:08 . Memory (MB): peak = 6344.023 ; gain = 0.000 ; free physical = 226938 ; free virtual = 235308
[2025-09-15 02:27:54] get_nets: Time (s): cpu = 00:00:08 ; elapsed = 00:00:08 . Memory (MB): peak = 6344.023 ; gain = 0.000 ; free physical = 226939 ; free virtual = 235310
[2025-09-15 02:28:04] get_nets: Time (s): cpu = 00:00:09 ; elapsed = 00:00:09 . Memory (MB): peak = 6344.023 ; gain = 0.000 ; free physical = 226940 ; free virtual = 235310
[2025-09-15 02:28:14] get_nets: Time (s): cpu = 00:00:09 ; elapsed = 00:00:09 . Memory (MB): peak = 6344.023 ; gain = 0.000 ; free physical = 226940 ; free virtual = 235310
[2025-09-15 02:28:19] get_nets: Time (s): cpu = 00:00:08 ; elapsed = 00:00:09 . Memory (MB): peak = 6344.023 ; gain = 0.000 ; free physical = 226940 ; free virtual = 235311
[2025-09-15 02:28:29] INFO: Resolving asynchronous BRAM patch: 'design_1_i/firesim_wrapper_0/inst/firesim_top/top/sim/target/FireSim_/lazyModule/system/tile_prci_domain/tile_reset_domain_vortexgpgpu_tile/core/vortex_axi/vortex/g_clusters[0].cluster/g_sockets[0].socket/g_cores[0].core/issue/g_slices[0].issue_slice/ibuffer/g_instr_bufs[0].instr_buf/g_ebN.fifo_queue/g_depth_n.dp_ram/g_async.g_bram.async_ram_patch'.
[2025-09-15 02:28:39] get_nets: Time (s): cpu = 00:00:09 ; elapsed = 00:00:09 . Memory (MB): peak = 6344.023 ; gain = 0.000 ; free physical = 226915 ; free virtual = 235285
[2025-09-15 02:28:49] get_nets: Time (s): cpu = 00:00:08 ; elapsed = 00:00:08 . Memory (MB): peak = 6344.023 ; gain = 0.000 ; free physical = 226941 ; free virtual = 235311
[2025-09-15 02:28:54] get_nets: Time (s): cpu = 00:00:08 ; elapsed = 00:00:08 . Memory (MB): peak = 6344.023 ; gain = 0.000 ; free physical = 226942 ; free virtual = 235312
[2025-09-15 02:29:04] get_nets: Time (s): cpu = 00:00:09 ; elapsed = 00:00:09 . Memory (MB): peak = 6344.023 ; gain = 0.000 ; free physical = 226943 ; free virtual = 235313
[2025-09-15 02:29:14] get_nets: Time (s): cpu = 00:00:09 ; elapsed = 00:00:09 . Memory (MB): peak = 6344.023 ; gain = 0.000 ; free physical = 226943 ; free virtual = 235314
[2025-09-15 02:29:19] get_nets: Time (s): cpu = 00:00:08 ; elapsed = 00:00:08 . Memory (MB): peak = 6344.023 ; gain = 0.000 ; free physical = 226943 ; free virtual = 235313
[2025-09-15 02:29:34] INFO: Resolving asynchronous BRAM patch: 'design_1_i/firesim_wrapper_0/inst/firesim_top/top/sim/target/FireSim_/lazyModule/system/tile_prci_domain/tile_reset_domain_vortexgpgpu_tile/core/vortex_axi/vortex/g_clusters[0].cluster/g_sockets[0].socket/g_cores[0].core/issue/g_slices[0].issue_slice/ibuffer/g_instr_bufs[1].instr_buf/g_ebN.fifo_queue/g_depth_n.dp_ram/g_async.g_bram.async_ram_patch'.
[2025-09-15 02:29:39] get_nets: Time (s): cpu = 00:00:08 ; elapsed = 00:00:09 . Memory (MB): peak = 6344.023 ; gain = 0.000 ; free physical = 226920 ; free virtual = 235291
[2025-09-15 02:29:49] get_nets: Time (s): cpu = 00:00:08 ; elapsed = 00:00:08 . Memory (MB): peak = 6344.023 ; gain = 0.000 ; free physical = 226923 ; free virtual = 235294
[2025-09-15 02:29:59] get_nets: Time (s): cpu = 00:00:08 ; elapsed = 00:00:08 . Memory (MB): peak = 6344.023 ; gain = 0.000 ; free physical = 226924 ; free virtual = 235294
[2025-09-15 02:30:04] get_nets: Time (s): cpu = 00:00:09 ; elapsed = 00:00:09 . Memory (MB): peak = 6344.023 ; gain = 0.000 ; free physical = 226924 ; free virtual = 235294
[2025-09-15 02:30:14] get_nets: Time (s): cpu = 00:00:09 ; elapsed = 00:00:09 . Memory (MB): peak = 6344.023 ; gain = 0.000 ; free physical = 226924 ; free virtual = 235295
[2025-09-15 02:30:24] get_nets: Time (s): cpu = 00:00:08 ; elapsed = 00:00:09 . Memory (MB): peak = 6344.023 ; gain = 0.000 ; free physical = 226925 ; free virtual = 235296
[2025-09-15 02:30:34] INFO: Resolving asynchronous BRAM patch: 'design_1_i/firesim_wrapper_0/inst/firesim_top/top/sim/target/FireSim_/lazyModule/system/tile_prci_domain/tile_reset_domain_vortexgpgpu_tile/core/vortex_axi/vortex/g_clusters[0].cluster/g_sockets[0].socket/g_cores[0].core/issue/g_slices[0].issue_slice/ibuffer/g_instr_bufs[2].instr_buf/g_ebN.fifo_queue/g_depth_n.dp_ram/g_async.g_bram.async_ram_patch'.
[2025-09-15 02:30:39] get_nets: Time (s): cpu = 00:00:08 ; elapsed = 00:00:08 . Memory (MB): peak = 6344.023 ; gain = 0.000 ; free physical = 226923 ; free virtual = 235294
[2025-09-15 02:30:49] get_nets: Time (s): cpu = 00:00:08 ; elapsed = 00:00:08 . Memory (MB): peak = 6344.023 ; gain = 0.000 ; free physical = 226949 ; free virtual = 235319
[2025-09-15 02:30:59] get_nets: Time (s): cpu = 00:00:08 ; elapsed = 00:00:09 . Memory (MB): peak = 6344.023 ; gain = 0.000 ; free physical = 226950 ; free virtual = 235320
[2025-09-15 02:31:09] get_nets: Time (s): cpu = 00:00:09 ; elapsed = 00:00:09 . Memory (MB): peak = 6344.023 ; gain = 0.000 ; free physical = 226950 ; free virtual = 235321
[2025-09-15 02:31:14] get_nets: Time (s): cpu = 00:00:09 ; elapsed = 00:00:09 . Memory (MB): peak = 6344.023 ; gain = 0.000 ; free physical = 226951 ; free virtual = 235321
[2025-09-15 02:31:24] get_nets: Time (s): cpu = 00:00:08 ; elapsed = 00:00:08 . Memory (MB): peak = 6344.023 ; gain = 0.000 ; free physical = 226951 ; free virtual = 235321
[2025-09-15 02:31:34] INFO: Resolving asynchronous BRAM patch: 'design_1_i/firesim_wrapper_0/inst/firesim_top/top/sim/target/FireSim_/lazyModule/system/tile_prci_domain/tile_reset_domain_vortexgpgpu_tile/core/vortex_axi/vortex/g_clusters[0].cluster/g_sockets[0].socket/g_cores[0].core/issue/g_slices[0].issue_slice/ibuffer/g_instr_bufs[3].instr_buf/g_ebN.fifo_queue/g_depth_n.dp_ram/g_async.g_bram.async_ram_patch'.
[2025-09-15 02:31:44] get_nets: Time (s): cpu = 00:00:08 ; elapsed = 00:00:08 . Memory (MB): peak = 6344.023 ; gain = 0.000 ; free physical = 226926 ; free virtual = 235296
[2025-09-15 02:31:49] get_nets: Time (s): cpu = 00:00:08 ; elapsed = 00:00:08 . Memory (MB): peak = 6344.023 ; gain = 0.000 ; free physical = 226930 ; free virtual = 235300
[2025-09-15 02:32:00] get_nets: Time (s): cpu = 00:00:08 ; elapsed = 00:00:08 . Memory (MB): peak = 6344.023 ; gain = 0.000 ; free physical = 226931 ; free virtual = 235302
[2025-09-15 02:32:10] get_nets: Time (s): cpu = 00:00:08 ; elapsed = 00:00:09 . Memory (MB): peak = 6344.023 ; gain = 0.000 ; free physical = 226932 ; free virtual = 235303
[2025-09-15 02:32:15] get_nets: Time (s): cpu = 00:00:08 ; elapsed = 00:00:09 . Memory (MB): peak = 6344.023 ; gain = 0.000 ; free physical = 226932 ; free virtual = 235303
[2025-09-15 02:32:25] get_nets: Time (s): cpu = 00:00:08 ; elapsed = 00:00:08 . Memory (MB): peak = 6344.023 ; gain = 0.000 ; free physical = 226933 ; free virtual = 235303
[2025-09-15 02:32:35] INFO: Resolving asynchronous BRAM patch: 'design_1_i/firesim_wrapper_0/inst/firesim_top/top/sim/target/FireSim_/lazyModule/system/tile_prci_domain/tile_reset_domain_vortexgpgpu_tile/core/vortex_axi/vortex/g_clusters[0].cluster/g_sockets[0].socket/icache/g_cache_wrap[0].cache_wrap/g_cache.cache/g_banks[0].bank/cache_mshr/mshr_store/g_async.g_bram.async_ram_patch'.
[2025-09-15 02:32:45] get_nets: Time (s): cpu = 00:00:08 ; elapsed = 00:00:08 . Memory (MB): peak = 6344.023 ; gain = 0.000 ; free physical = 226930 ; free virtual = 235300
[2025-09-15 02:32:55] get_nets: Time (s): cpu = 00:00:08 ; elapsed = 00:00:08 . Memory (MB): peak = 6344.023 ; gain = 0.000 ; free physical = 226934 ; free virtual = 235304
[2025-09-15 02:33:00] get_nets: Time (s): cpu = 00:00:08 ; elapsed = 00:00:08 . Memory (MB): peak = 6344.023 ; gain = 0.000 ; free physical = 226935 ; free virtual = 235306
[2025-09-15 02:33:10] get_nets: Time (s): cpu = 00:00:08 ; elapsed = 00:00:09 . Memory (MB): peak = 6344.023 ; gain = 0.000 ; free physical = 226936 ; free virtual = 235307
[2025-09-15 02:33:20] get_nets: Time (s): cpu = 00:00:08 ; elapsed = 00:00:09 . Memory (MB): peak = 6344.023 ; gain = 0.000 ; free physical = 226936 ; free virtual = 235307
[2025-09-15 02:33:25] get_nets: Time (s): cpu = 00:00:08 ; elapsed = 00:00:09 . Memory (MB): peak = 6344.023 ; gain = 0.000 ; free physical = 226942 ; free virtual = 235305
[2025-09-15 02:33:35] get_nets: Time (s): cpu = 00:00:08 ; elapsed = 00:00:09 . Memory (MB): peak = 6344.023 ; gain = 0.000 ; free physical = 226943 ; free virtual = 235305
[2025-09-15 02:33:45] get_nets: Time (s): cpu = 00:00:08 ; elapsed = 00:00:08 . Memory (MB): peak = 6344.023 ; gain = 0.000 ; free physical = 226944 ; free virtual = 235306
[2025-09-15 02:33:55] INFO: Resolving asynchronous BRAM patch: 'design_1_i/firesim_wrapper_0/inst/firesim_top/top/sim/target/FireSim_/lazyModule/system/tile_prci_domain/tile_reset_domain_vortexgpgpu_tile/core/vortex_axi/vortex/g_clusters[0].cluster/g_sockets[0].socket/icache/g_cache_wrap[0].cache_wrap/g_cache.cache/g_banks[0].bank/cache_repl/g_enable.g_fifo.fifo_store/g_async.g_bram.async_ram_patch'.
[2025-09-15 02:34:00] get_nets: Time (s): cpu = 00:00:08 ; elapsed = 00:00:08 . Memory (MB): peak = 6344.023 ; gain = 0.000 ; free physical = 226946 ; free virtual = 235308
[2025-09-15 02:34:10] get_nets: Time (s): cpu = 00:00:08 ; elapsed = 00:00:08 . Memory (MB): peak = 6344.023 ; gain = 0.000 ; free physical = 226949 ; free virtual = 235311
[2025-09-15 02:34:20] get_nets: Time (s): cpu = 00:00:08 ; elapsed = 00:00:08 . Memory (MB): peak = 6344.023 ; gain = 0.000 ; free physical = 226950 ; free virtual = 235313
[2025-09-15 02:34:30] get_nets: Time (s): cpu = 00:00:08 ; elapsed = 00:00:09 . Memory (MB): peak = 6344.023 ; gain = 0.000 ; free physical = 226995 ; free virtual = 235313
[2025-09-15 02:34:35] get_nets: Time (s): cpu = 00:00:08 ; elapsed = 00:00:09 . Memory (MB): peak = 6344.023 ; gain = 0.000 ; free physical = 226995 ; free virtual = 235314
[2025-09-15 02:34:45] get_nets: Time (s): cpu = 00:00:08 ; elapsed = 00:00:09 . Memory (MB): peak = 6344.023 ; gain = 0.000 ; free physical = 226995 ; free virtual = 235314
[2025-09-15 02:34:55] get_nets: Time (s): cpu = 00:00:08 ; elapsed = 00:00:08 . Memory (MB): peak = 6344.023 ; gain = 0.000 ; free physical = 226996 ; free virtual = 235315
[2025-09-15 02:35:00] get_nets: Time (s): cpu = 00:00:08 ; elapsed = 00:00:08 . Memory (MB): peak = 6344.023 ; gain = 0.000 ; free physical = 226996 ; free virtual = 235315
[2025-09-15 02:35:10] get_nets: Time (s): cpu = 00:00:09 ; elapsed = 00:00:09 . Memory (MB): peak = 6344.023 ; gain = 0.000 ; free physical = 226997 ; free virtual = 235316
[2025-09-15 02:35:20] get_nets: Time (s): cpu = 00:00:08 ; elapsed = 00:00:09 . Memory (MB): peak = 6344.023 ; gain = 0.000 ; free physical = 226997 ; free virtual = 235316
[2025-09-15 02:35:25] INFO: Resolving asynchronous BRAM patch: 'design_1_i/firesim_wrapper_0/inst/firesim_top/top/sim/target/FireSim_/lazyModule/system/tile_prci_domain/tile_reset_domain_vortexgpgpu_tile/core/vortex_axi/vortex/g_clusters[0].cluster/g_sockets[0].socket/icache/g_cache_wrap[0].cache_wrap/g_cache.cache/g_banks[0].bank/cache_tags/g_tag_store[0].tag_store/g_async.g_bram.async_ram_patch'.
[2025-09-15 02:35:35] get_nets: Time (s): cpu = 00:00:08 ; elapsed = 00:00:09 . Memory (MB): peak = 6344.023 ; gain = 0.000 ; free physical = 226996 ; free virtual = 235315
[2025-09-15 02:35:45] get_nets: Time (s): cpu = 00:00:08 ; elapsed = 00:00:08 . Memory (MB): peak = 6344.023 ; gain = 0.000 ; free physical = 227021 ; free virtual = 235340
[2025-09-15 02:35:50] get_nets: Time (s): cpu = 00:00:08 ; elapsed = 00:00:08 . Memory (MB): peak = 6344.023 ; gain = 0.000 ; free physical = 227021 ; free virtual = 235340
[2025-09-15 02:36:00] get_nets: Time (s): cpu = 00:00:08 ; elapsed = 00:00:09 . Memory (MB): peak = 6344.023 ; gain = 0.000 ; free physical = 227021 ; free virtual = 235340
[2025-09-15 02:36:10] get_nets: Time (s): cpu = 00:00:09 ; elapsed = 00:00:09 . Memory (MB): peak = 6344.023 ; gain = 0.000 ; free physical = 227021 ; free virtual = 235339
[2025-09-15 02:36:20] get_nets: Time (s): cpu = 00:00:08 ; elapsed = 00:00:09 . Memory (MB): peak = 6344.023 ; gain = 0.000 ; free physical = 227022 ; free virtual = 235341
[2025-09-15 02:36:25] get_nets: Time (s): cpu = 00:00:09 ; elapsed = 00:00:09 . Memory (MB): peak = 6344.023 ; gain = 0.000 ; free physical = 227023 ; free virtual = 235341
[2025-09-15 02:36:35] get_nets: Time (s): cpu = 00:00:08 ; elapsed = 00:00:09 . Memory (MB): peak = 6344.023 ; gain = 0.000 ; free physical = 227023 ; free virtual = 235342
[2025-09-15 02:36:45] get_nets: Time (s): cpu = 00:00:09 ; elapsed = 00:00:09 . Memory (MB): peak = 6344.023 ; gain = 0.000 ; free physical = 227023 ; free virtual = 235341
[2025-09-15 02:36:50] get_nets: Time (s): cpu = 00:00:08 ; elapsed = 00:00:09 . Memory (MB): peak = 6344.023 ; gain = 0.000 ; free physical = 227023 ; free virtual = 235342
[2025-09-15 02:37:00] INFO: Resolving asynchronous BRAM patch: 'design_1_i/firesim_wrapper_0/inst/firesim_top/top/sim/target/FireSim_/lazyModule/system/tile_prci_domain/tile_reset_domain_vortexgpgpu_tile/core/vortex_axi/vortex/g_clusters[0].cluster/g_sockets[0].socket/icache/g_cache_wrap[0].cache_wrap/g_cache.cache/g_banks[0].bank/cache_tags/g_tag_store[1].tag_store/g_async.g_bram.async_ram_patch'.
[2025-09-15 02:37:10] get_nets: Time (s): cpu = 00:00:08 ; elapsed = 00:00:08 . Memory (MB): peak = 6344.023 ; gain = 0.000 ; free physical = 227000 ; free virtual = 235318
[2025-09-15 02:37:20] get_nets: Time (s): cpu = 00:00:08 ; elapsed = 00:00:08 . Memory (MB): peak = 6344.023 ; gain = 0.000 ; free physical = 227024 ; free virtual = 235342
[2025-09-15 02:37:30] get_nets: Time (s): cpu = 00:00:08 ; elapsed = 00:00:08 . Memory (MB): peak = 6344.023 ; gain = 0.000 ; free physical = 227024 ; free virtual = 235343
[2025-09-15 02:37:36] get_nets: Time (s): cpu = 00:00:08 ; elapsed = 00:00:09 . Memory (MB): peak = 6344.023 ; gain = 0.000 ; free physical = 227024 ; free virtual = 235343
[2025-09-15 02:37:46] get_nets: Time (s): cpu = 00:00:09 ; elapsed = 00:00:09 . Memory (MB): peak = 6344.023 ; gain = 0.000 ; free physical = 227025 ; free virtual = 235343
[2025-09-15 02:37:56] get_nets: Time (s): cpu = 00:00:08 ; elapsed = 00:00:09 . Memory (MB): peak = 6344.023 ; gain = 0.000 ; free physical = 227024 ; free virtual = 235343
[2025-09-15 02:38:01] get_nets: Time (s): cpu = 00:00:08 ; elapsed = 00:00:09 . Memory (MB): peak = 6344.023 ; gain = 0.000 ; free physical = 227025 ; free virtual = 235344
[2025-09-15 02:38:11] get_nets: Time (s): cpu = 00:00:08 ; elapsed = 00:00:08 . Memory (MB): peak = 6344.023 ; gain = 0.000 ; free physical = 227025 ; free virtual = 235343
[2025-09-15 02:38:21] get_nets: Time (s): cpu = 00:00:08 ; elapsed = 00:00:09 . Memory (MB): peak = 6344.023 ; gain = 0.000 ; free physical = 227025 ; free virtual = 235344
[2025-09-15 02:38:26] get_nets: Time (s): cpu = 00:00:08 ; elapsed = 00:00:08 . Memory (MB): peak = 6344.023 ; gain = 0.000 ; free physical = 227026 ; free virtual = 235345
[2025-09-15 02:38:36] INFO: Resolving asynchronous BRAM patch: 'design_1_i/firesim_wrapper_0/inst/firesim_top/top/sim/target/FireSim_/lazyModule/system/tile_prci_domain/tile_reset_domain_vortexgpgpu_tile/core/vortex_axi/vortex/g_clusters[0].cluster/g_sockets[0].socket/icache/g_cache_wrap[0].cache_wrap/g_cache.cache/g_banks[0].bank/cache_tags/g_tag_store[2].tag_store/g_async.g_bram.async_ram_patch'.
[2025-09-15 02:38:46] get_nets: Time (s): cpu = 00:00:08 ; elapsed = 00:00:09 . Memory (MB): peak = 6344.023 ; gain = 0.000 ; free physical = 227003 ; free virtual = 235322
[2025-09-15 02:38:56] get_nets: Time (s): cpu = 00:00:09 ; elapsed = 00:00:09 . Memory (MB): peak = 6344.023 ; gain = 0.000 ; free physical = 227028 ; free virtual = 235346
[2025-09-15 02:39:06] get_nets: Time (s): cpu = 00:00:08 ; elapsed = 00:00:08 . Memory (MB): peak = 6344.023 ; gain = 0.000 ; free physical = 227027 ; free virtual = 235345
[2025-09-15 02:39:11] get_nets: Time (s): cpu = 00:00:09 ; elapsed = 00:00:09 . Memory (MB): peak = 6344.023 ; gain = 0.000 ; free physical = 227027 ; free virtual = 235346
[2025-09-15 02:39:21] get_nets: Time (s): cpu = 00:00:09 ; elapsed = 00:00:09 . Memory (MB): peak = 6344.023 ; gain = 0.000 ; free physical = 227028 ; free virtual = 235346
[2025-09-15 02:39:31] get_nets: Time (s): cpu = 00:00:08 ; elapsed = 00:00:09 . Memory (MB): peak = 6344.023 ; gain = 0.000 ; free physical = 227028 ; free virtual = 235347
[2025-09-15 02:39:36] get_nets: Time (s): cpu = 00:00:09 ; elapsed = 00:00:09 . Memory (MB): peak = 6344.023 ; gain = 0.000 ; free physical = 227028 ; free virtual = 235347
[2025-09-15 02:39:46] get_nets: Time (s): cpu = 00:00:09 ; elapsed = 00:00:09 . Memory (MB): peak = 6344.023 ; gain = 0.000 ; free physical = 227029 ; free virtual = 235348
[2025-09-15 02:39:56] get_nets: Time (s): cpu = 00:00:09 ; elapsed = 00:00:09 . Memory (MB): peak = 6344.023 ; gain = 0.000 ; free physical = 227030 ; free virtual = 235348
[2025-09-15 02:40:01] get_nets: Time (s): cpu = 00:00:08 ; elapsed = 00:00:08 . Memory (MB): peak = 6344.023 ; gain = 0.000 ; free physical = 227030 ; free virtual = 235349
[2025-09-15 02:40:16] INFO: Resolving asynchronous BRAM patch: 'design_1_i/firesim_wrapper_0/inst/firesim_top/top/sim/target/FireSim_/lazyModule/system/tile_prci_domain/tile_reset_domain_vortexgpgpu_tile/core/vortex_axi/vortex/g_clusters[0].cluster/g_sockets[0].socket/icache/g_cache_wrap[0].cache_wrap/g_cache.cache/g_banks[0].bank/cache_tags/g_tag_store[3].tag_store/g_async.g_bram.async_ram_patch'.
[2025-09-15 02:40:21] get_nets: Time (s): cpu = 00:00:08 ; elapsed = 00:00:08 . Memory (MB): peak = 6344.023 ; gain = 0.000 ; free physical = 227005 ; free virtual = 235324
[2025-09-15 02:40:31] get_nets: Time (s): cpu = 00:00:08 ; elapsed = 00:00:08 . Memory (MB): peak = 6344.023 ; gain = 0.000 ; free physical = 227030 ; free virtual = 235348
[2025-09-15 02:40:41] get_nets: Time (s): cpu = 00:00:08 ; elapsed = 00:00:09 . Memory (MB): peak = 6344.023 ; gain = 0.000 ; free physical = 227031 ; free virtual = 235350
[2025-09-15 02:40:46] get_nets: Time (s): cpu = 00:00:09 ; elapsed = 00:00:09 . Memory (MB): peak = 6344.023 ; gain = 0.000 ; free physical = 227031 ; free virtual = 235350
[2025-09-15 02:40:56] get_nets: Time (s): cpu = 00:00:09 ; elapsed = 00:00:09 . Memory (MB): peak = 6344.023 ; gain = 0.000 ; free physical = 227032 ; free virtual = 235351
[2025-09-15 02:41:06] get_nets: Time (s): cpu = 00:00:08 ; elapsed = 00:00:09 . Memory (MB): peak = 6344.023 ; gain = 0.000 ; free physical = 227032 ; free virtual = 235351
[2025-09-15 02:41:11] get_nets: Time (s): cpu = 00:00:09 ; elapsed = 00:00:09 . Memory (MB): peak = 6344.023 ; gain = 0.000 ; free physical = 227033 ; free virtual = 235352
[2025-09-15 02:41:21] get_nets: Time (s): cpu = 00:00:09 ; elapsed = 00:00:09 . Memory (MB): peak = 6344.023 ; gain = 0.000 ; free physical = 227033 ; free virtual = 235352
[2025-09-15 02:41:31] get_nets: Time (s): cpu = 00:00:08 ; elapsed = 00:00:09 . Memory (MB): peak = 6344.023 ; gain = 0.000 ; free physical = 227033 ; free virtual = 235352
[2025-09-15 02:41:41] get_nets: Time (s): cpu = 00:00:08 ; elapsed = 00:00:08 . Memory (MB): peak = 6344.023 ; gain = 0.000 ; free physical = 227033 ; free virtual = 235352
[2025-09-15 02:41:51] INFO: Resolving asynchronous BRAM patch: 'design_1_i/firesim_wrapper_0/inst/firesim_top/top/sim/target/FireSim_/lazyModule/system/tile_prci_domain/tile_reset_domain_vortexgpgpu_tile/core/vortex_axi/vortex/g_clusters[0].cluster/g_sockets[0].socket/icache/g_cache_wrap[0].cache_wrap/g_cache.cache/g_banks[0].bank/mem_req_queue/g_depth_n.dp_ram/g_async.g_bram.async_ram_patch'.
[2025-09-15 02:41:56] get_nets: Time (s): cpu = 00:00:08 ; elapsed = 00:00:08 . Memory (MB): peak = 6344.023 ; gain = 0.000 ; free physical = 227009 ; free virtual = 235328
[2025-09-15 02:42:06] get_nets: Time (s): cpu = 00:00:08 ; elapsed = 00:00:08 . Memory (MB): peak = 6344.023 ; gain = 0.000 ; free physical = 227034 ; free virtual = 235353
[2025-09-15 02:42:16] get_nets: Time (s): cpu = 00:00:09 ; elapsed = 00:00:09 . Memory (MB): peak = 6344.023 ; gain = 0.000 ; free physical = 227034 ; free virtual = 235353
[2025-09-15 02:42:21] get_nets: Time (s): cpu = 00:00:09 ; elapsed = 00:00:09 . Memory (MB): peak = 6344.023 ; gain = 0.000 ; free physical = 227034 ; free virtual = 235353
[2025-09-15 02:42:31] get_nets: Time (s): cpu = 00:00:09 ; elapsed = 00:00:09 . Memory (MB): peak = 6344.023 ; gain = 0.000 ; free physical = 227034 ; free virtual = 235353
[2025-09-15 02:42:41] get_nets: Time (s): cpu = 00:00:08 ; elapsed = 00:00:09 . Memory (MB): peak = 6344.023 ; gain = 0.000 ; free physical = 227034 ; free virtual = 235353
[2025-09-15 02:42:51] INFO: Resolving asynchronous BRAM patch: 'design_1_i/firesim_wrapper_0/inst/firesim_top/top/sim/target/FireSim_/lazyModule/system/tile_prci_domain/tile_reset_domain_vortexgpgpu_tile/core/vortex_axi/vortex/g_clusters[0].cluster/l2cache/g_cache.cache/g_banks[0].bank/cache_mshr/mshr_store/g_async.g_bram.async_ram_patch'.
[2025-09-15 02:43:01] get_nets: Time (s): cpu = 00:00:08 ; elapsed = 00:00:08 . Memory (MB): peak = 6344.023 ; gain = 0.000 ; free physical = 227012 ; free virtual = 235330
[2025-09-15 02:43:06] get_nets: Time (s): cpu = 00:00:09 ; elapsed = 00:00:09 . Memory (MB): peak = 6344.023 ; gain = 0.000 ; free physical = 227035 ; free virtual = 235354
[2025-09-15 02:43:17] get_nets: Time (s): cpu = 00:00:08 ; elapsed = 00:00:09 . Memory (MB): peak = 6344.023 ; gain = 0.000 ; free physical = 227035 ; free virtual = 235354
[2025-09-15 02:43:27] get_nets: Time (s): cpu = 00:00:09 ; elapsed = 00:00:09 . Memory (MB): peak = 6344.023 ; gain = 0.000 ; free physical = 227035 ; free virtual = 235354
[2025-09-15 02:43:32] get_nets: Time (s): cpu = 00:00:09 ; elapsed = 00:00:09 . Memory (MB): peak = 6344.023 ; gain = 0.000 ; free physical = 227035 ; free virtual = 235354
[2025-09-15 02:43:42] get_nets: Time (s): cpu = 00:00:09 ; elapsed = 00:00:09 . Memory (MB): peak = 6344.023 ; gain = 0.000 ; free physical = 227035 ; free virtual = 235354
[2025-09-15 02:43:52] get_nets: Time (s): cpu = 00:00:08 ; elapsed = 00:00:09 . Memory (MB): peak = 6344.023 ; gain = 0.000 ; free physical = 227036 ; free virtual = 235355
[2025-09-15 02:43:57] get_nets: Time (s): cpu = 00:00:08 ; elapsed = 00:00:08 . Memory (MB): peak = 6344.023 ; gain = 0.000 ; free physical = 227037 ; free virtual = 235356
[2025-09-15 02:44:12] INFO: Resolving asynchronous BRAM patch: 'design_1_i/firesim_wrapper_0/inst/firesim_top/top/sim/target/FireSim_/lazyModule/system/tile_prci_domain/tile_reset_domain_vortexgpgpu_tile/core/vortex_axi/vortex/g_clusters[0].cluster/l2cache/g_cache.cache/g_banks[0].bank/cache_repl/g_enable.g_fifo.fifo_store/g_async.g_bram.async_ram_patch'.
[2025-09-15 02:44:17] get_nets: Time (s): cpu = 00:00:08 ; elapsed = 00:00:08 . Memory (MB): peak = 6344.023 ; gain = 0.000 ; free physical = 227017 ; free virtual = 235335
[2025-09-15 02:44:27] get_nets: Time (s): cpu = 00:00:08 ; elapsed = 00:00:08 . Memory (MB): peak = 6344.023 ; gain = 0.000 ; free physical = 227041 ; free virtual = 235360
[2025-09-15 02:44:37] get_nets: Time (s): cpu = 00:00:08 ; elapsed = 00:00:09 . Memory (MB): peak = 6344.023 ; gain = 0.000 ; free physical = 227041 ; free virtual = 235360
[2025-09-15 02:44:42] get_nets: Time (s): cpu = 00:00:08 ; elapsed = 00:00:09 . Memory (MB): peak = 6344.023 ; gain = 0.000 ; free physical = 227041 ; free virtual = 235360
[2025-09-15 02:44:52] get_nets: Time (s): cpu = 00:00:08 ; elapsed = 00:00:08 . Memory (MB): peak = 6344.023 ; gain = 0.000 ; free physical = 227041 ; free virtual = 235360
[2025-09-15 02:45:02] get_nets: Time (s): cpu = 00:00:08 ; elapsed = 00:00:09 . Memory (MB): peak = 6344.023 ; gain = 0.000 ; free physical = 227044 ; free virtual = 235363
[2025-09-15 02:45:12] get_nets: Time (s): cpu = 00:00:08 ; elapsed = 00:00:08 . Memory (MB): peak = 6344.023 ; gain = 0.000 ; free physical = 227048 ; free virtual = 235367
[2025-09-15 02:45:17] get_nets: Time (s): cpu = 00:00:08 ; elapsed = 00:00:08 . Memory (MB): peak = 6344.023 ; gain = 0.000 ; free physical = 227048 ; free virtual = 235367
[2025-09-15 02:45:27] get_nets: Time (s): cpu = 00:00:08 ; elapsed = 00:00:09 . Memory (MB): peak = 6344.023 ; gain = 0.000 ; free physical = 227048 ; free virtual = 235367
[2025-09-15 02:45:37] get_nets: Time (s): cpu = 00:00:08 ; elapsed = 00:00:09 . Memory (MB): peak = 6344.023 ; gain = 0.000 ; free physical = 227051 ; free virtual = 235370
[2025-09-15 02:45:42] get_nets: Time (s): cpu = 00:00:09 ; elapsed = 00:00:09 . Memory (MB): peak = 6344.023 ; gain = 0.000 ; free physical = 227051 ; free virtual = 235370
[2025-09-15 02:45:52] get_nets: Time (s): cpu = 00:00:09 ; elapsed = 00:00:09 . Memory (MB): peak = 6344.023 ; gain = 0.000 ; free physical = 227051 ; free virtual = 235370
[2025-09-15 02:46:02] get_nets: Time (s): cpu = 00:00:09 ; elapsed = 00:00:09 . Memory (MB): peak = 6344.023 ; gain = 0.000 ; free physical = 227051 ; free virtual = 235370
[2025-09-15 02:46:07] get_nets: Time (s): cpu = 00:00:08 ; elapsed = 00:00:09 . Memory (MB): peak = 6344.023 ; gain = 0.000 ; free physical = 227057 ; free virtual = 235376
[2025-09-15 02:46:17] get_nets: Time (s): cpu = 00:00:08 ; elapsed = 00:00:09 . Memory (MB): peak = 6344.023 ; gain = 0.000 ; free physical = 227057 ; free virtual = 235376
[2025-09-15 02:46:27] INFO: Resolving asynchronous BRAM patch: 'design_1_i/firesim_wrapper_0/inst/firesim_top/top/sim/target/FireSim_/lazyModule/system/tile_prci_domain/tile_reset_domain_vortexgpgpu_tile/core/vortex_axi/vortex/g_clusters[0].cluster/l2cache/g_cache.cache/g_banks[0].bank/cache_tags/g_tag_store[0].tag_store/g_async.g_bram.async_ram_patch'.
[2025-09-15 02:46:37] get_nets: Time (s): cpu = 00:00:08 ; elapsed = 00:00:08 . Memory (MB): peak = 6344.023 ; gain = 0.000 ; free physical = 227033 ; free virtual = 235352
[2025-09-15 02:46:47] get_nets: Time (s): cpu = 00:00:08 ; elapsed = 00:00:08 . Memory (MB): peak = 6344.023 ; gain = 0.000 ; free physical = 227058 ; free virtual = 235377
[2025-09-15 02:46:52] get_nets: Time (s): cpu = 00:00:08 ; elapsed = 00:00:08 . Memory (MB): peak = 6344.023 ; gain = 0.000 ; free physical = 227058 ; free virtual = 235377
[2025-09-15 02:47:02] get_nets: Time (s): cpu = 00:00:09 ; elapsed = 00:00:09 . Memory (MB): peak = 6344.023 ; gain = 0.000 ; free physical = 227059 ; free virtual = 235378
[2025-09-15 02:47:12] get_nets: Time (s): cpu = 00:00:09 ; elapsed = 00:00:09 . Memory (MB): peak = 6344.023 ; gain = 0.000 ; free physical = 227061 ; free virtual = 235380
[2025-09-15 02:47:17] get_nets: Time (s): cpu = 00:00:08 ; elapsed = 00:00:08 . Memory (MB): peak = 6344.023 ; gain = 0.000 ; free physical = 227063 ; free virtual = 235382
[2025-09-15 02:47:27] get_nets: Time (s): cpu = 00:00:08 ; elapsed = 00:00:09 . Memory (MB): peak = 6344.023 ; gain = 0.000 ; free physical = 227064 ; free virtual = 235383
[2025-09-15 02:47:37] get_nets: Time (s): cpu = 00:00:08 ; elapsed = 00:00:08 . Memory (MB): peak = 6344.023 ; gain = 0.000 ; free physical = 227064 ; free virtual = 235383
[2025-09-15 02:47:42] get_nets: Time (s): cpu = 00:00:08 ; elapsed = 00:00:09 . Memory (MB): peak = 6344.023 ; gain = 0.000 ; free physical = 227066 ; free virtual = 235385
[2025-09-15 02:47:52] get_nets: Time (s): cpu = 00:00:08 ; elapsed = 00:00:09 . Memory (MB): peak = 6344.023 ; gain = 0.000 ; free physical = 227066 ; free virtual = 235385
[2025-09-15 02:48:02] get_nets: Time (s): cpu = 00:00:09 ; elapsed = 00:00:09 . Memory (MB): peak = 6344.023 ; gain = 0.000 ; free physical = 227067 ; free virtual = 235386
[2025-09-15 02:48:12] get_nets: Time (s): cpu = 00:00:08 ; elapsed = 00:00:08 . Memory (MB): peak = 6344.023 ; gain = 0.000 ; free physical = 227067 ; free virtual = 235385
[2025-09-15 02:48:17] get_nets: Time (s): cpu = 00:00:08 ; elapsed = 00:00:08 . Memory (MB): peak = 6344.023 ; gain = 0.000 ; free physical = 227070 ; free virtual = 235389
[2025-09-15 02:48:27] get_nets: Time (s): cpu = 00:00:08 ; elapsed = 00:00:09 . Memory (MB): peak = 6344.023 ; gain = 0.000 ; free physical = 227070 ; free virtual = 235389
[2025-09-15 02:48:37] get_nets: Time (s): cpu = 00:00:08 ; elapsed = 00:00:08 . Memory (MB): peak = 6344.023 ; gain = 0.000 ; free physical = 227071 ; free virtual = 235390
[2025-09-15 02:48:37] WARNING: [Netlist 29-66] Cannot disconnect pin/port 'design_1_i/firesim_wrapper_0/inst/bbstub_out[11][0]' from net 'design_1_i/firesim_wrapper_0/inst_n_1812', since it is not currently connected to that net.
[2025-09-15 02:48:37] WARNING: [Netlist 29-66] Cannot disconnect pin/port 'design_1_i/firesim_wrapper_0/inst/firesim_top/bbstub_out[11][0]' from net 'design_1_i/firesim_wrapper_0/inst/bbstub_out[11][0]', since it is not currently connected to that net.
[2025-09-15 02:48:38] WARNING: [Netlist 29-66] Cannot disconnect pin/port 'design_1_i/firesim_wrapper_0/inst/firesim_top/top/bbstub_out[11][0]' from net 'design_1_i/firesim_wrapper_0/inst/firesim_top/bbstub_out[11][0]', since it is not currently connected to that net.
[2025-09-15 02:48:38] WARNING: [Netlist 29-66] Cannot disconnect pin/port 'design_1_i/firesim_wrapper_0/inst/firesim_top/top/sim/bbstub_out[11][0]' from net 'design_1_i/firesim_wrapper_0/inst/firesim_top/top/bbstub_out[11][0]', since it is not currently connected to that net.
[2025-09-15 02:48:38] WARNING: [Netlist 29-66] Cannot disconnect pin/port 'design_1_i/firesim_wrapper_0/inst/firesim_top/top/sim/target/bbstub_out[11][0]' from net 'design_1_i/firesim_wrapper_0/inst/firesim_top/top/sim/bbstub_out[11][0]', since it is not currently connected to that net.
[2025-09-15 02:48:38] WARNING: [Netlist 29-66] Cannot disconnect pin/port 'design_1_i/firesim_wrapper_0/inst/firesim_top/top/sim/target/FireSim_/bbstub_out[11][0]' from net 'design_1_i/firesim_wrapper_0/inst/firesim_top/top/sim/target/bbstub_out[11][0]', since it is not currently connected to that net.
[2025-09-15 02:48:38] WARNING: [Netlist 29-66] Cannot disconnect pin/port 'design_1_i/firesim_wrapper_0/inst/firesim_top/top/sim/target/FireSim_/lazyModule/bbstub_out[11][0]' from net 'design_1_i/firesim_wrapper_0/inst/firesim_top/top/sim/target/FireSim_/bbstub_out[11][0]', since it is not currently connected to that net.
[2025-09-15 02:48:38] WARNING: [Netlist 29-66] Cannot disconnect pin/port 'design_1_i/firesim_wrapper_0/inst/firesim_top/top/sim/target/FireSim_/lazyModule/system/bbstub_out[11][0]' from net 'design_1_i/firesim_wrapper_0/inst/firesim_top/top/sim/target/FireSim_/lazyModule/bbstub_out[11][0]', since it is not currently connected to that net.
[2025-09-15 02:48:38] WARNING: [Netlist 29-66] Cannot disconnect pin/port 'design_1_i/firesim_wrapper_0/inst/firesim_top/top/sim/target/FireSim_/lazyModule/system/tile_prci_domain/bbstub_out[11][0]' from net 'design_1_i/firesim_wrapper_0/inst/firesim_top/top/sim/target/FireSim_/lazyModule/system/bbstub_out[11][0]', since it is not currently connected to that net.
[2025-09-15 02:48:38] WARNING: [Netlist 29-66] Cannot disconnect pin/port 'design_1_i/firesim_wrapper_0/inst/firesim_top/top/sim/target/FireSim_/lazyModule/system/tile_prci_domain/tile_reset_domain_vortexgpgpu_tile/bbstub_out[11][0]' from net 'design_1_i/firesim_wrapper_0/inst/firesim_top/top/sim/target/FireSim_/lazyModule/system/tile_prci_domain/bbstub_out[11][0]', since it is not currently connected to that net.
[2025-09-15 02:48:38] WARNING: [Netlist 29-66] Cannot disconnect pin/port 'design_1_i/firesim_wrapper_0/inst/firesim_top/top/sim/target/FireSim_/lazyModule/system/tile_prci_domain/tile_reset_domain_vortexgpgpu_tile/core/bbstub_out[11][0]' from net 'design_1_i/firesim_wrapper_0/inst/firesim_top/top/sim/target/FireSim_/lazyModule/system/tile_prci_domain/tile_reset_domain_vortexgpgpu_tile/bbstub_out[11][0]', since it is not currently connected to that net.
[2025-09-15 02:48:38] WARNING: [Netlist 29-66] Cannot disconnect pin/port 'design_1_i/firesim_wrapper_0/inst/firesim_top/top/sim/target/FireSim_/lazyModule/system/tile_prci_domain/tile_reset_domain_vortexgpgpu_tile/core/vortex_axi/bbstub_out[11][0]' from net 'design_1_i/firesim_wrapper_0/inst/firesim_top/top/sim/target/FireSim_/lazyModule/system/tile_prci_domain/tile_reset_domain_vortexgpgpu_tile/core/bbstub_out[11][0]', since it is not currently connected to that net.
[2025-09-15 02:48:38] WARNING: [Netlist 29-66] Cannot disconnect pin/port 'design_1_i/firesim_wrapper_0/inst/firesim_top/top/sim/target/FireSim_/lazyModule/system/tile_prci_domain/tile_reset_domain_vortexgpgpu_tile/core/vortex_axi/vortex/bbstub_out[11][0]' from net 'design_1_i/firesim_wrapper_0/inst/firesim_top/top/sim/target/FireSim_/lazyModule/system/tile_prci_domain/tile_reset_domain_vortexgpgpu_tile/core/vortex_axi/bbstub_out[11][0]', since it is not currently connected to that net.
[2025-09-15 02:48:38] WARNING: [Netlist 29-66] Cannot disconnect pin/port 'design_1_i/firesim_wrapper_0/inst/firesim_top/top/sim/target/FireSim_/lazyModule/system/tile_prci_domain/tile_reset_domain_vortexgpgpu_tile/core/vortex_axi/vortex/g_clusters[0].cluster/bbstub_out[11][0]' from net 'design_1_i/firesim_wrapper_0/inst/firesim_top/top/sim/target/FireSim_/lazyModule/system/tile_prci_domain/tile_reset_domain_vortexgpgpu_tile/core/vortex_axi/vortex/bbstub_out[11][0]', since it is not currently connected to that net.
[2025-09-15 02:48:38] WARNING: [Netlist 29-66] Cannot disconnect pin/port 'design_1_i/firesim_wrapper_0/inst/firesim_top/top/sim/target/FireSim_/lazyModule/system/tile_prci_domain/tile_reset_domain_vortexgpgpu_tile/core/vortex_axi/vortex/g_clusters[0].cluster/l2cache/bbstub_out[11][0]' from net 'design_1_i/firesim_wrapper_0/inst/firesim_top/top/sim/target/FireSim_/lazyModule/system/tile_prci_domain/tile_reset_domain_vortexgpgpu_tile/core/vortex_axi/vortex/g_clusters[0].cluster/bbstub_out[11][0]', since it is not currently connected to that net.
[2025-09-15 02:48:38] WARNING: [Netlist 29-66] Cannot disconnect pin/port 'design_1_i/firesim_wrapper_0/inst/firesim_top/top/sim/target/FireSim_/lazyModule/system/tile_prci_domain/tile_reset_domain_vortexgpgpu_tile/core/vortex_axi/vortex/g_clusters[0].cluster/l2cache/g_cache.cache/bbstub_out[11][0]' from net 'design_1_i/firesim_wrapper_0/inst/firesim_top/top/sim/target/FireSim_/lazyModule/system/tile_prci_domain/tile_reset_domain_vortexgpgpu_tile/core/vortex_axi/vortex/g_clusters[0].cluster/l2cache/bbstub_out[11][0]', since it is not currently connected to that net.
[2025-09-15 02:48:38] WARNING: [Netlist 29-66] Cannot disconnect pin/port 'design_1_i/firesim_wrapper_0/inst/firesim_top/top/sim/target/FireSim_/lazyModule/system/tile_prci_domain/tile_reset_domain_vortexgpgpu_tile/core/vortex_axi/vortex/g_clusters[0].cluster/l2cache/g_cache.cache/g_banks[0].bank/bbstub_out[11][0]' from net 'design_1_i/firesim_wrapper_0/inst/firesim_top/top/sim/target/FireSim_/lazyModule/system/tile_prci_domain/tile_reset_domain_vortexgpgpu_tile/core/vortex_axi/vortex/g_clusters[0].cluster/l2cache/g_cache.cache/bbstub_out[11][0]', since it is not currently connected to that net.
[2025-09-15 02:48:38] WARNING: [Netlist 29-66] Cannot disconnect pin/port 'design_1_i/firesim_wrapper_0/inst/firesim_top/top/sim/target/FireSim_/lazyModule/system/tile_prci_domain/tile_reset_domain_vortexgpgpu_tile/core/vortex_axi/vortex/g_clusters[0].cluster/l2cache/g_cache.cache/g_banks[0].bank/cache_tags/bbstub_out[11][0]' from net 'design_1_i/firesim_wrapper_0/inst/firesim_top/top/sim/target/FireSim_/lazyModule/system/tile_prci_domain/tile_reset_domain_vortexgpgpu_tile/core/vortex_axi/vortex/g_clusters[0].cluster/l2cache/g_cache.cache/g_banks[0].bank/bbstub_out[11][0]', since it is not currently connected to that net.
[2025-09-15 02:48:38] WARNING: [Netlist 29-66] Cannot disconnect pin/port 'design_1_i/firesim_wrapper_0/inst/firesim_top/top/sim/target/FireSim_/lazyModule/system/tile_prci_domain/tile_reset_domain_vortexgpgpu_tile/core/vortex_axi/vortex/g_clusters[0].cluster/l2cache/g_cache.cache/g_banks[0].bank/cache_tags/g_tag_store[0].tag_store/bbstub_out[11][0]' from net 'design_1_i/firesim_wrapper_0/inst/firesim_top/top/sim/target/FireSim_/lazyModule/system/tile_prci_domain/tile_reset_domain_vortexgpgpu_tile/core/vortex_axi/vortex/g_clusters[0].cluster/l2cache/g_cache.cache/g_banks[0].bank/cache_tags/bbstub_out[11][0]', since it is not currently connected to that net.
[2025-09-15 02:48:38] WARNING: [Netlist 29-66] Cannot disconnect pin/port 'design_1_i/firesim_wrapper_0/inst/firesim_top/top/sim/target/FireSim_/lazyModule/system/tile_prci_domain/tile_reset_domain_vortexgpgpu_tile/core/vortex_axi/vortex/g_clusters[0].cluster/l2cache/g_cache.cache/g_banks[0].bank/cache_tags/g_tag_store[0].tag_store/g_async.g_bram.async_ram_patch/bbstub_out[11][0]' from net 'design_1_i/firesim_wrapper_0/inst/firesim_top/top/sim/target/FireSim_/lazyModule/system/tile_prci_domain/tile_reset_domain_vortexgpgpu_tile/core/vortex_axi/vortex/g_clusters[0].cluster/l2cache/g_cache.cache/g_banks[0].bank/cache_tags/g_tag_store[0].tag_store/bbstub_out[11][0]', since it is not currently connected to that net.
[2025-09-15 02:48:38] WARNING: [Netlist 29-66] Cannot disconnect pin/port 'design_1_i/firesim_wrapper_0/inst/bbstub_out[11][10]' from net 'design_1_i/firesim_wrapper_0/inst_n_1802', since it is not currently connected to that net.
[2025-09-15 02:48:38] WARNING: [Netlist 29-66] Cannot disconnect pin/port 'design_1_i/firesim_wrapper_0/inst/firesim_top/bbstub_out[11][10]' from net 'design_1_i/firesim_wrapper_0/inst/bbstub_out[11][10]', since it is not currently connected to that net.
[2025-09-15 02:48:38] WARNING: [Netlist 29-66] Cannot disconnect pin/port 'design_1_i/firesim_wrapper_0/inst/firesim_top/top/bbstub_out[11][10]' from net 'design_1_i/firesim_wrapper_0/inst/firesim_top/bbstub_out[11][10]', since it is not currently connected to that net.
[2025-09-15 02:48:38] WARNING: [Netlist 29-66] Cannot disconnect pin/port 'design_1_i/firesim_wrapper_0/inst/firesim_top/top/sim/bbstub_out[11][10]' from net 'design_1_i/firesim_wrapper_0/inst/firesim_top/top/bbstub_out[11][10]', since it is not currently connected to that net.
[2025-09-15 02:48:38] WARNING: [Netlist 29-66] Cannot disconnect pin/port 'design_1_i/firesim_wrapper_0/inst/firesim_top/top/sim/target/bbstub_out[11][10]' from net 'design_1_i/firesim_wrapper_0/inst/firesim_top/top/sim/bbstub_out[11][10]', since it is not currently connected to that net.
[2025-09-15 02:48:38] WARNING: [Netlist 29-66] Cannot disconnect pin/port 'design_1_i/firesim_wrapper_0/inst/firesim_top/top/sim/target/FireSim_/bbstub_out[11][10]' from net 'design_1_i/firesim_wrapper_0/inst/firesim_top/top/sim/target/bbstub_out[11][10]', since it is not currently connected to that net.
[2025-09-15 02:48:38] WARNING: [Netlist 29-66] Cannot disconnect pin/port 'design_1_i/firesim_wrapper_0/inst/firesim_top/top/sim/target/FireSim_/lazyModule/bbstub_out[11][10]' from net 'design_1_i/firesim_wrapper_0/inst/firesim_top/top/sim/target/FireSim_/bbstub_out[11][10]', since it is not currently connected to that net.
[2025-09-15 02:48:38] WARNING: [Netlist 29-66] Cannot disconnect pin/port 'design_1_i/firesim_wrapper_0/inst/firesim_top/top/sim/target/FireSim_/lazyModule/system/bbstub_out[11][10]' from net 'design_1_i/firesim_wrapper_0/inst/firesim_top/top/sim/target/FireSim_/lazyModule/bbstub_out[11][10]', since it is not currently connected to that net.
[2025-09-15 02:48:38] WARNING: [Netlist 29-66] Cannot disconnect pin/port 'design_1_i/firesim_wrapper_0/inst/firesim_top/top/sim/target/FireSim_/lazyModule/system/tile_prci_domain/bbstub_out[11][10]' from net 'design_1_i/firesim_wrapper_0/inst/firesim_top/top/sim/target/FireSim_/lazyModule/system/bbstub_out[11][10]', since it is not currently connected to that net.
[2025-09-15 02:48:38] WARNING: [Netlist 29-66] Cannot disconnect pin/port 'design_1_i/firesim_wrapper_0/inst/firesim_top/top/sim/target/FireSim_/lazyModule/system/tile_prci_domain/tile_reset_domain_vortexgpgpu_tile/bbstub_out[11][10]' from net 'design_1_i/firesim_wrapper_0/inst/firesim_top/top/sim/target/FireSim_/lazyModule/system/tile_prci_domain/bbstub_out[11][10]', since it is not currently connected to that net.
[2025-09-15 02:48:38] WARNING: [Netlist 29-66] Cannot disconnect pin/port 'design_1_i/firesim_wrapper_0/inst/firesim_top/top/sim/target/FireSim_/lazyModule/system/tile_prci_domain/tile_reset_domain_vortexgpgpu_tile/core/bbstub_out[11][10]' from net 'design_1_i/firesim_wrapper_0/inst/firesim_top/top/sim/target/FireSim_/lazyModule/system/tile_prci_domain/tile_reset_domain_vortexgpgpu_tile/bbstub_out[11][10]', since it is not currently connected to that net.
[2025-09-15 02:48:38] WARNING: [Netlist 29-66] Cannot disconnect pin/port 'design_1_i/firesim_wrapper_0/inst/firesim_top/top/sim/target/FireSim_/lazyModule/system/tile_prci_domain/tile_reset_domain_vortexgpgpu_tile/core/vortex_axi/bbstub_out[11][10]' from net 'design_1_i/firesim_wrapper_0/inst/firesim_top/top/sim/target/FireSim_/lazyModule/system/tile_prci_domain/tile_reset_domain_vortexgpgpu_tile/core/bbstub_out[11][10]', since it is not currently connected to that net.
[2025-09-15 02:48:38] WARNING: [Netlist 29-66] Cannot disconnect pin/port 'design_1_i/firesim_wrapper_0/inst/firesim_top/top/sim/target/FireSim_/lazyModule/system/tile_prci_domain/tile_reset_domain_vortexgpgpu_tile/core/vortex_axi/vortex/bbstub_out[11][10]' from net 'design_1_i/firesim_wrapper_0/inst/firesim_top/top/sim/target/FireSim_/lazyModule/system/tile_prci_domain/tile_reset_domain_vortexgpgpu_tile/core/vortex_axi/bbstub_out[11][10]', since it is not currently connected to that net.
[2025-09-15 02:48:38] WARNING: [Netlist 29-66] Cannot disconnect pin/port 'design_1_i/firesim_wrapper_0/inst/firesim_top/top/sim/target/FireSim_/lazyModule/system/tile_prci_domain/tile_reset_domain_vortexgpgpu_tile/core/vortex_axi/vortex/g_clusters[0].cluster/bbstub_out[11][10]' from net 'design_1_i/firesim_wrapper_0/inst/firesim_top/top/sim/target/FireSim_/lazyModule/system/tile_prci_domain/tile_reset_domain_vortexgpgpu_tile/core/vortex_axi/vortex/bbstub_out[11][10]', since it is not currently connected to that net.
[2025-09-15 02:48:38] WARNING: [Netlist 29-66] Cannot disconnect pin/port 'design_1_i/firesim_wrapper_0/inst/firesim_top/top/sim/target/FireSim_/lazyModule/system/tile_prci_domain/tile_reset_domain_vortexgpgpu_tile/core/vortex_axi/vortex/g_clusters[0].cluster/l2cache/bbstub_out[11][10]' from net 'design_1_i/firesim_wrapper_0/inst/firesim_top/top/sim/target/FireSim_/lazyModule/system/tile_prci_domain/tile_reset_domain_vortexgpgpu_tile/core/vortex_axi/vortex/g_clusters[0].cluster/bbstub_out[11][10]', since it is not currently connected to that net.
[2025-09-15 02:48:38] WARNING: [Netlist 29-66] Cannot disconnect pin/port 'design_1_i/firesim_wrapper_0/inst/firesim_top/top/sim/target/FireSim_/lazyModule/system/tile_prci_domain/tile_reset_domain_vortexgpgpu_tile/core/vortex_axi/vortex/g_clusters[0].cluster/l2cache/g_cache.cache/bbstub_out[11][10]' from net 'design_1_i/firesim_wrapper_0/inst/firesim_top/top/sim/target/FireSim_/lazyModule/system/tile_prci_domain/tile_reset_domain_vortexgpgpu_tile/core/vortex_axi/vortex/g_clusters[0].cluster/l2cache/bbstub_out[11][10]', since it is not currently connected to that net.
[2025-09-15 02:48:38] WARNING: [Netlist 29-66] Cannot disconnect pin/port 'design_1_i/firesim_wrapper_0/inst/firesim_top/top/sim/target/FireSim_/lazyModule/system/tile_prci_domain/tile_reset_domain_vortexgpgpu_tile/core/vortex_axi/vortex/g_clusters[0].cluster/l2cache/g_cache.cache/g_banks[0].bank/bbstub_out[11][10]' from net 'design_1_i/firesim_wrapper_0/inst/firesim_top/top/sim/target/FireSim_/lazyModule/system/tile_prci_domain/tile_reset_domain_vortexgpgpu_tile/core/vortex_axi/vortex/g_clusters[0].cluster/l2cache/g_cache.cache/bbstub_out[11][10]', since it is not currently connected to that net.
[2025-09-15 02:48:38] WARNING: [Netlist 29-66] Cannot disconnect pin/port 'design_1_i/firesim_wrapper_0/inst/firesim_top/top/sim/target/FireSim_/lazyModule/system/tile_prci_domain/tile_reset_domain_vortexgpgpu_tile/core/vortex_axi/vortex/g_clusters[0].cluster/l2cache/g_cache.cache/g_banks[0].bank/cache_tags/bbstub_out[11][10]' from net 'design_1_i/firesim_wrapper_0/inst/firesim_top/top/sim/target/FireSim_/lazyModule/system/tile_prci_domain/tile_reset_domain_vortexgpgpu_tile/core/vortex_axi/vortex/g_clusters[0].cluster/l2cache/g_cache.cache/g_banks[0].bank/bbstub_out[11][10]', since it is not currently connected to that net.
[2025-09-15 02:48:38] WARNING: [Netlist 29-66] Cannot disconnect pin/port 'design_1_i/firesim_wrapper_0/inst/firesim_top/top/sim/target/FireSim_/lazyModule/system/tile_prci_domain/tile_reset_domain_vortexgpgpu_tile/core/vortex_axi/vortex/g_clusters[0].cluster/l2cache/g_cache.cache/g_banks[0].bank/cache_tags/g_tag_store[0].tag_store/bbstub_out[11][10]' from net 'design_1_i/firesim_wrapper_0/inst/firesim_top/top/sim/target/FireSim_/lazyModule/system/tile_prci_domain/tile_reset_domain_vortexgpgpu_tile/core/vortex_axi/vortex/g_clusters[0].cluster/l2cache/g_cache.cache/g_banks[0].bank/cache_tags/bbstub_out[11][10]', since it is not currently connected to that net.
[2025-09-15 02:48:38] WARNING: [Netlist 29-66] Cannot disconnect pin/port 'design_1_i/firesim_wrapper_0/inst/firesim_top/top/sim/target/FireSim_/lazyModule/system/tile_prci_domain/tile_reset_domain_vortexgpgpu_tile/core/vortex_axi/vortex/g_clusters[0].cluster/l2cache/g_cache.cache/g_banks[0].bank/cache_tags/g_tag_store[0].tag_store/g_async.g_bram.async_ram_patch/bbstub_out[11][10]' from net 'design_1_i/firesim_wrapper_0/inst/firesim_top/top/sim/target/FireSim_/lazyModule/system/tile_prci_domain/tile_reset_domain_vortexgpgpu_tile/core/vortex_axi/vortex/g_clusters[0].cluster/l2cache/g_cache.cache/g_banks[0].bank/cache_tags/g_tag_store[0].tag_store/bbstub_out[11][10]', since it is not currently connected to that net.
[2025-09-15 02:48:38] WARNING: [Netlist 29-66] Cannot disconnect pin/port 'design_1_i/firesim_wrapper_0/inst/bbstub_out[11][1]' from net 'design_1_i/firesim_wrapper_0/inst_n_1811', since it is not currently connected to that net.
[2025-09-15 02:48:38] WARNING: [Netlist 29-66] Cannot disconnect pin/port 'design_1_i/firesim_wrapper_0/inst/firesim_top/bbstub_out[11][1]' from net 'design_1_i/firesim_wrapper_0/inst/bbstub_out[11][1]', since it is not currently connected to that net.
[2025-09-15 02:48:38] WARNING: [Netlist 29-66] Cannot disconnect pin/port 'design_1_i/firesim_wrapper_0/inst/firesim_top/top/bbstub_out[11][1]' from net 'design_1_i/firesim_wrapper_0/inst/firesim_top/bbstub_out[11][1]', since it is not currently connected to that net.
[2025-09-15 02:48:38] WARNING: [Netlist 29-66] Cannot disconnect pin/port 'design_1_i/firesim_wrapper_0/inst/firesim_top/top/sim/bbstub_out[11][1]' from net 'design_1_i/firesim_wrapper_0/inst/firesim_top/top/bbstub_out[11][1]', since it is not currently connected to that net.
[2025-09-15 02:48:38] WARNING: [Netlist 29-66] Cannot disconnect pin/port 'design_1_i/firesim_wrapper_0/inst/firesim_top/top/sim/target/bbstub_out[11][1]' from net 'design_1_i/firesim_wrapper_0/inst/firesim_top/top/sim/bbstub_out[11][1]', since it is not currently connected to that net.
[2025-09-15 02:48:38] WARNING: [Netlist 29-66] Cannot disconnect pin/port 'design_1_i/firesim_wrapper_0/inst/firesim_top/top/sim/target/FireSim_/bbstub_out[11][1]' from net 'design_1_i/firesim_wrapper_0/inst/firesim_top/top/sim/target/bbstub_out[11][1]', since it is not currently connected to that net.
[2025-09-15 02:48:38] WARNING: [Netlist 29-66] Cannot disconnect pin/port 'design_1_i/firesim_wrapper_0/inst/firesim_top/top/sim/target/FireSim_/lazyModule/bbstub_out[11][1]' from net 'design_1_i/firesim_wrapper_0/inst/firesim_top/top/sim/target/FireSim_/bbstub_out[11][1]', since it is not currently connected to that net.
[2025-09-15 02:48:38] WARNING: [Netlist 29-66] Cannot disconnect pin/port 'design_1_i/firesim_wrapper_0/inst/firesim_top/top/sim/target/FireSim_/lazyModule/system/bbstub_out[11][1]' from net 'design_1_i/firesim_wrapper_0/inst/firesim_top/top/sim/target/FireSim_/lazyModule/bbstub_out[11][1]', since it is not currently connected to that net.
[2025-09-15 02:48:38] WARNING: [Netlist 29-66] Cannot disconnect pin/port 'design_1_i/firesim_wrapper_0/inst/firesim_top/top/sim/target/FireSim_/lazyModule/system/tile_prci_domain/bbstub_out[11][1]' from net 'design_1_i/firesim_wrapper_0/inst/firesim_top/top/sim/target/FireSim_/lazyModule/system/bbstub_out[11][1]', since it is not currently connected to that net.
[2025-09-15 02:48:38] WARNING: [Netlist 29-66] Cannot disconnect pin/port 'design_1_i/firesim_wrapper_0/inst/firesim_top/top/sim/target/FireSim_/lazyModule/system/tile_prci_domain/tile_reset_domain_vortexgpgpu_tile/bbstub_out[11][1]' from net 'design_1_i/firesim_wrapper_0/inst/firesim_top/top/sim/target/FireSim_/lazyModule/system/tile_prci_domain/bbstub_out[11][1]', since it is not currently connected to that net.
[2025-09-15 02:48:38] WARNING: [Netlist 29-66] Cannot disconnect pin/port 'design_1_i/firesim_wrapper_0/inst/firesim_top/top/sim/target/FireSim_/lazyModule/system/tile_prci_domain/tile_reset_domain_vortexgpgpu_tile/core/bbstub_out[11][1]' from net 'design_1_i/firesim_wrapper_0/inst/firesim_top/top/sim/target/FireSim_/lazyModule/system/tile_prci_domain/tile_reset_domain_vortexgpgpu_tile/bbstub_out[11][1]', since it is not currently connected to that net.
[2025-09-15 02:48:38] WARNING: [Netlist 29-66] Cannot disconnect pin/port 'design_1_i/firesim_wrapper_0/inst/firesim_top/top/sim/target/FireSim_/lazyModule/system/tile_prci_domain/tile_reset_domain_vortexgpgpu_tile/core/vortex_axi/bbstub_out[11][1]' from net 'design_1_i/firesim_wrapper_0/inst/firesim_top/top/sim/target/FireSim_/lazyModule/system/tile_prci_domain/tile_reset_domain_vortexgpgpu_tile/core/bbstub_out[11][1]', since it is not currently connected to that net.
[2025-09-15 02:48:38] WARNING: [Netlist 29-66] Cannot disconnect pin/port 'design_1_i/firesim_wrapper_0/inst/firesim_top/top/sim/target/FireSim_/lazyModule/system/tile_prci_domain/tile_reset_domain_vortexgpgpu_tile/core/vortex_axi/vortex/bbstub_out[11][1]' from net 'design_1_i/firesim_wrapper_0/inst/firesim_top/top/sim/target/FireSim_/lazyModule/system/tile_prci_domain/tile_reset_domain_vortexgpgpu_tile/core/vortex_axi/bbstub_out[11][1]', since it is not currently connected to that net.
[2025-09-15 02:48:38] WARNING: [Netlist 29-66] Cannot disconnect pin/port 'design_1_i/firesim_wrapper_0/inst/firesim_top/top/sim/target/FireSim_/lazyModule/system/tile_prci_domain/tile_reset_domain_vortexgpgpu_tile/core/vortex_axi/vortex/g_clusters[0].cluster/bbstub_out[11][1]' from net 'design_1_i/firesim_wrapper_0/inst/firesim_top/top/sim/target/FireSim_/lazyModule/system/tile_prci_domain/tile_reset_domain_vortexgpgpu_tile/core/vortex_axi/vortex/bbstub_out[11][1]', since it is not currently connected to that net.
[2025-09-15 02:48:38] WARNING: [Netlist 29-66] Cannot disconnect pin/port 'design_1_i/firesim_wrapper_0/inst/firesim_top/top/sim/target/FireSim_/lazyModule/system/tile_prci_domain/tile_reset_domain_vortexgpgpu_tile/core/vortex_axi/vortex/g_clusters[0].cluster/l2cache/bbstub_out[11][1]' from net 'design_1_i/firesim_wrapper_0/inst/firesim_top/top/sim/target/FireSim_/lazyModule/system/tile_prci_domain/tile_reset_domain_vortexgpgpu_tile/core/vortex_axi/vortex/g_clusters[0].cluster/bbstub_out[11][1]', since it is not currently connected to that net.
[2025-09-15 02:48:38] WARNING: [Netlist 29-66] Cannot disconnect pin/port 'design_1_i/firesim_wrapper_0/inst/firesim_top/top/sim/target/FireSim_/lazyModule/system/tile_prci_domain/tile_reset_domain_vortexgpgpu_tile/core/vortex_axi/vortex/g_clusters[0].cluster/l2cache/g_cache.cache/bbstub_out[11][1]' from net 'design_1_i/firesim_wrapper_0/inst/firesim_top/top/sim/target/FireSim_/lazyModule/system/tile_prci_domain/tile_reset_domain_vortexgpgpu_tile/core/vortex_axi/vortex/g_clusters[0].cluster/l2cache/bbstub_out[11][1]', since it is not currently connected to that net.
[2025-09-15 02:48:38] WARNING: [Netlist 29-66] Cannot disconnect pin/port 'design_1_i/firesim_wrapper_0/inst/firesim_top/top/sim/target/FireSim_/lazyModule/system/tile_prci_domain/tile_reset_domain_vortexgpgpu_tile/core/vortex_axi/vortex/g_clusters[0].cluster/l2cache/g_cache.cache/g_banks[0].bank/bbstub_out[11][1]' from net 'design_1_i/firesim_wrapper_0/inst/firesim_top/top/sim/target/FireSim_/lazyModule/system/tile_prci_domain/tile_reset_domain_vortexgpgpu_tile/core/vortex_axi/vortex/g_clusters[0].cluster/l2cache/g_cache.cache/bbstub_out[11][1]', since it is not currently connected to that net.
[2025-09-15 02:48:38] WARNING: [Netlist 29-66] Cannot disconnect pin/port 'design_1_i/firesim_wrapper_0/inst/firesim_top/top/sim/target/FireSim_/lazyModule/system/tile_prci_domain/tile_reset_domain_vortexgpgpu_tile/core/vortex_axi/vortex/g_clusters[0].cluster/l2cache/g_cache.cache/g_banks[0].bank/cache_tags/bbstub_out[11][1]' from net 'design_1_i/firesim_wrapper_0/inst/firesim_top/top/sim/target/FireSim_/lazyModule/system/tile_prci_domain/tile_reset_domain_vortexgpgpu_tile/core/vortex_axi/vortex/g_clusters[0].cluster/l2cache/g_cache.cache/g_banks[0].bank/bbstub_out[11][1]', since it is not currently connected to that net.
[2025-09-15 02:48:38] WARNING: [Netlist 29-66] Cannot disconnect pin/port 'design_1_i/firesim_wrapper_0/inst/firesim_top/top/sim/target/FireSim_/lazyModule/system/tile_prci_domain/tile_reset_domain_vortexgpgpu_tile/core/vortex_axi/vortex/g_clusters[0].cluster/l2cache/g_cache.cache/g_banks[0].bank/cache_tags/g_tag_store[0].tag_store/bbstub_out[11][1]' from net 'design_1_i/firesim_wrapper_0/inst/firesim_top/top/sim/target/FireSim_/lazyModule/system/tile_prci_domain/tile_reset_domain_vortexgpgpu_tile/core/vortex_axi/vortex/g_clusters[0].cluster/l2cache/g_cache.cache/g_banks[0].bank/cache_tags/bbstub_out[11][1]', since it is not currently connected to that net.
[2025-09-15 02:48:38] WARNING: [Netlist 29-66] Cannot disconnect pin/port 'design_1_i/firesim_wrapper_0/inst/firesim_top/top/sim/target/FireSim_/lazyModule/system/tile_prci_domain/tile_reset_domain_vortexgpgpu_tile/core/vortex_axi/vortex/g_clusters[0].cluster/l2cache/g_cache.cache/g_banks[0].bank/cache_tags/g_tag_store[0].tag_store/g_async.g_bram.async_ram_patch/bbstub_out[11][1]' from net 'design_1_i/firesim_wrapper_0/inst/firesim_top/top/sim/target/FireSim_/lazyModule/system/tile_prci_domain/tile_reset_domain_vortexgpgpu_tile/core/vortex_axi/vortex/g_clusters[0].cluster/l2cache/g_cache.cache/g_banks[0].bank/cache_tags/g_tag_store[0].tag_store/bbstub_out[11][1]', since it is not currently connected to that net.
[2025-09-15 02:48:38] WARNING: [Netlist 29-66] Cannot disconnect pin/port 'design_1_i/firesim_wrapper_0/inst/bbstub_out[11][2]' from net 'design_1_i/firesim_wrapper_0/inst_n_1810', since it is not currently connected to that net.
[2025-09-15 02:48:38] WARNING: [Netlist 29-66] Cannot disconnect pin/port 'design_1_i/firesim_wrapper_0/inst/firesim_top/bbstub_out[11][2]' from net 'design_1_i/firesim_wrapper_0/inst/bbstub_out[11][2]', since it is not currently connected to that net.
[2025-09-15 02:48:38] WARNING: [Netlist 29-66] Cannot disconnect pin/port 'design_1_i/firesim_wrapper_0/inst/firesim_top/top/bbstub_out[11][2]' from net 'design_1_i/firesim_wrapper_0/inst/firesim_top/bbstub_out[11][2]', since it is not currently connected to that net.
[2025-09-15 02:48:38] WARNING: [Netlist 29-66] Cannot disconnect pin/port 'design_1_i/firesim_wrapper_0/inst/firesim_top/top/sim/bbstub_out[11][2]' from net 'design_1_i/firesim_wrapper_0/inst/firesim_top/top/bbstub_out[11][2]', since it is not currently connected to that net.
[2025-09-15 02:48:38] WARNING: [Netlist 29-66] Cannot disconnect pin/port 'design_1_i/firesim_wrapper_0/inst/firesim_top/top/sim/target/bbstub_out[11][2]' from net 'design_1_i/firesim_wrapper_0/inst/firesim_top/top/sim/bbstub_out[11][2]', since it is not currently connected to that net.
[2025-09-15 02:48:38] WARNING: [Netlist 29-66] Cannot disconnect pin/port 'design_1_i/firesim_wrapper_0/inst/firesim_top/top/sim/target/FireSim_/bbstub_out[11][2]' from net 'design_1_i/firesim_wrapper_0/inst/firesim_top/top/sim/target/bbstub_out[11][2]', since it is not currently connected to that net.
[2025-09-15 02:48:38] WARNING: [Netlist 29-66] Cannot disconnect pin/port 'design_1_i/firesim_wrapper_0/inst/firesim_top/top/sim/target/FireSim_/lazyModule/bbstub_out[11][2]' from net 'design_1_i/firesim_wrapper_0/inst/firesim_top/top/sim/target/FireSim_/bbstub_out[11][2]', since it is not currently connected to that net.
[2025-09-15 02:48:38] WARNING: [Netlist 29-66] Cannot disconnect pin/port 'design_1_i/firesim_wrapper_0/inst/firesim_top/top/sim/target/FireSim_/lazyModule/system/bbstub_out[11][2]' from net 'design_1_i/firesim_wrapper_0/inst/firesim_top/top/sim/target/FireSim_/lazyModule/bbstub_out[11][2]', since it is not currently connected to that net.
[2025-09-15 02:48:38] WARNING: [Netlist 29-66] Cannot disconnect pin/port 'design_1_i/firesim_wrapper_0/inst/firesim_top/top/sim/target/FireSim_/lazyModule/system/tile_prci_domain/bbstub_out[11][2]' from net 'design_1_i/firesim_wrapper_0/inst/firesim_top/top/sim/target/FireSim_/lazyModule/system/bbstub_out[11][2]', since it is not currently connected to that net.
[2025-09-15 02:48:38] WARNING: [Netlist 29-66] Cannot disconnect pin/port 'design_1_i/firesim_wrapper_0/inst/firesim_top/top/sim/target/FireSim_/lazyModule/system/tile_prci_domain/tile_reset_domain_vortexgpgpu_tile/bbstub_out[11][2]' from net 'design_1_i/firesim_wrapper_0/inst/firesim_top/top/sim/target/FireSim_/lazyModule/system/tile_prci_domain/bbstub_out[11][2]', since it is not currently connected to that net.
[2025-09-15 02:48:38] WARNING: [Netlist 29-66] Cannot disconnect pin/port 'design_1_i/firesim_wrapper_0/inst/firesim_top/top/sim/target/FireSim_/lazyModule/system/tile_prci_domain/tile_reset_domain_vortexgpgpu_tile/core/bbstub_out[11][2]' from net 'design_1_i/firesim_wrapper_0/inst/firesim_top/top/sim/target/FireSim_/lazyModule/system/tile_prci_domain/tile_reset_domain_vortexgpgpu_tile/bbstub_out[11][2]', since it is not currently connected to that net.
[2025-09-15 02:48:38] WARNING: [Netlist 29-66] Cannot disconnect pin/port 'design_1_i/firesim_wrapper_0/inst/firesim_top/top/sim/target/FireSim_/lazyModule/system/tile_prci_domain/tile_reset_domain_vortexgpgpu_tile/core/vortex_axi/bbstub_out[11][2]' from net 'design_1_i/firesim_wrapper_0/inst/firesim_top/top/sim/target/FireSim_/lazyModule/system/tile_prci_domain/tile_reset_domain_vortexgpgpu_tile/core/bbstub_out[11][2]', since it is not currently connected to that net.
[2025-09-15 02:48:38] WARNING: [Netlist 29-66] Cannot disconnect pin/port 'design_1_i/firesim_wrapper_0/inst/firesim_top/top/sim/target/FireSim_/lazyModule/system/tile_prci_domain/tile_reset_domain_vortexgpgpu_tile/core/vortex_axi/vortex/bbstub_out[11][2]' from net 'design_1_i/firesim_wrapper_0/inst/firesim_top/top/sim/target/FireSim_/lazyModule/system/tile_prci_domain/tile_reset_domain_vortexgpgpu_tile/core/vortex_axi/bbstub_out[11][2]', since it is not currently connected to that net.
[2025-09-15 02:48:38] WARNING: [Netlist 29-66] Cannot disconnect pin/port 'design_1_i/firesim_wrapper_0/inst/firesim_top/top/sim/target/FireSim_/lazyModule/system/tile_prci_domain/tile_reset_domain_vortexgpgpu_tile/core/vortex_axi/vortex/g_clusters[0].cluster/bbstub_out[11][2]' from net 'design_1_i/firesim_wrapper_0/inst/firesim_top/top/sim/target/FireSim_/lazyModule/system/tile_prci_domain/tile_reset_domain_vortexgpgpu_tile/core/vortex_axi/vortex/bbstub_out[11][2]', since it is not currently connected to that net.
[2025-09-15 02:48:38] WARNING: [Netlist 29-66] Cannot disconnect pin/port 'design_1_i/firesim_wrapper_0/inst/firesim_top/top/sim/target/FireSim_/lazyModule/system/tile_prci_domain/tile_reset_domain_vortexgpgpu_tile/core/vortex_axi/vortex/g_clusters[0].cluster/l2cache/bbstub_out[11][2]' from net 'design_1_i/firesim_wrapper_0/inst/firesim_top/top/sim/target/FireSim_/lazyModule/system/tile_prci_domain/tile_reset_domain_vortexgpgpu_tile/core/vortex_axi/vortex/g_clusters[0].cluster/bbstub_out[11][2]', since it is not currently connected to that net.
[2025-09-15 02:48:38] WARNING: [Netlist 29-66] Cannot disconnect pin/port 'design_1_i/firesim_wrapper_0/inst/firesim_top/top/sim/target/FireSim_/lazyModule/system/tile_prci_domain/tile_reset_domain_vortexgpgpu_tile/core/vortex_axi/vortex/g_clusters[0].cluster/l2cache/g_cache.cache/bbstub_out[11][2]' from net 'design_1_i/firesim_wrapper_0/inst/firesim_top/top/sim/target/FireSim_/lazyModule/system/tile_prci_domain/tile_reset_domain_vortexgpgpu_tile/core/vortex_axi/vortex/g_clusters[0].cluster/l2cache/bbstub_out[11][2]', since it is not currently connected to that net.
[2025-09-15 02:48:38] WARNING: [Netlist 29-66] Cannot disconnect pin/port 'design_1_i/firesim_wrapper_0/inst/firesim_top/top/sim/target/FireSim_/lazyModule/system/tile_prci_domain/tile_reset_domain_vortexgpgpu_tile/core/vortex_axi/vortex/g_clusters[0].cluster/l2cache/g_cache.cache/g_banks[0].bank/bbstub_out[11][2]' from net 'design_1_i/firesim_wrapper_0/inst/firesim_top/top/sim/target/FireSim_/lazyModule/system/tile_prci_domain/tile_reset_domain_vortexgpgpu_tile/core/vortex_axi/vortex/g_clusters[0].cluster/l2cache/g_cache.cache/bbstub_out[11][2]', since it is not currently connected to that net.
[2025-09-15 02:48:38] WARNING: [Netlist 29-66] Cannot disconnect pin/port 'design_1_i/firesim_wrapper_0/inst/firesim_top/top/sim/target/FireSim_/lazyModule/system/tile_prci_domain/tile_reset_domain_vortexgpgpu_tile/core/vortex_axi/vortex/g_clusters[0].cluster/l2cache/g_cache.cache/g_banks[0].bank/cache_tags/bbstub_out[11][2]' from net 'design_1_i/firesim_wrapper_0/inst/firesim_top/top/sim/target/FireSim_/lazyModule/system/tile_prci_domain/tile_reset_domain_vortexgpgpu_tile/core/vortex_axi/vortex/g_clusters[0].cluster/l2cache/g_cache.cache/g_banks[0].bank/bbstub_out[11][2]', since it is not currently connected to that net.
[2025-09-15 02:48:38] WARNING: [Netlist 29-66] Cannot disconnect pin/port 'design_1_i/firesim_wrapper_0/inst/firesim_top/top/sim/target/FireSim_/lazyModule/system/tile_prci_domain/tile_reset_domain_vortexgpgpu_tile/core/vortex_axi/vortex/g_clusters[0].cluster/l2cache/g_cache.cache/g_banks[0].bank/cache_tags/g_tag_store[0].tag_store/bbstub_out[11][2]' from net 'design_1_i/firesim_wrapper_0/inst/firesim_top/top/sim/target/FireSim_/lazyModule/system/tile_prci_domain/tile_reset_domain_vortexgpgpu_tile/core/vortex_axi/vortex/g_clusters[0].cluster/l2cache/g_cache.cache/g_banks[0].bank/cache_tags/bbstub_out[11][2]', since it is not currently connected to that net.
[2025-09-15 02:48:38] WARNING: [Netlist 29-66] Cannot disconnect pin/port 'design_1_i/firesim_wrapper_0/inst/firesim_top/top/sim/target/FireSim_/lazyModule/system/tile_prci_domain/tile_reset_domain_vortexgpgpu_tile/core/vortex_axi/vortex/g_clusters[0].cluster/l2cache/g_cache.cache/g_banks[0].bank/cache_tags/g_tag_store[0].tag_store/g_async.g_bram.async_ram_patch/bbstub_out[11][2]' from net 'design_1_i/firesim_wrapper_0/inst/firesim_top/top/sim/target/FireSim_/lazyModule/system/tile_prci_domain/tile_reset_domain_vortexgpgpu_tile/core/vortex_axi/vortex/g_clusters[0].cluster/l2cache/g_cache.cache/g_banks[0].bank/cache_tags/g_tag_store[0].tag_store/bbstub_out[11][2]', since it is not currently connected to that net.
[2025-09-15 02:48:38] WARNING: [Netlist 29-66] Cannot disconnect pin/port 'design_1_i/firesim_wrapper_0/inst/bbstub_out[11][3]' from net 'design_1_i/firesim_wrapper_0/inst_n_1809', since it is not currently connected to that net.
[2025-09-15 02:48:38] WARNING: [Netlist 29-66] Cannot disconnect pin/port 'design_1_i/firesim_wrapper_0/inst/firesim_top/bbstub_out[11][3]' from net 'design_1_i/firesim_wrapper_0/inst/bbstub_out[11][3]', since it is not currently connected to that net.
[2025-09-15 02:48:38] WARNING: [Netlist 29-66] Cannot disconnect pin/port 'design_1_i/firesim_wrapper_0/inst/firesim_top/top/bbstub_out[11][3]' from net 'design_1_i/firesim_wrapper_0/inst/firesim_top/bbstub_out[11][3]', since it is not currently connected to that net.
[2025-09-15 02:48:38] WARNING: [Netlist 29-66] Cannot disconnect pin/port 'design_1_i/firesim_wrapper_0/inst/firesim_top/top/sim/bbstub_out[11][3]' from net 'design_1_i/firesim_wrapper_0/inst/firesim_top/top/bbstub_out[11][3]', since it is not currently connected to that net.
[2025-09-15 02:48:38] WARNING: [Netlist 29-66] Cannot disconnect pin/port 'design_1_i/firesim_wrapper_0/inst/firesim_top/top/sim/target/bbstub_out[11][3]' from net 'design_1_i/firesim_wrapper_0/inst/firesim_top/top/sim/bbstub_out[11][3]', since it is not currently connected to that net.
[2025-09-15 02:48:38] WARNING: [Netlist 29-66] Cannot disconnect pin/port 'design_1_i/firesim_wrapper_0/inst/firesim_top/top/sim/target/FireSim_/bbstub_out[11][3]' from net 'design_1_i/firesim_wrapper_0/inst/firesim_top/top/sim/target/bbstub_out[11][3]', since it is not currently connected to that net.
[2025-09-15 02:48:38] WARNING: [Netlist 29-66] Cannot disconnect pin/port 'design_1_i/firesim_wrapper_0/inst/firesim_top/top/sim/target/FireSim_/lazyModule/bbstub_out[11][3]' from net 'design_1_i/firesim_wrapper_0/inst/firesim_top/top/sim/target/FireSim_/bbstub_out[11][3]', since it is not currently connected to that net.
[2025-09-15 02:48:38] WARNING: [Netlist 29-66] Cannot disconnect pin/port 'design_1_i/firesim_wrapper_0/inst/firesim_top/top/sim/target/FireSim_/lazyModule/system/bbstub_out[11][3]' from net 'design_1_i/firesim_wrapper_0/inst/firesim_top/top/sim/target/FireSim_/lazyModule/bbstub_out[11][3]', since it is not currently connected to that net.
[2025-09-15 02:48:38] WARNING: [Netlist 29-66] Cannot disconnect pin/port 'design_1_i/firesim_wrapper_0/inst/firesim_top/top/sim/target/FireSim_/lazyModule/system/tile_prci_domain/bbstub_out[11][3]' from net 'design_1_i/firesim_wrapper_0/inst/firesim_top/top/sim/target/FireSim_/lazyModule/system/bbstub_out[11][3]', since it is not currently connected to that net.
[2025-09-15 02:48:38] WARNING: [Netlist 29-66] Cannot disconnect pin/port 'design_1_i/firesim_wrapper_0/inst/firesim_top/top/sim/target/FireSim_/lazyModule/system/tile_prci_domain/tile_reset_domain_vortexgpgpu_tile/bbstub_out[11][3]' from net 'design_1_i/firesim_wrapper_0/inst/firesim_top/top/sim/target/FireSim_/lazyModule/system/tile_prci_domain/bbstub_out[11][3]', since it is not currently connected to that net.
[2025-09-15 02:48:38] WARNING: [Netlist 29-66] Cannot disconnect pin/port 'design_1_i/firesim_wrapper_0/inst/firesim_top/top/sim/target/FireSim_/lazyModule/system/tile_prci_domain/tile_reset_domain_vortexgpgpu_tile/core/bbstub_out[11][3]' from net 'design_1_i/firesim_wrapper_0/inst/firesim_top/top/sim/target/FireSim_/lazyModule/system/tile_prci_domain/tile_reset_domain_vortexgpgpu_tile/bbstub_out[11][3]', since it is not currently connected to that net.
[2025-09-15 02:48:38] WARNING: [Netlist 29-66] Cannot disconnect pin/port 'design_1_i/firesim_wrapper_0/inst/firesim_top/top/sim/target/FireSim_/lazyModule/system/tile_prci_domain/tile_reset_domain_vortexgpgpu_tile/core/vortex_axi/bbstub_out[11][3]' from net 'design_1_i/firesim_wrapper_0/inst/firesim_top/top/sim/target/FireSim_/lazyModule/system/tile_prci_domain/tile_reset_domain_vortexgpgpu_tile/core/bbstub_out[11][3]', since it is not currently connected to that net.
[2025-09-15 02:48:38] WARNING: [Netlist 29-66] Cannot disconnect pin/port 'design_1_i/firesim_wrapper_0/inst/firesim_top/top/sim/target/FireSim_/lazyModule/system/tile_prci_domain/tile_reset_domain_vortexgpgpu_tile/core/vortex_axi/vortex/bbstub_out[11][3]' from net 'design_1_i/firesim_wrapper_0/inst/firesim_top/top/sim/target/FireSim_/lazyModule/system/tile_prci_domain/tile_reset_domain_vortexgpgpu_tile/core/vortex_axi/bbstub_out[11][3]', since it is not currently connected to that net.
[2025-09-15 02:48:38] WARNING: [Netlist 29-66] Cannot disconnect pin/port 'design_1_i/firesim_wrapper_0/inst/firesim_top/top/sim/target/FireSim_/lazyModule/system/tile_prci_domain/tile_reset_domain_vortexgpgpu_tile/core/vortex_axi/vortex/g_clusters[0].cluster/bbstub_out[11][3]' from net 'design_1_i/firesim_wrapper_0/inst/firesim_top/top/sim/target/FireSim_/lazyModule/system/tile_prci_domain/tile_reset_domain_vortexgpgpu_tile/core/vortex_axi/vortex/bbstub_out[11][3]', since it is not currently connected to that net.
[2025-09-15 02:48:38] WARNING: [Netlist 29-66] Cannot disconnect pin/port 'design_1_i/firesim_wrapper_0/inst/firesim_top/top/sim/target/FireSim_/lazyModule/system/tile_prci_domain/tile_reset_domain_vortexgpgpu_tile/core/vortex_axi/vortex/g_clusters[0].cluster/l2cache/bbstub_out[11][3]' from net 'design_1_i/firesim_wrapper_0/inst/firesim_top/top/sim/target/FireSim_/lazyModule/system/tile_prci_domain/tile_reset_domain_vortexgpgpu_tile/core/vortex_axi/vortex/g_clusters[0].cluster/bbstub_out[11][3]', since it is not currently connected to that net.
[2025-09-15 02:48:38] WARNING: [Netlist 29-66] Cannot disconnect pin/port 'design_1_i/firesim_wrapper_0/inst/firesim_top/top/sim/target/FireSim_/lazyModule/system/tile_prci_domain/tile_reset_domain_vortexgpgpu_tile/core/vortex_axi/vortex/g_clusters[0].cluster/l2cache/g_cache.cache/bbstub_out[11][3]' from net 'design_1_i/firesim_wrapper_0/inst/firesim_top/top/sim/target/FireSim_/lazyModule/system/tile_prci_domain/tile_reset_domain_vortexgpgpu_tile/core/vortex_axi/vortex/g_clusters[0].cluster/l2cache/bbstub_out[11][3]', since it is not currently connected to that net.
[2025-09-15 02:48:38] WARNING: [Netlist 29-66] Cannot disconnect pin/port 'design_1_i/firesim_wrapper_0/inst/firesim_top/top/sim/target/FireSim_/lazyModule/system/tile_prci_domain/tile_reset_domain_vortexgpgpu_tile/core/vortex_axi/vortex/g_clusters[0].cluster/l2cache/g_cache.cache/g_banks[0].bank/bbstub_out[11][3]' from net 'design_1_i/firesim_wrapper_0/inst/firesim_top/top/sim/target/FireSim_/lazyModule/system/tile_prci_domain/tile_reset_domain_vortexgpgpu_tile/core/vortex_axi/vortex/g_clusters[0].cluster/l2cache/g_cache.cache/bbstub_out[11][3]', since it is not currently connected to that net.
[2025-09-15 02:48:38] WARNING: [Netlist 29-66] Cannot disconnect pin/port 'design_1_i/firesim_wrapper_0/inst/firesim_top/top/sim/target/FireSim_/lazyModule/system/tile_prci_domain/tile_reset_domain_vortexgpgpu_tile/core/vortex_axi/vortex/g_clusters[0].cluster/l2cache/g_cache.cache/g_banks[0].bank/cache_tags/bbstub_out[11][3]' from net 'design_1_i/firesim_wrapper_0/inst/firesim_top/top/sim/target/FireSim_/lazyModule/system/tile_prci_domain/tile_reset_domain_vortexgpgpu_tile/core/vortex_axi/vortex/g_clusters[0].cluster/l2cache/g_cache.cache/g_banks[0].bank/bbstub_out[11][3]', since it is not currently connected to that net.
[2025-09-15 02:48:38] WARNING: [Netlist 29-66] Cannot disconnect pin/port 'design_1_i/firesim_wrapper_0/inst/firesim_top/top/sim/target/FireSim_/lazyModule/system/tile_prci_domain/tile_reset_domain_vortexgpgpu_tile/core/vortex_axi/vortex/g_clusters[0].cluster/l2cache/g_cache.cache/g_banks[0].bank/cache_tags/g_tag_store[0].tag_store/bbstub_out[11][3]' from net 'design_1_i/firesim_wrapper_0/inst/firesim_top/top/sim/target/FireSim_/lazyModule/system/tile_prci_domain/tile_reset_domain_vortexgpgpu_tile/core/vortex_axi/vortex/g_clusters[0].cluster/l2cache/g_cache.cache/g_banks[0].bank/cache_tags/bbstub_out[11][3]', since it is not currently connected to that net.
[2025-09-15 02:48:38] WARNING: [Netlist 29-66] Cannot disconnect pin/port 'design_1_i/firesim_wrapper_0/inst/firesim_top/top/sim/target/FireSim_/lazyModule/system/tile_prci_domain/tile_reset_domain_vortexgpgpu_tile/core/vortex_axi/vortex/g_clusters[0].cluster/l2cache/g_cache.cache/g_banks[0].bank/cache_tags/g_tag_store[0].tag_store/g_async.g_bram.async_ram_patch/bbstub_out[11][3]' from net 'design_1_i/firesim_wrapper_0/inst/firesim_top/top/sim/target/FireSim_/lazyModule/system/tile_prci_domain/tile_reset_domain_vortexgpgpu_tile/core/vortex_axi/vortex/g_clusters[0].cluster/l2cache/g_cache.cache/g_banks[0].bank/cache_tags/g_tag_store[0].tag_store/bbstub_out[11][3]', since it is not currently connected to that net.
[2025-09-15 02:48:38] INFO: [Common 17-14] Message 'Netlist 29-66' appears 100 times and further instances of the messages will be disabled. Use the Tcl command set_msg_config to change the current settings.
[2025-09-15 02:48:53] INFO: Resolving asynchronous BRAM patch: 'design_1_i/firesim_wrapper_0/inst/firesim_top/top/sim/target/FireSim_/lazyModule/system/tile_prci_domain/tile_reset_domain_vortexgpgpu_tile/core/vortex_axi/vortex/g_clusters[0].cluster/l2cache/g_cache.cache/g_banks[0].bank/cache_tags/g_tag_store[1].tag_store/g_async.g_bram.async_ram_patch'.
[2025-09-15 02:48:58] get_nets: Time (s): cpu = 00:00:09 ; elapsed = 00:00:09 . Memory (MB): peak = 6344.023 ; gain = 0.000 ; free physical = 227045 ; free virtual = 235365
[2025-09-15 02:49:08] get_nets: Time (s): cpu = 00:00:08 ; elapsed = 00:00:08 . Memory (MB): peak = 6344.023 ; gain = 0.000 ; free physical = 227048 ; free virtual = 235367
[2025-09-15 02:49:18] get_nets: Time (s): cpu = 00:00:08 ; elapsed = 00:00:09 . Memory (MB): peak = 6344.023 ; gain = 0.000 ; free physical = 227048 ; free virtual = 235368
[2025-09-15 02:49:23] get_nets: Time (s): cpu = 00:00:09 ; elapsed = 00:00:09 . Memory (MB): peak = 6344.023 ; gain = 0.000 ; free physical = 227050 ; free virtual = 235369
[2025-09-15 02:49:33] get_nets: Time (s): cpu = 00:00:08 ; elapsed = 00:00:08 . Memory (MB): peak = 6344.023 ; gain = 0.000 ; free physical = 227050 ; free virtual = 235369
[2025-09-15 02:49:43] get_nets: Time (s): cpu = 00:00:08 ; elapsed = 00:00:09 . Memory (MB): peak = 6344.023 ; gain = 0.000 ; free physical = 227050 ; free virtual = 235369
[2025-09-15 02:49:48] get_nets: Time (s): cpu = 00:00:09 ; elapsed = 00:00:09 . Memory (MB): peak = 6344.023 ; gain = 0.000 ; free physical = 227050 ; free virtual = 235369
[2025-09-15 02:49:58] get_nets: Time (s): cpu = 00:00:09 ; elapsed = 00:00:09 . Memory (MB): peak = 6344.023 ; gain = 0.000 ; free physical = 227050 ; free virtual = 235369
[2025-09-15 02:50:08] get_nets: Time (s): cpu = 00:00:08 ; elapsed = 00:00:09 . Memory (MB): peak = 6344.023 ; gain = 0.000 ; free physical = 227050 ; free virtual = 235369
[2025-09-15 02:50:18] get_nets: Time (s): cpu = 00:00:08 ; elapsed = 00:00:08 . Memory (MB): peak = 6344.023 ; gain = 0.000 ; free physical = 227049 ; free virtual = 235368
[2025-09-15 02:50:23] get_nets: Time (s): cpu = 00:00:08 ; elapsed = 00:00:09 . Memory (MB): peak = 6344.023 ; gain = 0.000 ; free physical = 227050 ; free virtual = 235369
[2025-09-15 02:50:33] get_nets: Time (s): cpu = 00:00:08 ; elapsed = 00:00:09 . Memory (MB): peak = 6344.023 ; gain = 0.000 ; free physical = 227050 ; free virtual = 235370
[2025-09-15 02:50:43] get_nets: Time (s): cpu = 00:00:09 ; elapsed = 00:00:09 . Memory (MB): peak = 6344.023 ; gain = 0.000 ; free physical = 227050 ; free virtual = 235370
[2025-09-15 02:50:48] get_nets: Time (s): cpu = 00:00:09 ; elapsed = 00:00:09 . Memory (MB): peak = 6344.023 ; gain = 0.000 ; free physical = 227052 ; free virtual = 235372
[2025-09-15 02:50:58] get_nets: Time (s): cpu = 00:00:08 ; elapsed = 00:00:09 . Memory (MB): peak = 6344.023 ; gain = 0.000 ; free physical = 227053 ; free virtual = 235372
[2025-09-15 02:51:13] INFO: Resolving asynchronous BRAM patch: 'design_1_i/firesim_wrapper_0/inst/firesim_top/top/sim/target/FireSim_/lazyModule/system/tile_prci_domain/tile_reset_domain_vortexgpgpu_tile/core/vortex_axi/vortex/g_clusters[0].cluster/l2cache/g_cache.cache/g_banks[0].bank/cache_tags/g_tag_store[2].tag_store/g_async.g_bram.async_ram_patch'.
[2025-09-15 02:51:23] get_nets: Time (s): cpu = 00:00:09 ; elapsed = 00:00:09 . Memory (MB): peak = 6344.023 ; gain = 0.000 ; free physical = 227049 ; free virtual = 235368
[2025-09-15 02:51:33] get_nets: Time (s): cpu = 00:00:08 ; elapsed = 00:00:08 . Memory (MB): peak = 6344.023 ; gain = 0.000 ; free physical = 227058 ; free virtual = 235378
[2025-09-15 02:51:38] get_nets: Time (s): cpu = 00:00:08 ; elapsed = 00:00:08 . Memory (MB): peak = 6344.023 ; gain = 0.000 ; free physical = 227060 ; free virtual = 235380
[2025-09-15 02:51:48] get_nets: Time (s): cpu = 00:00:08 ; elapsed = 00:00:09 . Memory (MB): peak = 6344.023 ; gain = 0.000 ; free physical = 227061 ; free virtual = 235381
[2025-09-15 02:51:58] get_nets: Time (s): cpu = 00:00:08 ; elapsed = 00:00:09 . Memory (MB): peak = 6344.023 ; gain = 0.000 ; free physical = 227061 ; free virtual = 235380
[2025-09-15 02:52:03] get_nets: Time (s): cpu = 00:00:09 ; elapsed = 00:00:09 . Memory (MB): peak = 6344.023 ; gain = 0.000 ; free physical = 227061 ; free virtual = 235380
[2025-09-15 02:52:13] get_nets: Time (s): cpu = 00:00:08 ; elapsed = 00:00:09 . Memory (MB): peak = 6344.023 ; gain = 0.000 ; free physical = 227061 ; free virtual = 235380
[2025-09-15 02:52:23] get_nets: Time (s): cpu = 00:00:08 ; elapsed = 00:00:09 . Memory (MB): peak = 6344.023 ; gain = 0.000 ; free physical = 227061 ; free virtual = 235380
[2025-09-15 02:52:28] get_nets: Time (s): cpu = 00:00:09 ; elapsed = 00:00:09 . Memory (MB): peak = 6344.023 ; gain = 0.000 ; free physical = 227066 ; free virtual = 235385
[2025-09-15 02:52:38] get_nets: Time (s): cpu = 00:00:08 ; elapsed = 00:00:09 . Memory (MB): peak = 6344.023 ; gain = 0.000 ; free physical = 227070 ; free virtual = 235389
[2025-09-15 02:52:48] get_nets: Time (s): cpu = 00:00:08 ; elapsed = 00:00:09 . Memory (MB): peak = 6344.023 ; gain = 0.000 ; free physical = 227071 ; free virtual = 235390
[2025-09-15 02:52:53] get_nets: Time (s): cpu = 00:00:08 ; elapsed = 00:00:08 . Memory (MB): peak = 6344.023 ; gain = 0.000 ; free physical = 227071 ; free virtual = 235390
[2025-09-15 02:53:03] get_nets: Time (s): cpu = 00:00:08 ; elapsed = 00:00:09 . Memory (MB): peak = 6344.023 ; gain = 0.000 ; free physical = 227071 ; free virtual = 235390
[2025-09-15 02:53:13] get_nets: Time (s): cpu = 00:00:09 ; elapsed = 00:00:09 . Memory (MB): peak = 6344.023 ; gain = 0.000 ; free physical = 227070 ; free virtual = 235389
[2025-09-15 02:53:23] get_nets: Time (s): cpu = 00:00:09 ; elapsed = 00:00:09 . Memory (MB): peak = 6344.023 ; gain = 0.000 ; free physical = 227071 ; free virtual = 235390
[2025-09-15 02:53:38] INFO: Resolving asynchronous BRAM patch: 'design_1_i/firesim_wrapper_0/inst/firesim_top/top/sim/target/FireSim_/lazyModule/system/tile_prci_domain/tile_reset_domain_vortexgpgpu_tile/core/vortex_axi/vortex/g_clusters[0].cluster/l2cache/g_cache.cache/g_banks[0].bank/cache_tags/g_tag_store[3].tag_store/g_async.g_bram.async_ram_patch'.
[2025-09-15 02:53:43] get_nets: Time (s): cpu = 00:00:08 ; elapsed = 00:00:08 . Memory (MB): peak = 6344.023 ; gain = 0.000 ; free physical = 227073 ; free virtual = 235392
[2025-09-15 02:53:53] get_nets: Time (s): cpu = 00:00:09 ; elapsed = 00:00:09 . Memory (MB): peak = 6344.023 ; gain = 0.000 ; free physical = 227101 ; free virtual = 235420
[2025-09-15 02:54:03] get_nets: Time (s): cpu = 00:00:08 ; elapsed = 00:00:09 . Memory (MB): peak = 6344.023 ; gain = 0.000 ; free physical = 227101 ; free virtual = 235420
[2025-09-15 02:54:08] get_nets: Time (s): cpu = 00:00:08 ; elapsed = 00:00:09 . Memory (MB): peak = 6344.023 ; gain = 0.000 ; free physical = 227101 ; free virtual = 235421
[2025-09-15 02:54:19] get_nets: Time (s): cpu = 00:00:09 ; elapsed = 00:00:09 . Memory (MB): peak = 6344.023 ; gain = 0.000 ; free physical = 227101 ; free virtual = 235421
[2025-09-15 02:54:29] get_nets: Time (s): cpu = 00:00:09 ; elapsed = 00:00:09 . Memory (MB): peak = 6344.023 ; gain = 0.000 ; free physical = 227102 ; free virtual = 235421
[2025-09-15 02:54:39] get_nets: Time (s): cpu = 00:00:08 ; elapsed = 00:00:09 . Memory (MB): peak = 6344.023 ; gain = 0.000 ; free physical = 227101 ; free virtual = 235421
[2025-09-15 02:54:44] get_nets: Time (s): cpu = 00:00:08 ; elapsed = 00:00:09 . Memory (MB): peak = 6344.023 ; gain = 0.000 ; free physical = 227106 ; free virtual = 235426
[2025-09-15 02:54:54] get_nets: Time (s): cpu = 00:00:08 ; elapsed = 00:00:09 . Memory (MB): peak = 6344.023 ; gain = 0.000 ; free physical = 227108 ; free virtual = 235428
[2025-09-15 02:55:04] get_nets: Time (s): cpu = 00:00:08 ; elapsed = 00:00:08 . Memory (MB): peak = 6344.023 ; gain = 0.000 ; free physical = 227108 ; free virtual = 235427
[2025-09-15 02:55:09] get_nets: Time (s): cpu = 00:00:08 ; elapsed = 00:00:09 . Memory (MB): peak = 6344.023 ; gain = 0.000 ; free physical = 227109 ; free virtual = 235428
[2025-09-15 02:55:19] get_nets: Time (s): cpu = 00:00:08 ; elapsed = 00:00:09 . Memory (MB): peak = 6344.023 ; gain = 0.000 ; free physical = 227112 ; free virtual = 235431
[2025-09-15 02:55:29] get_nets: Time (s): cpu = 00:00:08 ; elapsed = 00:00:08 . Memory (MB): peak = 6344.023 ; gain = 0.000 ; free physical = 227114 ; free virtual = 235434
[2025-09-15 02:55:34] get_nets: Time (s): cpu = 00:00:08 ; elapsed = 00:00:09 . Memory (MB): peak = 6344.023 ; gain = 0.000 ; free physical = 227115 ; free virtual = 235435
[2025-09-15 02:55:44] get_nets: Time (s): cpu = 00:00:08 ; elapsed = 00:00:08 . Memory (MB): peak = 6344.023 ; gain = 0.000 ; free physical = 227116 ; free virtual = 235435
[2025-09-15 02:55:59] INFO: Resolving asynchronous BRAM patch: 'design_1_i/firesim_wrapper_0/inst/firesim_top/top/sim/target/FireSim_/lazyModule/system/tile_prci_domain/tile_reset_domain_vortexgpgpu_tile/core/vortex_axi/vortex/g_clusters[0].cluster/l2cache/g_cache.cache/g_banks[0].bank/cache_tags/g_tag_store[4].tag_store/g_async.g_bram.async_ram_patch'.
[2025-09-15 02:56:09] get_nets: Time (s): cpu = 00:00:08 ; elapsed = 00:00:09 . Memory (MB): peak = 6344.023 ; gain = 0.000 ; free physical = 227100 ; free virtual = 235419
[2025-09-15 02:56:14] get_nets: Time (s): cpu = 00:00:08 ; elapsed = 00:00:09 . Memory (MB): peak = 6344.023 ; gain = 0.000 ; free physical = 227103 ; free virtual = 235423
[2025-09-15 02:56:24] get_nets: Time (s): cpu = 00:00:09 ; elapsed = 00:00:09 . Memory (MB): peak = 6344.023 ; gain = 0.000 ; free physical = 227103 ; free virtual = 235422
[2025-09-15 02:56:34] get_nets: Time (s): cpu = 00:00:08 ; elapsed = 00:00:09 . Memory (MB): peak = 6344.023 ; gain = 0.000 ; free physical = 227104 ; free virtual = 235423
[2025-09-15 02:56:44] get_nets: Time (s): cpu = 00:00:08 ; elapsed = 00:00:08 . Memory (MB): peak = 6344.023 ; gain = 0.000 ; free physical = 227104 ; free virtual = 235423
[2025-09-15 02:56:49] get_nets: Time (s): cpu = 00:00:08 ; elapsed = 00:00:09 . Memory (MB): peak = 6344.023 ; gain = 0.000 ; free physical = 227108 ; free virtual = 235428
[2025-09-15 02:56:59] get_nets: Time (s): cpu = 00:00:08 ; elapsed = 00:00:08 . Memory (MB): peak = 6344.023 ; gain = 0.000 ; free physical = 227107 ; free virtual = 235427
[2025-09-15 02:57:09] get_nets: Time (s): cpu = 00:00:08 ; elapsed = 00:00:08 . Memory (MB): peak = 6344.023 ; gain = 0.000 ; free physical = 227111 ; free virtual = 235430
[2025-09-15 02:57:14] get_nets: Time (s): cpu = 00:00:08 ; elapsed = 00:00:09 . Memory (MB): peak = 6344.023 ; gain = 0.000 ; free physical = 227110 ; free virtual = 235430
[2025-09-15 02:57:24] get_nets: Time (s): cpu = 00:00:08 ; elapsed = 00:00:09 . Memory (MB): peak = 6344.023 ; gain = 0.000 ; free physical = 227111 ; free virtual = 235430
[2025-09-15 02:57:34] get_nets: Time (s): cpu = 00:00:08 ; elapsed = 00:00:09 . Memory (MB): peak = 6344.023 ; gain = 0.000 ; free physical = 227111 ; free virtual = 235430
[2025-09-15 02:57:39] get_nets: Time (s): cpu = 00:00:08 ; elapsed = 00:00:09 . Memory (MB): peak = 6344.023 ; gain = 0.000 ; free physical = 227111 ; free virtual = 235431
[2025-09-15 02:57:49] get_nets: Time (s): cpu = 00:00:08 ; elapsed = 00:00:09 . Memory (MB): peak = 6344.023 ; gain = 0.000 ; free physical = 227113 ; free virtual = 235432
[2025-09-15 02:57:59] get_nets: Time (s): cpu = 00:00:08 ; elapsed = 00:00:09 . Memory (MB): peak = 6344.023 ; gain = 0.000 ; free physical = 227115 ; free virtual = 235435
[2025-09-15 02:58:04] get_nets: Time (s): cpu = 00:00:08 ; elapsed = 00:00:09 . Memory (MB): peak = 6344.023 ; gain = 0.000 ; free physical = 227115 ; free virtual = 235434
[2025-09-15 02:58:24] INFO: Resolving asynchronous BRAM patch: 'design_1_i/firesim_wrapper_0/inst/firesim_top/top/sim/target/FireSim_/lazyModule/system/tile_prci_domain/tile_reset_domain_vortexgpgpu_tile/core/vortex_axi/vortex/g_clusters[0].cluster/l2cache/g_cache.cache/g_banks[0].bank/cache_tags/g_tag_store[5].tag_store/g_async.g_bram.async_ram_patch'.
[2025-09-15 02:58:29] get_nets: Time (s): cpu = 00:00:08 ; elapsed = 00:00:08 . Memory (MB): peak = 6344.023 ; gain = 0.000 ; free physical = 227113 ; free virtual = 235433
[2025-09-15 02:58:39] get_nets: Time (s): cpu = 00:00:08 ; elapsed = 00:00:08 . Memory (MB): peak = 6344.023 ; gain = 0.000 ; free physical = 227116 ; free virtual = 235435
[2025-09-15 02:58:49] get_nets: Time (s): cpu = 00:00:08 ; elapsed = 00:00:08 . Memory (MB): peak = 6344.023 ; gain = 0.000 ; free physical = 227117 ; free virtual = 235436
[2025-09-15 02:58:54] get_nets: Time (s): cpu = 00:00:08 ; elapsed = 00:00:08 . Memory (MB): peak = 6344.023 ; gain = 0.000 ; free physical = 227117 ; free virtual = 235436
[2025-09-15 02:59:04] get_nets: Time (s): cpu = 00:00:08 ; elapsed = 00:00:08 . Memory (MB): peak = 6344.023 ; gain = 0.000 ; free physical = 227120 ; free virtual = 235440
[2025-09-15 02:59:14] get_nets: Time (s): cpu = 00:00:08 ; elapsed = 00:00:08 . Memory (MB): peak = 6344.023 ; gain = 0.000 ; free physical = 227123 ; free virtual = 235442
[2025-09-15 02:59:19] get_nets: Time (s): cpu = 00:00:08 ; elapsed = 00:00:08 . Memory (MB): peak = 6344.023 ; gain = 0.000 ; free physical = 227125 ; free virtual = 235444
[2025-09-15 02:59:29] get_nets: Time (s): cpu = 00:00:08 ; elapsed = 00:00:09 . Memory (MB): peak = 6344.023 ; gain = 0.000 ; free physical = 227128 ; free virtual = 235447
[2025-09-15 02:59:39] get_nets: Time (s): cpu = 00:00:08 ; elapsed = 00:00:08 . Memory (MB): peak = 6344.023 ; gain = 0.000 ; free physical = 227127 ; free virtual = 235446
[2025-09-15 02:59:44] get_nets: Time (s): cpu = 00:00:09 ; elapsed = 00:00:09 . Memory (MB): peak = 6344.023 ; gain = 0.000 ; free physical = 227128 ; free virtual = 235447
[2025-09-15 02:59:55] get_nets: Time (s): cpu = 00:00:09 ; elapsed = 00:00:09 . Memory (MB): peak = 6344.023 ; gain = 0.000 ; free physical = 227128 ; free virtual = 235447
[2025-09-15 03:00:05] get_nets: Time (s): cpu = 00:00:09 ; elapsed = 00:00:09 . Memory (MB): peak = 6344.023 ; gain = 0.000 ; free physical = 227128 ; free virtual = 235447
[2025-09-15 03:00:15] get_nets: Time (s): cpu = 00:00:08 ; elapsed = 00:00:08 . Memory (MB): peak = 6344.023 ; gain = 0.000 ; free physical = 227134 ; free virtual = 235454
[2025-09-15 03:00:20] get_nets: Time (s): cpu = 00:00:08 ; elapsed = 00:00:09 . Memory (MB): peak = 6344.023 ; gain = 0.000 ; free physical = 227143 ; free virtual = 235462
[2025-09-15 03:00:30] get_nets: Time (s): cpu = 00:00:08 ; elapsed = 00:00:08 . Memory (MB): peak = 6344.023 ; gain = 0.000 ; free physical = 227185 ; free virtual = 235504
[2025-09-15 03:00:45] INFO: Resolving asynchronous BRAM patch: 'design_1_i/firesim_wrapper_0/inst/firesim_top/top/sim/target/FireSim_/lazyModule/system/tile_prci_domain/tile_reset_domain_vortexgpgpu_tile/core/vortex_axi/vortex/g_clusters[0].cluster/l2cache/g_cache.cache/g_banks[0].bank/cache_tags/g_tag_store[6].tag_store/g_async.g_bram.async_ram_patch'.
[2025-09-15 03:00:55] get_nets: Time (s): cpu = 00:00:08 ; elapsed = 00:00:09 . Memory (MB): peak = 6344.023 ; gain = 0.000 ; free physical = 227227 ; free virtual = 235499
[2025-09-15 03:01:00] get_nets: Time (s): cpu = 00:00:08 ; elapsed = 00:00:08 . Memory (MB): peak = 6344.023 ; gain = 0.000 ; free physical = 227251 ; free virtual = 235523
[2025-09-15 03:01:10] get_nets: Time (s): cpu = 00:00:08 ; elapsed = 00:00:08 . Memory (MB): peak = 6344.023 ; gain = 0.000 ; free physical = 227249 ; free virtual = 235521
[2025-09-15 03:01:20] get_nets: Time (s): cpu = 00:00:08 ; elapsed = 00:00:09 . Memory (MB): peak = 6344.023 ; gain = 0.000 ; free physical = 227250 ; free virtual = 235522
[2025-09-15 03:01:25] get_nets: Time (s): cpu = 00:00:08 ; elapsed = 00:00:08 . Memory (MB): peak = 6344.023 ; gain = 0.000 ; free physical = 227250 ; free virtual = 235522
[2025-09-15 03:01:35] get_nets: Time (s): cpu = 00:00:08 ; elapsed = 00:00:09 . Memory (MB): peak = 6344.023 ; gain = 0.000 ; free physical = 227250 ; free virtual = 235523
[2025-09-15 03:01:45] get_nets: Time (s): cpu = 00:00:08 ; elapsed = 00:00:08 . Memory (MB): peak = 6344.023 ; gain = 0.000 ; free physical = 227250 ; free virtual = 235523
[2025-09-15 03:01:50] get_nets: Time (s): cpu = 00:00:09 ; elapsed = 00:00:09 . Memory (MB): peak = 6344.023 ; gain = 0.000 ; free physical = 227251 ; free virtual = 235523
[2025-09-15 03:02:00] get_nets: Time (s): cpu = 00:00:08 ; elapsed = 00:00:09 . Memory (MB): peak = 6344.023 ; gain = 0.000 ; free physical = 227250 ; free virtual = 235523
[2025-09-15 03:02:10] get_nets: Time (s): cpu = 00:00:08 ; elapsed = 00:00:09 . Memory (MB): peak = 6344.023 ; gain = 0.000 ; free physical = 227251 ; free virtual = 235523
[2025-09-15 03:02:20] get_nets: Time (s): cpu = 00:00:09 ; elapsed = 00:00:09 . Memory (MB): peak = 6344.023 ; gain = 0.000 ; free physical = 227251 ; free virtual = 235524
[2025-09-15 03:02:25] get_nets: Time (s): cpu = 00:00:09 ; elapsed = 00:00:09 . Memory (MB): peak = 6344.023 ; gain = 0.000 ; free physical = 227252 ; free virtual = 235524
[2025-09-15 03:02:35] get_nets: Time (s): cpu = 00:00:09 ; elapsed = 00:00:09 . Memory (MB): peak = 6344.023 ; gain = 0.000 ; free physical = 227251 ; free virtual = 235524
[2025-09-15 03:02:45] get_nets: Time (s): cpu = 00:00:08 ; elapsed = 00:00:09 . Memory (MB): peak = 6344.023 ; gain = 0.000 ; free physical = 227245 ; free virtual = 235518
[2025-09-15 03:02:50] get_nets: Time (s): cpu = 00:00:08 ; elapsed = 00:00:08 . Memory (MB): peak = 6344.023 ; gain = 0.000 ; free physical = 227245 ; free virtual = 235518
[2025-09-15 03:03:05] INFO: Resolving asynchronous BRAM patch: 'design_1_i/firesim_wrapper_0/inst/firesim_top/top/sim/target/FireSim_/lazyModule/system/tile_prci_domain/tile_reset_domain_vortexgpgpu_tile/core/vortex_axi/vortex/g_clusters[0].cluster/l2cache/g_cache.cache/g_banks[0].bank/cache_tags/g_tag_store[7].tag_store/g_async.g_bram.async_ram_patch'.
[2025-09-15 03:03:15] get_nets: Time (s): cpu = 00:00:08 ; elapsed = 00:00:09 . Memory (MB): peak = 6344.023 ; gain = 0.000 ; free physical = 227221 ; free virtual = 235493
[2025-09-15 03:03:25] get_nets: Time (s): cpu = 00:00:08 ; elapsed = 00:00:09 . Memory (MB): peak = 6344.023 ; gain = 0.000 ; free physical = 227224 ; free virtual = 235496
[2025-09-15 03:03:30] get_nets: Time (s): cpu = 00:00:09 ; elapsed = 00:00:09 . Memory (MB): peak = 6344.023 ; gain = 0.000 ; free physical = 227224 ; free virtual = 235496
[2025-09-15 03:03:40] get_nets: Time (s): cpu = 00:00:09 ; elapsed = 00:00:09 . Memory (MB): peak = 6344.023 ; gain = 0.000 ; free physical = 227224 ; free virtual = 235496
[2025-09-15 03:03:50] get_nets: Time (s): cpu = 00:00:08 ; elapsed = 00:00:08 . Memory (MB): peak = 6344.023 ; gain = 0.000 ; free physical = 227224 ; free virtual = 235496
[2025-09-15 03:04:00] get_nets: Time (s): cpu = 00:00:09 ; elapsed = 00:00:09 . Memory (MB): peak = 6344.023 ; gain = 0.000 ; free physical = 227224 ; free virtual = 235496
[2025-09-15 03:04:05] get_nets: Time (s): cpu = 00:00:08 ; elapsed = 00:00:09 . Memory (MB): peak = 6344.023 ; gain = 0.000 ; free physical = 227224 ; free virtual = 235496
[2025-09-15 03:04:15] get_nets: Time (s): cpu = 00:00:08 ; elapsed = 00:00:09 . Memory (MB): peak = 6344.023 ; gain = 0.000 ; free physical = 227224 ; free virtual = 235496
[2025-09-15 03:04:25] get_nets: Time (s): cpu = 00:00:09 ; elapsed = 00:00:09 . Memory (MB): peak = 6344.023 ; gain = 0.000 ; free physical = 227223 ; free virtual = 235495
[2025-09-15 03:04:30] get_nets: Time (s): cpu = 00:00:08 ; elapsed = 00:00:09 . Memory (MB): peak = 6344.023 ; gain = 0.000 ; free physical = 227224 ; free virtual = 235496
[2025-09-15 03:04:40] get_nets: Time (s): cpu = 00:00:08 ; elapsed = 00:00:09 . Memory (MB): peak = 6344.023 ; gain = 0.000 ; free physical = 227224 ; free virtual = 235496
[2025-09-15 03:04:50] get_nets: Time (s): cpu = 00:00:09 ; elapsed = 00:00:09 . Memory (MB): peak = 6344.023 ; gain = 0.000 ; free physical = 227224 ; free virtual = 235496
[2025-09-15 03:04:55] get_nets: Time (s): cpu = 00:00:08 ; elapsed = 00:00:09 . Memory (MB): peak = 6344.023 ; gain = 0.000 ; free physical = 227224 ; free virtual = 235496
[2025-09-15 03:05:05] get_nets: Time (s): cpu = 00:00:08 ; elapsed = 00:00:09 . Memory (MB): peak = 6344.023 ; gain = 0.000 ; free physical = 227225 ; free virtual = 235497
[2025-09-15 03:05:15] get_nets: Time (s): cpu = 00:00:08 ; elapsed = 00:00:08 . Memory (MB): peak = 6344.023 ; gain = 0.000 ; free physical = 227224 ; free virtual = 235496
[2025-09-15 03:05:31] INFO: Resolving asynchronous BRAM patch: 'design_1_i/firesim_wrapper_0/inst/firesim_top/top/sim/target/FireSim_/lazyModule/system/tile_prci_domain/tile_reset_domain_vortexgpgpu_tile/core/vortex_axi/vortex/g_clusters[0].cluster/l2cache/g_cache.cache/g_banks[0].bank/mem_req_queue/g_depth_n.dp_ram/g_async.g_bram.async_ram_patch'.
[2025-09-15 03:05:41] get_nets: Time (s): cpu = 00:00:08 ; elapsed = 00:00:09 . Memory (MB): peak = 6344.023 ; gain = 0.000 ; free physical = 227221 ; free virtual = 235493
[2025-09-15 03:05:46] get_nets: Time (s): cpu = 00:00:08 ; elapsed = 00:00:08 . Memory (MB): peak = 6344.023 ; gain = 0.000 ; free physical = 227244 ; free virtual = 235516
[2025-09-15 03:05:56] get_nets: Time (s): cpu = 00:00:08 ; elapsed = 00:00:08 . Memory (MB): peak = 6344.023 ; gain = 0.000 ; free physical = 227245 ; free virtual = 235517
[2025-09-15 03:06:06] get_nets: Time (s): cpu = 00:00:09 ; elapsed = 00:00:09 . Memory (MB): peak = 6344.023 ; gain = 0.000 ; free physical = 227245 ; free virtual = 235517
[2025-09-15 03:06:11] get_nets: Time (s): cpu = 00:00:08 ; elapsed = 00:00:09 . Memory (MB): peak = 6344.023 ; gain = 0.000 ; free physical = 227245 ; free virtual = 235517
[2025-09-15 03:06:21] get_nets: Time (s): cpu = 00:00:08 ; elapsed = 00:00:09 . Memory (MB): peak = 6344.023 ; gain = 0.000 ; free physical = 227245 ; free virtual = 235517
[2025-09-15 03:06:31] INFO: Resolving asynchronous BRAM patch: 'design_1_i/firesim_wrapper_0/inst/firesim_top/top/sim/target/FireSim_/lazyModule/system/tile_prci_domain/tile_reset_domain_vortexgpgpu_tile/core/vortex_axi/vortex/g_clusters[0].cluster/l2cache/g_cache.cache/g_mem_rsp_queue[0].mem_rsp_queue/g_ebN.fifo_queue/g_depth_n.dp_ram/g_async.g_bram.async_ram_patch'.
[2025-09-15 03:06:41] get_nets: Time (s): cpu = 00:00:08 ; elapsed = 00:00:09 . Memory (MB): peak = 6344.023 ; gain = 0.000 ; free physical = 227221 ; free virtual = 235493
[2025-09-15 03:06:51] get_nets: Time (s): cpu = 00:00:08 ; elapsed = 00:00:08 . Memory (MB): peak = 6344.023 ; gain = 0.000 ; free physical = 227244 ; free virtual = 235516
[2025-09-15 03:06:56] get_nets: Time (s): cpu = 00:00:08 ; elapsed = 00:00:09 . Memory (MB): peak = 6344.023 ; gain = 0.000 ; free physical = 227444 ; free virtual = 235574
[2025-09-15 03:07:06] get_nets: Time (s): cpu = 00:00:09 ; elapsed = 00:00:09 . Memory (MB): peak = 6344.023 ; gain = 0.000 ; free physical = 227687 ; free virtual = 235712
[2025-09-15 03:07:16] get_nets: Time (s): cpu = 00:00:09 ; elapsed = 00:00:09 . Memory (MB): peak = 6344.023 ; gain = 0.000 ; free physical = 227850 ; free virtual = 235749
[2025-09-15 03:07:21] get_nets: Time (s): cpu = 00:00:08 ; elapsed = 00:00:08 . Memory (MB): peak = 6344.023 ; gain = 0.000 ; free physical = 227851 ; free virtual = 235750
[2025-09-15 03:07:31] Command: opt_design -directive Explore
[2025-09-15 03:07:31] INFO: [Vivado_Tcl 4-136] Directive used for opt_design is: Explore
[2025-09-15 03:07:36] Attempting to get a license for feature 'Implementation' and/or device 'xcu250'
[2025-09-15 03:07:36] INFO: [Common 17-349] Got license for feature 'Implementation' and/or device 'xcu250'
[2025-09-15 03:07:36] Running DRC as a precondition to command opt_design
[2025-09-15 03:07:36] 
[2025-09-15 03:07:36] Starting DRC Task
[2025-09-15 03:07:36] INFO: [DRC 23-27] Running DRC with 8 threads
[2025-09-15 03:07:36] INFO: [Project 1-461] DRC finished with 0 Errors
[2025-09-15 03:07:36] INFO: [Project 1-462] Please refer to the DRC report (report_drc) for more information.
[2025-09-15 03:07:36] 
[2025-09-15 03:07:36] Time (s): cpu = 00:00:04 ; elapsed = 00:00:02 . Memory (MB): peak = 6344.023 ; gain = 0.000 ; free physical = 227867 ; free virtual = 235717
[2025-09-15 03:07:36] 
[2025-09-15 03:07:36] Starting Logic Optimization Task
[2025-09-15 03:07:36] 
[2025-09-15 03:07:36] Phase 1 Generate And Synthesize MIG Cores
[2025-09-15 03:08:56] INFO: [IP_Flow 19-5647] Added synthesis output to IP cache for IP design_1_ddr4_0_0_phy, cache-ID = e3fb5ab9b1324c2e
[2025-09-15 03:09:36] set_switching_activity: Time (s): cpu = 00:01:08 ; elapsed = 00:00:18 . Memory (MB): peak = 7028.555 ; gain = 627.719 ; free physical = 226983 ; free virtual = 234777
[2025-09-15 03:09:46] read_xdc: Time (s): cpu = 00:01:34 ; elapsed = 00:00:29 . Memory (MB): peak = 7028.555 ; gain = 627.719 ; free physical = 227030 ; free virtual = 234813
[2025-09-15 03:09:46] Netlist sorting complete. Time (s): cpu = 00:00:00.03 ; elapsed = 00:00:00.04 . Memory (MB): peak = 7028.555 ; gain = 0.000 ; free physical = 227100 ; free virtual = 234849
[2025-09-15 03:09:46] Phase 1 Generate And Synthesize MIG Cores | Checksum: 219bef9eb
[2025-09-15 03:09:46] 
[2025-09-15 03:09:46] Time (s): cpu = 00:03:06 ; elapsed = 00:02:08 . Memory (MB): peak = 7028.555 ; gain = 684.531 ; free physical = 227100 ; free virtual = 234849
[2025-09-15 03:09:46] 
[2025-09-15 03:09:46] Phase 2 Generate And Synthesize Debug Cores
[2025-09-15 03:09:46] INFO: [Chipscope 16-329] Generating Script for core instance : dbg_hub 
[2025-09-15 03:09:46] INFO: [IP_Flow 19-3806] Processing IP xilinx.com:ip:xsdbm:3.0 for cell dbg_hub_CV.
[2025-09-15 03:11:37] get_clocks: Time (s): cpu = 00:00:21 ; elapsed = 00:00:06 . Memory (MB): peak = 7028.555 ; gain = 0.000 ; free physical = 227196 ; free virtual = 234857
[2025-09-15 03:11:37] Netlist sorting complete. Time (s): cpu = 00:00:00.15 ; elapsed = 00:00:00.16 . Memory (MB): peak = 7028.555 ; gain = 0.000 ; free physical = 227196 ; free virtual = 234857
[2025-09-15 03:11:37] Phase 2 Generate And Synthesize Debug Cores | Checksum: 1c90e31ab
[2025-09-15 03:11:37] 
[2025-09-15 03:11:37] Time (s): cpu = 00:04:44 ; elapsed = 00:04:00 . Memory (MB): peak = 7028.555 ; gain = 684.531 ; free physical = 227196 ; free virtual = 234857
[2025-09-15 03:11:42] 
[2025-09-15 03:11:42] Phase 3 Retarget
[2025-09-15 03:11:47] INFO: [Opt 31-1287] Pulled Inverter design_1_i/axi_clock_converter_0/inst/gen_clock_conv.gen_async_conv.asyncfifo_axi/inst_fifo_gen/gaxi_full_lite.gread_ch.grdch2.axi_rdch/grf.rf/rstblk/ngwrdrst.grst.g7serrst.gnsckt_wrst.rst_wr_reg2_inst_i_1 into driver instance design_1_i/axi_clock_converter_0/inst/gen_clock_conv.gen_async_conv.asyncfifo_axi_i_1, which resulted in an inversion of 1 pins
[2025-09-15 03:11:47] INFO: [Opt 31-1287] Pulled Inverter design_1_i/axi_clock_converter_1/inst/gen_clock_conv.gen_async_lite_conv.clock_conv_lite_fwd_aw/s_areset_dly[0]_i_1 into driver instance design_1_i/xdma_0/inst/axi_aresetn_inferred_i_1, which resulted in an inversion of 5 pins
[2025-09-15 03:11:47] INFO: [Opt 31-1287] Pulled Inverter design_1_i/axi_dwidth_converter_0/inst/gen_upsizer.gen_full_upsizer.axi_upsizer_inst/USE_READ.gen_pktfifo_r_upsizer.pktfifo_read_data_inst/dw_fifogen_ar/inst_fifo_gen/gaxi_full_lite.gread_ch.grach2.axi_rach/grf.rf/rstblk/ngwrdrst.grst.g7serrst.gnsckt_wrst.rst_wr_reg2_inst_i_1 into driver instance design_1_i/axi_dwidth_converter_0/inst/gen_upsizer.gen_full_upsizer.axi_upsizer_inst/USE_READ.gen_pktfifo_r_upsizer.pktfifo_read_data_inst/USE_WRITE.gen_b_clk_conv.gen_b_async_conv.dw_fifogen_b_async_i_1, which resulted in an inversion of 2 pins
[2025-09-15 03:11:47] INFO: [Opt 31-1287] Pulled Inverter design_1_i/axi_dwidth_converter_0/inst/gen_upsizer.gen_full_upsizer.axi_upsizer_inst/USE_WRITE.gen_pktfifo_w_upsizer.pktfifo_write_data_inst/dw_fifogen_aw/inst_fifo_gen/gaxi_full_lite.gwrite_ch.gwach2.axi_wach/grf.rf/rstblk/ngwrdrst.grst.g7serrst.gnsckt_wrst.rst_wr_reg2_inst_i_1 into driver instance design_1_i/axi_dwidth_converter_0/inst/gen_upsizer.gen_full_upsizer.axi_upsizer_inst/USE_WRITE.gen_pktfifo_w_upsizer.pktfifo_write_data_inst/dw_fifogen_aw_i_1, which resulted in an inversion of 1 pins
[2025-09-15 03:11:47] INFO: [Opt 31-1287] Pulled Inverter design_1_i/ddr4_0/inst/u_ddr4_mem_intfc/u_ddr_cal_riu/mcs0/inst/microblaze_I/U0/MicroBlaze_Core_I/Performance.Core/Data_Flow_I/Operand_Select_I/Use_PCMP_instr.count_leading_zeros_I_i_2 into driver instance design_1_i/ddr4_0/inst/u_ddr4_mem_intfc/u_ddr_cal_riu/mcs0/inst/microblaze_I/U0/MicroBlaze_Core_I/Performance.Core/Data_Flow_I/Operand_Select_I/Gen_Bit[31].MUXF7_I1/Use_PCMP_instr.count_leading_zeros_I_i_7, which resulted in an inversion of 4 pins
[2025-09-15 03:11:47] INFO: [Opt 31-1287] Pulled Inverter design_1_i/ddr4_0/inst/u_ddr4_mem_intfc/u_ddr_cal_riu/mcs0/inst/microblaze_I/U0/MicroBlaze_Core_I/Performance.Core/Data_Flow_I/Operand_Select_I/Use_PCMP_instr.count_leading_zeros_I_i_4 into driver instance design_1_i/ddr4_0/inst/u_ddr4_mem_intfc/u_ddr_cal_riu/mcs0/inst/microblaze_I/U0/MicroBlaze_Core_I/Performance.Core/Data_Flow_I/Operand_Select_I/Gen_Bit[31].MUXF7_I1/Use_PCMP_instr.count_leading_zeros_I_i_10, which resulted in an inversion of 3 pins
[2025-09-15 03:11:47] INFO: [Opt 31-1287] Pulled Inverter design_1_i/ddr4_0/inst/u_ddr4_mem_intfc/u_ddr_mc/bgr[0].u_ddr_mc_group/trp_cntr[4]_i_1 into driver instance design_1_i/ddr4_0/inst/u_ddr4_mem_intfc/u_ddr_mc/bgr[0].u_ddr_mc_group/trp_cntr_is_zero_i_2, which resulted in an inversion of 2 pins
[2025-09-15 03:11:47] INFO: [Opt 31-1287] Pulled Inverter design_1_i/ddr4_0/inst/u_ddr4_mem_intfc/u_ddr_mc/bgr[1].u_ddr_mc_group/cmd_bank_cas[0]_i_1__0 into driver instance design_1_i/ddr4_0/inst/u_ddr4_mem_intfc/u_ddr_mc/bgr[1].u_ddr_mc_group/cmd_bank_cas[0]_i_2__0, which resulted in an inversion of 2 pins
[2025-09-15 03:11:47] INFO: [Opt 31-1287] Pulled Inverter design_1_i/ddr4_0/inst/u_ddr4_mem_intfc/u_ddr_mc/bgr[1].u_ddr_mc_group/cmd_bank_cas[1]_i_1__0 into driver instance design_1_i/ddr4_0/inst/u_ddr4_mem_intfc/u_ddr_mc/bgr[1].u_ddr_mc_group/cmd_bank_cas[1]_i_2__0, which resulted in an inversion of 2 pins
[2025-09-15 03:11:47] INFO: [Opt 31-1287] Pulled Inverter design_1_i/ddr4_0/inst/u_ddr4_mem_intfc/u_ddr_mc/bgr[1].u_ddr_mc_group/trp_cntr[4]_i_1__0 into driver instance design_1_i/ddr4_0/inst/u_ddr4_mem_intfc/u_ddr_mc/bgr[1].u_ddr_mc_group/trp_cntr[4]_i_2, which resulted in an inversion of 2 pins
[2025-09-15 03:11:47] INFO: [Opt 31-1287] Pulled Inverter design_1_i/ddr4_0/inst/u_ddr4_mem_intfc/u_ddr_mc/bgr[2].u_ddr_mc_group/cmd_bank_cas[0]_i_1__1 into driver instance design_1_i/ddr4_0/inst/u_ddr4_mem_intfc/u_ddr_mc/bgr[2].u_ddr_mc_group/cmd_bank_cas[0]_i_2__1, which resulted in an inversion of 2 pins
[2025-09-15 03:11:47] INFO: [Opt 31-1287] Pulled Inverter design_1_i/ddr4_0/inst/u_ddr4_mem_intfc/u_ddr_mc/bgr[2].u_ddr_mc_group/trp_cntr[4]_i_1__1 into driver instance design_1_i/ddr4_0/inst/u_ddr4_mem_intfc/u_ddr_mc/bgr[2].u_ddr_mc_group/trp_cntr[4]_i_2__0, which resulted in an inversion of 2 pins
[2025-09-15 03:11:47] INFO: [Opt 31-1287] Pulled Inverter design_1_i/ddr4_0/inst/u_ddr4_mem_intfc/u_ddr_mc/bgr[3].u_ddr_mc_group/cmd_bank_cas[0]_i_1__2 into driver instance design_1_i/ddr4_0/inst/u_ddr4_mem_intfc/u_ddr_mc/bgr[3].u_ddr_mc_group/cmd_bank_cas[0]_i_2__2, which resulted in an inversion of 2 pins
[2025-09-15 03:11:47] INFO: [Opt 31-1287] Pulled Inverter design_1_i/ddr4_0/inst/u_ddr4_mem_intfc/u_ddr_mc/bgr[3].u_ddr_mc_group/trp_cntr[4]_i_1__2 into driver instance design_1_i/ddr4_0/inst/u_ddr4_mem_intfc/u_ddr_mc/bgr[3].u_ddr_mc_group/trp_cntr[4]_i_2__1, which resulted in an inversion of 2 pins
[2025-09-15 03:11:47] INFO: [Opt 31-1287] Pulled Inverter design_1_i/ddr4_0/inst/u_ddr4_mem_intfc/u_ddr_mc/u_ddr_mc_arb_c/prevGr[0]_i_1 into driver instance design_1_i/ddr4_0/inst/u_ddr4_mem_intfc/u_ddr_mc/u_ddr_mc_arb_c/prevGr[0]_i_2, which resulted in an inversion of 17 pins
[2025-09-15 03:11:47] INFO: [Opt 31-1287] Pulled Inverter design_1_i/ddr4_0/inst/u_ddr4_mem_intfc/u_ddr_mc/u_ddr_mc_arb_c/prevGr[1]_i_1 into driver instance design_1_i/ddr4_0/inst/u_ddr4_mem_intfc/u_ddr_mc/u_ddr_mc_arb_c/prevGr[1]_i_2, which resulted in an inversion of 17 pins
[2025-09-15 03:11:47] INFO: [Opt 31-1287] Pulled Inverter design_1_i/ddr4_0/inst/u_ddr4_mem_intfc/u_ddr_mc/u_ddr_mc_arb_c/winPort[0]_i_1 into driver instance design_1_i/ddr4_0/inst/u_ddr4_mem_intfc/u_ddr_mc/u_ddr_mc_arb_c/winPort[0]_i_2, which resulted in an inversion of 2 pins
[2025-09-15 03:11:47] INFO: [Opt 31-1287] Pulled Inverter design_1_i/ddr4_0/inst/u_ddr4_mem_intfc/u_ddr_mc/u_ddr_mc_rd_wr/wtrs[0].u_ddr_mc_wtr/winPortEnc[1]_i_2 into driver instance design_1_i/ddr4_0/inst/u_ddr4_mem_intfc/u_ddr_mc/u_ddr_mc_rd_wr/wtrs[0].u_ddr_mc_wtr/winPortEnc[1]_i_3, which resulted in an inversion of 3 pins
[2025-09-15 03:11:47] INFO: [Opt 31-1287] Pulled Inverter design_1_i/ddr4_0/inst/u_ddr4_mem_intfc/u_ddr_mc/u_ddr_mc_rd_wr/wtrs[0].u_ddr_mc_wtr/winPort[2]_i_1 into driver instance design_1_i/ddr4_0/inst/u_ddr4_mem_intfc/u_ddr_mc/u_ddr_mc_rd_wr/wtrs[0].u_ddr_mc_wtr/winPort[2]_i_2, which resulted in an inversion of 7 pins
[2025-09-15 03:11:47] INFO: [Opt 31-1287] Pulled Inverter design_1_i/ddr4_0/inst/u_ddr4_mem_intfc/u_ddr_mc/u_ddr_mc_rd_wr/wtrs[0].u_ddr_mc_wtr/winPort[3]_i_1 into driver instance design_1_i/ddr4_0/inst/u_ddr4_mem_intfc/u_ddr_mc/u_ddr_mc_rd_wr/wtrs[0].u_ddr_mc_wtr/winPortEnc[0]_i_4, which resulted in an inversion of 7 pins
[2025-09-15 03:11:47] INFO: [Opt 31-1287] Pulled Inverter design_1_i/ddr4_0/inst/u_ddr4_mem_intfc/u_ddr_mc/u_ddr_mc_rd_wr/wtrs[0].u_ddr_mc_wtr/winRead_i_1 into driver instance design_1_i/ddr4_0/inst/u_ddr4_mem_intfc/u_ddr_mc/u_ddr_mc_rd_wr/wtrs[0].u_ddr_mc_wtr/winRead_i_2, which resulted in an inversion of 2 pins
[2025-09-15 03:11:47] INFO: [Opt 31-1287] Pulled Inverter design_1_i/ddr4_0/inst/u_ddr4_mem_intfc/u_io_addr_sync/lowCL0[24]_i_1 into driver instance design_1_i/ddr4_0/inst/u_ddr4_mem_intfc/u_io_addr_sync/lowCL0[40]_i_3, which resulted in an inversion of 3 pins
[2025-09-15 03:11:47] INFO: [Opt 31-1287] Pulled Inverter design_1_i/ddr4_0/inst/u_ddr4_mem_intfc/u_io_addr_sync/lowCL0[25]_i_1 into driver instance design_1_i/ddr4_0/inst/u_ddr4_mem_intfc/u_io_addr_sync/lowCL0[41]_i_4, which resulted in an inversion of 3 pins
[2025-09-15 03:11:47] INFO: [Opt 31-1287] Pulled Inverter design_1_i/ddr4_0/inst/u_ddr4_mem_intfc/u_io_addr_sync/lowCL0[34]_i_1 into driver instance design_1_i/ddr4_0/inst/u_ddr4_mem_intfc/u_io_addr_sync/lowCL0[34]_i_2, which resulted in an inversion of 9 pins
[2025-09-15 03:11:47] INFO: [Opt 31-1287] Pulled Inverter design_1_i/ddr4_0/inst/u_ddr4_mem_intfc/u_io_addr_sync/lowCL0[35]_i_2 into driver instance design_1_i/ddr4_0/inst/u_ddr4_mem_intfc/u_io_addr_sync/lowCL0[47]_i_4, which resulted in an inversion of 9 pins
[2025-09-15 03:11:47] INFO: [Opt 31-1287] Pulled Inverter design_1_i/ddr4_0/inst/u_ddr4_mem_intfc/u_io_addr_sync/lowCL1[24]_i_1 into driver instance design_1_i/ddr4_0/inst/u_ddr4_mem_intfc/u_io_addr_sync/lowCL1[40]_i_2, which resulted in an inversion of 3 pins
[2025-09-15 03:11:47] INFO: [Opt 31-1287] Pulled Inverter design_1_i/ddr4_0/inst/u_ddr4_mem_intfc/u_io_addr_sync/lowCL1[25]_i_1 into driver instance design_1_i/ddr4_0/inst/u_ddr4_mem_intfc/u_io_addr_sync/lowCL1[41]_i_2, which resulted in an inversion of 3 pins
[2025-09-15 03:11:47] INFO: [Opt 31-1287] Pulled Inverter design_1_i/ddr4_0/inst/u_ddr4_mem_intfc/u_io_addr_sync/lowCL1[34]_i_1 into driver instance design_1_i/ddr4_0/inst/u_ddr4_mem_intfc/u_io_addr_sync/lowCL1[46]_i_2, which resulted in an inversion of 9 pins
[2025-09-15 03:11:47] INFO: [Opt 31-1287] Pulled Inverter design_1_i/ddr4_0/inst/u_ddr4_mem_intfc/u_io_addr_sync/lowCL1[35]_i_1 into driver instance design_1_i/ddr4_0/inst/u_ddr4_mem_intfc/u_io_addr_sync/lowCL1[47]_i_2, which resulted in an inversion of 9 pins
[2025-09-15 03:11:47] INFO: [Opt 31-1287] Pulled Inverter design_1_i/ddr4_0/inst/u_ddr4_mem_intfc/u_io_addr_sync/lowCL2[24]_i_1 into driver instance design_1_i/ddr4_0/inst/u_ddr4_mem_intfc/u_io_addr_sync/lowCL2[40]_i_2, which resulted in an inversion of 3 pins
[2025-09-15 03:11:47] INFO: [Opt 31-1287] Pulled Inverter design_1_i/ddr4_0/inst/u_ddr4_mem_intfc/u_io_addr_sync/lowCL2[25]_i_1 into driver instance design_1_i/ddr4_0/inst/u_ddr4_mem_intfc/u_io_addr_sync/lowCL2[41]_i_2, which resulted in an inversion of 3 pins
[2025-09-15 03:11:47] INFO: [Opt 31-1287] Pulled Inverter design_1_i/ddr4_0/inst/u_ddr4_mem_intfc/u_io_addr_sync/lowCL2[34]_i_1 into driver instance design_1_i/ddr4_0/inst/u_ddr4_mem_intfc/u_io_addr_sync/lowCL2[46]_i_2, which resulted in an inversion of 9 pins
[2025-09-15 03:11:47] INFO: [Opt 31-1287] Pulled Inverter design_1_i/ddr4_0/inst/u_ddr4_mem_intfc/u_io_addr_sync/lowCL2[35]_i_1 into driver instance design_1_i/ddr4_0/inst/u_ddr4_mem_intfc/u_io_addr_sync/lowCL2[47]_i_2, which resulted in an inversion of 9 pins
[2025-09-15 03:11:47] INFO: [Opt 31-1287] Pulled Inverter design_1_i/ddr4_0/inst/u_ddr4_mem_intfc/u_io_addr_sync/lowCL3[24]_i_1 into driver instance design_1_i/ddr4_0/inst/u_ddr4_mem_intfc/u_io_addr_sync/lowCL3[40]_i_3, which resulted in an inversion of 3 pins
[2025-09-15 03:11:47] INFO: [Opt 31-1287] Pulled Inverter design_1_i/ddr4_0/inst/u_ddr4_mem_intfc/u_io_addr_sync/lowCL3[25]_i_1 into driver instance design_1_i/ddr4_0/inst/u_ddr4_mem_intfc/u_io_addr_sync/lowCL3[41]_i_2, which resulted in an inversion of 3 pins
[2025-09-15 03:11:47] INFO: [Opt 31-1287] Pulled Inverter design_1_i/ddr4_0/inst/u_ddr4_mem_intfc/u_io_addr_sync/lowCL3[34]_i_1 into driver instance design_1_i/ddr4_0/inst/u_ddr4_mem_intfc/u_io_addr_sync/lowCL3[34]_i_2, which resulted in an inversion of 9 pins
[2025-09-15 03:11:47] INFO: [Opt 31-1287] Pulled Inverter design_1_i/ddr4_0/inst/u_ddr4_mem_intfc/u_io_addr_sync/lowCL3[35]_i_1 into driver instance design_1_i/ddr4_0/inst/u_ddr4_mem_intfc/u_io_addr_sync/lowCL3[47]_i_2, which resulted in an inversion of 9 pins
[2025-09-15 03:11:47] INFO: [Opt 31-1287] Pulled Inverter design_1_i/ddr4_0/inst/u_ddr4_mem_intfc/u_io_addr_sync/rd_vref_value[2]_i_1 into driver instance design_1_i/ddr4_0/inst/u_ddr4_mem_intfc/u_io_addr_sync/rd_vref_value[2]_i_2, which resulted in an inversion of 3 pins
[2025-09-15 03:11:47] INFO: [Opt 31-1287] Pulled Inverter design_1_i/ddr4_0/inst/u_ddr4_mem_intfc/u_io_addr_sync/rd_vref_value[3]_i_1 into driver instance design_1_i/ddr4_0/inst/u_ddr4_mem_intfc/u_io_addr_sync/rd_vref_value[51]_i_2, which resulted in an inversion of 7 pins
[2025-09-15 03:11:47] INFO: [Opt 31-1287] Pulled Inverter design_1_i/ddr4_0/inst/u_ddr4_mem_intfc/u_io_addr_sync/rd_vref_value[4]_i_2 into driver instance design_1_i/ddr4_0/inst/u_ddr4_mem_intfc/u_io_addr_sync/rd_vref_value[52]_i_2, which resulted in an inversion of 5 pins
[2025-09-15 03:11:47] INFO: [Opt 31-1287] Pulled Inverter design_1_i/ddr4_0/inst/u_ddr4_mem_intfc/u_io_addr_sync/uppCL0[24]_i_1 into driver instance design_1_i/ddr4_0/inst/u_ddr4_mem_intfc/u_io_addr_sync/uppCL0[40]_i_3, which resulted in an inversion of 3 pins
[2025-09-15 03:11:47] INFO: [Opt 31-1287] Pulled Inverter design_1_i/ddr4_0/inst/u_ddr4_mem_intfc/u_io_addr_sync/uppCL0[25]_i_1 into driver instance design_1_i/ddr4_0/inst/u_ddr4_mem_intfc/u_io_addr_sync/uppCL0[41]_i_2, which resulted in an inversion of 3 pins
[2025-09-15 03:11:47] INFO: [Opt 31-1287] Pulled Inverter design_1_i/ddr4_0/inst/u_ddr4_mem_intfc/u_io_addr_sync/uppCL1[24]_i_1 into driver instance design_1_i/ddr4_0/inst/u_ddr4_mem_intfc/u_io_addr_sync/uppCL1[40]_i_2, which resulted in an inversion of 3 pins
[2025-09-15 03:11:47] INFO: [Opt 31-1287] Pulled Inverter design_1_i/ddr4_0/inst/u_ddr4_mem_intfc/u_io_addr_sync/uppCL1[25]_i_1 into driver instance design_1_i/ddr4_0/inst/u_ddr4_mem_intfc/u_io_addr_sync/uppCL1[41]_i_2, which resulted in an inversion of 3 pins
[2025-09-15 03:11:47] INFO: [Opt 31-1287] Pulled Inverter design_1_i/ddr4_0/inst/u_ddr4_mem_intfc/u_io_addr_sync/uppCL2[24]_i_1 into driver instance design_1_i/ddr4_0/inst/u_ddr4_mem_intfc/u_io_addr_sync/uppCL2[40]_i_2, which resulted in an inversion of 3 pins
[2025-09-15 03:11:47] INFO: [Opt 31-1287] Pulled Inverter design_1_i/ddr4_0/inst/u_ddr4_mem_intfc/u_io_addr_sync/uppCL2[25]_i_1 into driver instance design_1_i/ddr4_0/inst/u_ddr4_mem_intfc/u_io_addr_sync/uppCL2[41]_i_2, which resulted in an inversion of 3 pins
[2025-09-15 03:11:47] INFO: [Opt 31-1287] Pulled Inverter design_1_i/ddr4_0/inst/u_ddr4_mem_intfc/u_io_addr_sync/uppCL3[24]_i_1 into driver instance design_1_i/ddr4_0/inst/u_ddr4_mem_intfc/u_io_addr_sync/uppCL3[40]_i_3, which resulted in an inversion of 3 pins
[2025-09-15 03:11:47] INFO: [Opt 31-1287] Pulled Inverter design_1_i/ddr4_0/inst/u_ddr4_mem_intfc/u_io_addr_sync/uppCL3[25]_i_1 into driver instance design_1_i/ddr4_0/inst/u_ddr4_mem_intfc/u_io_addr_sync/uppCL3[41]_i_2, which resulted in an inversion of 3 pins
[2025-09-15 03:11:47] INFO: [Opt 31-1287] Pulled Inverter design_1_i/ddr4_0/inst/u_ddr4_mem_intfc/u_mig_ddr4_phy/riu_nibble_8[1]_INST_0 into driver instance design_1_i/ddr4_0/inst/u_ddr4_mem_intfc/u_mig_ddr4_phy/inst/riu_nibble_8[1]_INST_0_i_1, which resulted in an inversion of 85 pins
[2025-09-15 03:11:47] INFO: [Opt 31-1287] Pulled Inverter design_1_i/ddr4_0/inst/u_ddr4_mem_intfc/u_mig_ddr4_phy/riu_nibble_8[2]_INST_0 into driver instance design_1_i/ddr4_0/inst/u_ddr4_mem_intfc/u_mig_ddr4_phy/inst/riu_nibble_8[2]_INST_0_i_1, which resulted in an inversion of 85 pins
[2025-09-15 03:11:47] INFO: [Opt 31-1287] Pulled Inverter design_1_i/ddr4_0/inst/u_ddr4_mem_intfc/u_mig_ddr4_phy/riu_nibble_8[4]_INST_0 into driver instance design_1_i/ddr4_0/inst/u_ddr4_mem_intfc/u_mig_ddr4_phy/inst/riu_nibble_8[4]_INST_0_i_1, which resulted in an inversion of 17 pins
[2025-09-15 03:11:47] INFO: [Opt 31-1287] Pulled Inverter design_1_i/ddr4_0/inst/u_ddr_axi/USE_UPSIZER.upsizer_d2/USE_READ.read_addr_inst/USE_BURSTS.cmd_queue/USE_FF_OUT.USE_RTL_OUTPUT_PIPELINE.M_VALID_Q_i_1__0 into driver instance design_1_i/ddr4_0/inst/u_ddr_axi/USE_UPSIZER.upsizer_d2/USE_READ.read_addr_inst/USE_BURSTS.cmd_queue/data_Exists_I_i_2__0, which resulted in an inversion of 7 pins
[2025-09-15 03:11:47] INFO: [Opt 31-1287] Pulled Inverter design_1_i/ddr4_0/inst/u_ddr_axi/USE_UPSIZER.upsizer_d2/USE_WRITE.write_addr_inst/USE_BURSTS.cmd_queue/USE_FF_OUT.USE_RTL_OUTPUT_PIPELINE.M_VALID_Q_i_1 into driver instance design_1_i/ddr4_0/inst/u_ddr_axi/USE_UPSIZER.upsizer_d2/USE_WRITE.write_addr_inst/USE_BURSTS.cmd_queue/data_Exists_I_i_2, which resulted in an inversion of 7 pins
[2025-09-15 03:11:47] INFO: [Opt 31-1287] Pulled Inverter design_1_i/ddr4_0/inst/u_ddr_axi/USE_UPSIZER.upsizer_d2/si_register_slice_inst/ar_pipe/USE_RTL_FIFO.data_srl_reg[31][19]_srl32_i_1__0 into driver instance design_1_i/ddr4_0/inst/u_ddr_axi/USE_UPSIZER.upsizer_d2/si_register_slice_inst/ar_pipe/USE_RTL_FIFO.data_srl_reg[31][19]_srl32_i_2__0, which resulted in an inversion of 4 pins
[2025-09-15 03:11:47] INFO: [Opt 31-1287] Pulled Inverter design_1_i/ddr4_0/inst/u_ddr_axi/axi_ar_channel_0/axi_mc_cmd_translator_0/axi_mc_wrap_cmd_0/r_rlast_i_1 into driver instance design_1_i/ddr4_0/inst/u_ddr_axi/axi_ar_channel_0/axi_mc_cmd_translator_0/axi_mc_wrap_cmd_0/axready_i_2, which resulted in an inversion of 3 pins
[2025-09-15 03:11:47] INFO: [Opt 31-1287] Pulled Inverter design_1_i/firesim_wrapper_0/inst/firesim_top/top/FASEDMemoryTimingModel_0/fixer/a_first_counter[5]_i_2__0 into driver instance design_1_i/firesim_wrapper_0/inst/firesim_top/top/FASEDMemoryTimingModel_0/fixer/a_first_counter[5]_i_5, which resulted in an inversion of 19 pins
[2025-09-15 03:11:47] INFO: [Opt 31-1287] Pulled Inverter design_1_i/firesim_wrapper_0/inst/firesim_top/top/FASEDMemoryTimingModel_0/model/readPipe/currReqReg_bits[3]_i_1 into driver instance design_1_i/firesim_wrapper_0/inst/firesim_top/top/FASEDMemoryTimingModel_0/model/readPipe/ram_data_reg_i_19, which resulted in an inversion of 6 pins
[2025-09-15 03:11:47] INFO: [Opt 31-1287] Pulled Inverter design_1_i/firesim_wrapper_0/inst/firesim_top/top/FASEDMemoryTimingModel_0/model/readPipe/ram_data_reg_i_3 into driver instance design_1_i/firesim_wrapper_0/inst/firesim_top/top/FASEDMemoryTimingModel_0/model/readPipe/ram_data_reg_i_21, which resulted in an inversion of 12 pins
[2025-09-15 03:11:47] INFO: [Opt 31-1287] Pulled Inverter design_1_i/firesim_wrapper_0/inst/firesim_top/top/FASEDMemoryTimingModel_0/model/readPipe/ram_data_reg_i_5 into driver instance design_1_i/firesim_wrapper_0/inst/firesim_top/top/FASEDMemoryTimingModel_0/model/readPipe/ram_data_reg_i_22, which resulted in an inversion of 42 pins
[2025-09-15 03:11:47] INFO: [Opt 31-1287] Pulled Inverter design_1_i/firesim_wrapper_0/inst/firesim_top/top/FASEDMemoryTimingModel_0/readEgress/multiQueue/deqPtrs_14[0]_i_1 into driver instance design_1_i/firesim_wrapper_0/inst/firesim_top/top/FASEDMemoryTimingModel_0/readEgress/multiQueue/deqPtrs_14[3]_i_5, which resulted in an inversion of 4 pins
[2025-09-15 03:11:47] INFO: [Opt 31-1287] Pulled Inverter design_1_i/firesim_wrapper_0/inst/firesim_top/top/FASEDMemoryTimingModel_0/xbar/state_0_i_1__7 into driver instance design_1_i/firesim_wrapper_0/inst/firesim_top/top/FASEDMemoryTimingModel_0/xbar/state_0_i_2__3, which resulted in an inversion of 20 pins
[2025-09-15 03:11:47] INFO: [Opt 31-1287] Pulled Inverter design_1_i/firesim_wrapper_0/inst/firesim_top/top/FASEDMemoryTimingModel_0/xbar/state_1_i_1__6 into driver instance design_1_i/firesim_wrapper_0/inst/firesim_top/top/FASEDMemoryTimingModel_0/xbar/state_1_i_2__4, which resulted in an inversion of 53 pins
[2025-09-15 03:11:47] INFO: [Opt 31-1287] Pulled Inverter design_1_i/firesim_wrapper_0/inst/firesim_top/top/LoadMemWidget_0/crFile/head[5]_i_1 into driver instance design_1_i/firesim_wrapper_0/inst/firesim_top/top/LoadMemWidget_0/crFile/wdata_54[31]_i_2, which resulted in an inversion of 23 pins
[2025-09-15 03:11:47] INFO: [Opt 31-1287] Pulled Inverter design_1_i/firesim_wrapper_0/inst/firesim_top/top/TraceDoctorBridgeModule_0/ram_reg_bram_0_i_1 into driver instance design_1_i/firesim_wrapper_0/inst/firesim_top/top/TraceDoctorBridgeModule_0/ram_reg_bram_0_i_17, which resulted in an inversion of 7 pins
[2025-09-15 03:11:47] INFO: [Opt 31-1287] Pulled Inverter design_1_i/firesim_wrapper_0/inst/firesim_top/top/axi4deint/qs_queue_11/ram_last_reg_0_1_0_0_i_1__0 into driver instance design_1_i/firesim_wrapper_0/inst/firesim_top/top/axi4deint/qs_queue_11/deq_id[3]_i_3, which resulted in an inversion of 18 pins
[2025-09-15 03:11:47] INFO: [Opt 31-1287] Pulled Inverter design_1_i/firesim_wrapper_0/inst/firesim_top/top/ctrlInterconnect/xbar/router/b_arb/lastGrant[0]_i_1 into driver instance design_1_i/firesim_wrapper_0/inst/firesim_top/top/ctrlInterconnect/xbar/router/b_arb/S_AXI_CTRL_bvalid_INST_0_i_6, which resulted in an inversion of 2 pins
[2025-09-15 03:11:47] INFO: [Opt 31-1287] Pulled Inverter design_1_i/firesim_wrapper_0/inst/firesim_top/top/ctrlInterconnect/xbar/router/r_arb/S_AXI_CTRL_rvalid_INST_0 into driver instance design_1_i/firesim_wrapper_0/inst/firesim_top/top/ctrlInterconnect/xbar/router/r_arb/S_AXI_CTRL_rvalid_INST_0_i_1, which resulted in an inversion of 2 pins
[2025-09-15 03:11:47] INFO: [Opt 31-1287] Pulled Inverter design_1_i/firesim_wrapper_0/inst/firesim_top/top/sim/target/FireSim_/lazyModule/system/subsystem_cbus/out_xbar/state_0_i_1__2 into driver instance design_1_i/firesim_wrapper_0/inst/firesim_top/top/sim/target/FireSim_/lazyModule/system/subsystem_cbus/out_xbar/state_0_i_2__0, which resulted in an inversion of 23 pins
[2025-09-15 03:11:47] INFO: [Opt 31-1287] Pulled Inverter design_1_i/firesim_wrapper_0/inst/firesim_top/top/sim/target/FireSim_/lazyModule/system/subsystem_cbus/out_xbar/state_2_i_1 into driver instance design_1_i/firesim_wrapper_0/inst/firesim_top/top/sim/target/FireSim_/lazyModule/system/subsystem_cbus/out_xbar/state_2_i_2, which resulted in an inversion of 51 pins
[2025-09-15 03:11:47] INFO: [Opt 31-1287] Pulled Inverter design_1_i/firesim_wrapper_0/inst/firesim_top/top/sim/target/FireSim_/lazyModule/system/subsystem_cbus/out_xbar/state_4_i_1 into driver instance design_1_i/firesim_wrapper_0/inst/firesim_top/top/sim/target/FireSim_/lazyModule/system/subsystem_cbus/out_xbar/state_4_i_2, which resulted in an inversion of 46 pins
[2025-09-15 03:11:47] INFO: [Opt 31-1287] Pulled Inverter design_1_i/firesim_wrapper_0/inst/firesim_top/top/sim/target/FireSim_/lazyModule/system/subsystem_cbus/out_xbar/state_5_i_1 into driver instance design_1_i/firesim_wrapper_0/inst/firesim_top/top/sim/target/FireSim_/lazyModule/system/subsystem_cbus/out_xbar/state_5_i_2, which resulted in an inversion of 46 pins
[2025-09-15 03:11:47] INFO: [Opt 31-1287] Pulled Inverter design_1_i/firesim_wrapper_0/inst/firesim_top/top/sim/target/FireSim_/lazyModule/system/subsystem_cbus/out_xbar/state_6_i_1 into driver instance design_1_i/firesim_wrapper_0/inst/firesim_top/top/sim/target/FireSim_/lazyModule/system/subsystem_cbus/out_xbar/state_6_i_2, which resulted in an inversion of 9 pins
[2025-09-15 03:11:47] INFO: [Opt 31-1287] Pulled Inverter design_1_i/firesim_wrapper_0/inst/firesim_top/top/sim/target/FireSim_/lazyModule/system/subsystem_cbus/out_xbar/state_7_i_1 into driver instance design_1_i/firesim_wrapper_0/inst/firesim_top/top/sim/target/FireSim_/lazyModule/system/subsystem_cbus/out_xbar/state_7_i_2, which resulted in an inversion of 18 pins
[2025-09-15 03:11:47] INFO: [Opt 31-1287] Pulled Inverter design_1_i/firesim_wrapper_0/inst/firesim_top/top/sim/target/FireSim_/lazyModule/system/subsystem_l2_wrapper/l2/mods_0/requests/bad_grant_i_1 into driver instance design_1_i/firesim_wrapper_0/inst/firesim_top/top/sim/target/FireSim_/lazyModule/system/subsystem_l2_wrapper/l2/mods_0/requests/bad_grant_i_3, which resulted in an inversion of 16 pins
[2025-09-15 03:11:47] INFO: [Opt 31-1287] Pulled Inverter design_1_i/firesim_wrapper_0/inst/firesim_top/top/sim/target/FireSim_/lazyModule/system/subsystem_l2_wrapper/l2/mods_0/requests/bad_grant_i_1__0 into driver instance design_1_i/firesim_wrapper_0/inst/firesim_top/top/sim/target/FireSim_/lazyModule/system/subsystem_l2_wrapper/l2/mods_0/requests/bad_grant_i_3__0, which resulted in an inversion of 17 pins
[2025-09-15 03:11:47] INFO: [Opt 31-1287] Pulled Inverter design_1_i/firesim_wrapper_0/inst/firesim_top/top/sim/target/FireSim_/lazyModule/system/subsystem_l2_wrapper/l2/mods_0/requests/bad_grant_i_1__1 into driver instance design_1_i/firesim_wrapper_0/inst/firesim_top/top/sim/target/FireSim_/lazyModule/system/subsystem_l2_wrapper/l2/mods_0/requests/bad_grant_i_3__1, which resulted in an inversion of 16 pins
[2025-09-15 03:11:47] INFO: [Opt 31-1287] Pulled Inverter design_1_i/firesim_wrapper_0/inst/firesim_top/top/sim/target/FireSim_/lazyModule/system/subsystem_l2_wrapper/l2/mods_0/sinkA/putbuffer/next_reg_0_63_0_5_i_1 into driver instance design_1_i/firesim_wrapper_0/inst/firesim_top/top/sim/target/FireSim_/lazyModule/system/subsystem_l2_wrapper/l2/mods_0/sinkA/putbuffer/next_reg_0_63_0_5_i_14, which resulted in an inversion of 8 pins
[2025-09-15 03:11:47] INFO: [Opt 31-1287] Pulled Inverter design_1_i/firesim_wrapper_0/inst/firesim_top/top/sim/target/FireSim_/lazyModule/system/subsystem_l2_wrapper/l2/mods_0/sinkA/putbuffer/next_reg_0_63_0_5_i_2 into driver instance design_1_i/firesim_wrapper_0/inst/firesim_top/top/sim/target/FireSim_/lazyModule/system/subsystem_l2_wrapper/l2/mods_0/sinkA/putbuffer/next_reg_0_63_0_5_i_15, which resulted in an inversion of 7 pins
[2025-09-15 03:11:47] INFO: [Opt 31-1287] Pulled Inverter design_1_i/firesim_wrapper_0/inst/firesim_top/top/sim/target/FireSim_/lazyModule/system/subsystem_l2_wrapper/l2/mods_0/sinkA/putbuffer/next_reg_0_63_0_5_i_4 into driver instance design_1_i/firesim_wrapper_0/inst/firesim_top/top/sim/target/FireSim_/lazyModule/system/subsystem_l2_wrapper/l2/mods_0/sinkA/putbuffer/next_reg_0_63_0_5_i_21, which resulted in an inversion of 11 pins
[2025-09-15 03:11:47] INFO: [Opt 31-1287] Pulled Inverter design_1_i/firesim_wrapper_0/inst/firesim_top/top/sim/target/FireSim_/lazyModule/system/subsystem_l2_wrapper/l2/mods_0/sinkA/putbuffer/tail_reg_0_31_0_0_i_5 into driver instance design_1_i/firesim_wrapper_0/inst/firesim_top/top/sim/target/FireSim_/lazyModule/system/subsystem_l2_wrapper/l2/mods_0/sinkA/putbuffer/tail_reg_0_31_0_0_i_18, which resulted in an inversion of 28 pins
[2025-09-15 03:11:47] INFO: [Opt 31-1287] Pulled Inverter design_1_i/firesim_wrapper_0/inst/firesim_top/top/sim/target/FireSim_/lazyModule/system/subsystem_l2_wrapper/l2/mods_0/sinkA/putbuffer/tail_reg_0_31_0_0_i_6 into driver instance design_1_i/firesim_wrapper_0/inst/firesim_top/top/sim/target/FireSim_/lazyModule/system/subsystem_l2_wrapper/l2/mods_0/sinkA/putbuffer/tail_reg_0_31_0_0_i_19, which resulted in an inversion of 27 pins
[2025-09-15 03:11:47] INFO: [Opt 31-1287] Pulled Inverter design_1_i/firesim_wrapper_0/inst/firesim_top/top/sim/target/FireSim_/lazyModule/system/subsystem_l2_wrapper/l2/mods_0/sourceD/s2_retires_i_1 into driver instance design_1_i/firesim_wrapper_0/inst/firesim_top/top/sim/target/FireSim_/lazyModule/system/subsystem_l2_wrapper/l2/mods_0/sourceD/s2_retires_i_2, which resulted in an inversion of 3 pins
[2025-09-15 03:11:47] INFO: [Opt 31-1287] Pulled Inverter design_1_i/firesim_wrapper_0/inst/firesim_top/top/sim/target/FireSim_/lazyModule/system/subsystem_mbus/subsystem_mbus_xbar/state_0_i_1__0 into driver instance design_1_i/firesim_wrapper_0/inst/firesim_top/top/sim/target/FireSim_/lazyModule/system/subsystem_mbus/subsystem_mbus_xbar/ram_flattened_reg_0_1_0_13_i_19__1, which resulted in an inversion of 39 pins
[2025-09-15 03:11:47] INFO: [Opt 31-1287] Pulled Inverter design_1_i/firesim_wrapper_0/inst/firesim_top/top/sim/target/FireSim_/lazyModule/system/subsystem_mbus/subsystem_mbus_xbar/state_1_i_1 into driver instance design_1_i/firesim_wrapper_0/inst/firesim_top/top/sim/target/FireSim_/lazyModule/system/subsystem_mbus/subsystem_mbus_xbar/ram_flattened_reg_0_1_0_13_i_20__0, which resulted in an inversion of 47 pins
[2025-09-15 03:11:47] INFO: [Opt 31-1287] Pulled Inverter design_1_i/firesim_wrapper_0/inst/firesim_top/top/sim/target/FireSim_/lazyModule/system/subsystem_pbus/buffer/bundleIn_0_d_q/d_first_counter[3]_i_2__1 into driver instance design_1_i/firesim_wrapper_0/inst/firesim_top/top/sim/target/FireSim_/lazyModule/system/subsystem_pbus/buffer/bundleIn_0_d_q/d_first_counter[3]_i_6__0, which resulted in an inversion of 7 pins
[2025-09-15 03:11:47] INFO: [Opt 31-1287] Pulled Inverter design_1_i/firesim_wrapper_0/inst/firesim_top/top/sim/target/FireSim_/lazyModule/system/subsystem_pbus/buffer/bundleIn_0_d_q/d_first_counter[3]_i_2__2 into driver instance design_1_i/firesim_wrapper_0/inst/firesim_top/top/sim/target/FireSim_/lazyModule/system/subsystem_pbus/buffer/bundleIn_0_d_q/d_first_counter[3]_i_5__1, which resulted in an inversion of 5 pins
[2025-09-15 03:11:47] INFO: [Opt 31-1287] Pulled Inverter design_1_i/firesim_wrapper_0/inst/firesim_top/top/sim/target/FireSim_/lazyModule/system/subsystem_pbus/buffer/bundleOut_0_a_q/a_first_counter[3]_i_2__0 into driver instance design_1_i/firesim_wrapper_0/inst/firesim_top/top/sim/target/FireSim_/lazyModule/system/subsystem_pbus/buffer/bundleOut_0_a_q/stalls_id_7[1]_i_3, which resulted in an inversion of 12 pins
[2025-09-15 03:11:47] INFO: [Opt 31-1287] Pulled Inverter design_1_i/firesim_wrapper_0/inst/firesim_top/top/sim/target/FireSim_/lazyModule/system/subsystem_pbus/coupler_to_device_named_uart_0/fragmenter/repeater/dOrig[0]_i_1__5 into driver instance design_1_i/firesim_wrapper_0/inst/firesim_top/top/sim/target/FireSim_/lazyModule/system/subsystem_pbus/coupler_to_device_named_uart_0/fragmenter/repeater/dOrig[0]_i_2__5, which resulted in an inversion of 4 pins
[2025-09-15 03:11:47] INFO: [Opt 31-1287] Pulled Inverter design_1_i/firesim_wrapper_0/inst/firesim_top/top/sim/target/FireSim_/lazyModule/system/subsystem_pbus/coupler_to_slave_named_bootaddressreg/fragmenter/repeater/dOrig[0]_i_1__7 into driver instance design_1_i/firesim_wrapper_0/inst/firesim_top/top/sim/target/FireSim_/lazyModule/system/subsystem_pbus/coupler_to_slave_named_bootaddressreg/fragmenter/repeater/dOrig[0]_i_2__7, which resulted in an inversion of 4 pins
[2025-09-15 03:11:47] INFO: [Opt 31-1287] Pulled Inverter design_1_i/firesim_wrapper_0/inst/firesim_top/top/sim/target/FireSim_/lazyModule/system/subsystem_pbus/out_xbar/ram_flattened_reg_0_1_28_41_i_10__7 into driver instance design_1_i/firesim_wrapper_0/inst/firesim_top/top/sim/target/FireSim_/lazyModule/system/subsystem_pbus/out_xbar/ram_flattened_reg_0_1_28_41_i_27__1, which resulted in an inversion of 23 pins
[2025-09-15 03:11:47] INFO: [Opt 31-1287] Pulled Inverter design_1_i/firesim_wrapper_0/inst/firesim_top/top/sim/target/FireSim_/lazyModule/system/subsystem_pbus/out_xbar/ram_flattened_reg_0_1_28_41_i_11__7 into driver instance design_1_i/firesim_wrapper_0/inst/firesim_top/top/sim/target/FireSim_/lazyModule/system/subsystem_pbus/out_xbar/ram_flattened_reg_0_1_28_41_i_28__2, which resulted in an inversion of 15 pins
[2025-09-15 03:11:47] INFO: [Opt 31-1287] Pulled Inverter design_1_i/firesim_wrapper_0/inst/firesim_top/top/sim/target/FireSim_/lazyModule/system/subsystem_pbus/out_xbar/ram_flattened_reg_0_1_28_41_i_12__7 into driver instance design_1_i/firesim_wrapper_0/inst/firesim_top/top/sim/target/FireSim_/lazyModule/system/subsystem_pbus/out_xbar/ram_flattened_reg_0_1_28_41_i_29__1, which resulted in an inversion of 19 pins
[2025-09-15 03:11:47] INFO: [Opt 31-1287] Pulled Inverter design_1_i/firesim_wrapper_0/inst/firesim_top/top/sim/target/FireSim_/lazyModule/system/subsystem_pbus/out_xbar/ram_flattened_reg_0_1_42_51_i_3 into driver instance design_1_i/firesim_wrapper_0/inst/firesim_top/top/sim/target/FireSim_/lazyModule/system/subsystem_pbus/out_xbar/d_first_counter[3]_i_7, which resulted in an inversion of 4 pins
[2025-09-15 03:11:47] INFO: [Opt 31-1287] Pulled Inverter design_1_i/firesim_wrapper_0/inst/firesim_top/top/sim/target/FireSim_/lazyModule/system/subsystem_pbus/out_xbar/ram_flattened_reg_0_1_42_51_i_6 into driver instance design_1_i/firesim_wrapper_0/inst/firesim_top/top/sim/target/FireSim_/lazyModule/system/subsystem_pbus/out_xbar/d_first_counter[3]_i_5__0, which resulted in an inversion of 2 pins
[2025-09-15 03:11:47] INFO: [Opt 31-1287] Pulled Inverter design_1_i/firesim_wrapper_0/inst/firesim_top/top/sim/target/FireSim_/lazyModule/system/subsystem_pbus/out_xbar/state_1_i_1__3 into driver instance design_1_i/firesim_wrapper_0/inst/firesim_top/top/sim/target/FireSim_/lazyModule/system/subsystem_pbus/out_xbar/state_1_i_2__2, which resulted in an inversion of 32 pins
[2025-09-15 03:11:47] INFO: [Opt 31-1287] Pulled Inverter design_1_i/firesim_wrapper_0/inst/firesim_top/top/sim/target/FireSim_/lazyModule/system/subsystem_pbus/out_xbar/state_2_i_1__0 into driver instance design_1_i/firesim_wrapper_0/inst/firesim_top/top/sim/target/FireSim_/lazyModule/system/subsystem_pbus/out_xbar/state_2_i_2__0, which resulted in an inversion of 15 pins
[2025-09-15 03:11:47] INFO: [Opt 31-1287] Pulled Inverter design_1_i/firesim_wrapper_0/inst/firesim_top/top/sim/target/FireSim_/lazyModule/system/subsystem_sbus/system_bus_xbar/state_2_0_i_1 into driver instance design_1_i/firesim_wrapper_0/inst/firesim_top/top/sim/target/FireSim_/lazyModule/system/subsystem_sbus/system_bus_xbar/state_2_0_i_2, which resulted in an inversion of 45 pins
[2025-09-15 03:11:47] INFO: [Opt 31-1287] Pulled Inverter design_1_i/firesim_wrapper_0/inst/firesim_top/top/sim/target/FireSim_/lazyModule/system/subsystem_sbus/system_bus_xbar/state_3_0_i_1 into driver instance design_1_i/firesim_wrapper_0/inst/firesim_top/top/sim/target/FireSim_/lazyModule/system/subsystem_sbus/system_bus_xbar/ram_flattened_reg_0_1_0_13_i_17__1, which resulted in an inversion of 52 pins
[2025-09-15 03:11:47] INFO: [Opt 31-1287] Pulled Inverter design_1_i/firesim_wrapper_0/inst/firesim_top/top/sim/target/FireSim_/lazyModule/system/subsystem_sbus/system_bus_xbar/state_3_1_i_1 into driver instance design_1_i/firesim_wrapper_0/inst/firesim_top/top/sim/target/FireSim_/lazyModule/system/subsystem_sbus/system_bus_xbar/ram_flattened_reg_0_1_0_13_i_16__1, which resulted in an inversion of 52 pins
[2025-09-15 03:11:47] INFO: [Opt 31-1287] Pulled Inverter design_1_i/firesim_wrapper_0/inst/firesim_top/top/sim/target/FireSim_/lazyModule/system/tile_prci_domain/tile_reset_domain_vortexgpgpu_tile/axi42tl/saved_opcode[0]_i_1 into driver instance design_1_i/firesim_wrapper_0/inst/firesim_top/top/sim/target/FireSim_/lazyModule/system/tile_prci_domain/tile_reset_domain_vortexgpgpu_tile/axi42tl/ram_flattened_reg_0_1_56_69_i_39, which resulted in an inversion of 1124 pins
[2025-09-15 03:11:47] INFO: [Common 17-14] Message 'Opt 31-1287' appears 100 times and further instances of the messages will be disabled. Use the Tcl command set_msg_config to change the current settings.
[2025-09-15 03:11:47] INFO: [Opt 31-138] Pushed 131 inverter(s) to 29904 load pin(s).
[2025-09-15 03:11:52] INFO: [Opt 31-49] Retargeted 0 cell(s).
[2025-09-15 03:11:52] Phase 3 Retarget | Checksum: 188e5d2b1
[2025-09-15 03:11:52] 
[2025-09-15 03:11:52] Time (s): cpu = 00:05:06 ; elapsed = 00:04:12 . Memory (MB): peak = 7028.555 ; gain = 684.531 ; free physical = 227548 ; free virtual = 235209
[2025-09-15 03:11:52] INFO: [Opt 31-389] Phase Retarget created 82 cells and removed 2469 cells
[2025-09-15 03:11:52] INFO: [Opt 31-1021] In phase Retarget, 146 netlist objects are constrained preventing optimization. Please run opt_design with -debug_log to get more detail. 
[2025-09-15 03:11:52] 
[2025-09-15 03:11:52] Phase 4 Constant propagation
[2025-09-15 03:11:52] INFO: [Opt 31-138] Pushed 6 inverter(s) to 63 load pin(s).
[2025-09-15 03:11:52] Phase 4 Constant propagation | Checksum: 165c1d05b
[2025-09-15 03:11:52] 
[2025-09-15 03:11:52] Time (s): cpu = 00:05:09 ; elapsed = 00:04:15 . Memory (MB): peak = 7028.555 ; gain = 684.531 ; free physical = 227551 ; free virtual = 235212
[2025-09-15 03:11:52] INFO: [Opt 31-389] Phase Constant propagation created 3257 cells and removed 5686 cells
[2025-09-15 03:11:52] INFO: [Opt 31-1021] In phase Constant propagation, 144 netlist objects are constrained preventing optimization. Please run opt_design with -debug_log to get more detail. 
[2025-09-15 03:11:52] 
[2025-09-15 03:11:52] Phase 5 Sweep
[2025-09-15 03:12:02] Phase 5 Sweep | Checksum: faa5b034
[2025-09-15 03:12:02] 
[2025-09-15 03:12:02] Time (s): cpu = 00:05:17 ; elapsed = 00:04:24 . Memory (MB): peak = 7028.555 ; gain = 684.531 ; free physical = 227609 ; free virtual = 235270
[2025-09-15 03:12:02] INFO: [Opt 31-389] Phase Sweep created 0 cells and removed 25864 cells
[2025-09-15 03:12:02] INFO: [Opt 31-1021] In phase Sweep, 2349 netlist objects are constrained preventing optimization. Please run opt_design with -debug_log to get more detail. 
[2025-09-15 03:12:02] 
[2025-09-15 03:12:02] Phase 6 BUFG optimization
[2025-09-15 03:12:02] INFO: [Opt 31-1077] Phase BUFG optimization inserted 0 global clock buffer(s) for CLOCK_LOW_FANOUT.
[2025-09-15 03:12:07] INFO: [Opt 31-274] Optimized connectivity to 4 cascaded buffer cells
[2025-09-15 03:12:07] Phase 6 BUFG optimization | Checksum: 15469dc4a
[2025-09-15 03:12:07] 
[2025-09-15 03:12:07] Time (s): cpu = 00:05:22 ; elapsed = 00:04:27 . Memory (MB): peak = 7028.555 ; gain = 684.531 ; free physical = 227612 ; free virtual = 235273
[2025-09-15 03:12:07] INFO: [Opt 31-662] Phase BUFG optimization created 1 cells of which 1 are BUFGs and removed 2 cells.
[2025-09-15 03:12:07] INFO: [Opt 31-1021] In phase BUFG optimization, 1 netlist objects are constrained preventing optimization. Please run opt_design with -debug_log to get more detail. 
[2025-09-15 03:12:07] 
[2025-09-15 03:12:07] Phase 7 Shift Register Optimization
[2025-09-15 03:12:07] INFO: [Opt 31-1064] SRL Remap converted 0 SRLs to 0 registers and converted 0 registers of register chains to 0 SRLs
[2025-09-15 03:12:07] Phase 7 Shift Register Optimization | Checksum: 15469dc4a
[2025-09-15 03:12:07] 
[2025-09-15 03:12:07] Time (s): cpu = 00:05:23 ; elapsed = 00:04:27 . Memory (MB): peak = 7028.555 ; gain = 684.531 ; free physical = 227612 ; free virtual = 235273
[2025-09-15 03:12:07] INFO: [Opt 31-389] Phase Shift Register Optimization created 0 cells and removed 0 cells
[2025-09-15 03:12:07] INFO: [Opt 31-1555] control_set_opt supports Versal devices only, and device xcu250 is unsupported
[2025-09-15 03:12:07] 
[2025-09-15 03:12:07] Phase 8 Post Processing Netlist
[2025-09-15 03:12:07] Phase 8 Post Processing Netlist | Checksum: 114456735
[2025-09-15 03:12:07] 
[2025-09-15 03:12:07] Time (s): cpu = 00:05:24 ; elapsed = 00:04:28 . Memory (MB): peak = 7028.555 ; gain = 684.531 ; free physical = 227613 ; free virtual = 235274
[2025-09-15 03:12:07] INFO: [Opt 31-389] Phase Post Processing Netlist created 0 cells and removed 1 cells
[2025-09-15 03:12:07] INFO: [Opt 31-1021] In phase Post Processing Netlist, 268 netlist objects are constrained preventing optimization. Please run opt_design with -debug_log to get more detail. 
[2025-09-15 03:12:07] Opt_design Change Summary
[2025-09-15 03:12:07] =========================
[2025-09-15 03:12:07] 
[2025-09-15 03:12:07] 
[2025-09-15 03:12:07] -------------------------------------------------------------------------------------------------------------------------
[2025-09-15 03:12:07] |  Phase                        |  #Cells created  |  #Cells Removed  |  #Constrained objects preventing optimizations  |
[2025-09-15 03:12:07] -------------------------------------------------------------------------------------------------------------------------
[2025-09-15 03:12:07] |  Retarget                     |              82  |            2469  |                                            146  |
[2025-09-15 03:12:07] |  Constant propagation         |            3257  |            5686  |                                            144  |
[2025-09-15 03:12:07] |  Sweep                        |               0  |           25864  |                                           2349  |
[2025-09-15 03:12:07] |  BUFG optimization            |               1  |               2  |                                              1  |
[2025-09-15 03:12:07] |  Shift Register Optimization  |               0  |               0  |                                              0  |
[2025-09-15 03:12:07] |  Post Processing Netlist      |               0  |               1  |                                            268  |
[2025-09-15 03:12:07] -------------------------------------------------------------------------------------------------------------------------
[2025-09-15 03:12:07] 
[2025-09-15 03:12:07] 
[2025-09-15 03:12:07] 
[2025-09-15 03:12:07] Starting Connectivity Check Task
[2025-09-15 03:12:12] 
[2025-09-15 03:12:12] Time (s): cpu = 00:00:00.47 ; elapsed = 00:00:00.46 . Memory (MB): peak = 7028.555 ; gain = 0.000 ; free physical = 227616 ; free virtual = 235278
[2025-09-15 03:12:12] Ending Logic Optimization Task | Checksum: 23fef0a2d
[2025-09-15 03:12:12] 
[2025-09-15 03:12:12] Time (s): cpu = 00:05:28 ; elapsed = 00:04:32 . Memory (MB): peak = 7028.555 ; gain = 684.531 ; free physical = 227616 ; free virtual = 235278
[2025-09-15 03:12:12] 
[2025-09-15 03:12:12] Starting Netlist Obfuscation Task
[2025-09-15 03:12:12] Netlist sorting complete. Time (s): cpu = 00:00:00.04 ; elapsed = 00:00:00.04 . Memory (MB): peak = 7028.555 ; gain = 0.000 ; free physical = 227592 ; free virtual = 235253
[2025-09-15 03:12:12] Ending Netlist Obfuscation Task | Checksum: 23fef0a2d
[2025-09-15 03:12:12] 
[2025-09-15 03:12:12] Time (s): cpu = 00:00:00.08 ; elapsed = 00:00:00.08 . Memory (MB): peak = 7028.555 ; gain = 0.000 ; free physical = 227592 ; free virtual = 235253
[2025-09-15 03:12:12] INFO: [Common 17-83] Releasing license: Implementation
[2025-09-15 03:12:12] 173 Infos, 167 Warnings, 3 Critical Warnings and 0 Errors encountered.
[2025-09-15 03:12:12] opt_design completed successfully
[2025-09-15 03:12:12] opt_design: Time (s): cpu = 00:05:35 ; elapsed = 00:04:37 . Memory (MB): peak = 7028.555 ; gain = 684.531 ; free physical = 227593 ; free virtual = 235255
[2025-09-15 03:12:12] INFO: [Timing 38-35] Done setting XDC timing constraints.
[2025-09-15 03:12:17] INFO: [Timing 38-480] Writing timing data to binary archive.
[2025-09-15 03:12:17] Writing XDEF routing.
[2025-09-15 03:12:17] Writing XDEF routing logical nets.
[2025-09-15 03:12:17] Writing XDEF routing special nets.
[2025-09-15 03:12:17] Write XDEF Complete: Time (s): cpu = 00:00:02 ; elapsed = 00:00:00.35 . Memory (MB): peak = 7087.555 ; gain = 59.000 ; free physical = 227133 ; free virtual = 234844
[2025-09-15 03:12:42] INFO: [Common 17-1381] The checkpoint '/cluster/home/eirikwit/vortex-gpgpu/chipyard/sims/firesim/sim/generated-src/alveo/FireSim-FireSimV1S1C0L3-BaseF1Config1Mem_F25MHz/u250/vivado_proj/firesim.runs/impl_1/design_1_wrapper_opt.dcp' has been generated.
[2025-09-15 03:12:42] write_checkpoint: Time (s): cpu = 00:00:53 ; elapsed = 00:00:31 . Memory (MB): peak = 7101.539 ; gain = 72.984 ; free physical = 227227 ; free virtual = 234972
[2025-09-15 03:12:42] INFO: [runtcl-4] Executing : report_drc -file design_1_wrapper_drc_opted.rpt -pb design_1_wrapper_drc_opted.pb -rpx design_1_wrapper_drc_opted.rpx
[2025-09-15 03:12:42] Command: report_drc -file design_1_wrapper_drc_opted.rpt -pb design_1_wrapper_drc_opted.pb -rpx design_1_wrapper_drc_opted.rpx
[2025-09-15 03:12:42] INFO: [IP_Flow 19-1839] IP Catalog is up to date.
[2025-09-15 03:12:47] INFO: [DRC 23-27] Running DRC with 8 threads
[2025-09-15 03:12:52] INFO: [Vivado_Tcl 2-168] The results of DRC are in file /cluster/home/eirikwit/vortex-gpgpu/chipyard/sims/firesim/sim/generated-src/alveo/FireSim-FireSimV1S1C0L3-BaseF1Config1Mem_F25MHz/u250/vivado_proj/firesim.runs/impl_1/design_1_wrapper_drc_opted.rpt.
[2025-09-15 03:12:52] report_drc completed successfully
[2025-09-15 03:12:52] report_drc: Time (s): cpu = 00:00:18 ; elapsed = 00:00:10 . Memory (MB): peak = 7127.117 ; gain = 25.578 ; free physical = 227088 ; free virtual = 234836
[2025-09-15 03:12:52] INFO: [Chipscope 16-240] Debug cores have already been implemented
[2025-09-15 03:12:52] Command: place_design -directive Explore
[2025-09-15 03:12:52] Attempting to get a license for feature 'Implementation' and/or device 'xcu250'
[2025-09-15 03:12:52] INFO: [Common 17-349] Got license for feature 'Implementation' and/or device 'xcu250'
[2025-09-15 03:12:52] INFO: [DRC 23-27] Running DRC with 8 threads
[2025-09-15 03:12:52] INFO: [Vivado_Tcl 4-198] DRC finished with 0 Errors
[2025-09-15 03:12:52] INFO: [Vivado_Tcl 4-199] Please refer to the DRC report (report_drc) for more information.
[2025-09-15 03:12:52] Running DRC as a precondition to command place_design
[2025-09-15 03:12:52] INFO: [DRC 23-27] Running DRC with 8 threads
[2025-09-15 03:12:57] INFO: [Vivado_Tcl 4-198] DRC finished with 0 Errors
[2025-09-15 03:12:57] INFO: [Vivado_Tcl 4-199] Please refer to the DRC report (report_drc) for more information.
[2025-09-15 03:12:57] 
[2025-09-15 03:12:57] Starting Placer Task
[2025-09-15 03:12:57] INFO: [Place 46-5] The placer was invoked with the 'Explore' directive.
[2025-09-15 03:12:57] INFO: [Place 30-611] Multithreading enabled for place_design using a maximum of 8 CPUs
[2025-09-15 03:12:57] 
[2025-09-15 03:12:57] Phase 1 Placer Initialization
[2025-09-15 03:12:57] 
[2025-09-15 03:12:57] Phase 1.1 Placer Initialization Netlist Sorting
[2025-09-15 03:12:57] Netlist sorting complete. Time (s): cpu = 00:00:00.03 ; elapsed = 00:00:00.04 . Memory (MB): peak = 7127.117 ; gain = 0.000 ; free physical = 227067 ; free virtual = 234816
[2025-09-15 03:12:57] Phase 1.1 Placer Initialization Netlist Sorting | Checksum: 197111a23
[2025-09-15 03:12:57] 
[2025-09-15 03:12:57] Time (s): cpu = 00:00:00.11 ; elapsed = 00:00:00.32 . Memory (MB): peak = 7127.117 ; gain = 0.000 ; free physical = 227067 ; free virtual = 234816
[2025-09-15 03:12:57] Netlist sorting complete. Time (s): cpu = 00:00:00.03 ; elapsed = 00:00:00.03 . Memory (MB): peak = 7127.117 ; gain = 0.000 ; free physical = 227067 ; free virtual = 234816
[2025-09-15 03:13:02] 
[2025-09-15 03:13:02] Phase 1.2 IO Placement/ Clock Placement/ Build Placer Device
[2025-09-15 03:13:22] Phase 1.2 IO Placement/ Clock Placement/ Build Placer Device | Checksum: e5858c9f
[2025-09-15 03:13:22] 
[2025-09-15 03:13:22] Time (s): cpu = 00:00:30 ; elapsed = 00:00:22 . Memory (MB): peak = 7158.633 ; gain = 31.516 ; free physical = 226969 ; free virtual = 234721
[2025-09-15 03:13:22] 
[2025-09-15 03:13:22] Phase 1.3 Build Placer Netlist Model
[2025-09-15 03:14:02] Phase 1.3 Build Placer Netlist Model | Checksum: eb937492
[2025-09-15 03:14:02] 
[2025-09-15 03:14:02] Time (s): cpu = 00:01:49 ; elapsed = 00:01:05 . Memory (MB): peak = 8430.016 ; gain = 1302.898 ; free physical = 226144 ; free virtual = 233900
[2025-09-15 03:14:02] 
[2025-09-15 03:14:02] Phase 1.4 Constrain Clocks/Macros
[2025-09-15 03:14:02] Phase 1.4 Constrain Clocks/Macros | Checksum: eb937492
[2025-09-15 03:14:02] 
[2025-09-15 03:14:02] Time (s): cpu = 00:01:50 ; elapsed = 00:01:06 . Memory (MB): peak = 8430.016 ; gain = 1302.898 ; free physical = 226144 ; free virtual = 233900
[2025-09-15 03:14:02] Phase 1 Placer Initialization | Checksum: eb937492
[2025-09-15 03:14:02] 
[2025-09-15 03:14:02] Time (s): cpu = 00:01:51 ; elapsed = 00:01:07 . Memory (MB): peak = 8430.016 ; gain = 1302.898 ; free physical = 226146 ; free virtual = 233902
[2025-09-15 03:14:07] 
[2025-09-15 03:14:07] Phase 2 Global Placement
[2025-09-15 03:14:07] 
[2025-09-15 03:14:07] Phase 2.1 Floorplanning
[2025-09-15 03:14:17] 
[2025-09-15 03:14:17] Phase 2.1.1 Partition Driven Placement
[2025-09-15 03:14:17] 
[2025-09-15 03:14:17] Phase 2.1.1.1 PBP: Partition Driven Placement
[2025-09-15 03:15:22] Phase 2.1.1.1 PBP: Partition Driven Placement | Checksum: 1acd38440
[2025-09-15 03:15:22] 
[2025-09-15 03:15:22] Time (s): cpu = 00:05:01 ; elapsed = 00:02:24 . Memory (MB): peak = 8430.016 ; gain = 1302.898 ; free physical = 225947 ; free virtual = 233705
[2025-09-15 03:15:22] 
[2025-09-15 03:15:22] Phase 2.1.1.2 PBP: Clock Region Placement
[2025-09-15 03:15:32] WARNING: [Place 30-1995] Horizontal BUFCE_ROW programmable delay is capped at 3 for clock net design_1_i/xdma_0/inst/pcie4_ip_i/inst/design_1_xdma_0_0_pcie4_ip_gt_top_i/diablo_gt.diablo_gt_phy_wrapper/phy_clk_i/CLK_CORECLK due to PCIE_GT_DIFF_REGION MAX_SKEW requirements
[2025-09-15 03:15:32] WARNING: [Place 30-1995] Horizontal BUFCE_ROW programmable delay is capped at 3 for clock net design_1_i/xdma_0/inst/pcie4_ip_i/inst/design_1_xdma_0_0_pcie4_ip_gt_top_i/diablo_gt.diablo_gt_phy_wrapper/phy_clk_i/CLK_PCLK2_GT due to PCIE_GT_DIFF_REGION MAX_SKEW requirements
[2025-09-15 03:15:32] WARNING: [Place 30-1995] Horizontal BUFCE_ROW programmable delay is capped at 3 for clock net design_1_i/xdma_0/inst/pcie4_ip_i/inst/design_1_xdma_0_0_pcie4_ip_gt_top_i/diablo_gt.diablo_gt_phy_wrapper/phy_clk_i/CLK_USERCLK due to PCIE_GT_DIFF_REGION MAX_SKEW requirements
[2025-09-15 03:15:37] Phase 2.1.1.2 PBP: Clock Region Placement | Checksum: ee86692e
[2025-09-15 03:15:37] 
[2025-09-15 03:15:37] Time (s): cpu = 00:05:14 ; elapsed = 00:02:38 . Memory (MB): peak = 8543.359 ; gain = 1416.242 ; free physical = 225803 ; free virtual = 233562
[2025-09-15 03:15:37] 
[2025-09-15 03:15:37] Phase 2.1.1.3 PBP: Discrete Incremental
[2025-09-15 03:15:37] Phase 2.1.1.3 PBP: Discrete Incremental | Checksum: 17a29b6b1
[2025-09-15 03:15:37] 
[2025-09-15 03:15:37] Time (s): cpu = 00:05:17 ; elapsed = 00:02:40 . Memory (MB): peak = 8543.359 ; gain = 1416.242 ; free physical = 225810 ; free virtual = 233569
[2025-09-15 03:15:37] 
[2025-09-15 03:15:37] Phase 2.1.1.4 PBP: Compute Congestion
[2025-09-15 03:15:42] Phase 2.1.1.4 PBP: Compute Congestion | Checksum: 17a29b6b1
[2025-09-15 03:15:42] 
[2025-09-15 03:15:42] Time (s): cpu = 00:05:29 ; elapsed = 00:02:46 . Memory (MB): peak = 9453.512 ; gain = 2326.395 ; free physical = 225202 ; free virtual = 233014
[2025-09-15 03:15:42] 
[2025-09-15 03:15:42] Phase 2.1.1.5 PBP: Macro Placement
[2025-09-15 03:15:47] Phase 2.1.1.5 PBP: Macro Placement | Checksum: 20228cfb5
[2025-09-15 03:15:47] 
[2025-09-15 03:15:47] Time (s): cpu = 00:05:33 ; elapsed = 00:02:50 . Memory (MB): peak = 9453.512 ; gain = 2326.395 ; free physical = 225183 ; free virtual = 232995
[2025-09-15 03:15:47] 
[2025-09-15 03:15:47] Phase 2.1.1.6 PBP: UpdateTiming
[2025-09-15 03:15:52] Phase 2.1.1.6 PBP: UpdateTiming | Checksum: 134229c1e
[2025-09-15 03:15:52] 
[2025-09-15 03:15:52] Time (s): cpu = 00:05:49 ; elapsed = 00:02:57 . Memory (MB): peak = 9461.512 ; gain = 2334.395 ; free physical = 224895 ; free virtual = 232708
[2025-09-15 03:15:52] 
[2025-09-15 03:15:52] Phase 2.1.1.7 PBP: Add part constraints
[2025-09-15 03:15:57] Phase 2.1.1.7 PBP: Add part constraints | Checksum: 134229c1e
[2025-09-15 03:15:57] 
[2025-09-15 03:15:57] Time (s): cpu = 00:05:51 ; elapsed = 00:02:59 . Memory (MB): peak = 9461.512 ; gain = 2334.395 ; free physical = 224901 ; free virtual = 232713
[2025-09-15 03:15:57] Phase 2.1.1 Partition Driven Placement | Checksum: 134229c1e
[2025-09-15 03:15:57] 
[2025-09-15 03:15:57] Time (s): cpu = 00:05:51 ; elapsed = 00:02:59 . Memory (MB): peak = 9461.512 ; gain = 2334.395 ; free physical = 225018 ; free virtual = 232831
[2025-09-15 03:15:57] Phase 2.1 Floorplanning | Checksum: 134229c1e
[2025-09-15 03:15:57] 
[2025-09-15 03:15:57] Time (s): cpu = 00:05:52 ; elapsed = 00:03:00 . Memory (MB): peak = 9461.512 ; gain = 2334.395 ; free physical = 225019 ; free virtual = 232832
[2025-09-15 03:15:57] 
[2025-09-15 03:15:58] Phase 2.2 Physical Synthesis After Floorplan
[2025-09-15 03:15:58] INFO: [Physopt 32-46] Identified 3 candidate nets for critical-cell optimization.
[2025-09-15 03:15:58] INFO: [Physopt 32-775] End 1 Pass. Optimized 0 net or cell. Created 0 new cell, deleted 0 existing cell and moved 0 existing cell
[2025-09-15 03:15:58] Netlist sorting complete. Time (s): cpu = 00:00:00.04 ; elapsed = 00:00:00.03 . Memory (MB): peak = 9461.512 ; gain = 0.000 ; free physical = 225021 ; free virtual = 232837
[2025-09-15 03:15:58] 
[2025-09-15 03:15:58] Summary of Physical Synthesis Optimizations
[2025-09-15 03:15:58] ============================================
[2025-09-15 03:15:58] 
[2025-09-15 03:15:58] 
[2025-09-15 03:15:58] -----------------------------------------------------------------------------------------------------------------------------------------------
[2025-09-15 03:15:58] |  Optimization                         |  Added Cells  |  Removed Cells  |  Optimized Cells/Nets  |  Dont Touch  |  Iterations  |  Elapsed   |
[2025-09-15 03:15:58] -----------------------------------------------------------------------------------------------------------------------------------------------
[2025-09-15 03:15:58] |  PSIP Post Floorplan SLR Replication  |            0  |              0  |                     0  |           0  |           1  |  00:00:02  |
[2025-09-15 03:15:58] |  Total                                |            0  |              0  |                     0  |           0  |           1  |  00:00:02  |
[2025-09-15 03:15:58] -----------------------------------------------------------------------------------------------------------------------------------------------
[2025-09-15 03:15:58] 
[2025-09-15 03:15:58] 
[2025-09-15 03:16:02] Phase 2.2 Physical Synthesis After Floorplan | Checksum: 134229c1e
[2025-09-15 03:16:02] 
[2025-09-15 03:16:02] Time (s): cpu = 00:05:54 ; elapsed = 00:03:02 . Memory (MB): peak = 9461.512 ; gain = 2334.395 ; free physical = 225025 ; free virtual = 232841
[2025-09-15 03:16:02] 
[2025-09-15 03:16:02] Phase 2.3 Update Timing before SLR Path Opt
[2025-09-15 03:16:02] Phase 2.3 Update Timing before SLR Path Opt | Checksum: 134229c1e
[2025-09-15 03:16:03] 
[2025-09-15 03:16:03] Time (s): cpu = 00:05:55 ; elapsed = 00:03:03 . Memory (MB): peak = 9461.512 ; gain = 2334.395 ; free physical = 225025 ; free virtual = 232841
[2025-09-15 03:16:03] 
[2025-09-15 03:16:03] Phase 2.4 Post-Processing in Floorplanning
[2025-09-15 03:16:03] Phase 2.4 Post-Processing in Floorplanning | Checksum: 20a5155dd
[2025-09-15 03:16:03] 
[2025-09-15 03:16:03] Time (s): cpu = 00:05:56 ; elapsed = 00:03:04 . Memory (MB): peak = 9461.512 ; gain = 2334.395 ; free physical = 225026 ; free virtual = 232842
[2025-09-15 03:16:03] 
[2025-09-15 03:16:03] Phase 2.5 Global Placement Core
[2025-09-15 03:18:53] 
[2025-09-15 03:18:53] Phase 2.5.1 UpdateTiming Before Physical Synthesis
[2025-09-15 03:18:58] Phase 2.5.1 UpdateTiming Before Physical Synthesis | Checksum: 1a48a1296
[2025-09-15 03:18:58] 
[2025-09-15 03:18:58] Time (s): cpu = 00:11:00 ; elapsed = 00:05:59 . Memory (MB): peak = 10722.703 ; gain = 3595.586 ; free physical = 225159 ; free virtual = 232973
[2025-09-15 03:18:58] 
[2025-09-15 03:18:58] Phase 2.5.2 Physical Synthesis In Placer
[2025-09-15 03:18:58] INFO: [Physopt 32-1035] Found 9 LUTNM shape to break, 6334 LUT instances to create LUTNM shape
[2025-09-15 03:18:58] INFO: [Physopt 32-1044] Break lutnm for timing: one critical 4, two critical 5, total 9, new lutff created 1
[2025-09-15 03:19:03] INFO: [Physopt 32-1138] End 1 Pass. Optimized 2623 nets or LUTs. Breaked 9 LUTs, combined 2614 existing LUTs and moved 0 existing LUT
[2025-09-15 03:19:03] INFO: [Physopt 32-1030] Pass 1. Identified 249 candidate driver sets for equivalent driver rewiring.
[2025-09-15 03:19:33] INFO: [Physopt 32-661] Optimized 174 nets.  Re-placed 1253 instances.
[2025-09-15 03:19:33] INFO: [Physopt 32-775] End 1 Pass. Optimized 174 nets or cells. Created 188 new cells, deleted 195 existing cells and moved 1253 existing cells
[2025-09-15 03:19:33] Netlist sorting complete. Time (s): cpu = 00:00:01 ; elapsed = 00:00:01 . Memory (MB): peak = 10722.703 ; gain = 0.000 ; free physical = 225263 ; free virtual = 233054
[2025-09-15 03:19:33] INFO: [Physopt 32-1132] Very high fanout net 'design_1_i/ddr4_0/inst/u_ddr4_mem_intfc/u_ddr_mc/u_ddr_mc_ecc/rd_data_addr_dly_reg[4]_0[0]' is not considered as a candidate in VHFN optimzation. The fanout considered for this optimization is changed from 1072 to 170 due to a timing constraint that prevent optimization on all of the loads. To force replication, set the FORCE_MAX_FANOUT property on the net to a number less than 170.
[2025-09-15 03:19:33] INFO: [Physopt 32-1132] Very high fanout net 'design_1_i/ddr4_0/inst/u_ddr4_mem_intfc/u_ddr_mc/u_ddr_mc_ecc/rd_data_addr_dly_reg[4]_0[1]' is not considered as a candidate in VHFN optimzation. The fanout considered for this optimization is changed from 1070 to 168 due to a timing constraint that prevent optimization on all of the loads. To force replication, set the FORCE_MAX_FANOUT property on the net to a number less than 168.
[2025-09-15 03:19:33] INFO: [Physopt 32-1132] Very high fanout net 'design_1_i/ddr4_0/inst/u_ddr4_mem_intfc/u_ddr_mc/u_ddr_mc_ecc/rd_data_addr_dly_reg[4]_0[2]' is not considered as a candidate in VHFN optimzation. The fanout considered for this optimization is changed from 1072 to 170 due to a timing constraint that prevent optimization on all of the loads. To force replication, set the FORCE_MAX_FANOUT property on the net to a number less than 170.
[2025-09-15 03:19:38] INFO: [Physopt 32-76] Pass 1. Identified 3 candidate nets for fanout optimization.
[2025-09-15 03:19:38] INFO: [Physopt 32-81] Processed net design_1_i/ddr4_0/inst/u_ddr_axi/axi_w_channel_0/wready_d3. Replicated 7 times.
[2025-09-15 03:19:38] INFO: [Physopt 32-81] Processed net design_1_i/ddr4_0/inst/u_ddr_axi/USE_UPSIZER.upsizer_d2/ARESET. Replicated 14 times.
[2025-09-15 03:19:38] INFO: [Physopt 32-81] Processed net design_1_i/ddr4_0/inst/u_ddr4_mem_intfc/u_ddr_cal_top/u_ddr_cal/u_ddr_cal_addr_decode/u_ddr_cal_cplx/cplx_cal. Replicated 8 times.
[2025-09-15 03:19:38] INFO: [Physopt 32-232] Optimized 3 nets. Created 29 new instances.
[2025-09-15 03:19:38] INFO: [Physopt 32-775] End 1 Pass. Optimized 3 nets or cells. Created 29 new cells, deleted 0 existing cell and moved 0 existing cell
[2025-09-15 03:19:38] Netlist sorting complete. Time (s): cpu = 00:00:00.14 ; elapsed = 00:00:00.14 . Memory (MB): peak = 10722.703 ; gain = 0.000 ; free physical = 225466 ; free virtual = 233071
[2025-09-15 03:19:38] INFO: [Physopt 32-76] Pass 1. Identified 4 candidate nets for fanout optimization.
[2025-09-15 03:19:38] INFO: [Physopt 32-81] Processed net design_1_i/xdma_0/inst/udma_wrapper/dma_top/dma_enable.vul_dma/dsc_eng.DSC/dsc_fifo_rp_nn2_reg[8]_0[0]. Replicated 8 times.
[2025-09-15 03:19:38] INFO: [Physopt 32-81] Processed net design_1_i/xdma_0/inst/udma_wrapper/dma_top/dma_enable.vul_dma/dsc_eng.DSC/dsc_fifo_rp_nn2_reg[8]_0[2]. Replicated 7 times.
[2025-09-15 03:19:38] INFO: [Physopt 32-81] Processed net design_1_i/xdma_0/inst/udma_wrapper/dma_top/dma_enable.vul_dma/dsc_eng.DSC/dsc_fifo_rp_nn2_reg[8]_0[1]. Replicated 8 times.
[2025-09-15 03:19:38] INFO: [Physopt 32-81] Processed net design_1_i/xdma_0/inst/udma_wrapper/dma_top/dma_enable.vul_dma/dsc_eng.DSC/dsc_fifo_rp_nn2_reg[8]_0[3]. Replicated 6 times.
[2025-09-15 03:19:38] INFO: [Physopt 32-232] Optimized 4 nets. Created 29 new instances.
[2025-09-15 03:19:38] INFO: [Physopt 32-775] End 1 Pass. Optimized 4 nets or cells. Created 29 new cells, deleted 0 existing cell and moved 0 existing cell
[2025-09-15 03:19:38] Netlist sorting complete. Time (s): cpu = 00:00:00.25 ; elapsed = 00:00:00.26 . Memory (MB): peak = 10722.703 ; gain = 0.000 ; free physical = 225497 ; free virtual = 233075
[2025-09-15 03:19:38] INFO: [Physopt 32-456] No candidate cells for DSP register optimization found in the design.
[2025-09-15 03:19:38] INFO: [Physopt 32-775] End 2 Pass. Optimized 0 net or cell. Created 0 new cell, deleted 0 existing cell and moved 0 existing cell
[2025-09-15 03:19:38] INFO: [Physopt 32-1123] No candidate cells found for Shift Register to Pipeline optimization
[2025-09-15 03:19:38] INFO: [Physopt 32-775] End 2 Pass. Optimized 0 net or cell. Created 0 new cell, deleted 0 existing cell and moved 0 existing cell
[2025-09-15 03:19:38] INFO: [Physopt 32-775] End 1 Pass. Optimized 0 net or cell. Created 0 new cell, deleted 0 existing cell and moved 0 existing cell
[2025-09-15 03:19:38] Netlist sorting complete. Time (s): cpu = 00:00:00.03 ; elapsed = 00:00:00.03 . Memory (MB): peak = 10722.703 ; gain = 0.000 ; free physical = 225497 ; free virtual = 233075
[2025-09-15 03:19:38] INFO: [Physopt 32-527] Pass 1: Identified 1 candidate cell for BRAM register optimization
[2025-09-15 03:19:38] INFO: [Physopt 32-666] Processed cell design_1_i/ddr4_0/inst/u_ddr4_mem_intfc/u_ddr_cal_top/u_ddr_cal/DDR_XSDB_BRAM/mem_inst/gen_mem[0].inst/mem_reg_bram_0. No change.
[2025-09-15 03:19:38] INFO: [Physopt 32-775] End 1 Pass. Optimized 0 net or cell. Created 0 new cell, deleted 0 existing cell and moved 0 existing cell
[2025-09-15 03:19:38] Netlist sorting complete. Time (s): cpu = 00:00:00.03 ; elapsed = 00:00:00.04 . Memory (MB): peak = 10722.703 ; gain = 0.000 ; free physical = 225504 ; free virtual = 233082
[2025-09-15 03:19:38] INFO: [Physopt 32-846] No candidate cells for URAM register optimization found in the design
[2025-09-15 03:19:38] INFO: [Physopt 32-775] End 2 Pass. Optimized 0 net or cell. Created 0 new cell, deleted 0 existing cell and moved 0 existing cell
[2025-09-15 03:19:38] INFO: [Physopt 32-949] No candidate nets found for dynamic/static region interface net replication
[2025-09-15 03:19:38] INFO: [Physopt 32-775] End 1 Pass. Optimized 0 net or cell. Created 0 new cell, deleted 0 existing cell and moved 0 existing cell
[2025-09-15 03:19:38] Netlist sorting complete. Time (s): cpu = 00:00:00.04 ; elapsed = 00:00:00.03 . Memory (MB): peak = 10722.703 ; gain = 0.000 ; free physical = 225524 ; free virtual = 233102
[2025-09-15 03:19:38] 
[2025-09-15 03:19:38] Summary of Physical Synthesis Optimizations
[2025-09-15 03:19:38] ============================================
[2025-09-15 03:19:38] 
[2025-09-15 03:19:38] 
[2025-09-15 03:19:38] -----------------------------------------------------------------------------------------------------------------------------------------------------------
[2025-09-15 03:19:38] |  Optimization                                     |  Added Cells  |  Removed Cells  |  Optimized Cells/Nets  |  Dont Touch  |  Iterations  |  Elapsed   |
[2025-09-15 03:19:38] -----------------------------------------------------------------------------------------------------------------------------------------------------------
[2025-09-15 03:19:38] |  LUT Combining                                    |            9  |           2614  |                  2623  |           0  |           1  |  00:00:04  |
[2025-09-15 03:19:38] |  Retime                                           |            0  |              0  |                     0  |           0  |           1  |  00:00:00  |
[2025-09-15 03:19:38] |  Equivalent Driver Rewiring                       |          188  |            195  |                   174  |           0  |           1  |  00:00:31  |
[2025-09-15 03:19:38] |  Very High Fanout                                 |           29  |              0  |                     3  |           0  |           1  |  00:00:03  |
[2025-09-15 03:19:38] |  Fanout                                           |           29  |              0  |                     4  |           0  |           1  |  00:00:00  |
[2025-09-15 03:19:38] |  DSP Register                                     |            0  |              0  |                     0  |           0  |           1  |  00:00:00  |
[2025-09-15 03:19:38] |  Shift Register to Pipeline                       |            0  |              0  |                     0  |           0  |           1  |  00:00:00  |
[2025-09-15 03:19:38] |  Shift Register                                   |            0  |              0  |                     0  |           0  |           1  |  00:00:00  |
[2025-09-15 03:19:38] |  BRAM Register                                    |            0  |              0  |                     0  |           0  |           1  |  00:00:00  |
[2025-09-15 03:19:38] |  URAM Register                                    |            0  |              0  |                     0  |           0  |           1  |  00:00:00  |
[2025-09-15 03:19:38] |  Dynamic/Static Region Interface Net Replication  |            0  |              0  |                     0  |           0  |           1  |  00:00:00  |
[2025-09-15 03:19:38] |  Total                                            |          255  |           2809  |                  2804  |           0  |          11  |  00:00:39  |
[2025-09-15 03:19:38] -----------------------------------------------------------------------------------------------------------------------------------------------------------
[2025-09-15 03:19:38] 
[2025-09-15 03:19:38] 
[2025-09-15 03:19:48] Phase 2.5.2 Physical Synthesis In Placer | Checksum: 22a4857bd
[2025-09-15 03:19:48] 
[2025-09-15 03:19:48] Time (s): cpu = 00:11:59 ; elapsed = 00:06:50 . Memory (MB): peak = 10722.703 ; gain = 3595.586 ; free physical = 226115 ; free virtual = 233105
[2025-09-15 03:20:13] Phase 2.5 Global Placement Core | Checksum: 266d3b9ce
[2025-09-15 03:20:13] 
[2025-09-15 03:20:13] Time (s): cpu = 00:12:42 ; elapsed = 00:07:15 . Memory (MB): peak = 10722.703 ; gain = 3595.586 ; free physical = 225804 ; free virtual = 232792
[2025-09-15 03:20:13] Phase 2 Global Placement | Checksum: 266d3b9ce
[2025-09-15 03:20:13] 
[2025-09-15 03:20:13] Time (s): cpu = 00:12:42 ; elapsed = 00:07:16 . Memory (MB): peak = 10722.703 ; gain = 3595.586 ; free physical = 225992 ; free virtual = 232980
[2025-09-15 03:20:23] 
[2025-09-15 03:20:23] Phase 3 Detail Placement
[2025-09-15 03:20:23] 
[2025-09-15 03:20:23] Phase 3.1 Commit Multi Column Macros
[2025-09-15 03:20:23] Phase 3.1 Commit Multi Column Macros | Checksum: 1eeb8edea
[2025-09-15 03:20:23] 
[2025-09-15 03:20:23] Time (s): cpu = 00:13:10 ; elapsed = 00:07:27 . Memory (MB): peak = 10722.703 ; gain = 3595.586 ; free physical = 225924 ; free virtual = 232912
[2025-09-15 03:20:28] 
[2025-09-15 03:20:28] Phase 3.2 Commit Most Macros & LUTRAMs
[2025-09-15 03:20:38] Phase 3.2 Commit Most Macros & LUTRAMs | Checksum: 25f35262c
[2025-09-15 03:20:38] 
[2025-09-15 03:20:38] Time (s): cpu = 00:13:35 ; elapsed = 00:07:38 . Memory (MB): peak = 10722.703 ; gain = 3595.586 ; free physical = 225967 ; free virtual = 232955
[2025-09-15 03:20:53] 
[2025-09-15 03:20:53] Phase 3.3 Small Shape DP
[2025-09-15 03:20:53] 
[2025-09-15 03:20:53] Phase 3.3.1 Small Shape Clustering
[2025-09-15 03:20:58] Phase 3.3.1 Small Shape Clustering | Checksum: 23d00b36f
[2025-09-15 03:20:58] 
[2025-09-15 03:20:58] Time (s): cpu = 00:14:29 ; elapsed = 00:08:00 . Memory (MB): peak = 10722.703 ; gain = 3595.586 ; free physical = 225716 ; free virtual = 232703
[2025-09-15 03:20:58] 
[2025-09-15 03:20:58] Phase 3.3.2 Flow Legalize Slice Clusters
[2025-09-15 03:20:58] Phase 3.3.2 Flow Legalize Slice Clusters | Checksum: 22bd4cd08
[2025-09-15 03:20:58] 
[2025-09-15 03:20:58] Time (s): cpu = 00:14:31 ; elapsed = 00:08:01 . Memory (MB): peak = 10722.703 ; gain = 3595.586 ; free physical = 225664 ; free virtual = 232651
[2025-09-15 03:20:58] 
[2025-09-15 03:20:58] Phase 3.3.3 Slice Area Swap
[2025-09-15 03:20:58] 
[2025-09-15 03:20:58] Phase 3.3.3.1 Slice Area Swap Initial
[2025-09-15 03:21:08] Phase 3.3.3.1 Slice Area Swap Initial | Checksum: 29239dc12
[2025-09-15 03:21:08] 
[2025-09-15 03:21:08] Time (s): cpu = 00:14:45 ; elapsed = 00:08:10 . Memory (MB): peak = 10722.703 ; gain = 3595.586 ; free physical = 225468 ; free virtual = 232455
[2025-09-15 03:21:13] Phase 3.3.3 Slice Area Swap | Checksum: 1fa71ee27
[2025-09-15 03:21:13] 
[2025-09-15 03:21:13] Time (s): cpu = 00:14:53 ; elapsed = 00:08:17 . Memory (MB): peak = 10722.703 ; gain = 3595.586 ; free physical = 225319 ; free virtual = 232306
[2025-09-15 03:21:28] Phase 3.3 Small Shape DP | Checksum: 26192f167
[2025-09-15 03:21:28] 
[2025-09-15 03:21:28] Time (s): cpu = 00:15:43 ; elapsed = 00:08:33 . Memory (MB): peak = 10722.703 ; gain = 3595.586 ; free physical = 225578 ; free virtual = 232566
[2025-09-15 03:21:33] 
[2025-09-15 03:21:33] Phase 3.4 Re-assign LUT pins
[2025-09-15 03:21:44] Phase 3.4 Re-assign LUT pins | Checksum: 1ca3fb022
[2025-09-15 03:21:44] 
[2025-09-15 03:21:44] Time (s): cpu = 00:15:54 ; elapsed = 00:08:44 . Memory (MB): peak = 10722.703 ; gain = 3595.586 ; free physical = 225588 ; free virtual = 232576
[2025-09-15 03:21:49] 
[2025-09-15 03:21:49] Phase 3.5 Pipeline Register Optimization
[2025-09-15 03:21:49] Phase 3.5 Pipeline Register Optimization | Checksum: 179736b9a
[2025-09-15 03:21:49] 
[2025-09-15 03:21:49] Time (s): cpu = 00:16:02 ; elapsed = 00:08:52 . Memory (MB): peak = 10722.703 ; gain = 3595.586 ; free physical = 225625 ; free virtual = 232613
[2025-09-15 03:21:49] Phase 3 Detail Placement | Checksum: 179736b9a
[2025-09-15 03:21:49] 
[2025-09-15 03:21:49] Time (s): cpu = 00:16:03 ; elapsed = 00:08:53 . Memory (MB): peak = 10722.703 ; gain = 3595.586 ; free physical = 225629 ; free virtual = 232617
[2025-09-15 03:21:59] 
[2025-09-15 03:21:59] Phase 4 Post Placement Optimization and Clean-Up
[2025-09-15 03:21:59] 
[2025-09-15 03:21:59] Phase 4.1 Post Commit Optimization
[2025-09-15 03:22:04] INFO: [Timing 38-35] Done setting XDC timing constraints.
[2025-09-15 03:22:29] 
[2025-09-15 03:22:29] Phase 4.1.1 Post Placement Optimization
[2025-09-15 03:22:34] Post Placement Optimization Initialization | Checksum: 1774c05d6
[2025-09-15 03:22:34] 
[2025-09-15 03:22:34] Phase 4.1.1.1 BUFG Insertion
[2025-09-15 03:22:34] 
[2025-09-15 03:22:34] Starting Physical Synthesis Task
[2025-09-15 03:22:34] 
[2025-09-15 03:22:34] Phase 1 Physical Synthesis Initialization
[2025-09-15 03:22:34] INFO: [Physopt 32-721] Multithreading enabled for phys_opt_design using a maximum of 8 CPUs
[2025-09-15 03:22:34] INFO: [Physopt 32-619] Estimated Timing Summary | WNS=0.202 | TNS=0.000 |
[2025-09-15 03:22:34] Phase 1 Physical Synthesis Initialization | Checksum: 20ea3d03f
[2025-09-15 03:22:34] 
[2025-09-15 03:22:34] Time (s): cpu = 00:00:13 ; elapsed = 00:00:03 . Memory (MB): peak = 10722.703 ; gain = 0.000 ; free physical = 225679 ; free virtual = 232666
[2025-09-15 03:22:39] INFO: [Place 46-33] Processed net design_1_i/firesim_wrapper_0/inst/firesim_top/top/sim/target/FireSim_/lazyModule/system/tile_prci_domain/tile_reset_domain_vortexgpgpu_tile/core/vortex_axi/vortex/g_clusters[0].cluster/g_sockets[0].socket/g_cores[0].__core_reset/g_relay.reset_r, BUFG insertion was skipped due to placement/routing conflicts.
[2025-09-15 03:22:39] INFO: [Place 46-33] Processed net design_1_i/firesim_wrapper_0/inst/firesim_top/top/sim/target/FireSim_/lazyModule/system/tile_prci_domain/tile_reset_domain_vortexgpgpu_tile/core/vortex_axi/vortex/g_clusters[0].cluster/l2cache/g_cache.cache/g_banks[0].bank/pipe_reg1/E[0], BUFG insertion was skipped due to placement/routing conflicts.
[2025-09-15 03:22:39] INFO: [Place 46-33] Processed net design_1_i/proc_sys_reset_0/U0/interconnect_aresetn[0], BUFG insertion was skipped due to placement/routing conflicts.
[2025-09-15 03:22:39] INFO: [Place 46-33] Processed net design_1_i/firesim_wrapper_0/inst/firesim_top/top/sim/target/FireSim_/lazyModule/system/tile_prci_domain/tile_reset_domain_vortexgpgpu_tile/core/vortex_axi/vortex/g_clusters[0].cluster/g_sockets[0].socket/dcache/g_cache_wrap[0].cache_wrap/g_bypass.cache_bypass/req_arb/g_input_select.g_arbiter.g_out_buf[0].out_buf/g_eb2.stream_buffer/g_buffer.fire_in, BUFG insertion was skipped due to placement/routing conflicts.
[2025-09-15 03:22:39] INFO: [Place 46-33] Processed net design_1_i/firesim_wrapper_0/inst/firesim_top/top/sim/target/FireSim_/lazyModule/system/tile_prci_domain/tile_reset_domain_vortexgpgpu_tile/core/vortex_axi/vortex/g_clusters[0].cluster/l2cache/g_cache.cache/g_banks[0].bank/mem_req_queue/pending_size/g_size_gt1.g_single_step.g_size_gt2.empty_r_reg_1[0], BUFG insertion was skipped due to placement/routing conflicts.
[2025-09-15 03:22:39] INFO: [Place 46-33] Processed net design_1_i/firesim_wrapper_0/inst/firesim_top/top/sim/target/FireSim_/lazyModule/system/resetSynchronizer/bundleOut_0_member_allClocks_subsystem_fbus_0_reset_catcher/io_sync_reset_chain/output_chain/sync_0_reg_rep__1_0, BUFG insertion was skipped due to placement/routing conflicts.
[2025-09-15 03:22:39] INFO: [Place 46-33] Processed net design_1_i/firesim_wrapper_0/inst/firesim_top/top/sim/target/FireSim_/lazyModule/system/tile_prci_domain/tile_reset_domain_vortexgpgpu_tile/core/vortex_axi/vortex/g_clusters[0].cluster/l2cache/g_bypass.cache_bypass/rsp_arb/g_input_select.g_arbiter.g_out_buf[0].out_buf/g_eb2.stream_buffer/g_buffer.fire_in, BUFG insertion was skipped due to placement/routing conflicts.
[2025-09-15 03:22:39] INFO: [Place 46-56] BUFG insertion identified 7 candidate nets. Inserted BUFG: 0, Replicated BUFG Driver: 0, Skipped due to Placement/Routing Conflicts: 7, Skipped due to Timing Degradation: 0, Skipped due to Illegal Netlist: 0.
[2025-09-15 03:22:39] Ending Physical Synthesis Task | Checksum: 1c6d13ecb
[2025-09-15 03:22:39] 
[2025-09-15 03:22:39] Time (s): cpu = 00:00:20 ; elapsed = 00:00:07 . Memory (MB): peak = 10722.703 ; gain = 0.000 ; free physical = 225685 ; free virtual = 232672
[2025-09-15 03:22:39] Phase 4.1.1.1 BUFG Insertion | Checksum: 1774c05d6
[2025-09-15 03:22:39] 
[2025-09-15 03:22:39] Time (s): cpu = 00:18:24 ; elapsed = 00:09:43 . Memory (MB): peak = 10722.703 ; gain = 3595.586 ; free physical = 225712 ; free virtual = 232699
[2025-09-15 03:22:39] 
[2025-09-15 03:22:39] Phase 4.1.1.2 BUFG Replication
[2025-09-15 03:22:44] INFO: [Place 46-63] BUFG replication identified 0 candidate nets: Replicated nets: 0, Replicated BUFGs: 0, Replicated BUFG Driver: 0, Skipped due to Placement / Routing Conflict: 0, Skipped due to Timing: 0, Skipped due to constraints: 0
[2025-09-15 03:22:44] Phase 4.1.1.2 BUFG Replication | Checksum: 1774c05d6
[2025-09-15 03:22:44] 
[2025-09-15 03:22:44] Time (s): cpu = 00:18:26 ; elapsed = 00:09:45 . Memory (MB): peak = 10722.703 ; gain = 3595.586 ; free physical = 225710 ; free virtual = 232698
[2025-09-15 03:22:44] 
[2025-09-15 03:22:44] Phase 4.1.1.3 Post Placement Timing Optimization
[2025-09-15 03:23:14] INFO: [Place 30-746] Post Placement Timing Summary WNS=0.393. For the most accurate timing information please run report_timing.
[2025-09-15 03:23:14] Phase 4.1.1.3 Post Placement Timing Optimization | Checksum: 24cfcad39
[2025-09-15 03:23:14] 
[2025-09-15 03:23:14] Time (s): cpu = 00:18:59 ; elapsed = 00:10:17 . Memory (MB): peak = 10722.703 ; gain = 3595.586 ; free physical = 225765 ; free virtual = 232753
[2025-09-15 03:23:14] 
[2025-09-15 03:23:14] Phase 4.1.1.4 Replication
[2025-09-15 03:23:14] INFO: [Place 46-19] Post Replication Timing Summary WNS=0.393. For the most accurate timing information please run report_timing.
[2025-09-15 03:23:19] Phase 4.1.1.4 Replication | Checksum: 24cfcad39
[2025-09-15 03:23:19] 
[2025-09-15 03:23:19] Time (s): cpu = 00:19:01 ; elapsed = 00:10:19 . Memory (MB): peak = 10722.703 ; gain = 3595.586 ; free physical = 225548 ; free virtual = 232536
[2025-09-15 03:23:19] 
[2025-09-15 03:23:19] Time (s): cpu = 00:19:01 ; elapsed = 00:10:19 . Memory (MB): peak = 10722.703 ; gain = 3595.586 ; free physical = 225555 ; free virtual = 232543
[2025-09-15 03:23:19] Phase 4.1 Post Commit Optimization | Checksum: 24cfcad39
[2025-09-15 03:23:19] 
[2025-09-15 03:23:19] Time (s): cpu = 00:19:03 ; elapsed = 00:10:21 . Memory (MB): peak = 10722.703 ; gain = 3595.586 ; free physical = 225556 ; free virtual = 232544
[2025-09-15 03:23:54] Netlist sorting complete. Time (s): cpu = 00:00:00.05 ; elapsed = 00:00:00.06 . Memory (MB): peak = 10722.703 ; gain = 0.000 ; free physical = 225514 ; free virtual = 232502
[2025-09-15 03:23:54] 
[2025-09-15 03:23:54] Phase 4.2 Post Placement Cleanup
[2025-09-15 03:23:59] Phase 4.2 Post Placement Cleanup | Checksum: 33ac11761
[2025-09-15 03:23:59] 
[2025-09-15 03:23:59] Time (s): cpu = 00:19:48 ; elapsed = 00:11:00 . Memory (MB): peak = 10722.703 ; gain = 3595.586 ; free physical = 225662 ; free virtual = 232649
[2025-09-15 03:23:59] 
[2025-09-15 03:23:59] Phase 4.3 Placer Reporting
[2025-09-15 03:23:59] 
[2025-09-15 03:23:59] Phase 4.3.1 Print Estimated Congestion
[2025-09-15 03:23:59] INFO: [Place 30-612] Post-Placement Estimated Congestion 
[2025-09-15 03:23:59]  ________________________________________________________________________
[2025-09-15 03:23:59] |           | Global Congestion | Long Congestion   | Short Congestion  |
[2025-09-15 03:23:59] | Direction | Region Size       | Region Size       | Region Size       |
[2025-09-15 03:23:59] |___________|___________________|___________________|___________________|
[2025-09-15 03:23:59] |      North|                4x4|                4x4|                4x4|
[2025-09-15 03:23:59] |___________|___________________|___________________|___________________|
[2025-09-15 03:23:59] |      South|                1x1|                4x4|                4x4|
[2025-09-15 03:23:59] |___________|___________________|___________________|___________________|
[2025-09-15 03:23:59] |       East|                2x2|                1x1|                4x4|
[2025-09-15 03:23:59] |___________|___________________|___________________|___________________|
[2025-09-15 03:23:59] |       West|                4x4|                1x1|                8x8|
[2025-09-15 03:23:59] |___________|___________________|___________________|___________________|
[2025-09-15 03:23:59] 
[2025-09-15 03:23:59] Phase 4.3.1 Print Estimated Congestion | Checksum: 33ac11761
[2025-09-15 03:23:59] 
[2025-09-15 03:23:59] Time (s): cpu = 00:19:49 ; elapsed = 00:11:01 . Memory (MB): peak = 10722.703 ; gain = 3595.586 ; free physical = 225665 ; free virtual = 232653
[2025-09-15 03:23:59] Phase 4.3 Placer Reporting | Checksum: 33ac11761
[2025-09-15 03:23:59] 
[2025-09-15 03:23:59] Time (s): cpu = 00:19:51 ; elapsed = 00:11:02 . Memory (MB): peak = 10722.703 ; gain = 3595.586 ; free physical = 225666 ; free virtual = 232654
[2025-09-15 03:23:59] 
[2025-09-15 03:23:59] Phase 4.4 Final Placement Cleanup
[2025-09-15 03:23:59] Netlist sorting complete. Time (s): cpu = 00:00:00.03 ; elapsed = 00:00:00.04 . Memory (MB): peak = 10722.703 ; gain = 0.000 ; free physical = 225670 ; free virtual = 232658
[2025-09-15 03:23:59] 
[2025-09-15 03:23:59] Time (s): cpu = 00:19:51 ; elapsed = 00:11:03 . Memory (MB): peak = 10722.703 ; gain = 3595.586 ; free physical = 225670 ; free virtual = 232658
[2025-09-15 03:24:04] Phase 4 Post Placement Optimization and Clean-Up | Checksum: 27bd84198
[2025-09-15 03:24:04] 
[2025-09-15 03:24:04] Time (s): cpu = 00:19:52 ; elapsed = 00:11:04 . Memory (MB): peak = 10722.703 ; gain = 3595.586 ; free physical = 225671 ; free virtual = 232659
[2025-09-15 03:24:04] Ending Placer Task | Checksum: 1f51b48ea
[2025-09-15 03:24:04] 
[2025-09-15 03:24:04] Time (s): cpu = 00:19:53 ; elapsed = 00:11:05 . Memory (MB): peak = 10722.703 ; gain = 3595.586 ; free physical = 225671 ; free virtual = 232659
[2025-09-15 03:24:04] INFO: [Common 17-83] Releasing license: Implementation
[2025-09-15 03:24:04] 242 Infos, 170 Warnings, 3 Critical Warnings and 0 Errors encountered.
[2025-09-15 03:24:04] place_design completed successfully
[2025-09-15 03:24:04] place_design: Time (s): cpu = 00:20:07 ; elapsed = 00:11:12 . Memory (MB): peak = 10722.703 ; gain = 3595.586 ; free physical = 226955 ; free virtual = 233943
[2025-09-15 03:24:04] INFO: [Timing 38-480] Writing timing data to binary archive.
[2025-09-15 03:24:29] Writing XDEF routing.
[2025-09-15 03:24:29] Writing XDEF routing logical nets.
[2025-09-15 03:24:29] Writing XDEF routing special nets.
[2025-09-15 03:24:29] Write XDEF Complete: Time (s): cpu = 00:00:52 ; elapsed = 00:00:25 . Memory (MB): peak = 10722.703 ; gain = 0.000 ; free physical = 226404 ; free virtual = 233787
[2025-09-15 03:24:39] report_design_analysis: Time (s): cpu = 00:00:23 ; elapsed = 00:00:09 . Memory (MB): peak = 10722.703 ; gain = 0.000 ; free physical = 226348 ; free virtual = 233731
[2025-09-15 03:24:49] INFO: [Common 17-1381] The checkpoint '/cluster/home/eirikwit/vortex-gpgpu/chipyard/sims/firesim/sim/generated-src/alveo/FireSim-FireSimV1S1C0L3-BaseF1Config1Mem_F25MHz/u250/vivado_proj/firesim.runs/impl_1/design_1_wrapper_placed.dcp' has been generated.
[2025-09-15 03:24:49] write_checkpoint: Time (s): cpu = 00:01:26 ; elapsed = 00:00:47 . Memory (MB): peak = 10722.703 ; gain = 0.000 ; free physical = 226764 ; free virtual = 233862
[2025-09-15 03:24:49] INFO: [runtcl-4] Executing : report_io -file design_1_wrapper_io_placed.rpt
[2025-09-15 03:24:49] report_io: Time (s): cpu = 00:00:00.37 ; elapsed = 00:00:00.6 . Memory (MB): peak = 10722.703 ; gain = 0.000 ; free physical = 226703 ; free virtual = 233801
[2025-09-15 03:24:49] INFO: [runtcl-4] Executing : report_utilization -file design_1_wrapper_utilization_placed.rpt -pb design_1_wrapper_utilization_placed.pb
[2025-09-15 03:24:59] report_utilization: Time (s): cpu = 00:00:06 ; elapsed = 00:00:06 . Memory (MB): peak = 10722.703 ; gain = 0.000 ; free physical = 226726 ; free virtual = 233824
[2025-09-15 03:24:59] INFO: [runtcl-4] Executing : report_control_sets -verbose -file design_1_wrapper_control_sets_placed.rpt
[2025-09-15 03:24:59] report_control_sets: Time (s): cpu = 00:00:00.98 ; elapsed = 00:00:01 . Memory (MB): peak = 10722.703 ; gain = 0.000 ; free physical = 226703 ; free virtual = 233809
[2025-09-15 03:24:59] Command: phys_opt_design -directive Explore
[2025-09-15 03:24:59] Attempting to get a license for feature 'Implementation' and/or device 'xcu250'
[2025-09-15 03:24:59] INFO: [Common 17-349] Got license for feature 'Implementation' and/or device 'xcu250'
[2025-09-15 03:24:59] INFO: [Vivado_Tcl 4-137] Directive used for phys_opt_design is: Explore
[2025-09-15 03:24:59] 
[2025-09-15 03:24:59] Starting Initial Update Timing Task
[2025-09-15 03:25:19] 
[2025-09-15 03:25:19] Time (s): cpu = 00:01:28 ; elapsed = 00:00:22 . Memory (MB): peak = 10722.703 ; gain = 0.000 ; free physical = 226692 ; free virtual = 233798
[2025-09-15 03:25:19] INFO: [Vivado_Tcl 4-383] Design worst setup slack (WNS) is greater than or equal to 0.000 ns. Skipping all physical synthesis optimizations.
[2025-09-15 03:25:19] INFO: [Vivado_Tcl 4-232] No setup violation found. The netlist was not modified.
[2025-09-15 03:25:19] INFO: [Common 17-83] Releasing license: Implementation
[2025-09-15 03:25:19] 252 Infos, 170 Warnings, 3 Critical Warnings and 0 Errors encountered.
[2025-09-15 03:25:19] phys_opt_design completed successfully
[2025-09-15 03:25:19] phys_opt_design: Time (s): cpu = 00:01:29 ; elapsed = 00:00:23 . Memory (MB): peak = 10722.703 ; gain = 0.000 ; free physical = 226692 ; free virtual = 233798
[2025-09-15 03:25:24] INFO: [Timing 38-480] Writing timing data to binary archive.
[2025-09-15 03:25:49] Writing XDEF routing.
[2025-09-15 03:25:49] Writing XDEF routing logical nets.
[2025-09-15 03:25:49] Writing XDEF routing special nets.
[2025-09-15 03:25:49] Write XDEF Complete: Time (s): cpu = 00:00:52 ; elapsed = 00:00:25 . Memory (MB): peak = 10722.703 ; gain = 0.000 ; free physical = 226051 ; free virtual = 233560
[2025-09-15 03:25:59] INFO: [Common 17-1381] The checkpoint '/cluster/home/eirikwit/vortex-gpgpu/chipyard/sims/firesim/sim/generated-src/alveo/FireSim-FireSimV1S1C0L3-BaseF1Config1Mem_F25MHz/u250/vivado_proj/firesim.runs/impl_1/design_1_wrapper_physopt.dcp' has been generated.
[2025-09-15 03:25:59] write_checkpoint: Time (s): cpu = 00:01:04 ; elapsed = 00:00:38 . Memory (MB): peak = 10722.703 ; gain = 0.000 ; free physical = 226665 ; free virtual = 233888
[2025-09-15 03:25:59] Command: route_design -directive Explore
[2025-09-15 03:25:59] Attempting to get a license for feature 'Implementation' and/or device 'xcu250'
[2025-09-15 03:25:59] INFO: [Common 17-349] Got license for feature 'Implementation' and/or device 'xcu250'
[2025-09-15 03:25:59] Running DRC as a precondition to command route_design
[2025-09-15 03:25:59] INFO: [DRC 23-27] Running DRC with 8 threads
[2025-09-15 03:26:09] INFO: [Vivado_Tcl 4-198] DRC finished with 0 Errors
[2025-09-15 03:26:09] INFO: [Vivado_Tcl 4-199] Please refer to the DRC report (report_drc) for more information.
[2025-09-15 03:26:09] 
[2025-09-15 03:26:09] 
[2025-09-15 03:26:09] Starting Routing Task
[2025-09-15 03:26:09] INFO: [Route 35-270] Using Router directive 'Explore'.
[2025-09-15 03:26:09] INFO: [Route 35-254] Multithreading enabled for route_design using a maximum of 8 CPUs
[2025-09-15 03:26:09] 
[2025-09-15 03:26:09] Phase 1 Build RT Design
[2025-09-15 03:26:09] Checksum: PlaceDB: d0e9251b ConstDB: 0 ShapeSum: 366db9a7 RouteDB: edc46a28
[2025-09-15 03:26:14] Nodegraph reading from file.  Time (s): cpu = 00:00:01 ; elapsed = 00:00:02 . Memory (MB): peak = 10722.703 ; gain = 0.000 ; free physical = 225958 ; free virtual = 233190
[2025-09-15 03:26:39] Post Restoration Checksum: NetGraph: f4098b2e NumContArr: 3f71773 Constraints: b707754a Timing: 0
[2025-09-15 03:26:40] Phase 1 Build RT Design | Checksum: 1af0817eb
[2025-09-15 03:26:40] 
[2025-09-15 03:26:40] Time (s): cpu = 00:01:39 ; elapsed = 00:00:31 . Memory (MB): peak = 10722.703 ; gain = 0.000 ; free physical = 226102 ; free virtual = 233336
[2025-09-15 03:26:40] 
[2025-09-15 03:26:40] Phase 2 Router Initialization
[2025-09-15 03:26:40] 
[2025-09-15 03:26:40] Phase 2.1 Fix Topology Constraints
[2025-09-15 03:26:40] Phase 2.1 Fix Topology Constraints | Checksum: 1af0817eb
[2025-09-15 03:26:40] 
[2025-09-15 03:26:40] Time (s): cpu = 00:01:40 ; elapsed = 00:00:32 . Memory (MB): peak = 10722.703 ; gain = 0.000 ; free physical = 225912 ; free virtual = 233146
[2025-09-15 03:26:40] 
[2025-09-15 03:26:40] Phase 2.2 Pre Route Cleanup
[2025-09-15 03:26:45] Phase 2.2 Pre Route Cleanup | Checksum: 1af0817eb
[2025-09-15 03:26:45] 
[2025-09-15 03:26:45] Time (s): cpu = 00:01:41 ; elapsed = 00:00:34 . Memory (MB): peak = 10722.703 ; gain = 0.000 ; free physical = 225901 ; free virtual = 233135
[2025-09-15 03:26:45] 
[2025-09-15 03:26:45] Phase 2.3 Global Clock Net Routing
[2025-09-15 03:26:55]  Number of Nodes with overlaps = 0
[2025-09-15 03:26:55] Phase 2.3 Global Clock Net Routing | Checksum: 25a8ddf91
[2025-09-15 03:26:55] 
[2025-09-15 03:26:55] Time (s): cpu = 00:02:03 ; elapsed = 00:00:45 . Memory (MB): peak = 10722.703 ; gain = 0.000 ; free physical = 225705 ; free virtual = 232940
[2025-09-15 03:26:55] 
[2025-09-15 03:26:55] Phase 2.4 Update Timing
[2025-09-15 03:27:15] Phase 2.4 Update Timing | Checksum: 2b029ac35
[2025-09-15 03:27:15] 
[2025-09-15 03:27:15] Time (s): cpu = 00:03:06 ; elapsed = 00:01:06 . Memory (MB): peak = 10722.703 ; gain = 0.000 ; free physical = 225618 ; free virtual = 232853
[2025-09-15 03:27:15] INFO: [Route 35-416] Intermediate Timing Summary | WNS=0.419  | TNS=0.000  | WHS=-0.403 | THS=-469.505|
[2025-09-15 03:27:15] 
[2025-09-15 03:27:50] 
[2025-09-15 03:27:50] Phase 2.5 Update Timing for Bus Skew
[2025-09-15 03:27:50] 
[2025-09-15 03:27:50] Phase 2.5.1 Update Timing
[2025-09-15 03:28:00] Phase 2.5.1 Update Timing | Checksum: 2a2e61404
[2025-09-15 03:28:00] 
[2025-09-15 03:28:00] Time (s): cpu = 00:05:44 ; elapsed = 00:01:50 . Memory (MB): peak = 10722.703 ; gain = 0.000 ; free physical = 225493 ; free virtual = 232728
[2025-09-15 03:28:00] INFO: [Route 35-416] Intermediate Timing Summary | WNS=0.419  | TNS=0.000  | WHS=N/A    | THS=N/A    |
[2025-09-15 03:28:00] 
[2025-09-15 03:28:00] Phase 2.5 Update Timing for Bus Skew | Checksum: 2740e4839
[2025-09-15 03:28:00] 
[2025-09-15 03:28:00] Time (s): cpu = 00:05:45 ; elapsed = 00:01:51 . Memory (MB): peak = 10722.703 ; gain = 0.000 ; free physical = 225483 ; free virtual = 232718
[2025-09-15 03:28:05] 
[2025-09-15 03:28:05] Router Utilization Summary
[2025-09-15 03:28:05]   Global Vertical Routing Utilization    = 1.99305e-05 %
[2025-09-15 03:28:05]   Global Horizontal Routing Utilization  = 0.000220778 %
[2025-09-15 03:28:05]   Routable Net Status*
[2025-09-15 03:28:05]   *Does not include unroutable nets such as driverless and loadless.
[2025-09-15 03:28:05]   Run report_route_status for detailed report.
[2025-09-15 03:28:05]   Number of Failed Nets               = 298975
[2025-09-15 03:28:05]     (Failed Nets is the sum of unrouted and partially routed nets)
[2025-09-15 03:28:05]   Number of Unrouted Nets             = 247295
[2025-09-15 03:28:05]   Number of Partially Routed Nets     = 51680
[2025-09-15 03:28:05]   Number of Node Overlaps             = 0
[2025-09-15 03:28:05] 
[2025-09-15 03:28:05] Phase 2 Router Initialization | Checksum: 1c4a48e44
[2025-09-15 03:28:05] 
[2025-09-15 03:28:05] Time (s): cpu = 00:06:00 ; elapsed = 00:01:56 . Memory (MB): peak = 10722.703 ; gain = 0.000 ; free physical = 225206 ; free virtual = 232442
[2025-09-15 03:28:05] 
[2025-09-15 03:28:05] Phase 3 Initial Routing
[2025-09-15 03:28:05] 
[2025-09-15 03:28:05] Phase 3.1 Global Routing
[2025-09-15 03:28:05] 
[2025-09-15 03:28:05] Phase 3.1.1 SLL Assignment
[2025-09-15 03:28:05] Number SLLs per Column: 1440
[2025-09-15 03:28:05] Estimated SLL Demand Per Column: 
[2025-09-15 03:28:05]   SLR [2-3]        0 (  0%)     0 (  0%)     0 (  0%)     0 (  0%)     0 (  0%)     0 (  0%)     0 (  0%)     0 (  0%)     0 (  0%)     0 (  0%)     0 (  0%)     0 (  0%)     0 (  0%)     0 (  0%)     0 (  0%)     0 (  0%)  Demand:     0 Available: 23040 Utilization(%): 0.00
[2025-09-15 03:28:05]   SLR [1-2]        0 (  0%)     0 (  0%)     0 (  0%)     0 (  0%)     0 (  0%)     0 (  0%)     0 (  0%)     0 (  0%)     0 (  0%)     0 (  0%)     0 (  0%)     0 (  0%)     0 (  0%)     0 (  0%)     0 (  0%)     0 (  0%)  Demand:     0 Available: 23040 Utilization(%): 0.00
[2025-09-15 03:28:05]   SLR [0-1]        8 (  1%)     8 (  1%)     8 (  1%)    10 (  1%)    96 (  7%)    47 (  3%)    62 (  4%)    64 (  4%)    33 (  2%)    13 (  1%)    29 (  2%)    33 (  2%)     6 (  0%)     1 (  0%)     0 (  0%)     1 (  0%)  Demand:   419 Available: 23040 Utilization(%): 1.82
[2025-09-15 03:28:05] Phase 3.1.1 SLL Assignment | Checksum: 1ce57d0c7
[2025-09-15 03:28:05] 
[2025-09-15 03:28:05] Time (s): cpu = 00:06:02 ; elapsed = 00:01:57 . Memory (MB): peak = 10722.703 ; gain = 0.000 ; free physical = 225201 ; free virtual = 232437
[2025-09-15 03:28:05] Phase 3.1 Global Routing | Checksum: 1ce57d0c7
[2025-09-15 03:28:05] 
[2025-09-15 03:28:05] Time (s): cpu = 00:06:02 ; elapsed = 00:01:57 . Memory (MB): peak = 10722.703 ; gain = 0.000 ; free physical = 225201 ; free virtual = 232437
[2025-09-15 03:28:40] Phase 3 Initial Routing | Checksum: 32b80a4b4
[2025-09-15 03:28:40] 
[2025-09-15 03:28:40] Time (s): cpu = 00:07:20 ; elapsed = 00:02:31 . Memory (MB): peak = 10722.703 ; gain = 0.000 ; free physical = 225068 ; free virtual = 232304
[2025-09-15 03:28:40] 
[2025-09-15 03:28:40] INFO: [Route 35-449] Initial Estimated Congestion
[2025-09-15 03:28:40]  ________________________________________________________________________
[2025-09-15 03:28:40] |           | Global Congestion | Long Congestion   | Short Congestion  |
[2025-09-15 03:28:40] |           |___________________|___________________|___________________|
[2025-09-15 03:28:40] | Direction | Size   | % Tiles  | Size   | % Tiles  | Size   | % Tiles  |
[2025-09-15 03:28:40] |___________|________|__________|________|__________|________|__________|
[2025-09-15 03:28:40] |      NORTH|     4x4|      0.07|     8x8|      0.31|     4x4|      0.13|
[2025-09-15 03:28:40] |___________|________|__________|________|__________|________|__________|
[2025-09-15 03:28:40] |      SOUTH|     4x4|      0.14|   16x16|      0.44|     4x4|      0.14|
[2025-09-15 03:28:40] |___________|________|__________|________|__________|________|__________|
[2025-09-15 03:28:40] |       EAST|     1x1|      0.01|     4x4|      0.06|     8x8|      0.12|
[2025-09-15 03:28:40] |___________|________|__________|________|__________|________|__________|
[2025-09-15 03:28:40] |       WEST|     4x4|      0.04|     4x4|      0.09|     8x8|      0.13|
[2025-09-15 03:28:40] |___________|________|__________|________|__________|________|__________|
[2025-09-15 03:28:40] Congestion Report
[2025-09-15 03:28:40] LONG Congestion bounded by tiles (Lower Left Tile -> Upper Right Tile):
[2025-09-15 03:28:40] SOUTH
[2025-09-15 03:28:40] 	INT_X112Y260->INT_X115Y291 (CLEM_X112Y260->CLEL_R_X115Y291)
[2025-09-15 03:28:40] 	INT_X140Y316->INT_X143Y319 (INT_X140Y316->CLEL_R_X143Y319)
[2025-09-15 03:28:40] 	INT_X140Y300->INT_X143Y303 (INT_X140Y300->CLEL_R_X143Y303)
[2025-09-15 03:28:40] 	INT_X140Y292->INT_X143Y295 (PCIE4_PCIE4_FT_X139Y240->CLEL_R_X143Y295)
[2025-09-15 03:28:40] 	INT_X112Y288->INT_X115Y291 (CLEM_X112Y288->CLEL_R_X115Y291)
[2025-09-15 03:28:45] INFO: [Route 35-580] Design has 2 pins with tight setup and hold constraints.
[2025-09-15 03:28:45] 
[2025-09-15 03:28:45] The top 5 pins with tight setup and hold constraints:
[2025-09-15 03:28:45] 
[2025-09-15 03:28:45] +=============================+=============================+======================================================================================================================================+
[2025-09-15 03:28:45] | Launch Setup Clock          | Launch Hold Clock           | Pin                                                                                                                                  |
[2025-09-15 03:28:45] +=============================+=============================+======================================================================================================================================+
[2025-09-15 03:28:45] | GTYE4_CHANNEL_TXOUTCLK[3]_3 | GTYE4_CHANNEL_TXOUTCLK[3]_3 | design_1_i/xdma_0/inst/pcie4_ip_i/inst/design_1_xdma_0_0_pcie4_ip_pcie_4_0_pipe_inst/pcie_4_0_e4_inst/MIRXCOMPLETIONRAMREADDATA0[26] |
[2025-09-15 03:28:45] | GTYE4_CHANNEL_TXOUTCLK[3]_3 | GTYE4_CHANNEL_TXOUTCLK[3]_3 | design_1_i/xdma_0/inst/pcie4_ip_i/inst/design_1_xdma_0_0_pcie4_ip_pcie_4_0_pipe_inst/pcie_4_0_e4_inst/MAXISRCTREADY[2]               |
[2025-09-15 03:28:45] +-----------------------------+-----------------------------+--------------------------------------------------------------------------------------------------------------------------------------+
[2025-09-15 03:28:45] 
[2025-09-15 03:28:45] File with complete list of pins: tight_setup_hold_pins.txt
[2025-09-15 03:28:45] 
[2025-09-15 03:28:45] 
[2025-09-15 03:28:45] Phase 4 Rip-up And Reroute
[2025-09-15 03:28:45] 
[2025-09-15 03:28:45] Phase 4.1 Global Iteration 0
[2025-09-15 03:29:45]  Number of Nodes with overlaps = 54861
[2025-09-15 03:30:15]  Number of Nodes with overlaps = 4214
[2025-09-15 03:30:30]  Number of Nodes with overlaps = 448
[2025-09-15 03:30:45]  Number of Nodes with overlaps = 96
[2025-09-15 03:31:00]  Number of Nodes with overlaps = 21
[2025-09-15 03:31:20]  Number of Nodes with overlaps = 10
[2025-09-15 03:31:35]  Number of Nodes with overlaps = 3
[2025-09-15 03:31:45]  Number of Nodes with overlaps = 1
[2025-09-15 03:31:50]  Number of Nodes with overlaps = 0
[2025-09-15 03:32:06] INFO: [Route 35-416] Intermediate Timing Summary | WNS=0.097  | TNS=0.000  | WHS=-0.025 | THS=-0.324 |
[2025-09-15 03:32:06] 
[2025-09-15 03:32:51] Phase 4.1 Global Iteration 0 | Checksum: 15cafaeb0
[2025-09-15 03:32:51] 
[2025-09-15 03:32:51] Time (s): cpu = 00:16:01 ; elapsed = 00:06:39 . Memory (MB): peak = 10722.703 ; gain = 0.000 ; free physical = 225096 ; free virtual = 232333
[2025-09-15 03:32:51] 
[2025-09-15 03:32:51] Phase 4.2 Global Iteration 1
[2025-09-15 03:32:51]  Number of Nodes with overlaps = 25
[2025-09-15 03:32:56]  Number of Nodes with overlaps = 1
[2025-09-15 03:32:56]  Number of Nodes with overlaps = 0
[2025-09-15 03:33:06] INFO: [Route 35-416] Intermediate Timing Summary | WNS=0.097  | TNS=0.000  | WHS=N/A    | THS=N/A    |
[2025-09-15 03:33:06] 
[2025-09-15 03:33:16] Phase 4.2 Global Iteration 1 | Checksum: 2a141e1ce
[2025-09-15 03:33:16] 
[2025-09-15 03:33:16] Time (s): cpu = 00:16:46 ; elapsed = 00:07:04 . Memory (MB): peak = 10722.703 ; gain = 0.000 ; free physical = 225216 ; free virtual = 232452
[2025-09-15 03:33:16] Phase 4 Rip-up And Reroute | Checksum: 2a141e1ce
[2025-09-15 03:33:16] 
[2025-09-15 03:33:16] Time (s): cpu = 00:16:47 ; elapsed = 00:07:05 . Memory (MB): peak = 10722.703 ; gain = 0.000 ; free physical = 225216 ; free virtual = 232452
[2025-09-15 03:33:16] 
[2025-09-15 03:33:16] Phase 5 Delay and Skew Optimization
[2025-09-15 03:33:16] 
[2025-09-15 03:33:16] Phase 5.1 Delay CleanUp
[2025-09-15 03:33:16] 
[2025-09-15 03:33:16] Phase 5.1.1 Update Timing
[2025-09-15 03:33:36] Phase 5.1.1 Update Timing | Checksum: 25abda249
[2025-09-15 03:33:36] 
[2025-09-15 03:33:36] Time (s): cpu = 00:17:46 ; elapsed = 00:07:25 . Memory (MB): peak = 10722.703 ; gain = 0.000 ; free physical = 225308 ; free virtual = 232545
[2025-09-15 03:33:36] INFO: [Route 35-416] Intermediate Timing Summary | WNS=0.097  | TNS=0.000  | WHS=0.010  | THS=0.000  |
[2025-09-15 03:33:36] 
[2025-09-15 03:33:36] 
[2025-09-15 03:33:36] Phase 5.1.2 Update Timing
[2025-09-15 03:33:51] Phase 5.1.2 Update Timing | Checksum: 2ad78b507
[2025-09-15 03:33:51] 
[2025-09-15 03:33:51] Time (s): cpu = 00:18:29 ; elapsed = 00:07:41 . Memory (MB): peak = 10722.703 ; gain = 0.000 ; free physical = 225272 ; free virtual = 232508
[2025-09-15 03:33:51] INFO: [Route 35-416] Intermediate Timing Summary | WNS=0.097  | TNS=0.000  | WHS=0.010  | THS=0.000  |
[2025-09-15 03:33:51] 
[2025-09-15 03:33:51] Phase 5.1 Delay CleanUp | Checksum: 30e1612b0
[2025-09-15 03:33:51] 
[2025-09-15 03:33:51] Time (s): cpu = 00:18:31 ; elapsed = 00:07:42 . Memory (MB): peak = 10722.703 ; gain = 0.000 ; free physical = 225318 ; free virtual = 232554
[2025-09-15 03:33:51] 
[2025-09-15 03:33:51] Phase 5.2 Clock Skew Optimization
[2025-09-15 03:33:51] Phase 5.2 Clock Skew Optimization | Checksum: 30e1612b0
[2025-09-15 03:33:51] 
[2025-09-15 03:33:51] Time (s): cpu = 00:18:32 ; elapsed = 00:07:43 . Memory (MB): peak = 10722.703 ; gain = 0.000 ; free physical = 225318 ; free virtual = 232555
[2025-09-15 03:33:56] Phase 5 Delay and Skew Optimization | Checksum: 30e1612b0
[2025-09-15 03:33:56] 
[2025-09-15 03:33:56] Time (s): cpu = 00:18:32 ; elapsed = 00:07:44 . Memory (MB): peak = 10722.703 ; gain = 0.000 ; free physical = 225317 ; free virtual = 232554
[2025-09-15 03:33:56] 
[2025-09-15 03:33:56] Phase 6 Post Hold Fix
[2025-09-15 03:33:56] 
[2025-09-15 03:33:56] Phase 6.1 Hold Fix Iter
[2025-09-15 03:33:56] 
[2025-09-15 03:33:56] Phase 6.1.1 Update Timing
[2025-09-15 03:34:11] Phase 6.1.1 Update Timing | Checksum: 24cc360a5
[2025-09-15 03:34:11] 
[2025-09-15 03:34:11] Time (s): cpu = 00:19:17 ; elapsed = 00:07:59 . Memory (MB): peak = 10722.703 ; gain = 0.000 ; free physical = 225349 ; free virtual = 232585
[2025-09-15 03:34:11] INFO: [Route 35-416] Intermediate Timing Summary | WNS=0.097  | TNS=0.000  | WHS=0.010  | THS=0.000  |
[2025-09-15 03:34:11] 
[2025-09-15 03:34:11] Phase 6.1 Hold Fix Iter | Checksum: 2e93fcbfd
[2025-09-15 03:34:11] 
[2025-09-15 03:34:11] Time (s): cpu = 00:19:18 ; elapsed = 00:08:01 . Memory (MB): peak = 10722.703 ; gain = 0.000 ; free physical = 225336 ; free virtual = 232572
[2025-09-15 03:34:11] Phase 6 Post Hold Fix | Checksum: 2e93fcbfd
[2025-09-15 03:34:11] 
[2025-09-15 03:34:11] Time (s): cpu = 00:19:19 ; elapsed = 00:08:01 . Memory (MB): peak = 10722.703 ; gain = 0.000 ; free physical = 225336 ; free virtual = 232573
[2025-09-15 03:34:11] 
[2025-09-15 03:34:11] Phase 7 Route finalize
[2025-09-15 03:34:11] 
[2025-09-15 03:34:11] Router Utilization Summary
[2025-09-15 03:34:11]   Global Vertical Routing Utilization    = 3.16947 %
[2025-09-15 03:34:11]   Global Horizontal Routing Utilization  = 3.19746 %
[2025-09-15 03:34:11]   Routable Net Status*
[2025-09-15 03:34:11]   *Does not include unroutable nets such as driverless and loadless.
[2025-09-15 03:34:11]   Run report_route_status for detailed report.
[2025-09-15 03:34:11]   Number of Failed Nets               = 0
[2025-09-15 03:34:11]     (Failed Nets is the sum of unrouted and partially routed nets)
[2025-09-15 03:34:11]   Number of Unrouted Nets             = 0
[2025-09-15 03:34:11]   Number of Partially Routed Nets     = 0
[2025-09-15 03:34:11]   Number of Node Overlaps             = 0
[2025-09-15 03:34:11] 
[2025-09-15 03:34:16] Phase 7 Route finalize | Checksum: 266ebbcd1
[2025-09-15 03:34:16] 
[2025-09-15 03:34:16] Time (s): cpu = 00:19:27 ; elapsed = 00:08:04 . Memory (MB): peak = 10722.703 ; gain = 0.000 ; free physical = 225323 ; free virtual = 232560
[2025-09-15 03:34:16] 
[2025-09-15 03:34:16] Phase 8 Verifying routed nets
[2025-09-15 03:34:16] 
[2025-09-15 03:34:16]  Verification completed successfully
[2025-09-15 03:34:16] Phase 8 Verifying routed nets | Checksum: 266ebbcd1
[2025-09-15 03:34:16] 
[2025-09-15 03:34:16] Time (s): cpu = 00:19:28 ; elapsed = 00:08:05 . Memory (MB): peak = 10722.703 ; gain = 0.000 ; free physical = 225309 ; free virtual = 232546
[2025-09-15 03:34:16] 
[2025-09-15 03:34:16] Phase 9 Depositing Routes
[2025-09-15 03:34:16] INFO: [Route 35-467] Router swapped GT pin design_1_i/xdma_0/inst/pcie4_ip_i/inst/design_1_xdma_0_0_pcie4_ip_gt_top_i/diablo_gt.diablo_gt_phy_wrapper/gt_wizard.gtwizard_top_i/design_1_xdma_0_0_pcie4_ip_gt_i/inst/gen_gtwizard_gtye4_top.design_1_xdma_0_0_pcie4_ip_gt_gtwizard_gtye4_inst/gen_gtwizard_gtye4.gen_channel_container[28].gen_enabled_channel.gtye4_channel_wrapper_inst/channel_inst/gtye4_channel_gen.gen_gtye4_channel_inst[0].GTYE4_CHANNEL_PRIM_INST/GTREFCLK0 to physical pin GTYE4_CHANNEL_X1Y16/SOUTHREFCLK1
[2025-09-15 03:34:16] INFO: [Route 35-467] Router swapped GT pin design_1_i/xdma_0/inst/pcie4_ip_i/inst/design_1_xdma_0_0_pcie4_ip_gt_top_i/diablo_gt.diablo_gt_phy_wrapper/gt_wizard.gtwizard_top_i/design_1_xdma_0_0_pcie4_ip_gt_i/inst/gen_gtwizard_gtye4_top.design_1_xdma_0_0_pcie4_ip_gt_gtwizard_gtye4_inst/gen_gtwizard_gtye4.gen_channel_container[28].gen_enabled_channel.gtye4_channel_wrapper_inst/channel_inst/gtye4_channel_gen.gen_gtye4_channel_inst[1].GTYE4_CHANNEL_PRIM_INST/GTREFCLK0 to physical pin GTYE4_CHANNEL_X1Y17/SOUTHREFCLK1
[2025-09-15 03:34:16] INFO: [Route 35-467] Router swapped GT pin design_1_i/xdma_0/inst/pcie4_ip_i/inst/design_1_xdma_0_0_pcie4_ip_gt_top_i/diablo_gt.diablo_gt_phy_wrapper/gt_wizard.gtwizard_top_i/design_1_xdma_0_0_pcie4_ip_gt_i/inst/gen_gtwizard_gtye4_top.design_1_xdma_0_0_pcie4_ip_gt_gtwizard_gtye4_inst/gen_gtwizard_gtye4.gen_channel_container[28].gen_enabled_channel.gtye4_channel_wrapper_inst/channel_inst/gtye4_channel_gen.gen_gtye4_channel_inst[2].GTYE4_CHANNEL_PRIM_INST/GTREFCLK0 to physical pin GTYE4_CHANNEL_X1Y18/SOUTHREFCLK1
[2025-09-15 03:34:16] INFO: [Route 35-467] Router swapped GT pin design_1_i/xdma_0/inst/pcie4_ip_i/inst/design_1_xdma_0_0_pcie4_ip_gt_top_i/diablo_gt.diablo_gt_phy_wrapper/gt_wizard.gtwizard_top_i/design_1_xdma_0_0_pcie4_ip_gt_i/inst/gen_gtwizard_gtye4_top.design_1_xdma_0_0_pcie4_ip_gt_gtwizard_gtye4_inst/gen_gtwizard_gtye4.gen_channel_container[28].gen_enabled_channel.gtye4_channel_wrapper_inst/channel_inst/gtye4_channel_gen.gen_gtye4_channel_inst[3].GTYE4_CHANNEL_PRIM_INST/GTREFCLK0 to physical pin GTYE4_CHANNEL_X1Y19/SOUTHREFCLK1
[2025-09-15 03:34:16] INFO: [Route 35-467] Router swapped GT pin design_1_i/xdma_0/inst/pcie4_ip_i/inst/design_1_xdma_0_0_pcie4_ip_gt_top_i/diablo_gt.diablo_gt_phy_wrapper/gt_wizard.gtwizard_top_i/design_1_xdma_0_0_pcie4_ip_gt_i/inst/gen_gtwizard_gtye4_top.design_1_xdma_0_0_pcie4_ip_gt_gtwizard_gtye4_inst/gen_gtwizard_gtye4.gen_channel_container[29].gen_enabled_channel.gtye4_channel_wrapper_inst/channel_inst/gtye4_channel_gen.gen_gtye4_channel_inst[0].GTYE4_CHANNEL_PRIM_INST/GTREFCLK0 to physical pin GTYE4_CHANNEL_X1Y20/SOUTHREFCLK1
[2025-09-15 03:34:16] INFO: [Route 35-467] Router swapped GT pin design_1_i/xdma_0/inst/pcie4_ip_i/inst/design_1_xdma_0_0_pcie4_ip_gt_top_i/diablo_gt.diablo_gt_phy_wrapper/gt_wizard.gtwizard_top_i/design_1_xdma_0_0_pcie4_ip_gt_i/inst/gen_gtwizard_gtye4_top.design_1_xdma_0_0_pcie4_ip_gt_gtwizard_gtye4_inst/gen_gtwizard_gtye4.gen_channel_container[29].gen_enabled_channel.gtye4_channel_wrapper_inst/channel_inst/gtye4_channel_gen.gen_gtye4_channel_inst[1].GTYE4_CHANNEL_PRIM_INST/GTREFCLK0 to physical pin GTYE4_CHANNEL_X1Y21/SOUTHREFCLK1
[2025-09-15 03:34:16] INFO: [Route 35-467] Router swapped GT pin design_1_i/xdma_0/inst/pcie4_ip_i/inst/design_1_xdma_0_0_pcie4_ip_gt_top_i/diablo_gt.diablo_gt_phy_wrapper/gt_wizard.gtwizard_top_i/design_1_xdma_0_0_pcie4_ip_gt_i/inst/gen_gtwizard_gtye4_top.design_1_xdma_0_0_pcie4_ip_gt_gtwizard_gtye4_inst/gen_gtwizard_gtye4.gen_channel_container[29].gen_enabled_channel.gtye4_channel_wrapper_inst/channel_inst/gtye4_channel_gen.gen_gtye4_channel_inst[2].GTYE4_CHANNEL_PRIM_INST/GTREFCLK0 to physical pin GTYE4_CHANNEL_X1Y22/SOUTHREFCLK1
[2025-09-15 03:34:16] INFO: [Route 35-467] Router swapped GT pin design_1_i/xdma_0/inst/pcie4_ip_i/inst/design_1_xdma_0_0_pcie4_ip_gt_top_i/diablo_gt.diablo_gt_phy_wrapper/gt_wizard.gtwizard_top_i/design_1_xdma_0_0_pcie4_ip_gt_i/inst/gen_gtwizard_gtye4_top.design_1_xdma_0_0_pcie4_ip_gt_gtwizard_gtye4_inst/gen_gtwizard_gtye4.gen_channel_container[29].gen_enabled_channel.gtye4_channel_wrapper_inst/channel_inst/gtye4_channel_gen.gen_gtye4_channel_inst[3].GTYE4_CHANNEL_PRIM_INST/GTREFCLK0 to physical pin GTYE4_CHANNEL_X1Y23/SOUTHREFCLK1
[2025-09-15 03:34:16] INFO: [Route 35-467] Router swapped GT pin design_1_i/xdma_0/inst/pcie4_ip_i/inst/design_1_xdma_0_0_pcie4_ip_gt_top_i/diablo_gt.diablo_gt_phy_wrapper/gt_wizard.gtwizard_top_i/design_1_xdma_0_0_pcie4_ip_gt_i/inst/gen_gtwizard_gtye4_top.design_1_xdma_0_0_pcie4_ip_gt_gtwizard_gtye4_inst/gen_gtwizard_gtye4.gen_channel_container[31].gen_enabled_channel.gtye4_channel_wrapper_inst/channel_inst/gtye4_channel_gen.gen_gtye4_channel_inst[0].GTYE4_CHANNEL_PRIM_INST/GTREFCLK0 to physical pin GTYE4_CHANNEL_X1Y28/NORTHREFCLK1
[2025-09-15 03:34:16] INFO: [Route 35-467] Router swapped GT pin design_1_i/xdma_0/inst/pcie4_ip_i/inst/design_1_xdma_0_0_pcie4_ip_gt_top_i/diablo_gt.diablo_gt_phy_wrapper/gt_wizard.gtwizard_top_i/design_1_xdma_0_0_pcie4_ip_gt_i/inst/gen_gtwizard_gtye4_top.design_1_xdma_0_0_pcie4_ip_gt_gtwizard_gtye4_inst/gen_gtwizard_gtye4.gen_channel_container[31].gen_enabled_channel.gtye4_channel_wrapper_inst/channel_inst/gtye4_channel_gen.gen_gtye4_channel_inst[1].GTYE4_CHANNEL_PRIM_INST/GTREFCLK0 to physical pin GTYE4_CHANNEL_X1Y29/NORTHREFCLK1
[2025-09-15 03:34:16] INFO: [Route 35-467] Router swapped GT pin design_1_i/xdma_0/inst/pcie4_ip_i/inst/design_1_xdma_0_0_pcie4_ip_gt_top_i/diablo_gt.diablo_gt_phy_wrapper/gt_wizard.gtwizard_top_i/design_1_xdma_0_0_pcie4_ip_gt_i/inst/gen_gtwizard_gtye4_top.design_1_xdma_0_0_pcie4_ip_gt_gtwizard_gtye4_inst/gen_gtwizard_gtye4.gen_channel_container[31].gen_enabled_channel.gtye4_channel_wrapper_inst/channel_inst/gtye4_channel_gen.gen_gtye4_channel_inst[2].GTYE4_CHANNEL_PRIM_INST/GTREFCLK0 to physical pin GTYE4_CHANNEL_X1Y30/NORTHREFCLK1
[2025-09-15 03:34:16] INFO: [Route 35-467] Router swapped GT pin design_1_i/xdma_0/inst/pcie4_ip_i/inst/design_1_xdma_0_0_pcie4_ip_gt_top_i/diablo_gt.diablo_gt_phy_wrapper/gt_wizard.gtwizard_top_i/design_1_xdma_0_0_pcie4_ip_gt_i/inst/gen_gtwizard_gtye4_top.design_1_xdma_0_0_pcie4_ip_gt_gtwizard_gtye4_inst/gen_gtwizard_gtye4.gen_channel_container[31].gen_enabled_channel.gtye4_channel_wrapper_inst/channel_inst/gtye4_channel_gen.gen_gtye4_channel_inst[3].GTYE4_CHANNEL_PRIM_INST/GTREFCLK0 to physical pin GTYE4_CHANNEL_X1Y31/NORTHREFCLK1
[2025-09-15 03:34:16] INFO: [Route 35-467] Router swapped GT pin design_1_i/xdma_0/inst/pcie4_ip_i/inst/design_1_xdma_0_0_pcie4_ip_gt_top_i/diablo_gt.diablo_gt_phy_wrapper/gt_wizard.gtwizard_top_i/design_1_xdma_0_0_pcie4_ip_gt_i/inst/gen_gtwizard_gtye4_top.design_1_xdma_0_0_pcie4_ip_gt_gtwizard_gtye4_inst/gen_gtwizard_gtye4.gen_common.gen_common_container[28].gen_enabled_common.gtye4_common_wrapper_inst/common_inst/gtye4_common_gen.GTYE4_COMMON_PRIM_INST/GTREFCLK00 to physical pin GTYE4_COMMON_X1Y4/COM0_REFCLKOUT5
[2025-09-15 03:34:16] INFO: [Route 35-467] Router swapped GT pin design_1_i/xdma_0/inst/pcie4_ip_i/inst/design_1_xdma_0_0_pcie4_ip_gt_top_i/diablo_gt.diablo_gt_phy_wrapper/gt_wizard.gtwizard_top_i/design_1_xdma_0_0_pcie4_ip_gt_i/inst/gen_gtwizard_gtye4_top.design_1_xdma_0_0_pcie4_ip_gt_gtwizard_gtye4_inst/gen_gtwizard_gtye4.gen_common.gen_common_container[28].gen_enabled_common.gtye4_common_wrapper_inst/common_inst/gtye4_common_gen.GTYE4_COMMON_PRIM_INST/GTREFCLK01 to physical pin GTYE4_COMMON_X1Y4/COM2_REFCLKOUT5
[2025-09-15 03:34:16] INFO: [Route 35-467] Router swapped GT pin design_1_i/xdma_0/inst/pcie4_ip_i/inst/design_1_xdma_0_0_pcie4_ip_gt_top_i/diablo_gt.diablo_gt_phy_wrapper/gt_wizard.gtwizard_top_i/design_1_xdma_0_0_pcie4_ip_gt_i/inst/gen_gtwizard_gtye4_top.design_1_xdma_0_0_pcie4_ip_gt_gtwizard_gtye4_inst/gen_gtwizard_gtye4.gen_common.gen_common_container[29].gen_enabled_common.gtye4_common_wrapper_inst/common_inst/gtye4_common_gen.GTYE4_COMMON_PRIM_INST/GTREFCLK00 to physical pin GTYE4_COMMON_X1Y5/COM0_REFCLKOUT5
[2025-09-15 03:34:16] INFO: [Route 35-467] Router swapped GT pin design_1_i/xdma_0/inst/pcie4_ip_i/inst/design_1_xdma_0_0_pcie4_ip_gt_top_i/diablo_gt.diablo_gt_phy_wrapper/gt_wizard.gtwizard_top_i/design_1_xdma_0_0_pcie4_ip_gt_i/inst/gen_gtwizard_gtye4_top.design_1_xdma_0_0_pcie4_ip_gt_gtwizard_gtye4_inst/gen_gtwizard_gtye4.gen_common.gen_common_container[29].gen_enabled_common.gtye4_common_wrapper_inst/common_inst/gtye4_common_gen.GTYE4_COMMON_PRIM_INST/GTREFCLK01 to physical pin GTYE4_COMMON_X1Y5/COM2_REFCLKOUT5
[2025-09-15 03:34:16] INFO: [Route 35-467] Router swapped GT pin design_1_i/xdma_0/inst/pcie4_ip_i/inst/design_1_xdma_0_0_pcie4_ip_gt_top_i/diablo_gt.diablo_gt_phy_wrapper/gt_wizard.gtwizard_top_i/design_1_xdma_0_0_pcie4_ip_gt_i/inst/gen_gtwizard_gtye4_top.design_1_xdma_0_0_pcie4_ip_gt_gtwizard_gtye4_inst/gen_gtwizard_gtye4.gen_common.gen_common_container[31].gen_enabled_common.gtye4_common_wrapper_inst/common_inst/gtye4_common_gen.GTYE4_COMMON_PRIM_INST/GTREFCLK00 to physical pin GTYE4_COMMON_X1Y7/COM0_REFCLKOUT3
[2025-09-15 03:34:16] INFO: [Route 35-467] Router swapped GT pin design_1_i/xdma_0/inst/pcie4_ip_i/inst/design_1_xdma_0_0_pcie4_ip_gt_top_i/diablo_gt.diablo_gt_phy_wrapper/gt_wizard.gtwizard_top_i/design_1_xdma_0_0_pcie4_ip_gt_i/inst/gen_gtwizard_gtye4_top.design_1_xdma_0_0_pcie4_ip_gt_gtwizard_gtye4_inst/gen_gtwizard_gtye4.gen_common.gen_common_container[31].gen_enabled_common.gtye4_common_wrapper_inst/common_inst/gtye4_common_gen.GTYE4_COMMON_PRIM_INST/GTREFCLK01 to physical pin GTYE4_COMMON_X1Y7/COM2_REFCLKOUT3
[2025-09-15 03:34:31] Phase 9 Depositing Routes | Checksum: 266ebbcd1
[2025-09-15 03:34:31] 
[2025-09-15 03:34:31] Time (s): cpu = 00:19:48 ; elapsed = 00:08:19 . Memory (MB): peak = 10722.703 ; gain = 0.000 ; free physical = 225304 ; free virtual = 232541
[2025-09-15 03:34:31] Common:
[2025-09-15 03:34:31]    
[2025-09-15 03:34:31] SLR0
[2025-09-15 03:34:31] 
[2025-09-15 03:34:31] Initial Estimated Congestion
[2025-09-15 03:34:31]  ________________________________________________________________________
[2025-09-15 03:34:31] |           | Global Congestion | Long Congestion   | Short Congestion  |
[2025-09-15 03:34:31] |           |___________________|___________________|___________________|
[2025-09-15 03:34:31] | Direction | Size   | % Tiles  | Size   | % Tiles  | Size   | % Tiles  |
[2025-09-15 03:34:31] |___________|________|__________|________|__________|________|__________|
[2025-09-15 03:34:31] |      NORTH|     2x2|      0.10|     8x8|      0.46|     2x2|      0.08|
[2025-09-15 03:34:31] |___________|________|__________|________|__________|________|__________|
[2025-09-15 03:34:31] |      SOUTH|     4x4|      0.07|     4x4|      0.30|     4x4|      0.12|
[2025-09-15 03:34:31] |___________|________|__________|________|__________|________|__________|
[2025-09-15 03:34:31] |       EAST|     1x1|      0.00|     2x2|      0.01|     2x2|      0.06|
[2025-09-15 03:34:31] |___________|________|__________|________|__________|________|__________|
[2025-09-15 03:34:31] |       WEST|     1x1|      0.01|     2x2|      0.02|     4x4|      0.09|
[2025-09-15 03:34:31] |___________|________|__________|________|__________|________|__________|
[2025-09-15 03:34:31] 
[2025-09-15 03:34:31] SLR1
[2025-09-15 03:34:31] 
[2025-09-15 03:34:31] Initial Estimated Congestion
[2025-09-15 03:34:31]  ________________________________________________________________________
[2025-09-15 03:34:31] |           | Global Congestion | Long Congestion   | Short Congestion  |
[2025-09-15 03:34:31] |           |___________________|___________________|___________________|
[2025-09-15 03:34:31] | Direction | Size   | % Tiles  | Size   | % Tiles  | Size   | % Tiles  |
[2025-09-15 03:34:31] |___________|________|__________|________|__________|________|__________|
[2025-09-15 03:34:31] |      NORTH|     4x4|      0.18|     8x8|      0.77|     4x4|      0.44|
[2025-09-15 03:34:31] |___________|________|__________|________|__________|________|__________|
[2025-09-15 03:34:31] |      SOUTH|     4x4|      0.51|   16x16|      1.48|     4x4|      0.43|
[2025-09-15 03:34:31] |___________|________|__________|________|__________|________|__________|
[2025-09-15 03:34:31] |       EAST|     1x1|      0.03|     4x4|      0.23|     8x8|      0.42|
[2025-09-15 03:34:31] |___________|________|__________|________|__________|________|__________|
[2025-09-15 03:34:31] |       WEST|     4x4|      0.15|     4x4|      0.34|     8x8|      0.42|
[2025-09-15 03:34:31] |___________|________|__________|________|__________|________|__________|
[2025-09-15 03:34:31] 
[2025-09-15 03:34:31] SLR2
[2025-09-15 03:34:31] 
[2025-09-15 03:34:31] Initial Estimated Congestion
[2025-09-15 03:34:31]  ________________________________________________________________________
[2025-09-15 03:34:31] |           | Global Congestion | Long Congestion   | Short Congestion  |
[2025-09-15 03:34:31] |           |___________________|___________________|___________________|
[2025-09-15 03:34:31] | Direction | Size   | % Tiles  | Size   | % Tiles  | Size   | % Tiles  |
[2025-09-15 03:34:31] |___________|________|__________|________|__________|________|__________|
[2025-09-15 03:34:31] |      NORTH|     1x1|      0.00|     1x1|      0.00|     1x1|      0.00|
[2025-09-15 03:34:31] |___________|________|__________|________|__________|________|__________|
[2025-09-15 03:34:31] |      SOUTH|     1x1|      0.00|     1x1|      0.00|     1x1|      0.00|
[2025-09-15 03:34:31] |___________|________|__________|________|__________|________|__________|
[2025-09-15 03:34:31] |       EAST|     1x1|      0.00|     1x1|      0.00|     1x1|      0.00|
[2025-09-15 03:34:31] |___________|________|__________|________|__________|________|__________|
[2025-09-15 03:34:31] |       WEST|     1x1|      0.00|     1x1|      0.00|     1x1|      0.00|
[2025-09-15 03:34:31] |___________|________|__________|________|__________|________|__________|
[2025-09-15 03:34:31] 
[2025-09-15 03:34:31] SLR3
[2025-09-15 03:34:31] 
[2025-09-15 03:34:31] Initial Estimated Congestion
[2025-09-15 03:34:31]  ________________________________________________________________________
[2025-09-15 03:34:31] |           | Global Congestion | Long Congestion   | Short Congestion  |
[2025-09-15 03:34:31] |           |___________________|___________________|___________________|
[2025-09-15 03:34:31] | Direction | Size   | % Tiles  | Size   | % Tiles  | Size   | % Tiles  |
[2025-09-15 03:34:31] |___________|________|__________|________|__________|________|__________|
[2025-09-15 03:34:31] |      NORTH|     1x1|      0.00|     1x1|      0.00|     1x1|      0.00|
[2025-09-15 03:34:31] |___________|________|__________|________|__________|________|__________|
[2025-09-15 03:34:31] |      SOUTH|     1x1|      0.00|     1x1|      0.00|     1x1|      0.00|
[2025-09-15 03:34:31] |___________|________|__________|________|__________|________|__________|
[2025-09-15 03:34:31] |       EAST|     1x1|      0.00|     1x1|      0.00|     1x1|      0.00|
[2025-09-15 03:34:31] |___________|________|__________|________|__________|________|__________|
[2025-09-15 03:34:31] |       WEST|     1x1|      0.00|     1x1|      0.00|     1x1|      0.00|
[2025-09-15 03:34:31] |___________|________|__________|________|__________|________|__________|
[2025-09-15 03:34:31] 
[2025-09-15 03:34:31] 
[2025-09-15 03:34:31] 
[2025-09-15 03:34:31] Phase 10 Resolve XTalk
[2025-09-15 03:34:31] Phase 10 Resolve XTalk | Checksum: 1d8f2fb7b
[2025-09-15 03:34:31] 
[2025-09-15 03:34:31] Time (s): cpu = 00:19:50 ; elapsed = 00:08:22 . Memory (MB): peak = 10722.703 ; gain = 0.000 ; free physical = 225295 ; free virtual = 232531
[2025-09-15 03:34:31] 
[2025-09-15 03:34:31] Phase 11 Route finalize
[2025-09-15 03:34:31] Phase 11 Route finalize | Checksum: 1d8f2fb7b
[2025-09-15 03:34:31] 
[2025-09-15 03:34:31] Time (s): cpu = 00:19:53 ; elapsed = 00:08:23 . Memory (MB): peak = 10722.703 ; gain = 0.000 ; free physical = 225297 ; free virtual = 232534
[2025-09-15 03:34:31] 
[2025-09-15 03:34:31] Phase 12 Post Router Timing
[2025-09-15 03:35:06] INFO: [Route 35-20] Post Routing Timing Summary | WNS=0.097  | TNS=0.000  | WHS=0.009  | THS=0.000  |
[2025-09-15 03:35:06] 
[2025-09-15 03:35:11] Phase 12 Post Router Timing | Checksum: 264596e93
[2025-09-15 03:35:11] 
[2025-09-15 03:35:11] Time (s): cpu = 00:22:01 ; elapsed = 00:08:59 . Memory (MB): peak = 10722.703 ; gain = 0.000 ; free physical = 225107 ; free virtual = 232344
[2025-09-15 03:35:11] INFO: [Route 35-61] The design met the timing requirement.
[2025-09-15 03:35:11] INFO: [Route 35-16] Router Completed Successfully
[2025-09-15 03:35:11] 
[2025-09-15 03:35:11] Time (s): cpu = 00:22:02 ; elapsed = 00:09:00 . Memory (MB): peak = 10722.703 ; gain = 0.000 ; free physical = 226222 ; free virtual = 233459
[2025-09-15 03:35:11] 
[2025-09-15 03:35:11] Routing Is Done.
[2025-09-15 03:35:11] INFO: [Common 17-83] Releasing license: Implementation
[2025-09-15 03:35:11] 291 Infos, 170 Warnings, 3 Critical Warnings and 0 Errors encountered.
[2025-09-15 03:35:11] route_design completed successfully
[2025-09-15 03:35:11] route_design: Time (s): cpu = 00:22:27 ; elapsed = 00:09:10 . Memory (MB): peak = 10722.703 ; gain = 0.000 ; free physical = 226222 ; free virtual = 233459
[2025-09-15 03:35:11] INFO: [Timing 38-480] Writing timing data to binary archive.
[2025-09-15 03:35:36] Writing XDEF routing.
[2025-09-15 03:35:36] Writing XDEF routing logical nets.
[2025-09-15 03:35:41] Writing XDEF routing special nets.
[2025-09-15 03:35:41] Write XDEF Complete: Time (s): cpu = 00:00:55 ; elapsed = 00:00:28 . Memory (MB): peak = 10722.703 ; gain = 0.000 ; free physical = 225524 ; free virtual = 233224
[2025-09-15 03:35:51] INFO: [Common 17-1381] The checkpoint '/cluster/home/eirikwit/vortex-gpgpu/chipyard/sims/firesim/sim/generated-src/alveo/FireSim-FireSimV1S1C0L3-BaseF1Config1Mem_F25MHz/u250/vivado_proj/firesim.runs/impl_1/design_1_wrapper_routed.dcp' has been generated.
[2025-09-15 03:35:51] write_checkpoint: Time (s): cpu = 00:01:09 ; elapsed = 00:00:43 . Memory (MB): peak = 10722.703 ; gain = 0.000 ; free physical = 225946 ; free virtual = 233327
[2025-09-15 03:35:51] INFO: [runtcl-4] Executing : report_drc -file design_1_wrapper_drc_routed.rpt -pb design_1_wrapper_drc_routed.pb -rpx design_1_wrapper_drc_routed.rpx
[2025-09-15 03:35:51] Command: report_drc -file design_1_wrapper_drc_routed.rpt -pb design_1_wrapper_drc_routed.pb -rpx design_1_wrapper_drc_routed.rpx
[2025-09-15 03:35:51] INFO: [IP_Flow 19-1839] IP Catalog is up to date.
[2025-09-15 03:35:51] INFO: [DRC 23-27] Running DRC with 8 threads
[2025-09-15 03:36:11] INFO: [Vivado_Tcl 2-168] The results of DRC are in file /cluster/home/eirikwit/vortex-gpgpu/chipyard/sims/firesim/sim/generated-src/alveo/FireSim-FireSimV1S1C0L3-BaseF1Config1Mem_F25MHz/u250/vivado_proj/firesim.runs/impl_1/design_1_wrapper_drc_routed.rpt.
[2025-09-15 03:36:11] report_drc completed successfully
[2025-09-15 03:36:11] report_drc: Time (s): cpu = 00:00:45 ; elapsed = 00:00:17 . Memory (MB): peak = 10722.703 ; gain = 0.000 ; free physical = 225651 ; free virtual = 233031
[2025-09-15 03:36:11] INFO: [runtcl-4] Executing : report_methodology -file design_1_wrapper_methodology_drc_routed.rpt -pb design_1_wrapper_methodology_drc_routed.pb -rpx design_1_wrapper_methodology_drc_routed.rpx
[2025-09-15 03:36:11] Command: report_methodology -file design_1_wrapper_methodology_drc_routed.rpt -pb design_1_wrapper_methodology_drc_routed.pb -rpx design_1_wrapper_methodology_drc_routed.rpx
[2025-09-15 03:36:11] INFO: [Timing 38-35] Done setting XDC timing constraints.
[2025-09-15 03:36:31] INFO: [DRC 23-133] Running Methodology with 8 threads
[2025-09-15 03:36:41] INFO: [Vivado_Tcl 2-1520] The results of Report Methodology are in file /cluster/home/eirikwit/vortex-gpgpu/chipyard/sims/firesim/sim/generated-src/alveo/FireSim-FireSimV1S1C0L3-BaseF1Config1Mem_F25MHz/u250/vivado_proj/firesim.runs/impl_1/design_1_wrapper_methodology_drc_routed.rpt.
[2025-09-15 03:36:41] report_methodology completed successfully
[2025-09-15 03:36:41] report_methodology: Time (s): cpu = 00:02:06 ; elapsed = 00:00:33 . Memory (MB): peak = 10722.703 ; gain = 0.000 ; free physical = 225857 ; free virtual = 233238
[2025-09-15 03:36:41] INFO: [runtcl-4] Executing : report_power -file design_1_wrapper_power_routed.rpt -pb design_1_wrapper_power_summary_routed.pb -rpx design_1_wrapper_power_routed.rpx
[2025-09-15 03:36:41] Command: report_power -file design_1_wrapper_power_routed.rpt -pb design_1_wrapper_power_summary_routed.pb -rpx design_1_wrapper_power_routed.rpx
[2025-09-15 03:36:46] INFO: [Timing 38-35] Done setting XDC timing constraints.
[2025-09-15 03:36:56] Running Vector-less Activity Propagation...
[2025-09-15 03:37:16] 
[2025-09-15 03:37:16] Finished Running Vector-less Activity Propagation
[2025-09-15 03:37:27] WARNING: [Power 33-332] Found switching activity that implies high-fanout reset nets being asserted for excessive periods of time which may result in inaccurate power analysis.
[2025-09-15 03:37:27] Resolution: To review and fix problems, please run Power Constraints Advisor in the GUI from Tools > Power Constraints Advisor or run report_power with the -advisory option to generate a text report.
[2025-09-15 03:37:27] 303 Infos, 171 Warnings, 3 Critical Warnings and 0 Errors encountered.
[2025-09-15 03:37:27] report_power completed successfully
[2025-09-15 03:37:27] report_power: Time (s): cpu = 00:02:00 ; elapsed = 00:00:44 . Memory (MB): peak = 10771.852 ; gain = 49.148 ; free physical = 226015 ; free virtual = 233414
[2025-09-15 03:37:27] INFO: [runtcl-4] Executing : report_route_status -file design_1_wrapper_route_status.rpt -pb design_1_wrapper_route_status.pb
[2025-09-15 03:37:27] INFO: [runtcl-4] Executing : report_timing_summary -max_paths 10 -report_unconstrained -file design_1_wrapper_timing_summary_routed.rpt -pb design_1_wrapper_timing_summary_routed.pb -rpx design_1_wrapper_timing_summary_routed.rpx -warn_on_violation 
[2025-09-15 03:37:27] INFO: [Timing 38-91] UpdateTimingParams: Speed grade: -2L, Temperature grade: E, Delay Type: min_max.
[2025-09-15 03:37:27] INFO: [Timing 38-191] Multithreading enabled for timing update using a maximum of 8 CPUs
[2025-09-15 03:37:37] WARNING: [Timing 38-436] There are set_bus_skew constraint(s) in this design. Please run report_bus_skew to ensure that bus skew requirements are met.
[2025-09-15 03:37:37] report_timing_summary: Time (s): cpu = 00:00:27 ; elapsed = 00:00:09 . Memory (MB): peak = 10771.852 ; gain = 0.000 ; free physical = 225716 ; free virtual = 233153
[2025-09-15 03:37:37] INFO: [runtcl-4] Executing : report_incremental_reuse -file design_1_wrapper_incremental_reuse_routed.rpt
[2025-09-15 03:37:37] INFO: [Vivado_Tcl 4-1062] Incremental flow is disabled. No incremental reuse Info to report.
[2025-09-15 03:37:37] INFO: [runtcl-4] Executing : report_clock_utilization -file design_1_wrapper_clock_utilization_routed.rpt
[2025-09-15 03:38:09] report_clock_utilization: Time (s): cpu = 00:00:32 ; elapsed = 00:00:33 . Memory (MB): peak = 10771.852 ; gain = 0.000 ; free physical = 225774 ; free virtual = 233212
[2025-09-15 03:38:09] INFO: [runtcl-4] Executing : report_bus_skew -warn_on_violation -file design_1_wrapper_bus_skew_routed.rpt -pb design_1_wrapper_bus_skew_routed.pb -rpx design_1_wrapper_bus_skew_routed.rpx
[2025-09-15 03:38:09] INFO: [Timing 38-91] UpdateTimingParams: Speed grade: -2L, Temperature grade: E, Delay Type: min_max.
[2025-09-15 03:38:09] INFO: [Timing 38-191] Multithreading enabled for timing update using a maximum of 8 CPUs
[2025-09-15 03:38:09] INFO: [Common 17-206] Exiting Vivado at Mon Sep 15 03:38:08 2025...
[2025-09-15 03:38:24] [Mon Sep 15 03:38:24 2025] impl_1 finished
[2025-09-15 03:38:24] wait_on_runs: Time (s): cpu = 00:00:03 ; elapsed = 01:24:02 . Memory (MB): peak = 3658.703 ; gain = 0.000 ; free physical = 233293 ; free virtual = 240731
[2025-09-15 03:38:24] ## if {[get_property PROGRESS ${impl_run}] != "100%"} {
[2025-09-15 03:38:24] ##     puts "ERROR: first normal implementation failed"
[2025-09-15 03:38:24] ##     exit 1
[2025-09-15 03:38:24] ## }
[2025-09-15 03:38:24] ## set WNS [get_property STATS.WNS ${impl_run}]
[2025-09-15 03:38:24] ## set WHS [get_property STATS.WHS ${impl_run}]
[2025-09-15 03:38:24] ## if {$WNS >= 0 && $WHS >= 0} {
[2025-09-15 03:38:24] ##   launch_runs ${impl_run} -next_step -jobs ${jobs}
[2025-09-15 03:38:24] ##   wait_on_run ${impl_run}
[2025-09-15 03:38:24] ## 
[2025-09-15 03:38:24] ##   if {[get_property PROGRESS ${impl_run}] != "100%"} {
[2025-09-15 03:38:24] ##     puts "ERROR: bitstream generation failed"
[2025-09-15 03:38:24] ##     exit 1
[2025-09-15 03:38:24] ##   }
[2025-09-15 03:38:24] ## } else {
[2025-09-15 03:38:24] ##   # Intelligent Design Runs (IDR) Flow
[2025-09-15 03:38:24] ##   create_run -flow {Vivado IDR Flow 2022} -parent_run synth_1 idr_impl_1
[2025-09-15 03:38:24] ##   set_property REFERENCE_RUN ${impl_run} [get_runs idr_impl_1]
[2025-09-15 03:38:24] ##   set impl_run [get_runs idr_impl_1]
[2025-09-15 03:38:24] ## 
[2025-09-15 03:38:24] ##   launch_runs ${impl_run} -jobs ${jobs}
[2025-09-15 03:38:24] ##   wait_on_run ${impl_run}
[2025-09-15 03:38:24] ## 
[2025-09-15 03:38:24] ##   if {[get_property PROGRESS ${impl_run}] != "100%"} {
[2025-09-15 03:38:24] ##     puts "ERROR: idr implementation failed"
[2025-09-15 03:38:24] ##     exit 1
[2025-09-15 03:38:24] ##   }
[2025-09-15 03:38:24] ## 
[2025-09-15 03:38:24] ##   # We need to figure out which IDR implementation run was successful
[2025-09-15 03:38:24] ##   foreach sub_impl_run [get_runs ${impl_run}*] {
[2025-09-15 03:38:24] ##     if {[get_property PROGRESS ${sub_impl_run}] == "100%"} {
[2025-09-15 03:38:24] ##       set WNS [get_property STATS.WNS ${sub_impl_run}]
[2025-09-15 03:38:24] ##       set WHS [get_property STATS.WHS ${sub_impl_run}]
[2025-09-15 03:38:24] ##       if {$WNS >= 0 && $WHS >= 0} {
[2025-09-15 03:38:24] ##         puts "INFO: timing met in idr run ${sub_impl_run}"
[2025-09-15 03:38:24] ##         break
[2025-09-15 03:38:24] ##       }
[2025-09-15 03:38:24] ##     }
[2025-09-15 03:38:24] ##   }
[2025-09-15 03:38:24] ## 
[2025-09-15 03:38:24] ##   if {$WNS < 0 || $WHS < 0} {
[2025-09-15 03:38:24] ##     puts "ERROR: did not meet timing!"
[2025-09-15 03:38:24] ##     exit 1
[2025-09-15 03:38:24] ##   }
[2025-09-15 03:38:24] ## 
[2025-09-15 03:38:24] ##   puts "INFO: generate bitstream"
[2025-09-15 03:38:24] ##   launch_runs ${impl_run} -to_step write_bitstream -jobs ${jobs}
[2025-09-15 03:38:24] ##   wait_on_run ${impl_run}
[2025-09-15 03:38:24] ##   if {[get_property PROGRESS ${impl_run}] != "100%"} {
[2025-09-15 03:38:24] ##     puts "ERROR: bitstream generation failed"
[2025-09-15 03:38:24] ##     exit 1
[2025-09-15 03:38:24] ##   }
[2025-09-15 03:38:24] ## }
[2025-09-15 03:38:24] [Mon Sep 15 03:38:24 2025] Launched impl_1...
[2025-09-15 03:38:24] Run output will be captured here: /cluster/home/eirikwit/vortex-gpgpu/chipyard/sims/firesim/sim/generated-src/alveo/FireSim-FireSimV1S1C0L3-BaseF1Config1Mem_F25MHz/u250/vivado_proj/firesim.runs/impl_1/runme.log
[2025-09-15 03:38:24] [Mon Sep 15 03:38:24 2025] Waiting for impl_1 to finish...
[2025-09-15 03:38:29] 
[2025-09-15 03:38:29] *** Running vivado
[2025-09-15 03:38:29]     with args -log design_1_wrapper.vdi -applog -m64 -product Vivado -messageDb vivado.pb -mode batch -source design_1_wrapper.tcl -notrace
[2025-09-15 03:38:29] 
[2025-09-15 03:38:29] 
[2025-09-15 03:38:29] ****** Vivado v2022.2 (64-bit)
[2025-09-15 03:38:29]   **** SW Build 3671981 on Fri Oct 14 04:59:54 MDT 2022
[2025-09-15 03:38:29]   **** IP Build 3669848 on Fri Oct 14 08:30:02 MDT 2022
[2025-09-15 03:38:29]     ** Copyright 1986-2022 Xilinx, Inc. All Rights Reserved.
[2025-09-15 03:38:29] 
[2025-09-15 03:38:29] source design_1_wrapper.tcl -notrace
[2025-09-15 03:38:29] INFO: [IP_Flow 19-234] Refreshing IP repositories
[2025-09-15 03:38:29] INFO: [IP_Flow 19-1704] No user IP repositories specified
[2025-09-15 03:38:29] INFO: [IP_Flow 19-2313] Loaded Vivado IP repository '/cluster/projects/itea_lille-ie-idi/opt/Xilinx/Vivado/2022.2/data/ip'.
[2025-09-15 03:38:29] WARNING: [filemgmt 56-443] The ECC Algorithm string is empty. Setting the Memory Map to default ECC value to ECC_NONE.
[2025-09-15 03:38:29] WARNING: [filemgmt 56-443] The ECC Algorithm string is empty. Setting the Memory Map to default ECC value to ECC_NONE.
[2025-09-15 03:38:29] add_files: Time (s): cpu = 00:00:06 ; elapsed = 00:00:05 . Memory (MB): peak = 1808.668 ; gain = 102.414 ; free physical = 231011 ; free virtual = 239238
[2025-09-15 03:38:29] Command: link_design -top design_1_wrapper -part xcu250-figd2104-2L-e
[2025-09-15 03:38:29] Design is defaulting to srcset: sources_1
[2025-09-15 03:38:29] Design is defaulting to constrset: constrs_1
[2025-09-15 03:38:29] INFO: [Device 21-403] Loading part xcu250-figd2104-2L-e
[2025-09-15 03:38:29] INFO: [Project 1-454] Reading design checkpoint '/cluster/home/eirikwit/vortex-gpgpu/chipyard/sims/firesim/sim/generated-src/alveo/FireSim-FireSimV1S1C0L3-BaseF1Config1Mem_F25MHz/u250/vivado_proj/firesim.gen/sources_1/bd/design_1/ip/design_1_axi_clock_converter_0_0/design_1_axi_clock_converter_0_0.dcp' for cell 'design_1_i/axi_clock_converter_0'
[2025-09-15 03:38:29] INFO: [Project 1-454] Reading design checkpoint '/cluster/home/eirikwit/vortex-gpgpu/chipyard/sims/firesim/sim/generated-src/alveo/FireSim-FireSimV1S1C0L3-BaseF1Config1Mem_F25MHz/u250/vivado_proj/firesim.gen/sources_1/bd/design_1/ip/design_1_axi_clock_converter_1_0/design_1_axi_clock_converter_1_0.dcp' for cell 'design_1_i/axi_clock_converter_1'
[2025-09-15 03:38:29] INFO: [Project 1-454] Reading design checkpoint '/cluster/home/eirikwit/vortex-gpgpu/chipyard/sims/firesim/sim/generated-src/alveo/FireSim-FireSimV1S1C0L3-BaseF1Config1Mem_F25MHz/u250/vivado_proj/firesim.gen/sources_1/bd/design_1/ip/design_1_axi_dwidth_converter_0_0/design_1_axi_dwidth_converter_0_0.dcp' for cell 'design_1_i/axi_dwidth_converter_0'
[2025-09-15 03:38:29] INFO: [Project 1-454] Reading design checkpoint '/cluster/home/eirikwit/vortex-gpgpu/chipyard/sims/firesim/sim/generated-src/alveo/FireSim-FireSimV1S1C0L3-BaseF1Config1Mem_F25MHz/u250/vivado_proj/firesim.gen/sources_1/bd/design_1/ip/design_1_axi_tieoff_master_0_0/design_1_axi_tieoff_master_0_0.dcp' for cell 'design_1_i/axi_tieoff_master_0'
[2025-09-15 03:38:29] INFO: [Project 1-454] Reading design checkpoint '/cluster/home/eirikwit/vortex-gpgpu/chipyard/sims/firesim/sim/generated-src/alveo/FireSim-FireSimV1S1C0L3-BaseF1Config1Mem_F25MHz/u250/vivado_proj/firesim.gen/sources_1/bd/design_1/ip/design_1_clk_wiz_0_0/design_1_clk_wiz_0_0.dcp' for cell 'design_1_i/clk_wiz_0'
[2025-09-15 03:38:29] INFO: [Project 1-454] Reading design checkpoint '/cluster/home/eirikwit/vortex-gpgpu/chipyard/sims/firesim/sim/generated-src/alveo/FireSim-FireSimV1S1C0L3-BaseF1Config1Mem_F25MHz/u250/vivado_proj/firesim.gen/sources_1/bd/design_1/ip/design_1_ddr4_0_0/design_1_ddr4_0_0.dcp' for cell 'design_1_i/ddr4_0'
[2025-09-15 03:38:29] INFO: [Project 1-454] Reading design checkpoint '/cluster/home/eirikwit/vortex-gpgpu/chipyard/sims/firesim/sim/generated-src/alveo/FireSim-FireSimV1S1C0L3-BaseF1Config1Mem_F25MHz/u250/vivado_proj/firesim.gen/sources_1/bd/design_1/ip/design_1_firesim_wrapper_0_0/design_1_firesim_wrapper_0_0.dcp' for cell 'design_1_i/firesim_wrapper_0'
[2025-09-15 03:38:29] INFO: [Project 1-454] Reading design checkpoint '/cluster/home/eirikwit/vortex-gpgpu/chipyard/sims/firesim/sim/generated-src/alveo/FireSim-FireSimV1S1C0L3-BaseF1Config1Mem_F25MHz/u250/vivado_proj/firesim.gen/sources_1/bd/design_1/ip/design_1_proc_sys_reset_0_0/design_1_proc_sys_reset_0_0.dcp' for cell 'design_1_i/proc_sys_reset_0'
[2025-09-15 03:38:29] INFO: [Project 1-454] Reading design checkpoint '/cluster/home/eirikwit/vortex-gpgpu/chipyard/sims/firesim/sim/generated-src/alveo/FireSim-FireSimV1S1C0L3-BaseF1Config1Mem_F25MHz/u250/vivado_proj/firesim.gen/sources_1/bd/design_1/ip/design_1_proc_sys_reset_1_0/design_1_proc_sys_reset_1_0.dcp' for cell 'design_1_i/proc_sys_reset_1'
[2025-09-15 03:38:29] INFO: [Project 1-454] Reading design checkpoint '/cluster/home/eirikwit/vortex-gpgpu/chipyard/sims/firesim/sim/generated-src/alveo/FireSim-FireSimV1S1C0L3-BaseF1Config1Mem_F25MHz/u250/vivado_proj/firesim.gen/sources_1/bd/design_1/ip/design_1_resetn_inv_0_0/design_1_resetn_inv_0_0.dcp' for cell 'design_1_i/resetn_inv_0'
[2025-09-15 03:38:29] INFO: [Project 1-454] Reading design checkpoint '/cluster/home/eirikwit/vortex-gpgpu/chipyard/sims/firesim/sim/generated-src/alveo/FireSim-FireSimV1S1C0L3-BaseF1Config1Mem_F25MHz/u250/vivado_proj/firesim.gen/sources_1/bd/design_1/ip/design_1_util_ds_buf_0/design_1_util_ds_buf_0.dcp' for cell 'design_1_i/util_ds_buf'
[2025-09-15 03:38:29] INFO: [Project 1-454] Reading design checkpoint '/cluster/home/eirikwit/vortex-gpgpu/chipyard/sims/firesim/sim/generated-src/alveo/FireSim-FireSimV1S1C0L3-BaseF1Config1Mem_F25MHz/u250/vivado_proj/firesim.gen/sources_1/bd/design_1/ip/design_1_xdma_0_0/design_1_xdma_0_0.dcp' for cell 'design_1_i/xdma_0'
[2025-09-15 03:38:29] Netlist sorting complete. Time (s): cpu = 00:00:03 ; elapsed = 00:00:03 . Memory (MB): peak = 3565.695 ; gain = 2.000 ; free physical = 229250 ; free virtual = 237477
[2025-09-15 03:38:29] INFO: [Netlist 29-17] Analyzing 9321 Unisim elements for replacement
[2025-09-15 03:38:29] INFO: [Netlist 29-28] Unisim Transformation completed in 1 CPU seconds
[2025-09-15 03:38:29] WARNING: [Netlist 29-1115] Found multi-term driver net: design_1_i/util_ds_buf/U0/<const0>.
[2025-09-15 03:38:29] INFO: [Project 1-479] Netlist was created with Vivado 2022.2
[2025-09-15 03:38:29] INFO: [Project 1-570] Preparing netlist for logic optimization
[2025-09-15 03:38:29] WARNING: [Opt 31-32] Removing redundant IBUF since it is not being driven by a top-level port. design_1_i/clk_wiz_0/inst/clkin1_ibuf 
[2025-09-15 03:38:29] Resolution: The tool has removed redundant IBUF. To resolve this warning, check for redundant IBUF in the input design.
[2025-09-15 03:38:29] WARNING: [Constraints 18-550] Could not create 'IBUF_LOW_PWR' constraint because net 'design_1_i/clk_wiz_0/clk_in1' is not directly connected to top level port. Synthesis is ignored for IBUF_LOW_PWR but preserved for implementation.
[2025-09-15 03:38:29] INFO: [Chipscope 16-324] Core: design_1_i/ddr4_0 UUID: 5055ccf3-ab28-5f28-a888-99587c896c7c 
[2025-09-15 03:38:29] Parsing XDC File [/cluster/home/eirikwit/vortex-gpgpu/chipyard/sims/firesim/sim/generated-src/alveo/FireSim-FireSimV1S1C0L3-BaseF1Config1Mem_F25MHz/u250/vivado_proj/firesim.gen/sources_1/bd/design_1/ip/design_1_proc_sys_reset_0_0/design_1_proc_sys_reset_0_0_board.xdc] for cell 'design_1_i/proc_sys_reset_0/U0'
[2025-09-15 03:38:29] Finished Parsing XDC File [/cluster/home/eirikwit/vortex-gpgpu/chipyard/sims/firesim/sim/generated-src/alveo/FireSim-FireSimV1S1C0L3-BaseF1Config1Mem_F25MHz/u250/vivado_proj/firesim.gen/sources_1/bd/design_1/ip/design_1_proc_sys_reset_0_0/design_1_proc_sys_reset_0_0_board.xdc] for cell 'design_1_i/proc_sys_reset_0/U0'
[2025-09-15 03:38:29] Parsing XDC File [/cluster/home/eirikwit/vortex-gpgpu/chipyard/sims/firesim/sim/generated-src/alveo/FireSim-FireSimV1S1C0L3-BaseF1Config1Mem_F25MHz/u250/vivado_proj/firesim.gen/sources_1/bd/design_1/ip/design_1_xdma_0_0/source/design_1_xdma_0_0_pcie4_uscaleplus_ip.xdc] for cell 'design_1_i/xdma_0/inst'
[2025-09-15 03:38:29] Finished Parsing XDC File [/cluster/home/eirikwit/vortex-gpgpu/chipyard/sims/firesim/sim/generated-src/alveo/FireSim-FireSimV1S1C0L3-BaseF1Config1Mem_F25MHz/u250/vivado_proj/firesim.gen/sources_1/bd/design_1/ip/design_1_xdma_0_0/source/design_1_xdma_0_0_pcie4_uscaleplus_ip.xdc] for cell 'design_1_i/xdma_0/inst'
[2025-09-15 03:38:29] Parsing XDC File [/cluster/home/eirikwit/vortex-gpgpu/chipyard/sims/firesim/sim/generated-src/alveo/FireSim-FireSimV1S1C0L3-BaseF1Config1Mem_F25MHz/u250/vivado_proj/firesim.gen/sources_1/bd/design_1/ip/design_1_xdma_0_0/design_1_xdma_0_0_board.xdc] for cell 'design_1_i/xdma_0/inst'
[2025-09-15 03:38:29] Finished Parsing XDC File [/cluster/home/eirikwit/vortex-gpgpu/chipyard/sims/firesim/sim/generated-src/alveo/FireSim-FireSimV1S1C0L3-BaseF1Config1Mem_F25MHz/u250/vivado_proj/firesim.gen/sources_1/bd/design_1/ip/design_1_xdma_0_0/design_1_xdma_0_0_board.xdc] for cell 'design_1_i/xdma_0/inst'
[2025-09-15 03:38:29] Parsing XDC File [/cluster/home/eirikwit/vortex-gpgpu/chipyard/sims/firesim/sim/generated-src/alveo/FireSim-FireSimV1S1C0L3-BaseF1Config1Mem_F25MHz/u250/vivado_proj/firesim.gen/sources_1/bd/design_1/ip/design_1_xdma_0_0/ip_0/source/ip_pcie4_uscale_plus_x0y1.xdc] for cell 'design_1_i/xdma_0/inst/pcie4_ip_i/inst'
[2025-09-15 03:38:29] INFO: [Power 33-23] Power model is not available for xiphy_riu_or [/cluster/home/eirikwit/vortex-gpgpu/chipyard/sims/firesim/sim/generated-src/alveo/FireSim-FireSimV1S1C0L3-BaseF1Config1Mem_F25MHz/u250/vivado_proj/firesim.gen/sources_1/bd/design_1/ip/design_1_xdma_0_0/ip_0/source/ip_pcie4_uscale_plus_x0y1.xdc:240]
[2025-09-15 03:38:29] INFO: [Power 33-23] Power model is not available for genVref.u_hpio_vref [/cluster/home/eirikwit/vortex-gpgpu/chipyard/sims/firesim/sim/generated-src/alveo/FireSim-FireSimV1S1C0L3-BaseF1Config1Mem_F25MHz/u250/vivado_proj/firesim.gen/sources_1/bd/design_1/ip/design_1_xdma_0_0/ip_0/source/ip_pcie4_uscale_plus_x0y1.xdc:240]
[2025-09-15 03:38:29] INFO: [Timing 38-35] Done setting XDC timing constraints. [/cluster/home/eirikwit/vortex-gpgpu/chipyard/sims/firesim/sim/generated-src/alveo/FireSim-FireSimV1S1C0L3-BaseF1Config1Mem_F25MHz/u250/vivado_proj/firesim.gen/sources_1/bd/design_1/ip/design_1_xdma_0_0/ip_0/source/ip_pcie4_uscale_plus_x0y1.xdc:240]
[2025-09-15 03:38:29] set_switching_activity: Time (s): cpu = 00:01:28 ; elapsed = 00:00:47 . Memory (MB): peak = 6313.715 ; gain = 1949.535 ; free physical = 227005 ; free virtual = 235375
[2025-09-15 03:38:29] Finished Parsing XDC File [/cluster/home/eirikwit/vortex-gpgpu/chipyard/sims/firesim/sim/generated-src/alveo/FireSim-FireSimV1S1C0L3-BaseF1Config1Mem_F25MHz/u250/vivado_proj/firesim.gen/sources_1/bd/design_1/ip/design_1_xdma_0_0/ip_0/source/ip_pcie4_uscale_plus_x0y1.xdc] for cell 'design_1_i/xdma_0/inst/pcie4_ip_i/inst'
[2025-09-15 03:38:29] Parsing XDC File [/cluster/home/eirikwit/vortex-gpgpu/chipyard/sims/firesim/sim/generated-src/alveo/FireSim-FireSimV1S1C0L3-BaseF1Config1Mem_F25MHz/u250/vivado_proj/firesim.gen/sources_1/bd/design_1/ip/design_1_xdma_0_0/ip_0/source/ip_pcie4_uscale_plus_impl_x0y1.xdc] for cell 'design_1_i/xdma_0/inst/pcie4_ip_i/inst'
[2025-09-15 03:38:29] Finished Parsing XDC File [/cluster/home/eirikwit/vortex-gpgpu/chipyard/sims/firesim/sim/generated-src/alveo/FireSim-FireSimV1S1C0L3-BaseF1Config1Mem_F25MHz/u250/vivado_proj/firesim.gen/sources_1/bd/design_1/ip/design_1_xdma_0_0/ip_0/source/ip_pcie4_uscale_plus_impl_x0y1.xdc] for cell 'design_1_i/xdma_0/inst/pcie4_ip_i/inst'
[2025-09-15 03:38:29] Parsing XDC File [/cluster/home/eirikwit/vortex-gpgpu/chipyard/sims/firesim/sim/generated-src/alveo/FireSim-FireSimV1S1C0L3-BaseF1Config1Mem_F25MHz/u250/vivado_proj/firesim.gen/sources_1/bd/design_1/ip/design_1_xdma_0_0/ip_0/ip_0/synth/design_1_xdma_0_0_pcie4_ip_gt.xdc] for cell 'design_1_i/xdma_0/inst/pcie4_ip_i/inst/design_1_xdma_0_0_pcie4_ip_gt_top_i/diablo_gt.diablo_gt_phy_wrapper/gt_wizard.gtwizard_top_i/design_1_xdma_0_0_pcie4_ip_gt_i/inst'
[2025-09-15 03:38:29] Finished Parsing XDC File [/cluster/home/eirikwit/vortex-gpgpu/chipyard/sims/firesim/sim/generated-src/alveo/FireSim-FireSimV1S1C0L3-BaseF1Config1Mem_F25MHz/u250/vivado_proj/firesim.gen/sources_1/bd/design_1/ip/design_1_xdma_0_0/ip_0/ip_0/synth/design_1_xdma_0_0_pcie4_ip_gt.xdc] for cell 'design_1_i/xdma_0/inst/pcie4_ip_i/inst/design_1_xdma_0_0_pcie4_ip_gt_top_i/diablo_gt.diablo_gt_phy_wrapper/gt_wizard.gtwizard_top_i/design_1_xdma_0_0_pcie4_ip_gt_i/inst'
[2025-09-15 03:38:29] Parsing XDC File [/cluster/home/eirikwit/vortex-gpgpu/chipyard/sims/firesim/sim/generated-src/alveo/FireSim-FireSimV1S1C0L3-BaseF1Config1Mem_F25MHz/u250/vivado_proj/firesim.gen/sources_1/bd/design_1/ip/design_1_util_ds_buf_0/design_1_util_ds_buf_0.xdc] for cell 'design_1_i/util_ds_buf/U0'
[2025-09-15 03:38:29] Finished Parsing XDC File [/cluster/home/eirikwit/vortex-gpgpu/chipyard/sims/firesim/sim/generated-src/alveo/FireSim-FireSimV1S1C0L3-BaseF1Config1Mem_F25MHz/u250/vivado_proj/firesim.gen/sources_1/bd/design_1/ip/design_1_util_ds_buf_0/design_1_util_ds_buf_0.xdc] for cell 'design_1_i/util_ds_buf/U0'
[2025-09-15 03:38:29] Parsing XDC File [/cluster/home/eirikwit/vortex-gpgpu/chipyard/sims/firesim/sim/generated-src/alveo/FireSim-FireSimV1S1C0L3-BaseF1Config1Mem_F25MHz/u250/vivado_proj/firesim.gen/sources_1/bd/design_1/ip/design_1_util_ds_buf_0/design_1_util_ds_buf_0_board.xdc] for cell 'design_1_i/util_ds_buf/U0'
[2025-09-15 03:38:29] Finished Parsing XDC File [/cluster/home/eirikwit/vortex-gpgpu/chipyard/sims/firesim/sim/generated-src/alveo/FireSim-FireSimV1S1C0L3-BaseF1Config1Mem_F25MHz/u250/vivado_proj/firesim.gen/sources_1/bd/design_1/ip/design_1_util_ds_buf_0/design_1_util_ds_buf_0_board.xdc] for cell 'design_1_i/util_ds_buf/U0'
[2025-09-15 03:38:29] Parsing XDC File [/cluster/home/eirikwit/vortex-gpgpu/chipyard/sims/firesim/sim/generated-src/alveo/FireSim-FireSimV1S1C0L3-BaseF1Config1Mem_F25MHz/u250/vivado_proj/firesim.gen/sources_1/bd/design_1/ip/design_1_proc_sys_reset_1_0/design_1_proc_sys_reset_1_0.xdc] for cell 'design_1_i/proc_sys_reset_1/U0'
[2025-09-15 03:38:29] Finished Parsing XDC File [/cluster/home/eirikwit/vortex-gpgpu/chipyard/sims/firesim/sim/generated-src/alveo/FireSim-FireSimV1S1C0L3-BaseF1Config1Mem_F25MHz/u250/vivado_proj/firesim.gen/sources_1/bd/design_1/ip/design_1_proc_sys_reset_1_0/design_1_proc_sys_reset_1_0.xdc] for cell 'design_1_i/proc_sys_reset_1/U0'
[2025-09-15 03:38:29] Parsing XDC File [/cluster/home/eirikwit/vortex-gpgpu/chipyard/sims/firesim/sim/generated-src/alveo/FireSim-FireSimV1S1C0L3-BaseF1Config1Mem_F25MHz/u250/vivado_proj/firesim.gen/sources_1/bd/design_1/ip/design_1_proc_sys_reset_1_0/design_1_proc_sys_reset_1_0_board.xdc] for cell 'design_1_i/proc_sys_reset_1/U0'
[2025-09-15 03:38:29] Finished Parsing XDC File [/cluster/home/eirikwit/vortex-gpgpu/chipyard/sims/firesim/sim/generated-src/alveo/FireSim-FireSimV1S1C0L3-BaseF1Config1Mem_F25MHz/u250/vivado_proj/firesim.gen/sources_1/bd/design_1/ip/design_1_proc_sys_reset_1_0/design_1_proc_sys_reset_1_0_board.xdc] for cell 'design_1_i/proc_sys_reset_1/U0'
[2025-09-15 03:38:29] Parsing XDC File [/cluster/home/eirikwit/vortex-gpgpu/chipyard/sims/firesim/sim/generated-src/alveo/FireSim-FireSimV1S1C0L3-BaseF1Config1Mem_F25MHz/u250/vivado_proj/firesim.gen/sources_1/bd/design_1/ip/design_1_proc_sys_reset_0_0/design_1_proc_sys_reset_0_0.xdc] for cell 'design_1_i/proc_sys_reset_0/U0'
[2025-09-15 03:38:29] Finished Parsing XDC File [/cluster/home/eirikwit/vortex-gpgpu/chipyard/sims/firesim/sim/generated-src/alveo/FireSim-FireSimV1S1C0L3-BaseF1Config1Mem_F25MHz/u250/vivado_proj/firesim.gen/sources_1/bd/design_1/ip/design_1_proc_sys_reset_0_0/design_1_proc_sys_reset_0_0.xdc] for cell 'design_1_i/proc_sys_reset_0/U0'
[2025-09-15 03:38:29] Parsing XDC File [/cluster/home/eirikwit/vortex-gpgpu/chipyard/sims/firesim/sim/generated-src/alveo/FireSim-FireSimV1S1C0L3-BaseF1Config1Mem_F25MHz/u250/vivado_proj/firesim.gen/sources_1/bd/design_1/ip/design_1_clk_wiz_0_0/design_1_clk_wiz_0_0_board.xdc] for cell 'design_1_i/clk_wiz_0/inst'
[2025-09-15 03:38:29] Finished Parsing XDC File [/cluster/home/eirikwit/vortex-gpgpu/chipyard/sims/firesim/sim/generated-src/alveo/FireSim-FireSimV1S1C0L3-BaseF1Config1Mem_F25MHz/u250/vivado_proj/firesim.gen/sources_1/bd/design_1/ip/design_1_clk_wiz_0_0/design_1_clk_wiz_0_0_board.xdc] for cell 'design_1_i/clk_wiz_0/inst'
[2025-09-15 03:38:29] Parsing XDC File [/cluster/home/eirikwit/vortex-gpgpu/chipyard/sims/firesim/sim/generated-src/alveo/FireSim-FireSimV1S1C0L3-BaseF1Config1Mem_F25MHz/u250/vivado_proj/firesim.gen/sources_1/bd/design_1/ip/design_1_ddr4_0_0/par/design_1_ddr4_0_0.xdc] for cell 'design_1_i/ddr4_0/inst'
[2025-09-15 03:38:29] Finished Parsing XDC File [/cluster/home/eirikwit/vortex-gpgpu/chipyard/sims/firesim/sim/generated-src/alveo/FireSim-FireSimV1S1C0L3-BaseF1Config1Mem_F25MHz/u250/vivado_proj/firesim.gen/sources_1/bd/design_1/ip/design_1_ddr4_0_0/par/design_1_ddr4_0_0.xdc] for cell 'design_1_i/ddr4_0/inst'
[2025-09-15 03:38:29] Parsing XDC File [/cluster/home/eirikwit/vortex-gpgpu/chipyard/sims/firesim/sim/generated-src/alveo/FireSim-FireSimV1S1C0L3-BaseF1Config1Mem_F25MHz/u250/vivado_proj/firesim.gen/sources_1/bd/design_1/ip/design_1_ddr4_0_0/ip_0/design_1_ddr4_0_0_microblaze_mcs_board.xdc] for cell 'design_1_i/ddr4_0/inst/u_ddr4_mem_intfc/u_ddr_cal_riu/mcs0/inst'
[2025-09-15 03:38:29] Finished Parsing XDC File [/cluster/home/eirikwit/vortex-gpgpu/chipyard/sims/firesim/sim/generated-src/alveo/FireSim-FireSimV1S1C0L3-BaseF1Config1Mem_F25MHz/u250/vivado_proj/firesim.gen/sources_1/bd/design_1/ip/design_1_ddr4_0_0/ip_0/design_1_ddr4_0_0_microblaze_mcs_board.xdc] for cell 'design_1_i/ddr4_0/inst/u_ddr4_mem_intfc/u_ddr_cal_riu/mcs0/inst'
[2025-09-15 03:38:29] Parsing XDC File [/cluster/home/eirikwit/vortex-gpgpu/chipyard/sims/firesim/sim/generated-src/alveo/FireSim-FireSimV1S1C0L3-BaseF1Config1Mem_F25MHz/u250/vivado_proj/firesim.gen/sources_1/bd/design_1/ip/design_1_ddr4_0_0/bd_0/ip/ip_10/bd_45eb_iomodule_0_0_board.xdc] for cell 'design_1_i/ddr4_0/inst/u_ddr4_mem_intfc/u_ddr_cal_riu/mcs0/inst/iomodule_0/U0'
[2025-09-15 03:38:29] Finished Parsing XDC File [/cluster/home/eirikwit/vortex-gpgpu/chipyard/sims/firesim/sim/generated-src/alveo/FireSim-FireSimV1S1C0L3-BaseF1Config1Mem_F25MHz/u250/vivado_proj/firesim.gen/sources_1/bd/design_1/ip/design_1_ddr4_0_0/bd_0/ip/ip_10/bd_45eb_iomodule_0_0_board.xdc] for cell 'design_1_i/ddr4_0/inst/u_ddr4_mem_intfc/u_ddr_cal_riu/mcs0/inst/iomodule_0/U0'
[2025-09-15 03:38:29] Parsing XDC File [/cluster/home/eirikwit/vortex-gpgpu/chipyard/sims/firesim/sim/generated-src/alveo/FireSim-FireSimV1S1C0L3-BaseF1Config1Mem_F25MHz/u250/vivado_proj/firesim.gen/sources_1/bd/design_1/ip/design_1_ddr4_0_0/bd_0/ip/ip_3/bd_45eb_dlmb_0.xdc] for cell 'design_1_i/ddr4_0/inst/u_ddr4_mem_intfc/u_ddr_cal_riu/mcs0/inst/dlmb/U0'
[2025-09-15 03:38:29] Finished Parsing XDC File [/cluster/home/eirikwit/vortex-gpgpu/chipyard/sims/firesim/sim/generated-src/alveo/FireSim-FireSimV1S1C0L3-BaseF1Config1Mem_F25MHz/u250/vivado_proj/firesim.gen/sources_1/bd/design_1/ip/design_1_ddr4_0_0/bd_0/ip/ip_3/bd_45eb_dlmb_0.xdc] for cell 'design_1_i/ddr4_0/inst/u_ddr4_mem_intfc/u_ddr_cal_riu/mcs0/inst/dlmb/U0'
[2025-09-15 03:38:29] Parsing XDC File [/cluster/home/eirikwit/vortex-gpgpu/chipyard/sims/firesim/sim/generated-src/alveo/FireSim-FireSimV1S1C0L3-BaseF1Config1Mem_F25MHz/u250/vivado_proj/firesim.gen/sources_1/bd/design_1/ip/design_1_ddr4_0_0/bd_0/ip/ip_2/bd_45eb_ilmb_0.xdc] for cell 'design_1_i/ddr4_0/inst/u_ddr4_mem_intfc/u_ddr_cal_riu/mcs0/inst/ilmb/U0'
[2025-09-15 03:38:29] Finished Parsing XDC File [/cluster/home/eirikwit/vortex-gpgpu/chipyard/sims/firesim/sim/generated-src/alveo/FireSim-FireSimV1S1C0L3-BaseF1Config1Mem_F25MHz/u250/vivado_proj/firesim.gen/sources_1/bd/design_1/ip/design_1_ddr4_0_0/bd_0/ip/ip_2/bd_45eb_ilmb_0.xdc] for cell 'design_1_i/ddr4_0/inst/u_ddr4_mem_intfc/u_ddr_cal_riu/mcs0/inst/ilmb/U0'
[2025-09-15 03:38:29] Parsing XDC File [/cluster/home/eirikwit/vortex-gpgpu/chipyard/sims/firesim/sim/generated-src/alveo/FireSim-FireSimV1S1C0L3-BaseF1Config1Mem_F25MHz/u250/vivado_proj/firesim.gen/sources_1/bd/design_1/ip/design_1_ddr4_0_0/bd_0/ip/ip_1/bd_45eb_rst_0_0.xdc] for cell 'design_1_i/ddr4_0/inst/u_ddr4_mem_intfc/u_ddr_cal_riu/mcs0/inst/rst_0/U0'
[2025-09-15 03:38:29] Finished Parsing XDC File [/cluster/home/eirikwit/vortex-gpgpu/chipyard/sims/firesim/sim/generated-src/alveo/FireSim-FireSimV1S1C0L3-BaseF1Config1Mem_F25MHz/u250/vivado_proj/firesim.gen/sources_1/bd/design_1/ip/design_1_ddr4_0_0/bd_0/ip/ip_1/bd_45eb_rst_0_0.xdc] for cell 'design_1_i/ddr4_0/inst/u_ddr4_mem_intfc/u_ddr_cal_riu/mcs0/inst/rst_0/U0'
[2025-09-15 03:38:29] Parsing XDC File [/cluster/home/eirikwit/vortex-gpgpu/chipyard/sims/firesim/sim/generated-src/alveo/FireSim-FireSimV1S1C0L3-BaseF1Config1Mem_F25MHz/u250/vivado_proj/firesim.gen/sources_1/bd/design_1/ip/design_1_ddr4_0_0/bd_0/ip/ip_1/bd_45eb_rst_0_0_board.xdc] for cell 'design_1_i/ddr4_0/inst/u_ddr4_mem_intfc/u_ddr_cal_riu/mcs0/inst/rst_0/U0'
[2025-09-15 03:38:29] Finished Parsing XDC File [/cluster/home/eirikwit/vortex-gpgpu/chipyard/sims/firesim/sim/generated-src/alveo/FireSim-FireSimV1S1C0L3-BaseF1Config1Mem_F25MHz/u250/vivado_proj/firesim.gen/sources_1/bd/design_1/ip/design_1_ddr4_0_0/bd_0/ip/ip_1/bd_45eb_rst_0_0_board.xdc] for cell 'design_1_i/ddr4_0/inst/u_ddr4_mem_intfc/u_ddr_cal_riu/mcs0/inst/rst_0/U0'
[2025-09-15 03:38:29] Parsing XDC File [/cluster/home/eirikwit/vortex-gpgpu/chipyard/sims/firesim/sim/generated-src/alveo/FireSim-FireSimV1S1C0L3-BaseF1Config1Mem_F25MHz/u250/vivado_proj/firesim.gen/sources_1/bd/design_1/ip/design_1_ddr4_0_0/bd_0/ip/ip_0/bd_45eb_microblaze_I_0.xdc] for cell 'design_1_i/ddr4_0/inst/u_ddr4_mem_intfc/u_ddr_cal_riu/mcs0/inst/microblaze_I/U0'
[2025-09-15 03:38:29] Finished Parsing XDC File [/cluster/home/eirikwit/vortex-gpgpu/chipyard/sims/firesim/sim/generated-src/alveo/FireSim-FireSimV1S1C0L3-BaseF1Config1Mem_F25MHz/u250/vivado_proj/firesim.gen/sources_1/bd/design_1/ip/design_1_ddr4_0_0/bd_0/ip/ip_0/bd_45eb_microblaze_I_0.xdc] for cell 'design_1_i/ddr4_0/inst/u_ddr4_mem_intfc/u_ddr_cal_riu/mcs0/inst/microblaze_I/U0'
[2025-09-15 03:38:29] Parsing XDC File [/cluster/home/eirikwit/vortex-gpgpu/chipyard/sims/firesim/sim/generated-src/alveo/FireSim-FireSimV1S1C0L3-BaseF1Config1Mem_F25MHz/u250/vivado_proj/firesim.gen/sources_1/bd/design_1/ip/design_1_clk_wiz_0_0/design_1_clk_wiz_0_0.xdc] for cell 'design_1_i/clk_wiz_0/inst'
[2025-09-15 03:38:29] INFO: [Timing 38-2] Deriving generated clocks [/cluster/home/eirikwit/vortex-gpgpu/chipyard/sims/firesim/sim/generated-src/alveo/FireSim-FireSimV1S1C0L3-BaseF1Config1Mem_F25MHz/u250/vivado_proj/firesim.gen/sources_1/bd/design_1/ip/design_1_clk_wiz_0_0/design_1_clk_wiz_0_0.xdc:57]
[2025-09-15 03:38:29] Finished Parsing XDC File [/cluster/home/eirikwit/vortex-gpgpu/chipyard/sims/firesim/sim/generated-src/alveo/FireSim-FireSimV1S1C0L3-BaseF1Config1Mem_F25MHz/u250/vivado_proj/firesim.gen/sources_1/bd/design_1/ip/design_1_clk_wiz_0_0/design_1_clk_wiz_0_0.xdc] for cell 'design_1_i/clk_wiz_0/inst'
[2025-09-15 03:38:29] Parsing XDC File [/cluster/home/eirikwit/vortex-gpgpu/chipyard/sims/firesim/sim/generated-src/alveo/FireSim-FireSimV1S1C0L3-BaseF1Config1Mem_F25MHz/u250/design/firesim_impl.xdc]
[2025-09-15 03:38:29] WARNING: [Vivado 12-627] No clocks matched 'host_clock'. [/cluster/home/eirikwit/vortex-gpgpu/chipyard/sims/firesim/sim/generated-src/alveo/FireSim-FireSimV1S1C0L3-BaseF1Config1Mem_F25MHz/u250/design/firesim_impl.xdc:3]
[2025-09-15 03:38:29] INFO: [Vivado 12-626] No clocks found. Please use 'create_clock' or 'create_generated_clock' command to create clocks. [/cluster/home/eirikwit/vortex-gpgpu/chipyard/sims/firesim/sim/generated-src/alveo/FireSim-FireSimV1S1C0L3-BaseF1Config1Mem_F25MHz/u250/design/firesim_impl.xdc:3]
[2025-09-15 03:38:29] WARNING: [Vivado 12-508] No pins matched 'get_pins -of [get_clocks host_clock]'. [/cluster/home/eirikwit/vortex-gpgpu/chipyard/sims/firesim/sim/generated-src/alveo/FireSim-FireSimV1S1C0L3-BaseF1Config1Mem_F25MHz/u250/design/firesim_impl.xdc:3]
[2025-09-15 03:38:29] CRITICAL WARNING: [Vivado 12-4739] create_generated_clock:No valid object(s) found for '-source [get_pins -of [get_clocks host_clock]]'. [/cluster/home/eirikwit/vortex-gpgpu/chipyard/sims/firesim/sim/generated-src/alveo/FireSim-FireSimV1S1C0L3-BaseF1Config1Mem_F25MHz/u250/design/firesim_impl.xdc:3]
[2025-09-15 03:38:29] Resolution: Check if the specified object(s) exists in the current design. If it does, ensure that the correct design hierarchy was specified for the object. If you are working with clocks, make sure create_clock was used to create the clock object before it is referenced.
[2025-09-15 03:38:29] WARNING: [Vivado 12-627] No clocks matched 'buildtop_reference_clock'. [/cluster/home/eirikwit/vortex-gpgpu/chipyard/sims/firesim/sim/generated-src/alveo/FireSim-FireSimV1S1C0L3-BaseF1Config1Mem_F25MHz/u250/design/firesim_impl.xdc:4]
[2025-09-15 03:38:29] INFO: [Vivado 12-626] No clocks found. Please use 'create_clock' or 'create_generated_clock' command to create clocks. [/cluster/home/eirikwit/vortex-gpgpu/chipyard/sims/firesim/sim/generated-src/alveo/FireSim-FireSimV1S1C0L3-BaseF1Config1Mem_F25MHz/u250/design/firesim_impl.xdc:4]
[2025-09-15 03:38:29] WARNING: [Vivado 12-627] No clocks matched 'buildtop_reference_clock'. [/cluster/home/eirikwit/vortex-gpgpu/chipyard/sims/firesim/sim/generated-src/alveo/FireSim-FireSimV1S1C0L3-BaseF1Config1Mem_F25MHz/u250/design/firesim_impl.xdc:4]
[2025-09-15 03:38:29] INFO: [Vivado 12-626] No clocks found. Please use 'create_clock' or 'create_generated_clock' command to create clocks. [/cluster/home/eirikwit/vortex-gpgpu/chipyard/sims/firesim/sim/generated-src/alveo/FireSim-FireSimV1S1C0L3-BaseF1Config1Mem_F25MHz/u250/design/firesim_impl.xdc:4]
[2025-09-15 03:38:29] CRITICAL WARNING: [Vivado 12-4739] set_multicycle_path:No valid object(s) found for '-from [get_clocks buildtop_reference_clock]'. [/cluster/home/eirikwit/vortex-gpgpu/chipyard/sims/firesim/sim/generated-src/alveo/FireSim-FireSimV1S1C0L3-BaseF1Config1Mem_F25MHz/u250/design/firesim_impl.xdc:4]
[2025-09-15 03:38:29] Resolution: Check if the specified object(s) exists in the current design. If it does, ensure that the correct design hierarchy was specified for the object. If you are working with clocks, make sure create_clock was used to create the clock object before it is referenced.
[2025-09-15 03:38:29] WARNING: [Vivado 12-627] No clocks matched 'buildtop_reference_clock'. [/cluster/home/eirikwit/vortex-gpgpu/chipyard/sims/firesim/sim/generated-src/alveo/FireSim-FireSimV1S1C0L3-BaseF1Config1Mem_F25MHz/u250/design/firesim_impl.xdc:5]
[2025-09-15 03:38:29] INFO: [Vivado 12-626] No clocks found. Please use 'create_clock' or 'create_generated_clock' command to create clocks. [/cluster/home/eirikwit/vortex-gpgpu/chipyard/sims/firesim/sim/generated-src/alveo/FireSim-FireSimV1S1C0L3-BaseF1Config1Mem_F25MHz/u250/design/firesim_impl.xdc:5]
[2025-09-15 03:38:29] WARNING: [Vivado 12-627] No clocks matched 'buildtop_reference_clock'. [/cluster/home/eirikwit/vortex-gpgpu/chipyard/sims/firesim/sim/generated-src/alveo/FireSim-FireSimV1S1C0L3-BaseF1Config1Mem_F25MHz/u250/design/firesim_impl.xdc:5]
[2025-09-15 03:38:29] INFO: [Vivado 12-626] No clocks found. Please use 'create_clock' or 'create_generated_clock' command to create clocks. [/cluster/home/eirikwit/vortex-gpgpu/chipyard/sims/firesim/sim/generated-src/alveo/FireSim-FireSimV1S1C0L3-BaseF1Config1Mem_F25MHz/u250/design/firesim_impl.xdc:5]
[2025-09-15 03:38:29] CRITICAL WARNING: [Vivado 12-4739] set_multicycle_path:No valid object(s) found for '-from [get_clocks buildtop_reference_clock]'. [/cluster/home/eirikwit/vortex-gpgpu/chipyard/sims/firesim/sim/generated-src/alveo/FireSim-FireSimV1S1C0L3-BaseF1Config1Mem_F25MHz/u250/design/firesim_impl.xdc:5]
[2025-09-15 03:38:29] Resolution: Check if the specified object(s) exists in the current design. If it does, ensure that the correct design hierarchy was specified for the object. If you are working with clocks, make sure create_clock was used to create the clock object before it is referenced.
[2025-09-15 03:38:29] Finished Parsing XDC File [/cluster/home/eirikwit/vortex-gpgpu/chipyard/sims/firesim/sim/generated-src/alveo/FireSim-FireSimV1S1C0L3-BaseF1Config1Mem_F25MHz/u250/design/firesim_impl.xdc]
[2025-09-15 03:38:29] Parsing XDC File [/cluster/home/eirikwit/vortex-gpgpu/chipyard/sims/firesim/sim/generated-src/alveo/FireSim-FireSimV1S1C0L3-BaseF1Config1Mem_F25MHz/u250/vivado_proj/firesim.gen/sources_1/bd/design_1/ip/design_1_axi_clock_converter_0_0/design_1_axi_clock_converter_0_0_clocks.xdc] for cell 'design_1_i/axi_clock_converter_0/inst'
[2025-09-15 03:38:29] Finished Parsing XDC File [/cluster/home/eirikwit/vortex-gpgpu/chipyard/sims/firesim/sim/generated-src/alveo/FireSim-FireSimV1S1C0L3-BaseF1Config1Mem_F25MHz/u250/vivado_proj/firesim.gen/sources_1/bd/design_1/ip/design_1_axi_clock_converter_0_0/design_1_axi_clock_converter_0_0_clocks.xdc] for cell 'design_1_i/axi_clock_converter_0/inst'
[2025-09-15 03:38:29] Parsing XDC File [/cluster/home/eirikwit/vortex-gpgpu/chipyard/sims/firesim/sim/generated-src/alveo/FireSim-FireSimV1S1C0L3-BaseF1Config1Mem_F25MHz/u250/vivado_proj/firesim.gen/sources_1/bd/design_1/ip/design_1_axi_clock_converter_1_0/design_1_axi_clock_converter_1_0_clocks.xdc] for cell 'design_1_i/axi_clock_converter_1/inst'
[2025-09-15 03:38:29] WARNING: [Vivado_Tcl 4-921] Waiver ID 'CDC-10' -to list should not be empty. [/cluster/home/eirikwit/vortex-gpgpu/chipyard/sims/firesim/sim/generated-src/alveo/FireSim-FireSimV1S1C0L3-BaseF1Config1Mem_F25MHz/u250/vivado_proj/firesim.gen/sources_1/bd/design_1/ip/design_1_axi_clock_converter_1_0/design_1_axi_clock_converter_1_0_clocks.xdc:7]
[2025-09-15 03:38:29] WARNING: [Vivado_Tcl 4-921] Waiver ID 'CDC-11' -to list should not be empty. [/cluster/home/eirikwit/vortex-gpgpu/chipyard/sims/firesim/sim/generated-src/alveo/FireSim-FireSimV1S1C0L3-BaseF1Config1Mem_F25MHz/u250/vivado_proj/firesim.gen/sources_1/bd/design_1/ip/design_1_axi_clock_converter_1_0/design_1_axi_clock_converter_1_0_clocks.xdc:10]
[2025-09-15 03:38:29] WARNING: [Vivado_Tcl 4-921] Waiver ID 'CDC-15' -to list should not be empty. [/cluster/home/eirikwit/vortex-gpgpu/chipyard/sims/firesim/sim/generated-src/alveo/FireSim-FireSimV1S1C0L3-BaseF1Config1Mem_F25MHz/u250/vivado_proj/firesim.gen/sources_1/bd/design_1/ip/design_1_axi_clock_converter_1_0/design_1_axi_clock_converter_1_0_clocks.xdc:13]
[2025-09-15 03:38:29] WARNING: [Vivado_Tcl 4-939] Waiver ID 'LUTAR-1' object list should not be empty (perhaps an invalid wildcard was used or only unsupported objects). [/cluster/home/eirikwit/vortex-gpgpu/chipyard/sims/firesim/sim/generated-src/alveo/FireSim-FireSimV1S1C0L3-BaseF1Config1Mem_F25MHz/u250/vivado_proj/firesim.gen/sources_1/bd/design_1/ip/design_1_axi_clock_converter_1_0/design_1_axi_clock_converter_1_0_clocks.xdc:17]
[2025-09-15 03:38:29] Finished Parsing XDC File [/cluster/home/eirikwit/vortex-gpgpu/chipyard/sims/firesim/sim/generated-src/alveo/FireSim-FireSimV1S1C0L3-BaseF1Config1Mem_F25MHz/u250/vivado_proj/firesim.gen/sources_1/bd/design_1/ip/design_1_axi_clock_converter_1_0/design_1_axi_clock_converter_1_0_clocks.xdc] for cell 'design_1_i/axi_clock_converter_1/inst'
[2025-09-15 03:38:29] Parsing XDC File [/cluster/home/eirikwit/vortex-gpgpu/chipyard/sims/firesim/sim/generated-src/alveo/FireSim-FireSimV1S1C0L3-BaseF1Config1Mem_F25MHz/u250/vivado_proj/firesim.gen/sources_1/bd/design_1/ip/design_1_axi_dwidth_converter_0_0/design_1_axi_dwidth_converter_0_0_clocks.xdc] for cell 'design_1_i/axi_dwidth_converter_0/inst'
[2025-09-15 03:38:29] Finished Parsing XDC File [/cluster/home/eirikwit/vortex-gpgpu/chipyard/sims/firesim/sim/generated-src/alveo/FireSim-FireSimV1S1C0L3-BaseF1Config1Mem_F25MHz/u250/vivado_proj/firesim.gen/sources_1/bd/design_1/ip/design_1_axi_dwidth_converter_0_0/design_1_axi_dwidth_converter_0_0_clocks.xdc] for cell 'design_1_i/axi_dwidth_converter_0/inst'
[2025-09-15 03:38:29] Parsing XDC File [/cluster/home/eirikwit/vortex-gpgpu/chipyard/sims/firesim/sim/generated-src/alveo/FireSim-FireSimV1S1C0L3-BaseF1Config1Mem_F25MHz/u250/vivado_proj/firesim.gen/sources_1/bd/design_1/ip/design_1_ddr4_0_0/design_1_ddr4_0_0_board.xdc] for cell 'design_1_i/ddr4_0/inst'
[2025-09-15 03:38:29] Finished Parsing XDC File [/cluster/home/eirikwit/vortex-gpgpu/chipyard/sims/firesim/sim/generated-src/alveo/FireSim-FireSimV1S1C0L3-BaseF1Config1Mem_F25MHz/u250/vivado_proj/firesim.gen/sources_1/bd/design_1/ip/design_1_ddr4_0_0/design_1_ddr4_0_0_board.xdc] for cell 'design_1_i/ddr4_0/inst'
[2025-09-15 03:38:29] Parsing XDC File [/cluster/home/eirikwit/vortex-gpgpu/chipyard/sims/firesim/sim/generated-src/alveo/FireSim-FireSimV1S1C0L3-BaseF1Config1Mem_F25MHz/u250/vivado_proj/firesim.gen/sources_1/bd/design_1/ip/design_1_xdma_0_0/ip_0/design_1_xdma_0_0_pcie4_ip_board.xdc] for cell 'design_1_i/xdma_0/inst/pcie4_ip_i/inst'
[2025-09-15 03:38:29] Finished Parsing XDC File [/cluster/home/eirikwit/vortex-gpgpu/chipyard/sims/firesim/sim/generated-src/alveo/FireSim-FireSimV1S1C0L3-BaseF1Config1Mem_F25MHz/u250/vivado_proj/firesim.gen/sources_1/bd/design_1/ip/design_1_xdma_0_0/ip_0/design_1_xdma_0_0_pcie4_ip_board.xdc] for cell 'design_1_i/xdma_0/inst/pcie4_ip_i/inst'
[2025-09-15 03:38:29] Parsing XDC File [/cluster/home/eirikwit/vortex-gpgpu/chipyard/sims/firesim/sim/generated-src/alveo/FireSim-FireSimV1S1C0L3-BaseF1Config1Mem_F25MHz/u250/vivado_proj/firesim.gen/sources_1/bd/design_1/ip/design_1_xdma_0_0/ip_0/synth/design_1_xdma_0_0_pcie4_ip_late.xdc] for cell 'design_1_i/xdma_0/inst/pcie4_ip_i/inst'
[2025-09-15 03:38:29] Finished Parsing XDC File [/cluster/home/eirikwit/vortex-gpgpu/chipyard/sims/firesim/sim/generated-src/alveo/FireSim-FireSimV1S1C0L3-BaseF1Config1Mem_F25MHz/u250/vivado_proj/firesim.gen/sources_1/bd/design_1/ip/design_1_xdma_0_0/ip_0/synth/design_1_xdma_0_0_pcie4_ip_late.xdc] for cell 'design_1_i/xdma_0/inst/pcie4_ip_i/inst'
[2025-09-15 03:38:29] INFO: [Project 1-1714] 104 XPM XDC files have been applied to the design.
[2025-09-15 03:38:29] INFO: [Opt 31-138] Pushed 0 inverter(s) to 0 load pin(s).
[2025-09-15 03:38:29] Generating merged BMM file for the design top 'design_1_wrapper'...
[2025-09-15 03:38:29] INFO: [Memdata 28-144] Successfully populated the BRAM INIT strings from the following elf files: /cluster/home/eirikwit/vortex-gpgpu/chipyard/sims/firesim/sim/generated-src/alveo/FireSim-FireSimV1S1C0L3-BaseF1Config1Mem_F25MHz/u250/vivado_proj/firesim.gen/sources_1/bd/design_1/ip/design_1_ddr4_0_0/sw/calibration_0/Debug/calibration_ddr.elf 
[2025-09-15 03:38:29] INFO: [Project 1-1687] 12 scoped IP constraints or related sub-commands were skipped due to synthesis logic optimizations usually triggered by constant connectivity or unconnected output pins. To review the skipped constraints and messages, run the command 'set_param netlist.IPMsgFiltering false' before opening the design.
[2025-09-15 03:38:29] Netlist sorting complete. Time (s): cpu = 00:00:00.04 ; elapsed = 00:00:00.04 . Memory (MB): peak = 6344.023 ; gain = 0.000 ; free physical = 226795 ; free virtual = 235165
[2025-09-15 03:38:29] INFO: [Project 1-111] Unisim Transformation Summary:
[2025-09-15 03:38:29]   A total of 1958 instances were transformed.
[2025-09-15 03:38:29]   DSP48E1 => DSP48E2 (DSP_ALU, DSP_A_B_DATA, DSP_C_DATA, DSP_MULTIPLIER, DSP_M_DATA, DSP_OUTPUT, DSP_PREADD, DSP_PREADD_DATA): 3 instances
[2025-09-15 03:38:29]   DSP48E2 => DSP48E2 (DSP_ALU, DSP_A_B_DATA, DSP_C_DATA, DSP_MULTIPLIER, DSP_M_DATA, DSP_OUTPUT, DSP_PREADD, DSP_PREADD_DATA): 24 instances
[2025-09-15 03:38:29]   IBUF => IBUF (IBUFCTRL, INBUF): 2 instances
[2025-09-15 03:38:29]   IBUFDS => IBUFDS (DIFFINBUF, IBUFCTRL): 1 instance 
[2025-09-15 03:38:29]   IOBUFDS => IOBUFDS (DIFFINBUF, IBUFCTRL, INV, OBUFT(x2)): 18 instances
[2025-09-15 03:38:29]   IOBUFE3 => IOBUFE3 (IBUFCTRL, INBUF, OBUFT_DCIEN): 72 instances
[2025-09-15 03:38:29]   LUT6_2 => LUT6_2 (LUT5, LUT6): 31 instances
[2025-09-15 03:38:29]   OBUFDS => OBUFDS_DUAL_BUF (INV, OBUF(x2)): 1 instance 
[2025-09-15 03:38:29]   RAM16X1D => RAM32X1D (RAMD32(x2)): 154 instances
[2025-09-15 03:38:29]   RAM16X1S => RAM32X1S (RAMS32): 45 instances
[2025-09-15 03:38:29]   RAM256X1D => RAM256X1D (MUXF7(x4), MUXF8(x2), RAMD64E(x8)): 1 instance 
[2025-09-15 03:38:29]   RAM256X1S => RAM256X1S (MUXF7(x2), MUXF8, RAMS64E(x4)): 9 instances
[2025-09-15 03:38:29]   RAM32M => RAM32M (RAMD32(x6), RAMS32(x2)): 342 instances
[2025-09-15 03:38:29]   RAM32M16 => RAM32M16 (RAMD32(x14), RAMS32(x2)): 1127 instances
[2025-09-15 03:38:29]   RAM32X1D => RAM32X1D (RAMD32(x2)): 65 instances
[2025-09-15 03:38:29]   RAM64M => RAM64M (RAMD64E(x4)): 9 instances
[2025-09-15 03:38:29]   RAM64M8 => RAM64M8 (RAMD64E(x8)): 42 instances
[2025-09-15 03:38:29]   RAM64X1D => RAM64X1D (RAMD64E(x2)): 12 instances
[2025-09-15 03:38:29] 
[2025-09-15 03:38:29] 35 Infos, 15 Warnings, 3 Critical Warnings and 0 Errors encountered.
[2025-09-15 03:38:29] link_design completed successfully
[2025-09-15 03:38:29] link_design: Time (s): cpu = 00:03:33 ; elapsed = 00:02:36 . Memory (MB): peak = 6344.023 ; gain = 4535.355 ; free physical = 226795 ; free virtual = 235166
[2025-09-15 03:38:29] source /cluster/home/eirikwit/vortex-gpgpu/vortex-ntnu/hw/syn/xilinx/firesim/pre_opt_async_bram_patch.tcl
[2025-09-15 03:38:29] INFO: Resolving asynchronous BRAM patch: 'design_1_i/firesim_wrapper_0/inst/firesim_top/top/sim/target/FireSim_/lazyModule/system/tile_prci_domain/tile_reset_domain_vortexgpgpu_tile/core/vortex_axi/vortex/g_clusters[0].cluster/g_sockets[0].socket/dcache/g_cache_wrap[0].cache_wrap/g_cache.cache/g_banks[0].bank/cache_mshr/mshr_store/g_async.g_bram.async_ram_patch'.
[2025-09-15 03:38:29] get_nets: Time (s): cpu = 00:00:08 ; elapsed = 00:00:08 . Memory (MB): peak = 6344.023 ; gain = 0.000 ; free physical = 226815 ; free virtual = 235186
[2025-09-15 03:38:29] get_nets: Time (s): cpu = 00:00:08 ; elapsed = 00:00:08 . Memory (MB): peak = 6344.023 ; gain = 0.000 ; free physical = 226837 ; free virtual = 235207
[2025-09-15 03:38:29] get_nets: Time (s): cpu = 00:00:08 ; elapsed = 00:00:08 . Memory (MB): peak = 6344.023 ; gain = 0.000 ; free physical = 226855 ; free virtual = 235226
[2025-09-15 03:38:29] get_nets: Time (s): cpu = 00:00:09 ; elapsed = 00:00:09 . Memory (MB): peak = 6344.023 ; gain = 0.000 ; free physical = 226875 ; free virtual = 235245
[2025-09-15 03:38:29] get_nets: Time (s): cpu = 00:00:09 ; elapsed = 00:00:09 . Memory (MB): peak = 6344.023 ; gain = 0.000 ; free physical = 226894 ; free virtual = 235264
[2025-09-15 03:38:29] get_nets: Time (s): cpu = 00:00:08 ; elapsed = 00:00:08 . Memory (MB): peak = 6344.023 ; gain = 0.000 ; free physical = 226914 ; free virtual = 235284
[2025-09-15 03:38:29] get_nets: Time (s): cpu = 00:00:08 ; elapsed = 00:00:09 . Memory (MB): peak = 6344.023 ; gain = 0.000 ; free physical = 226931 ; free virtual = 235301
[2025-09-15 03:38:29] get_nets: Time (s): cpu = 00:00:08 ; elapsed = 00:00:08 . Memory (MB): peak = 6344.023 ; gain = 0.000 ; free physical = 226947 ; free virtual = 235317
[2025-09-15 03:38:29] INFO: Resolving asynchronous BRAM patch: 'design_1_i/firesim_wrapper_0/inst/firesim_top/top/sim/target/FireSim_/lazyModule/system/tile_prci_domain/tile_reset_domain_vortexgpgpu_tile/core/vortex_axi/vortex/g_clusters[0].cluster/g_sockets[0].socket/dcache/g_cache_wrap[0].cache_wrap/g_cache.cache/g_banks[0].bank/cache_repl/g_enable.g_fifo.fifo_store/g_async.g_bram.async_ram_patch'.
[2025-09-15 03:38:29] get_nets: Time (s): cpu = 00:00:08 ; elapsed = 00:00:08 . Memory (MB): peak = 6344.023 ; gain = 0.000 ; free physical = 226749 ; free virtual = 235119
[2025-09-15 03:38:29] get_nets: Time (s): cpu = 00:00:08 ; elapsed = 00:00:09 . Memory (MB): peak = 6344.023 ; gain = 0.000 ; free physical = 226772 ; free virtual = 235142
[2025-09-15 03:38:29] get_nets: Time (s): cpu = 00:00:08 ; elapsed = 00:00:08 . Memory (MB): peak = 6344.023 ; gain = 0.000 ; free physical = 226790 ; free virtual = 235160
[2025-09-15 03:38:29] get_nets: Time (s): cpu = 00:00:09 ; elapsed = 00:00:09 . Memory (MB): peak = 6344.023 ; gain = 0.000 ; free physical = 226791 ; free virtual = 235161
[2025-09-15 03:38:29] get_nets: Time (s): cpu = 00:00:09 ; elapsed = 00:00:09 . Memory (MB): peak = 6344.023 ; gain = 0.000 ; free physical = 226792 ; free virtual = 235162
[2025-09-15 03:38:29] get_nets: Time (s): cpu = 00:00:09 ; elapsed = 00:00:09 . Memory (MB): peak = 6344.023 ; gain = 0.000 ; free physical = 226794 ; free virtual = 235164
[2025-09-15 03:38:30] get_nets: Time (s): cpu = 00:00:09 ; elapsed = 00:00:09 . Memory (MB): peak = 6344.023 ; gain = 0.000 ; free physical = 226795 ; free virtual = 235165
[2025-09-15 03:38:30] get_nets: Time (s): cpu = 00:00:09 ; elapsed = 00:00:09 . Memory (MB): peak = 6344.023 ; gain = 0.000 ; free physical = 226795 ; free virtual = 235165
[2025-09-15 03:38:30] get_nets: Time (s): cpu = 00:00:09 ; elapsed = 00:00:09 . Memory (MB): peak = 6344.023 ; gain = 0.000 ; free physical = 226797 ; free virtual = 235167
[2025-09-15 03:38:30] get_nets: Time (s): cpu = 00:00:08 ; elapsed = 00:00:08 . Memory (MB): peak = 6344.023 ; gain = 0.000 ; free physical = 226799 ; free virtual = 235169
[2025-09-15 03:38:30] INFO: Resolving asynchronous BRAM patch: 'design_1_i/firesim_wrapper_0/inst/firesim_top/top/sim/target/FireSim_/lazyModule/system/tile_prci_domain/tile_reset_domain_vortexgpgpu_tile/core/vortex_axi/vortex/g_clusters[0].cluster/g_sockets[0].socket/dcache/g_cache_wrap[0].cache_wrap/g_cache.cache/g_banks[0].bank/cache_tags/g_tag_store[0].tag_store/g_async.g_bram.async_ram_patch'.
[2025-09-15 03:38:30] get_nets: Time (s): cpu = 00:00:08 ; elapsed = 00:00:08 . Memory (MB): peak = 6344.023 ; gain = 0.000 ; free physical = 226800 ; free virtual = 235170
[2025-09-15 03:38:30] get_nets: Time (s): cpu = 00:00:08 ; elapsed = 00:00:08 . Memory (MB): peak = 6344.023 ; gain = 0.000 ; free physical = 226803 ; free virtual = 235173
[2025-09-15 03:38:30] get_nets: Time (s): cpu = 00:00:08 ; elapsed = 00:00:08 . Memory (MB): peak = 6344.023 ; gain = 0.000 ; free physical = 226805 ; free virtual = 235175
[2025-09-15 03:38:30] get_nets: Time (s): cpu = 00:00:08 ; elapsed = 00:00:09 . Memory (MB): peak = 6344.023 ; gain = 0.000 ; free physical = 226808 ; free virtual = 235178
[2025-09-15 03:38:30] get_nets: Time (s): cpu = 00:00:09 ; elapsed = 00:00:09 . Memory (MB): peak = 6344.023 ; gain = 0.000 ; free physical = 226811 ; free virtual = 235181
[2025-09-15 03:38:30] get_nets: Time (s): cpu = 00:00:08 ; elapsed = 00:00:09 . Memory (MB): peak = 6344.023 ; gain = 0.000 ; free physical = 226813 ; free virtual = 235183
[2025-09-15 03:38:30] get_nets: Time (s): cpu = 00:00:09 ; elapsed = 00:00:09 . Memory (MB): peak = 6344.023 ; gain = 0.000 ; free physical = 226814 ; free virtual = 235185
[2025-09-15 03:38:30] get_nets: Time (s): cpu = 00:00:08 ; elapsed = 00:00:09 . Memory (MB): peak = 6344.023 ; gain = 0.000 ; free physical = 226816 ; free virtual = 235186
[2025-09-15 03:38:30] get_nets: Time (s): cpu = 00:00:08 ; elapsed = 00:00:09 . Memory (MB): peak = 6344.023 ; gain = 0.000 ; free physical = 226819 ; free virtual = 235189
[2025-09-15 03:38:30] get_nets: Time (s): cpu = 00:00:08 ; elapsed = 00:00:08 . Memory (MB): peak = 6344.023 ; gain = 0.000 ; free physical = 226820 ; free virtual = 235190
[2025-09-15 03:38:30] INFO: Resolving asynchronous BRAM patch: 'design_1_i/firesim_wrapper_0/inst/firesim_top/top/sim/target/FireSim_/lazyModule/system/tile_prci_domain/tile_reset_domain_vortexgpgpu_tile/core/vortex_axi/vortex/g_clusters[0].cluster/g_sockets[0].socket/dcache/g_cache_wrap[0].cache_wrap/g_cache.cache/g_banks[0].bank/cache_tags/g_tag_store[1].tag_store/g_async.g_bram.async_ram_patch'.
[2025-09-15 03:38:30] get_nets: Time (s): cpu = 00:00:08 ; elapsed = 00:00:08 . Memory (MB): peak = 6344.023 ; gain = 0.000 ; free physical = 226822 ; free virtual = 235192
[2025-09-15 03:38:30] get_nets: Time (s): cpu = 00:00:08 ; elapsed = 00:00:09 . Memory (MB): peak = 6344.023 ; gain = 0.000 ; free physical = 226829 ; free virtual = 235199
[2025-09-15 03:38:30] get_nets: Time (s): cpu = 00:00:08 ; elapsed = 00:00:08 . Memory (MB): peak = 6344.023 ; gain = 0.000 ; free physical = 226831 ; free virtual = 235201
[2025-09-15 03:38:30] get_nets: Time (s): cpu = 00:00:09 ; elapsed = 00:00:09 . Memory (MB): peak = 6344.023 ; gain = 0.000 ; free physical = 226832 ; free virtual = 235202
[2025-09-15 03:38:30] get_nets: Time (s): cpu = 00:00:08 ; elapsed = 00:00:09 . Memory (MB): peak = 6344.023 ; gain = 0.000 ; free physical = 226834 ; free virtual = 235204
[2025-09-15 03:38:30] get_nets: Time (s): cpu = 00:00:08 ; elapsed = 00:00:09 . Memory (MB): peak = 6344.023 ; gain = 0.000 ; free physical = 226835 ; free virtual = 235205
[2025-09-15 03:38:30] get_nets: Time (s): cpu = 00:00:09 ; elapsed = 00:00:09 . Memory (MB): peak = 6344.023 ; gain = 0.000 ; free physical = 226836 ; free virtual = 235206
[2025-09-15 03:38:30] get_nets: Time (s): cpu = 00:00:09 ; elapsed = 00:00:09 . Memory (MB): peak = 6344.023 ; gain = 0.000 ; free physical = 226837 ; free virtual = 235207
[2025-09-15 03:38:30] get_nets: Time (s): cpu = 00:00:08 ; elapsed = 00:00:09 . Memory (MB): peak = 6344.023 ; gain = 0.000 ; free physical = 226841 ; free virtual = 235211
[2025-09-15 03:38:30] get_nets: Time (s): cpu = 00:00:08 ; elapsed = 00:00:08 . Memory (MB): peak = 6344.023 ; gain = 0.000 ; free physical = 226844 ; free virtual = 235214
[2025-09-15 03:38:30] INFO: Resolving asynchronous BRAM patch: 'design_1_i/firesim_wrapper_0/inst/firesim_top/top/sim/target/FireSim_/lazyModule/system/tile_prci_domain/tile_reset_domain_vortexgpgpu_tile/core/vortex_axi/vortex/g_clusters[0].cluster/g_sockets[0].socket/dcache/g_cache_wrap[0].cache_wrap/g_cache.cache/g_banks[0].bank/cache_tags/g_tag_store[2].tag_store/g_async.g_bram.async_ram_patch'.
[2025-09-15 03:38:30] get_nets: Time (s): cpu = 00:00:08 ; elapsed = 00:00:09 . Memory (MB): peak = 6344.023 ; gain = 0.000 ; free physical = 226845 ; free virtual = 235216
[2025-09-15 03:38:30] get_nets: Time (s): cpu = 00:00:08 ; elapsed = 00:00:08 . Memory (MB): peak = 6344.023 ; gain = 0.000 ; free physical = 226850 ; free virtual = 235220
[2025-09-15 03:38:30] get_nets: Time (s): cpu = 00:00:09 ; elapsed = 00:00:09 . Memory (MB): peak = 6344.023 ; gain = 0.000 ; free physical = 226850 ; free virtual = 235221
[2025-09-15 03:38:30] get_nets: Time (s): cpu = 00:00:08 ; elapsed = 00:00:09 . Memory (MB): peak = 6344.023 ; gain = 0.000 ; free physical = 226852 ; free virtual = 235222
[2025-09-15 03:38:30] get_nets: Time (s): cpu = 00:00:09 ; elapsed = 00:00:09 . Memory (MB): peak = 6344.023 ; gain = 0.000 ; free physical = 226853 ; free virtual = 235223
[2025-09-15 03:38:30] get_nets: Time (s): cpu = 00:00:09 ; elapsed = 00:00:09 . Memory (MB): peak = 6344.023 ; gain = 0.000 ; free physical = 226853 ; free virtual = 235224
[2025-09-15 03:38:30] get_nets: Time (s): cpu = 00:00:08 ; elapsed = 00:00:08 . Memory (MB): peak = 6344.023 ; gain = 0.000 ; free physical = 226855 ; free virtual = 235225
[2025-09-15 03:38:30] get_nets: Time (s): cpu = 00:00:08 ; elapsed = 00:00:08 . Memory (MB): peak = 6344.023 ; gain = 0.000 ; free physical = 226856 ; free virtual = 235226
[2025-09-15 03:38:30] get_nets: Time (s): cpu = 00:00:08 ; elapsed = 00:00:08 . Memory (MB): peak = 6344.023 ; gain = 0.000 ; free physical = 226859 ; free virtual = 235229
[2025-09-15 03:38:30] get_nets: Time (s): cpu = 00:00:08 ; elapsed = 00:00:08 . Memory (MB): peak = 6344.023 ; gain = 0.000 ; free physical = 226862 ; free virtual = 235232
[2025-09-15 03:38:30] INFO: Resolving asynchronous BRAM patch: 'design_1_i/firesim_wrapper_0/inst/firesim_top/top/sim/target/FireSim_/lazyModule/system/tile_prci_domain/tile_reset_domain_vortexgpgpu_tile/core/vortex_axi/vortex/g_clusters[0].cluster/g_sockets[0].socket/dcache/g_cache_wrap[0].cache_wrap/g_cache.cache/g_banks[0].bank/cache_tags/g_tag_store[3].tag_store/g_async.g_bram.async_ram_patch'.
[2025-09-15 03:38:30] get_nets: Time (s): cpu = 00:00:08 ; elapsed = 00:00:08 . Memory (MB): peak = 6344.023 ; gain = 0.000 ; free physical = 226870 ; free virtual = 235240
[2025-09-15 03:38:30] get_nets: Time (s): cpu = 00:00:08 ; elapsed = 00:00:09 . Memory (MB): peak = 6344.023 ; gain = 0.000 ; free physical = 226900 ; free virtual = 235270
[2025-09-15 03:38:30] get_nets: Time (s): cpu = 00:00:08 ; elapsed = 00:00:08 . Memory (MB): peak = 6344.023 ; gain = 0.000 ; free physical = 226904 ; free virtual = 235274
[2025-09-15 03:38:30] get_nets: Time (s): cpu = 00:00:09 ; elapsed = 00:00:09 . Memory (MB): peak = 6344.023 ; gain = 0.000 ; free physical = 226904 ; free virtual = 235274
[2025-09-15 03:38:30] get_nets: Time (s): cpu = 00:00:08 ; elapsed = 00:00:08 . Memory (MB): peak = 6344.023 ; gain = 0.000 ; free physical = 226908 ; free virtual = 235279
[2025-09-15 03:38:30] get_nets: Time (s): cpu = 00:00:08 ; elapsed = 00:00:09 . Memory (MB): peak = 6344.023 ; gain = 0.000 ; free physical = 226911 ; free virtual = 235281
[2025-09-15 03:38:30] get_nets: Time (s): cpu = 00:00:09 ; elapsed = 00:00:09 . Memory (MB): peak = 6344.023 ; gain = 0.000 ; free physical = 226913 ; free virtual = 235284
[2025-09-15 03:38:30] get_nets: Time (s): cpu = 00:00:08 ; elapsed = 00:00:08 . Memory (MB): peak = 6344.023 ; gain = 0.000 ; free physical = 226914 ; free virtual = 235285
[2025-09-15 03:38:30] get_nets: Time (s): cpu = 00:00:08 ; elapsed = 00:00:08 . Memory (MB): peak = 6344.023 ; gain = 0.000 ; free physical = 226925 ; free virtual = 235296
[2025-09-15 03:38:30] get_nets: Time (s): cpu = 00:00:08 ; elapsed = 00:00:08 . Memory (MB): peak = 6344.023 ; gain = 0.000 ; free physical = 226931 ; free virtual = 235302
[2025-09-15 03:38:30] INFO: Resolving asynchronous BRAM patch: 'design_1_i/firesim_wrapper_0/inst/firesim_top/top/sim/target/FireSim_/lazyModule/system/tile_prci_domain/tile_reset_domain_vortexgpgpu_tile/core/vortex_axi/vortex/g_clusters[0].cluster/g_sockets[0].socket/dcache/g_cache_wrap[0].cache_wrap/g_cache.cache/g_banks[0].bank/mem_req_queue/g_depth_n.dp_ram/g_async.g_bram.async_ram_patch'.
[2025-09-15 03:38:30] get_nets: Time (s): cpu = 00:00:08 ; elapsed = 00:00:08 . Memory (MB): peak = 6344.023 ; gain = 0.000 ; free physical = 226909 ; free virtual = 235279
[2025-09-15 03:38:30] get_nets: Time (s): cpu = 00:00:08 ; elapsed = 00:00:08 . Memory (MB): peak = 6344.023 ; gain = 0.000 ; free physical = 226935 ; free virtual = 235305
[2025-09-15 03:38:30] get_nets: Time (s): cpu = 00:00:08 ; elapsed = 00:00:08 . Memory (MB): peak = 6344.023 ; gain = 0.000 ; free physical = 226935 ; free virtual = 235306
[2025-09-15 03:38:30] get_nets: Time (s): cpu = 00:00:08 ; elapsed = 00:00:09 . Memory (MB): peak = 6344.023 ; gain = 0.000 ; free physical = 226935 ; free virtual = 235306
[2025-09-15 03:38:30] get_nets: Time (s): cpu = 00:00:09 ; elapsed = 00:00:09 . Memory (MB): peak = 6344.023 ; gain = 0.000 ; free physical = 226936 ; free virtual = 235307
[2025-09-15 03:38:30] get_nets: Time (s): cpu = 00:00:08 ; elapsed = 00:00:08 . Memory (MB): peak = 6344.023 ; gain = 0.000 ; free physical = 226936 ; free virtual = 235306
[2025-09-15 03:38:30] INFO: Resolving asynchronous BRAM patch: 'design_1_i/firesim_wrapper_0/inst/firesim_top/top/sim/target/FireSim_/lazyModule/system/tile_prci_domain/tile_reset_domain_vortexgpgpu_tile/core/vortex_axi/vortex/g_clusters[0].cluster/g_sockets[0].socket/dcache/g_cache_wrap[0].cache_wrap/g_cache.cache/g_mem_rsp_queue[0].mem_rsp_queue/g_ebN.fifo_queue/g_depth_n.dp_ram/g_async.g_bram.async_ram_patch'.
[2025-09-15 03:38:30] get_nets: Time (s): cpu = 00:00:08 ; elapsed = 00:00:09 . Memory (MB): peak = 6344.023 ; gain = 0.000 ; free physical = 226914 ; free virtual = 235284
[2025-09-15 03:38:30] get_nets: Time (s): cpu = 00:00:08 ; elapsed = 00:00:08 . Memory (MB): peak = 6344.023 ; gain = 0.000 ; free physical = 226938 ; free virtual = 235308
[2025-09-15 03:38:30] get_nets: Time (s): cpu = 00:00:08 ; elapsed = 00:00:08 . Memory (MB): peak = 6344.023 ; gain = 0.000 ; free physical = 226939 ; free virtual = 235310
[2025-09-15 03:38:30] get_nets: Time (s): cpu = 00:00:09 ; elapsed = 00:00:09 . Memory (MB): peak = 6344.023 ; gain = 0.000 ; free physical = 226940 ; free virtual = 235310
[2025-09-15 03:38:30] get_nets: Time (s): cpu = 00:00:09 ; elapsed = 00:00:09 . Memory (MB): peak = 6344.023 ; gain = 0.000 ; free physical = 226940 ; free virtual = 235310
[2025-09-15 03:38:30] get_nets: Time (s): cpu = 00:00:08 ; elapsed = 00:00:09 . Memory (MB): peak = 6344.023 ; gain = 0.000 ; free physical = 226940 ; free virtual = 235311
[2025-09-15 03:38:30] INFO: Resolving asynchronous BRAM patch: 'design_1_i/firesim_wrapper_0/inst/firesim_top/top/sim/target/FireSim_/lazyModule/system/tile_prci_domain/tile_reset_domain_vortexgpgpu_tile/core/vortex_axi/vortex/g_clusters[0].cluster/g_sockets[0].socket/g_cores[0].core/issue/g_slices[0].issue_slice/ibuffer/g_instr_bufs[0].instr_buf/g_ebN.fifo_queue/g_depth_n.dp_ram/g_async.g_bram.async_ram_patch'.
[2025-09-15 03:38:30] get_nets: Time (s): cpu = 00:00:09 ; elapsed = 00:00:09 . Memory (MB): peak = 6344.023 ; gain = 0.000 ; free physical = 226915 ; free virtual = 235285
[2025-09-15 03:38:30] get_nets: Time (s): cpu = 00:00:08 ; elapsed = 00:00:08 . Memory (MB): peak = 6344.023 ; gain = 0.000 ; free physical = 226941 ; free virtual = 235311
[2025-09-15 03:38:30] get_nets: Time (s): cpu = 00:00:08 ; elapsed = 00:00:08 . Memory (MB): peak = 6344.023 ; gain = 0.000 ; free physical = 226942 ; free virtual = 235312
[2025-09-15 03:38:30] get_nets: Time (s): cpu = 00:00:09 ; elapsed = 00:00:09 . Memory (MB): peak = 6344.023 ; gain = 0.000 ; free physical = 226943 ; free virtual = 235313
[2025-09-15 03:38:30] get_nets: Time (s): cpu = 00:00:09 ; elapsed = 00:00:09 . Memory (MB): peak = 6344.023 ; gain = 0.000 ; free physical = 226943 ; free virtual = 235314
[2025-09-15 03:38:30] get_nets: Time (s): cpu = 00:00:08 ; elapsed = 00:00:08 . Memory (MB): peak = 6344.023 ; gain = 0.000 ; free physical = 226943 ; free virtual = 235313
[2025-09-15 03:38:30] INFO: Resolving asynchronous BRAM patch: 'design_1_i/firesim_wrapper_0/inst/firesim_top/top/sim/target/FireSim_/lazyModule/system/tile_prci_domain/tile_reset_domain_vortexgpgpu_tile/core/vortex_axi/vortex/g_clusters[0].cluster/g_sockets[0].socket/g_cores[0].core/issue/g_slices[0].issue_slice/ibuffer/g_instr_bufs[1].instr_buf/g_ebN.fifo_queue/g_depth_n.dp_ram/g_async.g_bram.async_ram_patch'.
[2025-09-15 03:38:30] get_nets: Time (s): cpu = 00:00:08 ; elapsed = 00:00:09 . Memory (MB): peak = 6344.023 ; gain = 0.000 ; free physical = 226920 ; free virtual = 235291
[2025-09-15 03:38:30] get_nets: Time (s): cpu = 00:00:08 ; elapsed = 00:00:08 . Memory (MB): peak = 6344.023 ; gain = 0.000 ; free physical = 226923 ; free virtual = 235294
[2025-09-15 03:38:30] get_nets: Time (s): cpu = 00:00:08 ; elapsed = 00:00:08 . Memory (MB): peak = 6344.023 ; gain = 0.000 ; free physical = 226924 ; free virtual = 235294
[2025-09-15 03:38:30] get_nets: Time (s): cpu = 00:00:09 ; elapsed = 00:00:09 . Memory (MB): peak = 6344.023 ; gain = 0.000 ; free physical = 226924 ; free virtual = 235294
[2025-09-15 03:38:30] get_nets: Time (s): cpu = 00:00:09 ; elapsed = 00:00:09 . Memory (MB): peak = 6344.023 ; gain = 0.000 ; free physical = 226924 ; free virtual = 235295
[2025-09-15 03:38:30] get_nets: Time (s): cpu = 00:00:08 ; elapsed = 00:00:09 . Memory (MB): peak = 6344.023 ; gain = 0.000 ; free physical = 226925 ; free virtual = 235296
[2025-09-15 03:38:30] INFO: Resolving asynchronous BRAM patch: 'design_1_i/firesim_wrapper_0/inst/firesim_top/top/sim/target/FireSim_/lazyModule/system/tile_prci_domain/tile_reset_domain_vortexgpgpu_tile/core/vortex_axi/vortex/g_clusters[0].cluster/g_sockets[0].socket/g_cores[0].core/issue/g_slices[0].issue_slice/ibuffer/g_instr_bufs[2].instr_buf/g_ebN.fifo_queue/g_depth_n.dp_ram/g_async.g_bram.async_ram_patch'.
[2025-09-15 03:38:30] get_nets: Time (s): cpu = 00:00:08 ; elapsed = 00:00:08 . Memory (MB): peak = 6344.023 ; gain = 0.000 ; free physical = 226923 ; free virtual = 235294
[2025-09-15 03:38:30] get_nets: Time (s): cpu = 00:00:08 ; elapsed = 00:00:08 . Memory (MB): peak = 6344.023 ; gain = 0.000 ; free physical = 226949 ; free virtual = 235319
[2025-09-15 03:38:30] get_nets: Time (s): cpu = 00:00:08 ; elapsed = 00:00:09 . Memory (MB): peak = 6344.023 ; gain = 0.000 ; free physical = 226950 ; free virtual = 235320
[2025-09-15 03:38:30] get_nets: Time (s): cpu = 00:00:09 ; elapsed = 00:00:09 . Memory (MB): peak = 6344.023 ; gain = 0.000 ; free physical = 226950 ; free virtual = 235321
[2025-09-15 03:38:30] get_nets: Time (s): cpu = 00:00:09 ; elapsed = 00:00:09 . Memory (MB): peak = 6344.023 ; gain = 0.000 ; free physical = 226951 ; free virtual = 235321
[2025-09-15 03:38:30] get_nets: Time (s): cpu = 00:00:08 ; elapsed = 00:00:08 . Memory (MB): peak = 6344.023 ; gain = 0.000 ; free physical = 226951 ; free virtual = 235321
[2025-09-15 03:38:30] INFO: Resolving asynchronous BRAM patch: 'design_1_i/firesim_wrapper_0/inst/firesim_top/top/sim/target/FireSim_/lazyModule/system/tile_prci_domain/tile_reset_domain_vortexgpgpu_tile/core/vortex_axi/vortex/g_clusters[0].cluster/g_sockets[0].socket/g_cores[0].core/issue/g_slices[0].issue_slice/ibuffer/g_instr_bufs[3].instr_buf/g_ebN.fifo_queue/g_depth_n.dp_ram/g_async.g_bram.async_ram_patch'.
[2025-09-15 03:38:30] get_nets: Time (s): cpu = 00:00:08 ; elapsed = 00:00:08 . Memory (MB): peak = 6344.023 ; gain = 0.000 ; free physical = 226926 ; free virtual = 235296
[2025-09-15 03:38:30] get_nets: Time (s): cpu = 00:00:08 ; elapsed = 00:00:08 . Memory (MB): peak = 6344.023 ; gain = 0.000 ; free physical = 226930 ; free virtual = 235300
[2025-09-15 03:38:30] get_nets: Time (s): cpu = 00:00:08 ; elapsed = 00:00:08 . Memory (MB): peak = 6344.023 ; gain = 0.000 ; free physical = 226931 ; free virtual = 235302
[2025-09-15 03:38:30] get_nets: Time (s): cpu = 00:00:08 ; elapsed = 00:00:09 . Memory (MB): peak = 6344.023 ; gain = 0.000 ; free physical = 226932 ; free virtual = 235303
[2025-09-15 03:38:30] get_nets: Time (s): cpu = 00:00:08 ; elapsed = 00:00:09 . Memory (MB): peak = 6344.023 ; gain = 0.000 ; free physical = 226932 ; free virtual = 235303
[2025-09-15 03:38:30] get_nets: Time (s): cpu = 00:00:08 ; elapsed = 00:00:08 . Memory (MB): peak = 6344.023 ; gain = 0.000 ; free physical = 226933 ; free virtual = 235303
[2025-09-15 03:38:30] INFO: Resolving asynchronous BRAM patch: 'design_1_i/firesim_wrapper_0/inst/firesim_top/top/sim/target/FireSim_/lazyModule/system/tile_prci_domain/tile_reset_domain_vortexgpgpu_tile/core/vortex_axi/vortex/g_clusters[0].cluster/g_sockets[0].socket/icache/g_cache_wrap[0].cache_wrap/g_cache.cache/g_banks[0].bank/cache_mshr/mshr_store/g_async.g_bram.async_ram_patch'.
[2025-09-15 03:38:30] get_nets: Time (s): cpu = 00:00:08 ; elapsed = 00:00:08 . Memory (MB): peak = 6344.023 ; gain = 0.000 ; free physical = 226930 ; free virtual = 235300
[2025-09-15 03:38:30] get_nets: Time (s): cpu = 00:00:08 ; elapsed = 00:00:08 . Memory (MB): peak = 6344.023 ; gain = 0.000 ; free physical = 226934 ; free virtual = 235304
[2025-09-15 03:38:30] get_nets: Time (s): cpu = 00:00:08 ; elapsed = 00:00:08 . Memory (MB): peak = 6344.023 ; gain = 0.000 ; free physical = 226935 ; free virtual = 235306
[2025-09-15 03:38:30] get_nets: Time (s): cpu = 00:00:08 ; elapsed = 00:00:09 . Memory (MB): peak = 6344.023 ; gain = 0.000 ; free physical = 226936 ; free virtual = 235307
[2025-09-15 03:38:30] get_nets: Time (s): cpu = 00:00:08 ; elapsed = 00:00:09 . Memory (MB): peak = 6344.023 ; gain = 0.000 ; free physical = 226936 ; free virtual = 235307
[2025-09-15 03:38:30] get_nets: Time (s): cpu = 00:00:08 ; elapsed = 00:00:09 . Memory (MB): peak = 6344.023 ; gain = 0.000 ; free physical = 226942 ; free virtual = 235305
[2025-09-15 03:38:30] get_nets: Time (s): cpu = 00:00:08 ; elapsed = 00:00:09 . Memory (MB): peak = 6344.023 ; gain = 0.000 ; free physical = 226943 ; free virtual = 235305
[2025-09-15 03:38:30] get_nets: Time (s): cpu = 00:00:08 ; elapsed = 00:00:08 . Memory (MB): peak = 6344.023 ; gain = 0.000 ; free physical = 226944 ; free virtual = 235306
[2025-09-15 03:38:30] INFO: Resolving asynchronous BRAM patch: 'design_1_i/firesim_wrapper_0/inst/firesim_top/top/sim/target/FireSim_/lazyModule/system/tile_prci_domain/tile_reset_domain_vortexgpgpu_tile/core/vortex_axi/vortex/g_clusters[0].cluster/g_sockets[0].socket/icache/g_cache_wrap[0].cache_wrap/g_cache.cache/g_banks[0].bank/cache_repl/g_enable.g_fifo.fifo_store/g_async.g_bram.async_ram_patch'.
[2025-09-15 03:38:30] get_nets: Time (s): cpu = 00:00:08 ; elapsed = 00:00:08 . Memory (MB): peak = 6344.023 ; gain = 0.000 ; free physical = 226946 ; free virtual = 235308
[2025-09-15 03:38:30] get_nets: Time (s): cpu = 00:00:08 ; elapsed = 00:00:08 . Memory (MB): peak = 6344.023 ; gain = 0.000 ; free physical = 226949 ; free virtual = 235311
[2025-09-15 03:38:30] get_nets: Time (s): cpu = 00:00:08 ; elapsed = 00:00:08 . Memory (MB): peak = 6344.023 ; gain = 0.000 ; free physical = 226950 ; free virtual = 235313
[2025-09-15 03:38:30] get_nets: Time (s): cpu = 00:00:08 ; elapsed = 00:00:09 . Memory (MB): peak = 6344.023 ; gain = 0.000 ; free physical = 226995 ; free virtual = 235313
[2025-09-15 03:38:30] get_nets: Time (s): cpu = 00:00:08 ; elapsed = 00:00:09 . Memory (MB): peak = 6344.023 ; gain = 0.000 ; free physical = 226995 ; free virtual = 235314
[2025-09-15 03:38:30] get_nets: Time (s): cpu = 00:00:08 ; elapsed = 00:00:09 . Memory (MB): peak = 6344.023 ; gain = 0.000 ; free physical = 226995 ; free virtual = 235314
[2025-09-15 03:38:30] get_nets: Time (s): cpu = 00:00:08 ; elapsed = 00:00:08 . Memory (MB): peak = 6344.023 ; gain = 0.000 ; free physical = 226996 ; free virtual = 235315
[2025-09-15 03:38:30] get_nets: Time (s): cpu = 00:00:08 ; elapsed = 00:00:08 . Memory (MB): peak = 6344.023 ; gain = 0.000 ; free physical = 226996 ; free virtual = 235315
[2025-09-15 03:38:30] get_nets: Time (s): cpu = 00:00:09 ; elapsed = 00:00:09 . Memory (MB): peak = 6344.023 ; gain = 0.000 ; free physical = 226997 ; free virtual = 235316
[2025-09-15 03:38:30] get_nets: Time (s): cpu = 00:00:08 ; elapsed = 00:00:09 . Memory (MB): peak = 6344.023 ; gain = 0.000 ; free physical = 226997 ; free virtual = 235316
[2025-09-15 03:38:30] INFO: Resolving asynchronous BRAM patch: 'design_1_i/firesim_wrapper_0/inst/firesim_top/top/sim/target/FireSim_/lazyModule/system/tile_prci_domain/tile_reset_domain_vortexgpgpu_tile/core/vortex_axi/vortex/g_clusters[0].cluster/g_sockets[0].socket/icache/g_cache_wrap[0].cache_wrap/g_cache.cache/g_banks[0].bank/cache_tags/g_tag_store[0].tag_store/g_async.g_bram.async_ram_patch'.
[2025-09-15 03:38:30] get_nets: Time (s): cpu = 00:00:08 ; elapsed = 00:00:09 . Memory (MB): peak = 6344.023 ; gain = 0.000 ; free physical = 226996 ; free virtual = 235315
[2025-09-15 03:38:30] get_nets: Time (s): cpu = 00:00:08 ; elapsed = 00:00:08 . Memory (MB): peak = 6344.023 ; gain = 0.000 ; free physical = 227021 ; free virtual = 235340
[2025-09-15 03:38:30] get_nets: Time (s): cpu = 00:00:08 ; elapsed = 00:00:08 . Memory (MB): peak = 6344.023 ; gain = 0.000 ; free physical = 227021 ; free virtual = 235340
[2025-09-15 03:38:30] get_nets: Time (s): cpu = 00:00:08 ; elapsed = 00:00:09 . Memory (MB): peak = 6344.023 ; gain = 0.000 ; free physical = 227021 ; free virtual = 235340
[2025-09-15 03:38:30] get_nets: Time (s): cpu = 00:00:09 ; elapsed = 00:00:09 . Memory (MB): peak = 6344.023 ; gain = 0.000 ; free physical = 227021 ; free virtual = 235339
[2025-09-15 03:38:30] get_nets: Time (s): cpu = 00:00:08 ; elapsed = 00:00:09 . Memory (MB): peak = 6344.023 ; gain = 0.000 ; free physical = 227022 ; free virtual = 235341
[2025-09-15 03:38:30] get_nets: Time (s): cpu = 00:00:09 ; elapsed = 00:00:09 . Memory (MB): peak = 6344.023 ; gain = 0.000 ; free physical = 227023 ; free virtual = 235341
[2025-09-15 03:38:30] get_nets: Time (s): cpu = 00:00:08 ; elapsed = 00:00:09 . Memory (MB): peak = 6344.023 ; gain = 0.000 ; free physical = 227023 ; free virtual = 235342
[2025-09-15 03:38:30] get_nets: Time (s): cpu = 00:00:09 ; elapsed = 00:00:09 . Memory (MB): peak = 6344.023 ; gain = 0.000 ; free physical = 227023 ; free virtual = 235341
[2025-09-15 03:38:30] get_nets: Time (s): cpu = 00:00:08 ; elapsed = 00:00:09 . Memory (MB): peak = 6344.023 ; gain = 0.000 ; free physical = 227023 ; free virtual = 235342
[2025-09-15 03:38:30] INFO: Resolving asynchronous BRAM patch: 'design_1_i/firesim_wrapper_0/inst/firesim_top/top/sim/target/FireSim_/lazyModule/system/tile_prci_domain/tile_reset_domain_vortexgpgpu_tile/core/vortex_axi/vortex/g_clusters[0].cluster/g_sockets[0].socket/icache/g_cache_wrap[0].cache_wrap/g_cache.cache/g_banks[0].bank/cache_tags/g_tag_store[1].tag_store/g_async.g_bram.async_ram_patch'.
[2025-09-15 03:38:30] get_nets: Time (s): cpu = 00:00:08 ; elapsed = 00:00:08 . Memory (MB): peak = 6344.023 ; gain = 0.000 ; free physical = 227000 ; free virtual = 235318
[2025-09-15 03:38:30] get_nets: Time (s): cpu = 00:00:08 ; elapsed = 00:00:08 . Memory (MB): peak = 6344.023 ; gain = 0.000 ; free physical = 227024 ; free virtual = 235342
[2025-09-15 03:38:30] get_nets: Time (s): cpu = 00:00:08 ; elapsed = 00:00:08 . Memory (MB): peak = 6344.023 ; gain = 0.000 ; free physical = 227024 ; free virtual = 235343
[2025-09-15 03:38:30] get_nets: Time (s): cpu = 00:00:08 ; elapsed = 00:00:09 . Memory (MB): peak = 6344.023 ; gain = 0.000 ; free physical = 227024 ; free virtual = 235343
[2025-09-15 03:38:30] get_nets: Time (s): cpu = 00:00:09 ; elapsed = 00:00:09 . Memory (MB): peak = 6344.023 ; gain = 0.000 ; free physical = 227025 ; free virtual = 235343
[2025-09-15 03:38:30] get_nets: Time (s): cpu = 00:00:08 ; elapsed = 00:00:09 . Memory (MB): peak = 6344.023 ; gain = 0.000 ; free physical = 227024 ; free virtual = 235343
[2025-09-15 03:38:30] get_nets: Time (s): cpu = 00:00:08 ; elapsed = 00:00:09 . Memory (MB): peak = 6344.023 ; gain = 0.000 ; free physical = 227025 ; free virtual = 235344
[2025-09-15 03:38:30] get_nets: Time (s): cpu = 00:00:08 ; elapsed = 00:00:08 . Memory (MB): peak = 6344.023 ; gain = 0.000 ; free physical = 227025 ; free virtual = 235343
[2025-09-15 03:38:30] get_nets: Time (s): cpu = 00:00:08 ; elapsed = 00:00:09 . Memory (MB): peak = 6344.023 ; gain = 0.000 ; free physical = 227025 ; free virtual = 235344
[2025-09-15 03:38:30] get_nets: Time (s): cpu = 00:00:08 ; elapsed = 00:00:08 . Memory (MB): peak = 6344.023 ; gain = 0.000 ; free physical = 227026 ; free virtual = 235345
[2025-09-15 03:38:30] INFO: Resolving asynchronous BRAM patch: 'design_1_i/firesim_wrapper_0/inst/firesim_top/top/sim/target/FireSim_/lazyModule/system/tile_prci_domain/tile_reset_domain_vortexgpgpu_tile/core/vortex_axi/vortex/g_clusters[0].cluster/g_sockets[0].socket/icache/g_cache_wrap[0].cache_wrap/g_cache.cache/g_banks[0].bank/cache_tags/g_tag_store[2].tag_store/g_async.g_bram.async_ram_patch'.
[2025-09-15 03:38:30] get_nets: Time (s): cpu = 00:00:08 ; elapsed = 00:00:09 . Memory (MB): peak = 6344.023 ; gain = 0.000 ; free physical = 227003 ; free virtual = 235322
[2025-09-15 03:38:30] get_nets: Time (s): cpu = 00:00:09 ; elapsed = 00:00:09 . Memory (MB): peak = 6344.023 ; gain = 0.000 ; free physical = 227028 ; free virtual = 235346
[2025-09-15 03:38:30] get_nets: Time (s): cpu = 00:00:08 ; elapsed = 00:00:08 . Memory (MB): peak = 6344.023 ; gain = 0.000 ; free physical = 227027 ; free virtual = 235345
[2025-09-15 03:38:30] get_nets: Time (s): cpu = 00:00:09 ; elapsed = 00:00:09 . Memory (MB): peak = 6344.023 ; gain = 0.000 ; free physical = 227027 ; free virtual = 235346
[2025-09-15 03:38:30] get_nets: Time (s): cpu = 00:00:09 ; elapsed = 00:00:09 . Memory (MB): peak = 6344.023 ; gain = 0.000 ; free physical = 227028 ; free virtual = 235346
[2025-09-15 03:38:30] get_nets: Time (s): cpu = 00:00:08 ; elapsed = 00:00:09 . Memory (MB): peak = 6344.023 ; gain = 0.000 ; free physical = 227028 ; free virtual = 235347
[2025-09-15 03:38:30] get_nets: Time (s): cpu = 00:00:09 ; elapsed = 00:00:09 . Memory (MB): peak = 6344.023 ; gain = 0.000 ; free physical = 227028 ; free virtual = 235347
[2025-09-15 03:38:30] get_nets: Time (s): cpu = 00:00:09 ; elapsed = 00:00:09 . Memory (MB): peak = 6344.023 ; gain = 0.000 ; free physical = 227029 ; free virtual = 235348
[2025-09-15 03:38:30] get_nets: Time (s): cpu = 00:00:09 ; elapsed = 00:00:09 . Memory (MB): peak = 6344.023 ; gain = 0.000 ; free physical = 227030 ; free virtual = 235348
[2025-09-15 03:38:30] get_nets: Time (s): cpu = 00:00:08 ; elapsed = 00:00:08 . Memory (MB): peak = 6344.023 ; gain = 0.000 ; free physical = 227030 ; free virtual = 235349
[2025-09-15 03:38:30] INFO: Resolving asynchronous BRAM patch: 'design_1_i/firesim_wrapper_0/inst/firesim_top/top/sim/target/FireSim_/lazyModule/system/tile_prci_domain/tile_reset_domain_vortexgpgpu_tile/core/vortex_axi/vortex/g_clusters[0].cluster/g_sockets[0].socket/icache/g_cache_wrap[0].cache_wrap/g_cache.cache/g_banks[0].bank/cache_tags/g_tag_store[3].tag_store/g_async.g_bram.async_ram_patch'.
[2025-09-15 03:38:30] get_nets: Time (s): cpu = 00:00:08 ; elapsed = 00:00:08 . Memory (MB): peak = 6344.023 ; gain = 0.000 ; free physical = 227005 ; free virtual = 235324
[2025-09-15 03:38:30] get_nets: Time (s): cpu = 00:00:08 ; elapsed = 00:00:08 . Memory (MB): peak = 6344.023 ; gain = 0.000 ; free physical = 227030 ; free virtual = 235348
[2025-09-15 03:38:30] get_nets: Time (s): cpu = 00:00:08 ; elapsed = 00:00:09 . Memory (MB): peak = 6344.023 ; gain = 0.000 ; free physical = 227031 ; free virtual = 235350
[2025-09-15 03:38:30] get_nets: Time (s): cpu = 00:00:09 ; elapsed = 00:00:09 . Memory (MB): peak = 6344.023 ; gain = 0.000 ; free physical = 227031 ; free virtual = 235350
[2025-09-15 03:38:30] get_nets: Time (s): cpu = 00:00:09 ; elapsed = 00:00:09 . Memory (MB): peak = 6344.023 ; gain = 0.000 ; free physical = 227032 ; free virtual = 235351
[2025-09-15 03:38:30] get_nets: Time (s): cpu = 00:00:08 ; elapsed = 00:00:09 . Memory (MB): peak = 6344.023 ; gain = 0.000 ; free physical = 227032 ; free virtual = 235351
[2025-09-15 03:38:30] get_nets: Time (s): cpu = 00:00:09 ; elapsed = 00:00:09 . Memory (MB): peak = 6344.023 ; gain = 0.000 ; free physical = 227033 ; free virtual = 235352
[2025-09-15 03:38:30] get_nets: Time (s): cpu = 00:00:09 ; elapsed = 00:00:09 . Memory (MB): peak = 6344.023 ; gain = 0.000 ; free physical = 227033 ; free virtual = 235352
[2025-09-15 03:38:30] get_nets: Time (s): cpu = 00:00:08 ; elapsed = 00:00:09 . Memory (MB): peak = 6344.023 ; gain = 0.000 ; free physical = 227033 ; free virtual = 235352
[2025-09-15 03:38:30] get_nets: Time (s): cpu = 00:00:08 ; elapsed = 00:00:08 . Memory (MB): peak = 6344.023 ; gain = 0.000 ; free physical = 227033 ; free virtual = 235352
[2025-09-15 03:38:30] INFO: Resolving asynchronous BRAM patch: 'design_1_i/firesim_wrapper_0/inst/firesim_top/top/sim/target/FireSim_/lazyModule/system/tile_prci_domain/tile_reset_domain_vortexgpgpu_tile/core/vortex_axi/vortex/g_clusters[0].cluster/g_sockets[0].socket/icache/g_cache_wrap[0].cache_wrap/g_cache.cache/g_banks[0].bank/mem_req_queue/g_depth_n.dp_ram/g_async.g_bram.async_ram_patch'.
[2025-09-15 03:38:30] get_nets: Time (s): cpu = 00:00:08 ; elapsed = 00:00:08 . Memory (MB): peak = 6344.023 ; gain = 0.000 ; free physical = 227009 ; free virtual = 235328
[2025-09-15 03:38:30] get_nets: Time (s): cpu = 00:00:08 ; elapsed = 00:00:08 . Memory (MB): peak = 6344.023 ; gain = 0.000 ; free physical = 227034 ; free virtual = 235353
[2025-09-15 03:38:30] get_nets: Time (s): cpu = 00:00:09 ; elapsed = 00:00:09 . Memory (MB): peak = 6344.023 ; gain = 0.000 ; free physical = 227034 ; free virtual = 235353
[2025-09-15 03:38:30] get_nets: Time (s): cpu = 00:00:09 ; elapsed = 00:00:09 . Memory (MB): peak = 6344.023 ; gain = 0.000 ; free physical = 227034 ; free virtual = 235353
[2025-09-15 03:38:30] get_nets: Time (s): cpu = 00:00:09 ; elapsed = 00:00:09 . Memory (MB): peak = 6344.023 ; gain = 0.000 ; free physical = 227034 ; free virtual = 235353
[2025-09-15 03:38:30] get_nets: Time (s): cpu = 00:00:08 ; elapsed = 00:00:09 . Memory (MB): peak = 6344.023 ; gain = 0.000 ; free physical = 227034 ; free virtual = 235353
[2025-09-15 03:38:30] INFO: Resolving asynchronous BRAM patch: 'design_1_i/firesim_wrapper_0/inst/firesim_top/top/sim/target/FireSim_/lazyModule/system/tile_prci_domain/tile_reset_domain_vortexgpgpu_tile/core/vortex_axi/vortex/g_clusters[0].cluster/l2cache/g_cache.cache/g_banks[0].bank/cache_mshr/mshr_store/g_async.g_bram.async_ram_patch'.
[2025-09-15 03:38:30] get_nets: Time (s): cpu = 00:00:08 ; elapsed = 00:00:08 . Memory (MB): peak = 6344.023 ; gain = 0.000 ; free physical = 227012 ; free virtual = 235330
[2025-09-15 03:38:30] get_nets: Time (s): cpu = 00:00:09 ; elapsed = 00:00:09 . Memory (MB): peak = 6344.023 ; gain = 0.000 ; free physical = 227035 ; free virtual = 235354
[2025-09-15 03:38:30] get_nets: Time (s): cpu = 00:00:08 ; elapsed = 00:00:09 . Memory (MB): peak = 6344.023 ; gain = 0.000 ; free physical = 227035 ; free virtual = 235354
[2025-09-15 03:38:30] get_nets: Time (s): cpu = 00:00:09 ; elapsed = 00:00:09 . Memory (MB): peak = 6344.023 ; gain = 0.000 ; free physical = 227035 ; free virtual = 235354
[2025-09-15 03:38:30] get_nets: Time (s): cpu = 00:00:09 ; elapsed = 00:00:09 . Memory (MB): peak = 6344.023 ; gain = 0.000 ; free physical = 227035 ; free virtual = 235354
[2025-09-15 03:38:30] get_nets: Time (s): cpu = 00:00:09 ; elapsed = 00:00:09 . Memory (MB): peak = 6344.023 ; gain = 0.000 ; free physical = 227035 ; free virtual = 235354
[2025-09-15 03:38:30] get_nets: Time (s): cpu = 00:00:08 ; elapsed = 00:00:09 . Memory (MB): peak = 6344.023 ; gain = 0.000 ; free physical = 227036 ; free virtual = 235355
[2025-09-15 03:38:30] get_nets: Time (s): cpu = 00:00:08 ; elapsed = 00:00:08 . Memory (MB): peak = 6344.023 ; gain = 0.000 ; free physical = 227037 ; free virtual = 235356
[2025-09-15 03:38:30] INFO: Resolving asynchronous BRAM patch: 'design_1_i/firesim_wrapper_0/inst/firesim_top/top/sim/target/FireSim_/lazyModule/system/tile_prci_domain/tile_reset_domain_vortexgpgpu_tile/core/vortex_axi/vortex/g_clusters[0].cluster/l2cache/g_cache.cache/g_banks[0].bank/cache_repl/g_enable.g_fifo.fifo_store/g_async.g_bram.async_ram_patch'.
[2025-09-15 03:38:30] get_nets: Time (s): cpu = 00:00:08 ; elapsed = 00:00:08 . Memory (MB): peak = 6344.023 ; gain = 0.000 ; free physical = 227017 ; free virtual = 235335
[2025-09-15 03:38:30] get_nets: Time (s): cpu = 00:00:08 ; elapsed = 00:00:08 . Memory (MB): peak = 6344.023 ; gain = 0.000 ; free physical = 227041 ; free virtual = 235360
[2025-09-15 03:38:30] get_nets: Time (s): cpu = 00:00:08 ; elapsed = 00:00:09 . Memory (MB): peak = 6344.023 ; gain = 0.000 ; free physical = 227041 ; free virtual = 235360
[2025-09-15 03:38:30] get_nets: Time (s): cpu = 00:00:08 ; elapsed = 00:00:09 . Memory (MB): peak = 6344.023 ; gain = 0.000 ; free physical = 227041 ; free virtual = 235360
[2025-09-15 03:38:30] get_nets: Time (s): cpu = 00:00:08 ; elapsed = 00:00:08 . Memory (MB): peak = 6344.023 ; gain = 0.000 ; free physical = 227041 ; free virtual = 235360
[2025-09-15 03:38:30] get_nets: Time (s): cpu = 00:00:08 ; elapsed = 00:00:09 . Memory (MB): peak = 6344.023 ; gain = 0.000 ; free physical = 227044 ; free virtual = 235363
[2025-09-15 03:38:30] get_nets: Time (s): cpu = 00:00:08 ; elapsed = 00:00:08 . Memory (MB): peak = 6344.023 ; gain = 0.000 ; free physical = 227048 ; free virtual = 235367
[2025-09-15 03:38:30] get_nets: Time (s): cpu = 00:00:08 ; elapsed = 00:00:08 . Memory (MB): peak = 6344.023 ; gain = 0.000 ; free physical = 227048 ; free virtual = 235367
[2025-09-15 03:38:30] get_nets: Time (s): cpu = 00:00:08 ; elapsed = 00:00:09 . Memory (MB): peak = 6344.023 ; gain = 0.000 ; free physical = 227048 ; free virtual = 235367
[2025-09-15 03:38:30] get_nets: Time (s): cpu = 00:00:08 ; elapsed = 00:00:09 . Memory (MB): peak = 6344.023 ; gain = 0.000 ; free physical = 227051 ; free virtual = 235370
[2025-09-15 03:38:30] get_nets: Time (s): cpu = 00:00:09 ; elapsed = 00:00:09 . Memory (MB): peak = 6344.023 ; gain = 0.000 ; free physical = 227051 ; free virtual = 235370
[2025-09-15 03:38:30] get_nets: Time (s): cpu = 00:00:09 ; elapsed = 00:00:09 . Memory (MB): peak = 6344.023 ; gain = 0.000 ; free physical = 227051 ; free virtual = 235370
[2025-09-15 03:38:30] get_nets: Time (s): cpu = 00:00:09 ; elapsed = 00:00:09 . Memory (MB): peak = 6344.023 ; gain = 0.000 ; free physical = 227051 ; free virtual = 235370
[2025-09-15 03:38:30] get_nets: Time (s): cpu = 00:00:08 ; elapsed = 00:00:09 . Memory (MB): peak = 6344.023 ; gain = 0.000 ; free physical = 227057 ; free virtual = 235376
[2025-09-15 03:38:30] get_nets: Time (s): cpu = 00:00:08 ; elapsed = 00:00:09 . Memory (MB): peak = 6344.023 ; gain = 0.000 ; free physical = 227057 ; free virtual = 235376
[2025-09-15 03:38:30] INFO: Resolving asynchronous BRAM patch: 'design_1_i/firesim_wrapper_0/inst/firesim_top/top/sim/target/FireSim_/lazyModule/system/tile_prci_domain/tile_reset_domain_vortexgpgpu_tile/core/vortex_axi/vortex/g_clusters[0].cluster/l2cache/g_cache.cache/g_banks[0].bank/cache_tags/g_tag_store[0].tag_store/g_async.g_bram.async_ram_patch'.
[2025-09-15 03:38:30] get_nets: Time (s): cpu = 00:00:08 ; elapsed = 00:00:08 . Memory (MB): peak = 6344.023 ; gain = 0.000 ; free physical = 227033 ; free virtual = 235352
[2025-09-15 03:38:30] get_nets: Time (s): cpu = 00:00:08 ; elapsed = 00:00:08 . Memory (MB): peak = 6344.023 ; gain = 0.000 ; free physical = 227058 ; free virtual = 235377
[2025-09-15 03:38:30] get_nets: Time (s): cpu = 00:00:08 ; elapsed = 00:00:08 . Memory (MB): peak = 6344.023 ; gain = 0.000 ; free physical = 227058 ; free virtual = 235377
[2025-09-15 03:38:30] get_nets: Time (s): cpu = 00:00:09 ; elapsed = 00:00:09 . Memory (MB): peak = 6344.023 ; gain = 0.000 ; free physical = 227059 ; free virtual = 235378
[2025-09-15 03:38:30] get_nets: Time (s): cpu = 00:00:09 ; elapsed = 00:00:09 . Memory (MB): peak = 6344.023 ; gain = 0.000 ; free physical = 227061 ; free virtual = 235380
[2025-09-15 03:38:30] get_nets: Time (s): cpu = 00:00:08 ; elapsed = 00:00:08 . Memory (MB): peak = 6344.023 ; gain = 0.000 ; free physical = 227063 ; free virtual = 235382
[2025-09-15 03:38:30] get_nets: Time (s): cpu = 00:00:08 ; elapsed = 00:00:09 . Memory (MB): peak = 6344.023 ; gain = 0.000 ; free physical = 227064 ; free virtual = 235383
[2025-09-15 03:38:30] get_nets: Time (s): cpu = 00:00:08 ; elapsed = 00:00:08 . Memory (MB): peak = 6344.023 ; gain = 0.000 ; free physical = 227064 ; free virtual = 235383
[2025-09-15 03:38:30] get_nets: Time (s): cpu = 00:00:08 ; elapsed = 00:00:09 . Memory (MB): peak = 6344.023 ; gain = 0.000 ; free physical = 227066 ; free virtual = 235385
[2025-09-15 03:38:30] get_nets: Time (s): cpu = 00:00:08 ; elapsed = 00:00:09 . Memory (MB): peak = 6344.023 ; gain = 0.000 ; free physical = 227066 ; free virtual = 235385
[2025-09-15 03:38:30] get_nets: Time (s): cpu = 00:00:09 ; elapsed = 00:00:09 . Memory (MB): peak = 6344.023 ; gain = 0.000 ; free physical = 227067 ; free virtual = 235386
[2025-09-15 03:38:30] get_nets: Time (s): cpu = 00:00:08 ; elapsed = 00:00:08 . Memory (MB): peak = 6344.023 ; gain = 0.000 ; free physical = 227067 ; free virtual = 235385
[2025-09-15 03:38:30] get_nets: Time (s): cpu = 00:00:08 ; elapsed = 00:00:08 . Memory (MB): peak = 6344.023 ; gain = 0.000 ; free physical = 227070 ; free virtual = 235389
[2025-09-15 03:38:30] get_nets: Time (s): cpu = 00:00:08 ; elapsed = 00:00:09 . Memory (MB): peak = 6344.023 ; gain = 0.000 ; free physical = 227070 ; free virtual = 235389
[2025-09-15 03:38:30] get_nets: Time (s): cpu = 00:00:08 ; elapsed = 00:00:08 . Memory (MB): peak = 6344.023 ; gain = 0.000 ; free physical = 227071 ; free virtual = 235390
[2025-09-15 03:38:30] WARNING: [Netlist 29-66] Cannot disconnect pin/port 'design_1_i/firesim_wrapper_0/inst/bbstub_out[11][0]' from net 'design_1_i/firesim_wrapper_0/inst_n_1812', since it is not currently connected to that net.
[2025-09-15 03:38:30] WARNING: [Netlist 29-66] Cannot disconnect pin/port 'design_1_i/firesim_wrapper_0/inst/firesim_top/bbstub_out[11][0]' from net 'design_1_i/firesim_wrapper_0/inst/bbstub_out[11][0]', since it is not currently connected to that net.
[2025-09-15 03:38:30] WARNING: [Netlist 29-66] Cannot disconnect pin/port 'design_1_i/firesim_wrapper_0/inst/firesim_top/top/bbstub_out[11][0]' from net 'design_1_i/firesim_wrapper_0/inst/firesim_top/bbstub_out[11][0]', since it is not currently connected to that net.
[2025-09-15 03:38:30] WARNING: [Netlist 29-66] Cannot disconnect pin/port 'design_1_i/firesim_wrapper_0/inst/firesim_top/top/sim/bbstub_out[11][0]' from net 'design_1_i/firesim_wrapper_0/inst/firesim_top/top/bbstub_out[11][0]', since it is not currently connected to that net.
[2025-09-15 03:38:30] WARNING: [Netlist 29-66] Cannot disconnect pin/port 'design_1_i/firesim_wrapper_0/inst/firesim_top/top/sim/target/bbstub_out[11][0]' from net 'design_1_i/firesim_wrapper_0/inst/firesim_top/top/sim/bbstub_out[11][0]', since it is not currently connected to that net.
[2025-09-15 03:38:30] WARNING: [Netlist 29-66] Cannot disconnect pin/port 'design_1_i/firesim_wrapper_0/inst/firesim_top/top/sim/target/FireSim_/bbstub_out[11][0]' from net 'design_1_i/firesim_wrapper_0/inst/firesim_top/top/sim/target/bbstub_out[11][0]', since it is not currently connected to that net.
[2025-09-15 03:38:30] WARNING: [Netlist 29-66] Cannot disconnect pin/port 'design_1_i/firesim_wrapper_0/inst/firesim_top/top/sim/target/FireSim_/lazyModule/bbstub_out[11][0]' from net 'design_1_i/firesim_wrapper_0/inst/firesim_top/top/sim/target/FireSim_/bbstub_out[11][0]', since it is not currently connected to that net.
[2025-09-15 03:38:30] WARNING: [Netlist 29-66] Cannot disconnect pin/port 'design_1_i/firesim_wrapper_0/inst/firesim_top/top/sim/target/FireSim_/lazyModule/system/bbstub_out[11][0]' from net 'design_1_i/firesim_wrapper_0/inst/firesim_top/top/sim/target/FireSim_/lazyModule/bbstub_out[11][0]', since it is not currently connected to that net.
[2025-09-15 03:38:30] WARNING: [Netlist 29-66] Cannot disconnect pin/port 'design_1_i/firesim_wrapper_0/inst/firesim_top/top/sim/target/FireSim_/lazyModule/system/tile_prci_domain/bbstub_out[11][0]' from net 'design_1_i/firesim_wrapper_0/inst/firesim_top/top/sim/target/FireSim_/lazyModule/system/bbstub_out[11][0]', since it is not currently connected to that net.
[2025-09-15 03:38:30] WARNING: [Netlist 29-66] Cannot disconnect pin/port 'design_1_i/firesim_wrapper_0/inst/firesim_top/top/sim/target/FireSim_/lazyModule/system/tile_prci_domain/tile_reset_domain_vortexgpgpu_tile/bbstub_out[11][0]' from net 'design_1_i/firesim_wrapper_0/inst/firesim_top/top/sim/target/FireSim_/lazyModule/system/tile_prci_domain/bbstub_out[11][0]', since it is not currently connected to that net.
[2025-09-15 03:38:30] WARNING: [Netlist 29-66] Cannot disconnect pin/port 'design_1_i/firesim_wrapper_0/inst/firesim_top/top/sim/target/FireSim_/lazyModule/system/tile_prci_domain/tile_reset_domain_vortexgpgpu_tile/core/bbstub_out[11][0]' from net 'design_1_i/firesim_wrapper_0/inst/firesim_top/top/sim/target/FireSim_/lazyModule/system/tile_prci_domain/tile_reset_domain_vortexgpgpu_tile/bbstub_out[11][0]', since it is not currently connected to that net.
[2025-09-15 03:38:30] WARNING: [Netlist 29-66] Cannot disconnect pin/port 'design_1_i/firesim_wrapper_0/inst/firesim_top/top/sim/target/FireSim_/lazyModule/system/tile_prci_domain/tile_reset_domain_vortexgpgpu_tile/core/vortex_axi/bbstub_out[11][0]' from net 'design_1_i/firesim_wrapper_0/inst/firesim_top/top/sim/target/FireSim_/lazyModule/system/tile_prci_domain/tile_reset_domain_vortexgpgpu_tile/core/bbstub_out[11][0]', since it is not currently connected to that net.
[2025-09-15 03:38:30] WARNING: [Netlist 29-66] Cannot disconnect pin/port 'design_1_i/firesim_wrapper_0/inst/firesim_top/top/sim/target/FireSim_/lazyModule/system/tile_prci_domain/tile_reset_domain_vortexgpgpu_tile/core/vortex_axi/vortex/bbstub_out[11][0]' from net 'design_1_i/firesim_wrapper_0/inst/firesim_top/top/sim/target/FireSim_/lazyModule/system/tile_prci_domain/tile_reset_domain_vortexgpgpu_tile/core/vortex_axi/bbstub_out[11][0]', since it is not currently connected to that net.
[2025-09-15 03:38:30] WARNING: [Netlist 29-66] Cannot disconnect pin/port 'design_1_i/firesim_wrapper_0/inst/firesim_top/top/sim/target/FireSim_/lazyModule/system/tile_prci_domain/tile_reset_domain_vortexgpgpu_tile/core/vortex_axi/vortex/g_clusters[0].cluster/bbstub_out[11][0]' from net 'design_1_i/firesim_wrapper_0/inst/firesim_top/top/sim/target/FireSim_/lazyModule/system/tile_prci_domain/tile_reset_domain_vortexgpgpu_tile/core/vortex_axi/vortex/bbstub_out[11][0]', since it is not currently connected to that net.
[2025-09-15 03:38:30] WARNING: [Netlist 29-66] Cannot disconnect pin/port 'design_1_i/firesim_wrapper_0/inst/firesim_top/top/sim/target/FireSim_/lazyModule/system/tile_prci_domain/tile_reset_domain_vortexgpgpu_tile/core/vortex_axi/vortex/g_clusters[0].cluster/l2cache/bbstub_out[11][0]' from net 'design_1_i/firesim_wrapper_0/inst/firesim_top/top/sim/target/FireSim_/lazyModule/system/tile_prci_domain/tile_reset_domain_vortexgpgpu_tile/core/vortex_axi/vortex/g_clusters[0].cluster/bbstub_out[11][0]', since it is not currently connected to that net.
[2025-09-15 03:38:30] WARNING: [Netlist 29-66] Cannot disconnect pin/port 'design_1_i/firesim_wrapper_0/inst/firesim_top/top/sim/target/FireSim_/lazyModule/system/tile_prci_domain/tile_reset_domain_vortexgpgpu_tile/core/vortex_axi/vortex/g_clusters[0].cluster/l2cache/g_cache.cache/bbstub_out[11][0]' from net 'design_1_i/firesim_wrapper_0/inst/firesim_top/top/sim/target/FireSim_/lazyModule/system/tile_prci_domain/tile_reset_domain_vortexgpgpu_tile/core/vortex_axi/vortex/g_clusters[0].cluster/l2cache/bbstub_out[11][0]', since it is not currently connected to that net.
[2025-09-15 03:38:30] WARNING: [Netlist 29-66] Cannot disconnect pin/port 'design_1_i/firesim_wrapper_0/inst/firesim_top/top/sim/target/FireSim_/lazyModule/system/tile_prci_domain/tile_reset_domain_vortexgpgpu_tile/core/vortex_axi/vortex/g_clusters[0].cluster/l2cache/g_cache.cache/g_banks[0].bank/bbstub_out[11][0]' from net 'design_1_i/firesim_wrapper_0/inst/firesim_top/top/sim/target/FireSim_/lazyModule/system/tile_prci_domain/tile_reset_domain_vortexgpgpu_tile/core/vortex_axi/vortex/g_clusters[0].cluster/l2cache/g_cache.cache/bbstub_out[11][0]', since it is not currently connected to that net.
[2025-09-15 03:38:30] WARNING: [Netlist 29-66] Cannot disconnect pin/port 'design_1_i/firesim_wrapper_0/inst/firesim_top/top/sim/target/FireSim_/lazyModule/system/tile_prci_domain/tile_reset_domain_vortexgpgpu_tile/core/vortex_axi/vortex/g_clusters[0].cluster/l2cache/g_cache.cache/g_banks[0].bank/cache_tags/bbstub_out[11][0]' from net 'design_1_i/firesim_wrapper_0/inst/firesim_top/top/sim/target/FireSim_/lazyModule/system/tile_prci_domain/tile_reset_domain_vortexgpgpu_tile/core/vortex_axi/vortex/g_clusters[0].cluster/l2cache/g_cache.cache/g_banks[0].bank/bbstub_out[11][0]', since it is not currently connected to that net.
[2025-09-15 03:38:30] WARNING: [Netlist 29-66] Cannot disconnect pin/port 'design_1_i/firesim_wrapper_0/inst/firesim_top/top/sim/target/FireSim_/lazyModule/system/tile_prci_domain/tile_reset_domain_vortexgpgpu_tile/core/vortex_axi/vortex/g_clusters[0].cluster/l2cache/g_cache.cache/g_banks[0].bank/cache_tags/g_tag_store[0].tag_store/bbstub_out[11][0]' from net 'design_1_i/firesim_wrapper_0/inst/firesim_top/top/sim/target/FireSim_/lazyModule/system/tile_prci_domain/tile_reset_domain_vortexgpgpu_tile/core/vortex_axi/vortex/g_clusters[0].cluster/l2cache/g_cache.cache/g_banks[0].bank/cache_tags/bbstub_out[11][0]', since it is not currently connected to that net.
[2025-09-15 03:38:30] WARNING: [Netlist 29-66] Cannot disconnect pin/port 'design_1_i/firesim_wrapper_0/inst/firesim_top/top/sim/target/FireSim_/lazyModule/system/tile_prci_domain/tile_reset_domain_vortexgpgpu_tile/core/vortex_axi/vortex/g_clusters[0].cluster/l2cache/g_cache.cache/g_banks[0].bank/cache_tags/g_tag_store[0].tag_store/g_async.g_bram.async_ram_patch/bbstub_out[11][0]' from net 'design_1_i/firesim_wrapper_0/inst/firesim_top/top/sim/target/FireSim_/lazyModule/system/tile_prci_domain/tile_reset_domain_vortexgpgpu_tile/core/vortex_axi/vortex/g_clusters[0].cluster/l2cache/g_cache.cache/g_banks[0].bank/cache_tags/g_tag_store[0].tag_store/bbstub_out[11][0]', since it is not currently connected to that net.
[2025-09-15 03:38:30] WARNING: [Netlist 29-66] Cannot disconnect pin/port 'design_1_i/firesim_wrapper_0/inst/bbstub_out[11][10]' from net 'design_1_i/firesim_wrapper_0/inst_n_1802', since it is not currently connected to that net.
[2025-09-15 03:38:30] WARNING: [Netlist 29-66] Cannot disconnect pin/port 'design_1_i/firesim_wrapper_0/inst/firesim_top/bbstub_out[11][10]' from net 'design_1_i/firesim_wrapper_0/inst/bbstub_out[11][10]', since it is not currently connected to that net.
[2025-09-15 03:38:30] WARNING: [Netlist 29-66] Cannot disconnect pin/port 'design_1_i/firesim_wrapper_0/inst/firesim_top/top/bbstub_out[11][10]' from net 'design_1_i/firesim_wrapper_0/inst/firesim_top/bbstub_out[11][10]', since it is not currently connected to that net.
[2025-09-15 03:38:30] WARNING: [Netlist 29-66] Cannot disconnect pin/port 'design_1_i/firesim_wrapper_0/inst/firesim_top/top/sim/bbstub_out[11][10]' from net 'design_1_i/firesim_wrapper_0/inst/firesim_top/top/bbstub_out[11][10]', since it is not currently connected to that net.
[2025-09-15 03:38:30] WARNING: [Netlist 29-66] Cannot disconnect pin/port 'design_1_i/firesim_wrapper_0/inst/firesim_top/top/sim/target/bbstub_out[11][10]' from net 'design_1_i/firesim_wrapper_0/inst/firesim_top/top/sim/bbstub_out[11][10]', since it is not currently connected to that net.
[2025-09-15 03:38:30] WARNING: [Netlist 29-66] Cannot disconnect pin/port 'design_1_i/firesim_wrapper_0/inst/firesim_top/top/sim/target/FireSim_/bbstub_out[11][10]' from net 'design_1_i/firesim_wrapper_0/inst/firesim_top/top/sim/target/bbstub_out[11][10]', since it is not currently connected to that net.
[2025-09-15 03:38:30] WARNING: [Netlist 29-66] Cannot disconnect pin/port 'design_1_i/firesim_wrapper_0/inst/firesim_top/top/sim/target/FireSim_/lazyModule/bbstub_out[11][10]' from net 'design_1_i/firesim_wrapper_0/inst/firesim_top/top/sim/target/FireSim_/bbstub_out[11][10]', since it is not currently connected to that net.
[2025-09-15 03:38:30] WARNING: [Netlist 29-66] Cannot disconnect pin/port 'design_1_i/firesim_wrapper_0/inst/firesim_top/top/sim/target/FireSim_/lazyModule/system/bbstub_out[11][10]' from net 'design_1_i/firesim_wrapper_0/inst/firesim_top/top/sim/target/FireSim_/lazyModule/bbstub_out[11][10]', since it is not currently connected to that net.
[2025-09-15 03:38:30] WARNING: [Netlist 29-66] Cannot disconnect pin/port 'design_1_i/firesim_wrapper_0/inst/firesim_top/top/sim/target/FireSim_/lazyModule/system/tile_prci_domain/bbstub_out[11][10]' from net 'design_1_i/firesim_wrapper_0/inst/firesim_top/top/sim/target/FireSim_/lazyModule/system/bbstub_out[11][10]', since it is not currently connected to that net.
[2025-09-15 03:38:30] WARNING: [Netlist 29-66] Cannot disconnect pin/port 'design_1_i/firesim_wrapper_0/inst/firesim_top/top/sim/target/FireSim_/lazyModule/system/tile_prci_domain/tile_reset_domain_vortexgpgpu_tile/bbstub_out[11][10]' from net 'design_1_i/firesim_wrapper_0/inst/firesim_top/top/sim/target/FireSim_/lazyModule/system/tile_prci_domain/bbstub_out[11][10]', since it is not currently connected to that net.
[2025-09-15 03:38:30] WARNING: [Netlist 29-66] Cannot disconnect pin/port 'design_1_i/firesim_wrapper_0/inst/firesim_top/top/sim/target/FireSim_/lazyModule/system/tile_prci_domain/tile_reset_domain_vortexgpgpu_tile/core/bbstub_out[11][10]' from net 'design_1_i/firesim_wrapper_0/inst/firesim_top/top/sim/target/FireSim_/lazyModule/system/tile_prci_domain/tile_reset_domain_vortexgpgpu_tile/bbstub_out[11][10]', since it is not currently connected to that net.
[2025-09-15 03:38:30] WARNING: [Netlist 29-66] Cannot disconnect pin/port 'design_1_i/firesim_wrapper_0/inst/firesim_top/top/sim/target/FireSim_/lazyModule/system/tile_prci_domain/tile_reset_domain_vortexgpgpu_tile/core/vortex_axi/bbstub_out[11][10]' from net 'design_1_i/firesim_wrapper_0/inst/firesim_top/top/sim/target/FireSim_/lazyModule/system/tile_prci_domain/tile_reset_domain_vortexgpgpu_tile/core/bbstub_out[11][10]', since it is not currently connected to that net.
[2025-09-15 03:38:30] WARNING: [Netlist 29-66] Cannot disconnect pin/port 'design_1_i/firesim_wrapper_0/inst/firesim_top/top/sim/target/FireSim_/lazyModule/system/tile_prci_domain/tile_reset_domain_vortexgpgpu_tile/core/vortex_axi/vortex/bbstub_out[11][10]' from net 'design_1_i/firesim_wrapper_0/inst/firesim_top/top/sim/target/FireSim_/lazyModule/system/tile_prci_domain/tile_reset_domain_vortexgpgpu_tile/core/vortex_axi/bbstub_out[11][10]', since it is not currently connected to that net.
[2025-09-15 03:38:30] WARNING: [Netlist 29-66] Cannot disconnect pin/port 'design_1_i/firesim_wrapper_0/inst/firesim_top/top/sim/target/FireSim_/lazyModule/system/tile_prci_domain/tile_reset_domain_vortexgpgpu_tile/core/vortex_axi/vortex/g_clusters[0].cluster/bbstub_out[11][10]' from net 'design_1_i/firesim_wrapper_0/inst/firesim_top/top/sim/target/FireSim_/lazyModule/system/tile_prci_domain/tile_reset_domain_vortexgpgpu_tile/core/vortex_axi/vortex/bbstub_out[11][10]', since it is not currently connected to that net.
[2025-09-15 03:38:30] WARNING: [Netlist 29-66] Cannot disconnect pin/port 'design_1_i/firesim_wrapper_0/inst/firesim_top/top/sim/target/FireSim_/lazyModule/system/tile_prci_domain/tile_reset_domain_vortexgpgpu_tile/core/vortex_axi/vortex/g_clusters[0].cluster/l2cache/bbstub_out[11][10]' from net 'design_1_i/firesim_wrapper_0/inst/firesim_top/top/sim/target/FireSim_/lazyModule/system/tile_prci_domain/tile_reset_domain_vortexgpgpu_tile/core/vortex_axi/vortex/g_clusters[0].cluster/bbstub_out[11][10]', since it is not currently connected to that net.
[2025-09-15 03:38:30] WARNING: [Netlist 29-66] Cannot disconnect pin/port 'design_1_i/firesim_wrapper_0/inst/firesim_top/top/sim/target/FireSim_/lazyModule/system/tile_prci_domain/tile_reset_domain_vortexgpgpu_tile/core/vortex_axi/vortex/g_clusters[0].cluster/l2cache/g_cache.cache/bbstub_out[11][10]' from net 'design_1_i/firesim_wrapper_0/inst/firesim_top/top/sim/target/FireSim_/lazyModule/system/tile_prci_domain/tile_reset_domain_vortexgpgpu_tile/core/vortex_axi/vortex/g_clusters[0].cluster/l2cache/bbstub_out[11][10]', since it is not currently connected to that net.
[2025-09-15 03:38:30] WARNING: [Netlist 29-66] Cannot disconnect pin/port 'design_1_i/firesim_wrapper_0/inst/firesim_top/top/sim/target/FireSim_/lazyModule/system/tile_prci_domain/tile_reset_domain_vortexgpgpu_tile/core/vortex_axi/vortex/g_clusters[0].cluster/l2cache/g_cache.cache/g_banks[0].bank/bbstub_out[11][10]' from net 'design_1_i/firesim_wrapper_0/inst/firesim_top/top/sim/target/FireSim_/lazyModule/system/tile_prci_domain/tile_reset_domain_vortexgpgpu_tile/core/vortex_axi/vortex/g_clusters[0].cluster/l2cache/g_cache.cache/bbstub_out[11][10]', since it is not currently connected to that net.
[2025-09-15 03:38:30] WARNING: [Netlist 29-66] Cannot disconnect pin/port 'design_1_i/firesim_wrapper_0/inst/firesim_top/top/sim/target/FireSim_/lazyModule/system/tile_prci_domain/tile_reset_domain_vortexgpgpu_tile/core/vortex_axi/vortex/g_clusters[0].cluster/l2cache/g_cache.cache/g_banks[0].bank/cache_tags/bbstub_out[11][10]' from net 'design_1_i/firesim_wrapper_0/inst/firesim_top/top/sim/target/FireSim_/lazyModule/system/tile_prci_domain/tile_reset_domain_vortexgpgpu_tile/core/vortex_axi/vortex/g_clusters[0].cluster/l2cache/g_cache.cache/g_banks[0].bank/bbstub_out[11][10]', since it is not currently connected to that net.
[2025-09-15 03:38:30] WARNING: [Netlist 29-66] Cannot disconnect pin/port 'design_1_i/firesim_wrapper_0/inst/firesim_top/top/sim/target/FireSim_/lazyModule/system/tile_prci_domain/tile_reset_domain_vortexgpgpu_tile/core/vortex_axi/vortex/g_clusters[0].cluster/l2cache/g_cache.cache/g_banks[0].bank/cache_tags/g_tag_store[0].tag_store/bbstub_out[11][10]' from net 'design_1_i/firesim_wrapper_0/inst/firesim_top/top/sim/target/FireSim_/lazyModule/system/tile_prci_domain/tile_reset_domain_vortexgpgpu_tile/core/vortex_axi/vortex/g_clusters[0].cluster/l2cache/g_cache.cache/g_banks[0].bank/cache_tags/bbstub_out[11][10]', since it is not currently connected to that net.
[2025-09-15 03:38:30] WARNING: [Netlist 29-66] Cannot disconnect pin/port 'design_1_i/firesim_wrapper_0/inst/firesim_top/top/sim/target/FireSim_/lazyModule/system/tile_prci_domain/tile_reset_domain_vortexgpgpu_tile/core/vortex_axi/vortex/g_clusters[0].cluster/l2cache/g_cache.cache/g_banks[0].bank/cache_tags/g_tag_store[0].tag_store/g_async.g_bram.async_ram_patch/bbstub_out[11][10]' from net 'design_1_i/firesim_wrapper_0/inst/firesim_top/top/sim/target/FireSim_/lazyModule/system/tile_prci_domain/tile_reset_domain_vortexgpgpu_tile/core/vortex_axi/vortex/g_clusters[0].cluster/l2cache/g_cache.cache/g_banks[0].bank/cache_tags/g_tag_store[0].tag_store/bbstub_out[11][10]', since it is not currently connected to that net.
[2025-09-15 03:38:30] WARNING: [Netlist 29-66] Cannot disconnect pin/port 'design_1_i/firesim_wrapper_0/inst/bbstub_out[11][1]' from net 'design_1_i/firesim_wrapper_0/inst_n_1811', since it is not currently connected to that net.
[2025-09-15 03:38:30] WARNING: [Netlist 29-66] Cannot disconnect pin/port 'design_1_i/firesim_wrapper_0/inst/firesim_top/bbstub_out[11][1]' from net 'design_1_i/firesim_wrapper_0/inst/bbstub_out[11][1]', since it is not currently connected to that net.
[2025-09-15 03:38:30] WARNING: [Netlist 29-66] Cannot disconnect pin/port 'design_1_i/firesim_wrapper_0/inst/firesim_top/top/bbstub_out[11][1]' from net 'design_1_i/firesim_wrapper_0/inst/firesim_top/bbstub_out[11][1]', since it is not currently connected to that net.
[2025-09-15 03:38:30] WARNING: [Netlist 29-66] Cannot disconnect pin/port 'design_1_i/firesim_wrapper_0/inst/firesim_top/top/sim/bbstub_out[11][1]' from net 'design_1_i/firesim_wrapper_0/inst/firesim_top/top/bbstub_out[11][1]', since it is not currently connected to that net.
[2025-09-15 03:38:30] WARNING: [Netlist 29-66] Cannot disconnect pin/port 'design_1_i/firesim_wrapper_0/inst/firesim_top/top/sim/target/bbstub_out[11][1]' from net 'design_1_i/firesim_wrapper_0/inst/firesim_top/top/sim/bbstub_out[11][1]', since it is not currently connected to that net.
[2025-09-15 03:38:30] WARNING: [Netlist 29-66] Cannot disconnect pin/port 'design_1_i/firesim_wrapper_0/inst/firesim_top/top/sim/target/FireSim_/bbstub_out[11][1]' from net 'design_1_i/firesim_wrapper_0/inst/firesim_top/top/sim/target/bbstub_out[11][1]', since it is not currently connected to that net.
[2025-09-15 03:38:30] WARNING: [Netlist 29-66] Cannot disconnect pin/port 'design_1_i/firesim_wrapper_0/inst/firesim_top/top/sim/target/FireSim_/lazyModule/bbstub_out[11][1]' from net 'design_1_i/firesim_wrapper_0/inst/firesim_top/top/sim/target/FireSim_/bbstub_out[11][1]', since it is not currently connected to that net.
[2025-09-15 03:38:30] WARNING: [Netlist 29-66] Cannot disconnect pin/port 'design_1_i/firesim_wrapper_0/inst/firesim_top/top/sim/target/FireSim_/lazyModule/system/bbstub_out[11][1]' from net 'design_1_i/firesim_wrapper_0/inst/firesim_top/top/sim/target/FireSim_/lazyModule/bbstub_out[11][1]', since it is not currently connected to that net.
[2025-09-15 03:38:30] WARNING: [Netlist 29-66] Cannot disconnect pin/port 'design_1_i/firesim_wrapper_0/inst/firesim_top/top/sim/target/FireSim_/lazyModule/system/tile_prci_domain/bbstub_out[11][1]' from net 'design_1_i/firesim_wrapper_0/inst/firesim_top/top/sim/target/FireSim_/lazyModule/system/bbstub_out[11][1]', since it is not currently connected to that net.
[2025-09-15 03:38:30] WARNING: [Netlist 29-66] Cannot disconnect pin/port 'design_1_i/firesim_wrapper_0/inst/firesim_top/top/sim/target/FireSim_/lazyModule/system/tile_prci_domain/tile_reset_domain_vortexgpgpu_tile/bbstub_out[11][1]' from net 'design_1_i/firesim_wrapper_0/inst/firesim_top/top/sim/target/FireSim_/lazyModule/system/tile_prci_domain/bbstub_out[11][1]', since it is not currently connected to that net.
[2025-09-15 03:38:30] WARNING: [Netlist 29-66] Cannot disconnect pin/port 'design_1_i/firesim_wrapper_0/inst/firesim_top/top/sim/target/FireSim_/lazyModule/system/tile_prci_domain/tile_reset_domain_vortexgpgpu_tile/core/bbstub_out[11][1]' from net 'design_1_i/firesim_wrapper_0/inst/firesim_top/top/sim/target/FireSim_/lazyModule/system/tile_prci_domain/tile_reset_domain_vortexgpgpu_tile/bbstub_out[11][1]', since it is not currently connected to that net.
[2025-09-15 03:38:30] WARNING: [Netlist 29-66] Cannot disconnect pin/port 'design_1_i/firesim_wrapper_0/inst/firesim_top/top/sim/target/FireSim_/lazyModule/system/tile_prci_domain/tile_reset_domain_vortexgpgpu_tile/core/vortex_axi/bbstub_out[11][1]' from net 'design_1_i/firesim_wrapper_0/inst/firesim_top/top/sim/target/FireSim_/lazyModule/system/tile_prci_domain/tile_reset_domain_vortexgpgpu_tile/core/bbstub_out[11][1]', since it is not currently connected to that net.
[2025-09-15 03:38:30] WARNING: [Netlist 29-66] Cannot disconnect pin/port 'design_1_i/firesim_wrapper_0/inst/firesim_top/top/sim/target/FireSim_/lazyModule/system/tile_prci_domain/tile_reset_domain_vortexgpgpu_tile/core/vortex_axi/vortex/bbstub_out[11][1]' from net 'design_1_i/firesim_wrapper_0/inst/firesim_top/top/sim/target/FireSim_/lazyModule/system/tile_prci_domain/tile_reset_domain_vortexgpgpu_tile/core/vortex_axi/bbstub_out[11][1]', since it is not currently connected to that net.
[2025-09-15 03:38:30] WARNING: [Netlist 29-66] Cannot disconnect pin/port 'design_1_i/firesim_wrapper_0/inst/firesim_top/top/sim/target/FireSim_/lazyModule/system/tile_prci_domain/tile_reset_domain_vortexgpgpu_tile/core/vortex_axi/vortex/g_clusters[0].cluster/bbstub_out[11][1]' from net 'design_1_i/firesim_wrapper_0/inst/firesim_top/top/sim/target/FireSim_/lazyModule/system/tile_prci_domain/tile_reset_domain_vortexgpgpu_tile/core/vortex_axi/vortex/bbstub_out[11][1]', since it is not currently connected to that net.
[2025-09-15 03:38:30] WARNING: [Netlist 29-66] Cannot disconnect pin/port 'design_1_i/firesim_wrapper_0/inst/firesim_top/top/sim/target/FireSim_/lazyModule/system/tile_prci_domain/tile_reset_domain_vortexgpgpu_tile/core/vortex_axi/vortex/g_clusters[0].cluster/l2cache/bbstub_out[11][1]' from net 'design_1_i/firesim_wrapper_0/inst/firesim_top/top/sim/target/FireSim_/lazyModule/system/tile_prci_domain/tile_reset_domain_vortexgpgpu_tile/core/vortex_axi/vortex/g_clusters[0].cluster/bbstub_out[11][1]', since it is not currently connected to that net.
[2025-09-15 03:38:30] WARNING: [Netlist 29-66] Cannot disconnect pin/port 'design_1_i/firesim_wrapper_0/inst/firesim_top/top/sim/target/FireSim_/lazyModule/system/tile_prci_domain/tile_reset_domain_vortexgpgpu_tile/core/vortex_axi/vortex/g_clusters[0].cluster/l2cache/g_cache.cache/bbstub_out[11][1]' from net 'design_1_i/firesim_wrapper_0/inst/firesim_top/top/sim/target/FireSim_/lazyModule/system/tile_prci_domain/tile_reset_domain_vortexgpgpu_tile/core/vortex_axi/vortex/g_clusters[0].cluster/l2cache/bbstub_out[11][1]', since it is not currently connected to that net.
[2025-09-15 03:38:30] WARNING: [Netlist 29-66] Cannot disconnect pin/port 'design_1_i/firesim_wrapper_0/inst/firesim_top/top/sim/target/FireSim_/lazyModule/system/tile_prci_domain/tile_reset_domain_vortexgpgpu_tile/core/vortex_axi/vortex/g_clusters[0].cluster/l2cache/g_cache.cache/g_banks[0].bank/bbstub_out[11][1]' from net 'design_1_i/firesim_wrapper_0/inst/firesim_top/top/sim/target/FireSim_/lazyModule/system/tile_prci_domain/tile_reset_domain_vortexgpgpu_tile/core/vortex_axi/vortex/g_clusters[0].cluster/l2cache/g_cache.cache/bbstub_out[11][1]', since it is not currently connected to that net.
[2025-09-15 03:38:30] WARNING: [Netlist 29-66] Cannot disconnect pin/port 'design_1_i/firesim_wrapper_0/inst/firesim_top/top/sim/target/FireSim_/lazyModule/system/tile_prci_domain/tile_reset_domain_vortexgpgpu_tile/core/vortex_axi/vortex/g_clusters[0].cluster/l2cache/g_cache.cache/g_banks[0].bank/cache_tags/bbstub_out[11][1]' from net 'design_1_i/firesim_wrapper_0/inst/firesim_top/top/sim/target/FireSim_/lazyModule/system/tile_prci_domain/tile_reset_domain_vortexgpgpu_tile/core/vortex_axi/vortex/g_clusters[0].cluster/l2cache/g_cache.cache/g_banks[0].bank/bbstub_out[11][1]', since it is not currently connected to that net.
[2025-09-15 03:38:30] WARNING: [Netlist 29-66] Cannot disconnect pin/port 'design_1_i/firesim_wrapper_0/inst/firesim_top/top/sim/target/FireSim_/lazyModule/system/tile_prci_domain/tile_reset_domain_vortexgpgpu_tile/core/vortex_axi/vortex/g_clusters[0].cluster/l2cache/g_cache.cache/g_banks[0].bank/cache_tags/g_tag_store[0].tag_store/bbstub_out[11][1]' from net 'design_1_i/firesim_wrapper_0/inst/firesim_top/top/sim/target/FireSim_/lazyModule/system/tile_prci_domain/tile_reset_domain_vortexgpgpu_tile/core/vortex_axi/vortex/g_clusters[0].cluster/l2cache/g_cache.cache/g_banks[0].bank/cache_tags/bbstub_out[11][1]', since it is not currently connected to that net.
[2025-09-15 03:38:30] WARNING: [Netlist 29-66] Cannot disconnect pin/port 'design_1_i/firesim_wrapper_0/inst/firesim_top/top/sim/target/FireSim_/lazyModule/system/tile_prci_domain/tile_reset_domain_vortexgpgpu_tile/core/vortex_axi/vortex/g_clusters[0].cluster/l2cache/g_cache.cache/g_banks[0].bank/cache_tags/g_tag_store[0].tag_store/g_async.g_bram.async_ram_patch/bbstub_out[11][1]' from net 'design_1_i/firesim_wrapper_0/inst/firesim_top/top/sim/target/FireSim_/lazyModule/system/tile_prci_domain/tile_reset_domain_vortexgpgpu_tile/core/vortex_axi/vortex/g_clusters[0].cluster/l2cache/g_cache.cache/g_banks[0].bank/cache_tags/g_tag_store[0].tag_store/bbstub_out[11][1]', since it is not currently connected to that net.
[2025-09-15 03:38:31] WARNING: [Netlist 29-66] Cannot disconnect pin/port 'design_1_i/firesim_wrapper_0/inst/bbstub_out[11][2]' from net 'design_1_i/firesim_wrapper_0/inst_n_1810', since it is not currently connected to that net.
[2025-09-15 03:38:31] WARNING: [Netlist 29-66] Cannot disconnect pin/port 'design_1_i/firesim_wrapper_0/inst/firesim_top/bbstub_out[11][2]' from net 'design_1_i/firesim_wrapper_0/inst/bbstub_out[11][2]', since it is not currently connected to that net.
[2025-09-15 03:38:31] WARNING: [Netlist 29-66] Cannot disconnect pin/port 'design_1_i/firesim_wrapper_0/inst/firesim_top/top/bbstub_out[11][2]' from net 'design_1_i/firesim_wrapper_0/inst/firesim_top/bbstub_out[11][2]', since it is not currently connected to that net.
[2025-09-15 03:38:31] WARNING: [Netlist 29-66] Cannot disconnect pin/port 'design_1_i/firesim_wrapper_0/inst/firesim_top/top/sim/bbstub_out[11][2]' from net 'design_1_i/firesim_wrapper_0/inst/firesim_top/top/bbstub_out[11][2]', since it is not currently connected to that net.
[2025-09-15 03:38:31] WARNING: [Netlist 29-66] Cannot disconnect pin/port 'design_1_i/firesim_wrapper_0/inst/firesim_top/top/sim/target/bbstub_out[11][2]' from net 'design_1_i/firesim_wrapper_0/inst/firesim_top/top/sim/bbstub_out[11][2]', since it is not currently connected to that net.
[2025-09-15 03:38:31] WARNING: [Netlist 29-66] Cannot disconnect pin/port 'design_1_i/firesim_wrapper_0/inst/firesim_top/top/sim/target/FireSim_/bbstub_out[11][2]' from net 'design_1_i/firesim_wrapper_0/inst/firesim_top/top/sim/target/bbstub_out[11][2]', since it is not currently connected to that net.
[2025-09-15 03:38:31] WARNING: [Netlist 29-66] Cannot disconnect pin/port 'design_1_i/firesim_wrapper_0/inst/firesim_top/top/sim/target/FireSim_/lazyModule/bbstub_out[11][2]' from net 'design_1_i/firesim_wrapper_0/inst/firesim_top/top/sim/target/FireSim_/bbstub_out[11][2]', since it is not currently connected to that net.
[2025-09-15 03:38:31] WARNING: [Netlist 29-66] Cannot disconnect pin/port 'design_1_i/firesim_wrapper_0/inst/firesim_top/top/sim/target/FireSim_/lazyModule/system/bbstub_out[11][2]' from net 'design_1_i/firesim_wrapper_0/inst/firesim_top/top/sim/target/FireSim_/lazyModule/bbstub_out[11][2]', since it is not currently connected to that net.
[2025-09-15 03:38:31] WARNING: [Netlist 29-66] Cannot disconnect pin/port 'design_1_i/firesim_wrapper_0/inst/firesim_top/top/sim/target/FireSim_/lazyModule/system/tile_prci_domain/bbstub_out[11][2]' from net 'design_1_i/firesim_wrapper_0/inst/firesim_top/top/sim/target/FireSim_/lazyModule/system/bbstub_out[11][2]', since it is not currently connected to that net.
[2025-09-15 03:38:31] WARNING: [Netlist 29-66] Cannot disconnect pin/port 'design_1_i/firesim_wrapper_0/inst/firesim_top/top/sim/target/FireSim_/lazyModule/system/tile_prci_domain/tile_reset_domain_vortexgpgpu_tile/bbstub_out[11][2]' from net 'design_1_i/firesim_wrapper_0/inst/firesim_top/top/sim/target/FireSim_/lazyModule/system/tile_prci_domain/bbstub_out[11][2]', since it is not currently connected to that net.
[2025-09-15 03:38:31] WARNING: [Netlist 29-66] Cannot disconnect pin/port 'design_1_i/firesim_wrapper_0/inst/firesim_top/top/sim/target/FireSim_/lazyModule/system/tile_prci_domain/tile_reset_domain_vortexgpgpu_tile/core/bbstub_out[11][2]' from net 'design_1_i/firesim_wrapper_0/inst/firesim_top/top/sim/target/FireSim_/lazyModule/system/tile_prci_domain/tile_reset_domain_vortexgpgpu_tile/bbstub_out[11][2]', since it is not currently connected to that net.
[2025-09-15 03:38:31] WARNING: [Netlist 29-66] Cannot disconnect pin/port 'design_1_i/firesim_wrapper_0/inst/firesim_top/top/sim/target/FireSim_/lazyModule/system/tile_prci_domain/tile_reset_domain_vortexgpgpu_tile/core/vortex_axi/bbstub_out[11][2]' from net 'design_1_i/firesim_wrapper_0/inst/firesim_top/top/sim/target/FireSim_/lazyModule/system/tile_prci_domain/tile_reset_domain_vortexgpgpu_tile/core/bbstub_out[11][2]', since it is not currently connected to that net.
[2025-09-15 03:38:31] WARNING: [Netlist 29-66] Cannot disconnect pin/port 'design_1_i/firesim_wrapper_0/inst/firesim_top/top/sim/target/FireSim_/lazyModule/system/tile_prci_domain/tile_reset_domain_vortexgpgpu_tile/core/vortex_axi/vortex/bbstub_out[11][2]' from net 'design_1_i/firesim_wrapper_0/inst/firesim_top/top/sim/target/FireSim_/lazyModule/system/tile_prci_domain/tile_reset_domain_vortexgpgpu_tile/core/vortex_axi/bbstub_out[11][2]', since it is not currently connected to that net.
[2025-09-15 03:38:31] WARNING: [Netlist 29-66] Cannot disconnect pin/port 'design_1_i/firesim_wrapper_0/inst/firesim_top/top/sim/target/FireSim_/lazyModule/system/tile_prci_domain/tile_reset_domain_vortexgpgpu_tile/core/vortex_axi/vortex/g_clusters[0].cluster/bbstub_out[11][2]' from net 'design_1_i/firesim_wrapper_0/inst/firesim_top/top/sim/target/FireSim_/lazyModule/system/tile_prci_domain/tile_reset_domain_vortexgpgpu_tile/core/vortex_axi/vortex/bbstub_out[11][2]', since it is not currently connected to that net.
[2025-09-15 03:38:31] WARNING: [Netlist 29-66] Cannot disconnect pin/port 'design_1_i/firesim_wrapper_0/inst/firesim_top/top/sim/target/FireSim_/lazyModule/system/tile_prci_domain/tile_reset_domain_vortexgpgpu_tile/core/vortex_axi/vortex/g_clusters[0].cluster/l2cache/bbstub_out[11][2]' from net 'design_1_i/firesim_wrapper_0/inst/firesim_top/top/sim/target/FireSim_/lazyModule/system/tile_prci_domain/tile_reset_domain_vortexgpgpu_tile/core/vortex_axi/vortex/g_clusters[0].cluster/bbstub_out[11][2]', since it is not currently connected to that net.
[2025-09-15 03:38:31] WARNING: [Netlist 29-66] Cannot disconnect pin/port 'design_1_i/firesim_wrapper_0/inst/firesim_top/top/sim/target/FireSim_/lazyModule/system/tile_prci_domain/tile_reset_domain_vortexgpgpu_tile/core/vortex_axi/vortex/g_clusters[0].cluster/l2cache/g_cache.cache/bbstub_out[11][2]' from net 'design_1_i/firesim_wrapper_0/inst/firesim_top/top/sim/target/FireSim_/lazyModule/system/tile_prci_domain/tile_reset_domain_vortexgpgpu_tile/core/vortex_axi/vortex/g_clusters[0].cluster/l2cache/bbstub_out[11][2]', since it is not currently connected to that net.
[2025-09-15 03:38:31] WARNING: [Netlist 29-66] Cannot disconnect pin/port 'design_1_i/firesim_wrapper_0/inst/firesim_top/top/sim/target/FireSim_/lazyModule/system/tile_prci_domain/tile_reset_domain_vortexgpgpu_tile/core/vortex_axi/vortex/g_clusters[0].cluster/l2cache/g_cache.cache/g_banks[0].bank/bbstub_out[11][2]' from net 'design_1_i/firesim_wrapper_0/inst/firesim_top/top/sim/target/FireSim_/lazyModule/system/tile_prci_domain/tile_reset_domain_vortexgpgpu_tile/core/vortex_axi/vortex/g_clusters[0].cluster/l2cache/g_cache.cache/bbstub_out[11][2]', since it is not currently connected to that net.
[2025-09-15 03:38:31] WARNING: [Netlist 29-66] Cannot disconnect pin/port 'design_1_i/firesim_wrapper_0/inst/firesim_top/top/sim/target/FireSim_/lazyModule/system/tile_prci_domain/tile_reset_domain_vortexgpgpu_tile/core/vortex_axi/vortex/g_clusters[0].cluster/l2cache/g_cache.cache/g_banks[0].bank/cache_tags/bbstub_out[11][2]' from net 'design_1_i/firesim_wrapper_0/inst/firesim_top/top/sim/target/FireSim_/lazyModule/system/tile_prci_domain/tile_reset_domain_vortexgpgpu_tile/core/vortex_axi/vortex/g_clusters[0].cluster/l2cache/g_cache.cache/g_banks[0].bank/bbstub_out[11][2]', since it is not currently connected to that net.
[2025-09-15 03:38:31] WARNING: [Netlist 29-66] Cannot disconnect pin/port 'design_1_i/firesim_wrapper_0/inst/firesim_top/top/sim/target/FireSim_/lazyModule/system/tile_prci_domain/tile_reset_domain_vortexgpgpu_tile/core/vortex_axi/vortex/g_clusters[0].cluster/l2cache/g_cache.cache/g_banks[0].bank/cache_tags/g_tag_store[0].tag_store/bbstub_out[11][2]' from net 'design_1_i/firesim_wrapper_0/inst/firesim_top/top/sim/target/FireSim_/lazyModule/system/tile_prci_domain/tile_reset_domain_vortexgpgpu_tile/core/vortex_axi/vortex/g_clusters[0].cluster/l2cache/g_cache.cache/g_banks[0].bank/cache_tags/bbstub_out[11][2]', since it is not currently connected to that net.
[2025-09-15 03:38:31] WARNING: [Netlist 29-66] Cannot disconnect pin/port 'design_1_i/firesim_wrapper_0/inst/firesim_top/top/sim/target/FireSim_/lazyModule/system/tile_prci_domain/tile_reset_domain_vortexgpgpu_tile/core/vortex_axi/vortex/g_clusters[0].cluster/l2cache/g_cache.cache/g_banks[0].bank/cache_tags/g_tag_store[0].tag_store/g_async.g_bram.async_ram_patch/bbstub_out[11][2]' from net 'design_1_i/firesim_wrapper_0/inst/firesim_top/top/sim/target/FireSim_/lazyModule/system/tile_prci_domain/tile_reset_domain_vortexgpgpu_tile/core/vortex_axi/vortex/g_clusters[0].cluster/l2cache/g_cache.cache/g_banks[0].bank/cache_tags/g_tag_store[0].tag_store/bbstub_out[11][2]', since it is not currently connected to that net.
[2025-09-15 03:38:31] WARNING: [Netlist 29-66] Cannot disconnect pin/port 'design_1_i/firesim_wrapper_0/inst/bbstub_out[11][3]' from net 'design_1_i/firesim_wrapper_0/inst_n_1809', since it is not currently connected to that net.
[2025-09-15 03:38:31] WARNING: [Netlist 29-66] Cannot disconnect pin/port 'design_1_i/firesim_wrapper_0/inst/firesim_top/bbstub_out[11][3]' from net 'design_1_i/firesim_wrapper_0/inst/bbstub_out[11][3]', since it is not currently connected to that net.
[2025-09-15 03:38:31] WARNING: [Netlist 29-66] Cannot disconnect pin/port 'design_1_i/firesim_wrapper_0/inst/firesim_top/top/bbstub_out[11][3]' from net 'design_1_i/firesim_wrapper_0/inst/firesim_top/bbstub_out[11][3]', since it is not currently connected to that net.
[2025-09-15 03:38:31] WARNING: [Netlist 29-66] Cannot disconnect pin/port 'design_1_i/firesim_wrapper_0/inst/firesim_top/top/sim/bbstub_out[11][3]' from net 'design_1_i/firesim_wrapper_0/inst/firesim_top/top/bbstub_out[11][3]', since it is not currently connected to that net.
[2025-09-15 03:38:31] WARNING: [Netlist 29-66] Cannot disconnect pin/port 'design_1_i/firesim_wrapper_0/inst/firesim_top/top/sim/target/bbstub_out[11][3]' from net 'design_1_i/firesim_wrapper_0/inst/firesim_top/top/sim/bbstub_out[11][3]', since it is not currently connected to that net.
[2025-09-15 03:38:31] WARNING: [Netlist 29-66] Cannot disconnect pin/port 'design_1_i/firesim_wrapper_0/inst/firesim_top/top/sim/target/FireSim_/bbstub_out[11][3]' from net 'design_1_i/firesim_wrapper_0/inst/firesim_top/top/sim/target/bbstub_out[11][3]', since it is not currently connected to that net.
[2025-09-15 03:38:31] WARNING: [Netlist 29-66] Cannot disconnect pin/port 'design_1_i/firesim_wrapper_0/inst/firesim_top/top/sim/target/FireSim_/lazyModule/bbstub_out[11][3]' from net 'design_1_i/firesim_wrapper_0/inst/firesim_top/top/sim/target/FireSim_/bbstub_out[11][3]', since it is not currently connected to that net.
[2025-09-15 03:38:31] WARNING: [Netlist 29-66] Cannot disconnect pin/port 'design_1_i/firesim_wrapper_0/inst/firesim_top/top/sim/target/FireSim_/lazyModule/system/bbstub_out[11][3]' from net 'design_1_i/firesim_wrapper_0/inst/firesim_top/top/sim/target/FireSim_/lazyModule/bbstub_out[11][3]', since it is not currently connected to that net.
[2025-09-15 03:38:31] WARNING: [Netlist 29-66] Cannot disconnect pin/port 'design_1_i/firesim_wrapper_0/inst/firesim_top/top/sim/target/FireSim_/lazyModule/system/tile_prci_domain/bbstub_out[11][3]' from net 'design_1_i/firesim_wrapper_0/inst/firesim_top/top/sim/target/FireSim_/lazyModule/system/bbstub_out[11][3]', since it is not currently connected to that net.
[2025-09-15 03:38:31] WARNING: [Netlist 29-66] Cannot disconnect pin/port 'design_1_i/firesim_wrapper_0/inst/firesim_top/top/sim/target/FireSim_/lazyModule/system/tile_prci_domain/tile_reset_domain_vortexgpgpu_tile/bbstub_out[11][3]' from net 'design_1_i/firesim_wrapper_0/inst/firesim_top/top/sim/target/FireSim_/lazyModule/system/tile_prci_domain/bbstub_out[11][3]', since it is not currently connected to that net.
[2025-09-15 03:38:31] WARNING: [Netlist 29-66] Cannot disconnect pin/port 'design_1_i/firesim_wrapper_0/inst/firesim_top/top/sim/target/FireSim_/lazyModule/system/tile_prci_domain/tile_reset_domain_vortexgpgpu_tile/core/bbstub_out[11][3]' from net 'design_1_i/firesim_wrapper_0/inst/firesim_top/top/sim/target/FireSim_/lazyModule/system/tile_prci_domain/tile_reset_domain_vortexgpgpu_tile/bbstub_out[11][3]', since it is not currently connected to that net.
[2025-09-15 03:38:31] WARNING: [Netlist 29-66] Cannot disconnect pin/port 'design_1_i/firesim_wrapper_0/inst/firesim_top/top/sim/target/FireSim_/lazyModule/system/tile_prci_domain/tile_reset_domain_vortexgpgpu_tile/core/vortex_axi/bbstub_out[11][3]' from net 'design_1_i/firesim_wrapper_0/inst/firesim_top/top/sim/target/FireSim_/lazyModule/system/tile_prci_domain/tile_reset_domain_vortexgpgpu_tile/core/bbstub_out[11][3]', since it is not currently connected to that net.
[2025-09-15 03:38:31] WARNING: [Netlist 29-66] Cannot disconnect pin/port 'design_1_i/firesim_wrapper_0/inst/firesim_top/top/sim/target/FireSim_/lazyModule/system/tile_prci_domain/tile_reset_domain_vortexgpgpu_tile/core/vortex_axi/vortex/bbstub_out[11][3]' from net 'design_1_i/firesim_wrapper_0/inst/firesim_top/top/sim/target/FireSim_/lazyModule/system/tile_prci_domain/tile_reset_domain_vortexgpgpu_tile/core/vortex_axi/bbstub_out[11][3]', since it is not currently connected to that net.
[2025-09-15 03:38:31] WARNING: [Netlist 29-66] Cannot disconnect pin/port 'design_1_i/firesim_wrapper_0/inst/firesim_top/top/sim/target/FireSim_/lazyModule/system/tile_prci_domain/tile_reset_domain_vortexgpgpu_tile/core/vortex_axi/vortex/g_clusters[0].cluster/bbstub_out[11][3]' from net 'design_1_i/firesim_wrapper_0/inst/firesim_top/top/sim/target/FireSim_/lazyModule/system/tile_prci_domain/tile_reset_domain_vortexgpgpu_tile/core/vortex_axi/vortex/bbstub_out[11][3]', since it is not currently connected to that net.
[2025-09-15 03:38:31] WARNING: [Netlist 29-66] Cannot disconnect pin/port 'design_1_i/firesim_wrapper_0/inst/firesim_top/top/sim/target/FireSim_/lazyModule/system/tile_prci_domain/tile_reset_domain_vortexgpgpu_tile/core/vortex_axi/vortex/g_clusters[0].cluster/l2cache/bbstub_out[11][3]' from net 'design_1_i/firesim_wrapper_0/inst/firesim_top/top/sim/target/FireSim_/lazyModule/system/tile_prci_domain/tile_reset_domain_vortexgpgpu_tile/core/vortex_axi/vortex/g_clusters[0].cluster/bbstub_out[11][3]', since it is not currently connected to that net.
[2025-09-15 03:38:31] WARNING: [Netlist 29-66] Cannot disconnect pin/port 'design_1_i/firesim_wrapper_0/inst/firesim_top/top/sim/target/FireSim_/lazyModule/system/tile_prci_domain/tile_reset_domain_vortexgpgpu_tile/core/vortex_axi/vortex/g_clusters[0].cluster/l2cache/g_cache.cache/bbstub_out[11][3]' from net 'design_1_i/firesim_wrapper_0/inst/firesim_top/top/sim/target/FireSim_/lazyModule/system/tile_prci_domain/tile_reset_domain_vortexgpgpu_tile/core/vortex_axi/vortex/g_clusters[0].cluster/l2cache/bbstub_out[11][3]', since it is not currently connected to that net.
[2025-09-15 03:38:31] WARNING: [Netlist 29-66] Cannot disconnect pin/port 'design_1_i/firesim_wrapper_0/inst/firesim_top/top/sim/target/FireSim_/lazyModule/system/tile_prci_domain/tile_reset_domain_vortexgpgpu_tile/core/vortex_axi/vortex/g_clusters[0].cluster/l2cache/g_cache.cache/g_banks[0].bank/bbstub_out[11][3]' from net 'design_1_i/firesim_wrapper_0/inst/firesim_top/top/sim/target/FireSim_/lazyModule/system/tile_prci_domain/tile_reset_domain_vortexgpgpu_tile/core/vortex_axi/vortex/g_clusters[0].cluster/l2cache/g_cache.cache/bbstub_out[11][3]', since it is not currently connected to that net.
[2025-09-15 03:38:31] WARNING: [Netlist 29-66] Cannot disconnect pin/port 'design_1_i/firesim_wrapper_0/inst/firesim_top/top/sim/target/FireSim_/lazyModule/system/tile_prci_domain/tile_reset_domain_vortexgpgpu_tile/core/vortex_axi/vortex/g_clusters[0].cluster/l2cache/g_cache.cache/g_banks[0].bank/cache_tags/bbstub_out[11][3]' from net 'design_1_i/firesim_wrapper_0/inst/firesim_top/top/sim/target/FireSim_/lazyModule/system/tile_prci_domain/tile_reset_domain_vortexgpgpu_tile/core/vortex_axi/vortex/g_clusters[0].cluster/l2cache/g_cache.cache/g_banks[0].bank/bbstub_out[11][3]', since it is not currently connected to that net.
[2025-09-15 03:38:31] WARNING: [Netlist 29-66] Cannot disconnect pin/port 'design_1_i/firesim_wrapper_0/inst/firesim_top/top/sim/target/FireSim_/lazyModule/system/tile_prci_domain/tile_reset_domain_vortexgpgpu_tile/core/vortex_axi/vortex/g_clusters[0].cluster/l2cache/g_cache.cache/g_banks[0].bank/cache_tags/g_tag_store[0].tag_store/bbstub_out[11][3]' from net 'design_1_i/firesim_wrapper_0/inst/firesim_top/top/sim/target/FireSim_/lazyModule/system/tile_prci_domain/tile_reset_domain_vortexgpgpu_tile/core/vortex_axi/vortex/g_clusters[0].cluster/l2cache/g_cache.cache/g_banks[0].bank/cache_tags/bbstub_out[11][3]', since it is not currently connected to that net.
[2025-09-15 03:38:31] WARNING: [Netlist 29-66] Cannot disconnect pin/port 'design_1_i/firesim_wrapper_0/inst/firesim_top/top/sim/target/FireSim_/lazyModule/system/tile_prci_domain/tile_reset_domain_vortexgpgpu_tile/core/vortex_axi/vortex/g_clusters[0].cluster/l2cache/g_cache.cache/g_banks[0].bank/cache_tags/g_tag_store[0].tag_store/g_async.g_bram.async_ram_patch/bbstub_out[11][3]' from net 'design_1_i/firesim_wrapper_0/inst/firesim_top/top/sim/target/FireSim_/lazyModule/system/tile_prci_domain/tile_reset_domain_vortexgpgpu_tile/core/vortex_axi/vortex/g_clusters[0].cluster/l2cache/g_cache.cache/g_banks[0].bank/cache_tags/g_tag_store[0].tag_store/bbstub_out[11][3]', since it is not currently connected to that net.
[2025-09-15 03:38:31] INFO: [Common 17-14] Message 'Netlist 29-66' appears 100 times and further instances of the messages will be disabled. Use the Tcl command set_msg_config to change the current settings.
[2025-09-15 03:38:31] INFO: Resolving asynchronous BRAM patch: 'design_1_i/firesim_wrapper_0/inst/firesim_top/top/sim/target/FireSim_/lazyModule/system/tile_prci_domain/tile_reset_domain_vortexgpgpu_tile/core/vortex_axi/vortex/g_clusters[0].cluster/l2cache/g_cache.cache/g_banks[0].bank/cache_tags/g_tag_store[1].tag_store/g_async.g_bram.async_ram_patch'.
[2025-09-15 03:38:31] get_nets: Time (s): cpu = 00:00:09 ; elapsed = 00:00:09 . Memory (MB): peak = 6344.023 ; gain = 0.000 ; free physical = 227045 ; free virtual = 235365
[2025-09-15 03:38:31] get_nets: Time (s): cpu = 00:00:08 ; elapsed = 00:00:08 . Memory (MB): peak = 6344.023 ; gain = 0.000 ; free physical = 227048 ; free virtual = 235367
[2025-09-15 03:38:31] get_nets: Time (s): cpu = 00:00:08 ; elapsed = 00:00:09 . Memory (MB): peak = 6344.023 ; gain = 0.000 ; free physical = 227048 ; free virtual = 235368
[2025-09-15 03:38:31] get_nets: Time (s): cpu = 00:00:09 ; elapsed = 00:00:09 . Memory (MB): peak = 6344.023 ; gain = 0.000 ; free physical = 227050 ; free virtual = 235369
[2025-09-15 03:38:31] get_nets: Time (s): cpu = 00:00:08 ; elapsed = 00:00:08 . Memory (MB): peak = 6344.023 ; gain = 0.000 ; free physical = 227050 ; free virtual = 235369
[2025-09-15 03:38:31] get_nets: Time (s): cpu = 00:00:08 ; elapsed = 00:00:09 . Memory (MB): peak = 6344.023 ; gain = 0.000 ; free physical = 227050 ; free virtual = 235369
[2025-09-15 03:38:31] get_nets: Time (s): cpu = 00:00:09 ; elapsed = 00:00:09 . Memory (MB): peak = 6344.023 ; gain = 0.000 ; free physical = 227050 ; free virtual = 235369
[2025-09-15 03:38:31] get_nets: Time (s): cpu = 00:00:09 ; elapsed = 00:00:09 . Memory (MB): peak = 6344.023 ; gain = 0.000 ; free physical = 227050 ; free virtual = 235369
[2025-09-15 03:38:31] get_nets: Time (s): cpu = 00:00:08 ; elapsed = 00:00:09 . Memory (MB): peak = 6344.023 ; gain = 0.000 ; free physical = 227050 ; free virtual = 235369
[2025-09-15 03:38:31] get_nets: Time (s): cpu = 00:00:08 ; elapsed = 00:00:08 . Memory (MB): peak = 6344.023 ; gain = 0.000 ; free physical = 227049 ; free virtual = 235368
[2025-09-15 03:38:31] get_nets: Time (s): cpu = 00:00:08 ; elapsed = 00:00:09 . Memory (MB): peak = 6344.023 ; gain = 0.000 ; free physical = 227050 ; free virtual = 235369
[2025-09-15 03:38:31] get_nets: Time (s): cpu = 00:00:08 ; elapsed = 00:00:09 . Memory (MB): peak = 6344.023 ; gain = 0.000 ; free physical = 227050 ; free virtual = 235370
[2025-09-15 03:38:31] get_nets: Time (s): cpu = 00:00:09 ; elapsed = 00:00:09 . Memory (MB): peak = 6344.023 ; gain = 0.000 ; free physical = 227050 ; free virtual = 235370
[2025-09-15 03:38:31] get_nets: Time (s): cpu = 00:00:09 ; elapsed = 00:00:09 . Memory (MB): peak = 6344.023 ; gain = 0.000 ; free physical = 227052 ; free virtual = 235372
[2025-09-15 03:38:31] get_nets: Time (s): cpu = 00:00:08 ; elapsed = 00:00:09 . Memory (MB): peak = 6344.023 ; gain = 0.000 ; free physical = 227053 ; free virtual = 235372
[2025-09-15 03:38:31] INFO: Resolving asynchronous BRAM patch: 'design_1_i/firesim_wrapper_0/inst/firesim_top/top/sim/target/FireSim_/lazyModule/system/tile_prci_domain/tile_reset_domain_vortexgpgpu_tile/core/vortex_axi/vortex/g_clusters[0].cluster/l2cache/g_cache.cache/g_banks[0].bank/cache_tags/g_tag_store[2].tag_store/g_async.g_bram.async_ram_patch'.
[2025-09-15 03:38:31] get_nets: Time (s): cpu = 00:00:09 ; elapsed = 00:00:09 . Memory (MB): peak = 6344.023 ; gain = 0.000 ; free physical = 227049 ; free virtual = 235368
[2025-09-15 03:38:31] get_nets: Time (s): cpu = 00:00:08 ; elapsed = 00:00:08 . Memory (MB): peak = 6344.023 ; gain = 0.000 ; free physical = 227058 ; free virtual = 235378
[2025-09-15 03:38:31] get_nets: Time (s): cpu = 00:00:08 ; elapsed = 00:00:08 . Memory (MB): peak = 6344.023 ; gain = 0.000 ; free physical = 227060 ; free virtual = 235380
[2025-09-15 03:38:31] get_nets: Time (s): cpu = 00:00:08 ; elapsed = 00:00:09 . Memory (MB): peak = 6344.023 ; gain = 0.000 ; free physical = 227061 ; free virtual = 235381
[2025-09-15 03:38:31] get_nets: Time (s): cpu = 00:00:08 ; elapsed = 00:00:09 . Memory (MB): peak = 6344.023 ; gain = 0.000 ; free physical = 227061 ; free virtual = 235380
[2025-09-15 03:38:31] get_nets: Time (s): cpu = 00:00:09 ; elapsed = 00:00:09 . Memory (MB): peak = 6344.023 ; gain = 0.000 ; free physical = 227061 ; free virtual = 235380
[2025-09-15 03:38:31] get_nets: Time (s): cpu = 00:00:08 ; elapsed = 00:00:09 . Memory (MB): peak = 6344.023 ; gain = 0.000 ; free physical = 227061 ; free virtual = 235380
[2025-09-15 03:38:31] get_nets: Time (s): cpu = 00:00:08 ; elapsed = 00:00:09 . Memory (MB): peak = 6344.023 ; gain = 0.000 ; free physical = 227061 ; free virtual = 235380
[2025-09-15 03:38:31] get_nets: Time (s): cpu = 00:00:09 ; elapsed = 00:00:09 . Memory (MB): peak = 6344.023 ; gain = 0.000 ; free physical = 227066 ; free virtual = 235385
[2025-09-15 03:38:31] get_nets: Time (s): cpu = 00:00:08 ; elapsed = 00:00:09 . Memory (MB): peak = 6344.023 ; gain = 0.000 ; free physical = 227070 ; free virtual = 235389
[2025-09-15 03:38:31] get_nets: Time (s): cpu = 00:00:08 ; elapsed = 00:00:09 . Memory (MB): peak = 6344.023 ; gain = 0.000 ; free physical = 227071 ; free virtual = 235390
[2025-09-15 03:38:31] get_nets: Time (s): cpu = 00:00:08 ; elapsed = 00:00:08 . Memory (MB): peak = 6344.023 ; gain = 0.000 ; free physical = 227071 ; free virtual = 235390
[2025-09-15 03:38:31] get_nets: Time (s): cpu = 00:00:08 ; elapsed = 00:00:09 . Memory (MB): peak = 6344.023 ; gain = 0.000 ; free physical = 227071 ; free virtual = 235390
[2025-09-15 03:38:31] get_nets: Time (s): cpu = 00:00:09 ; elapsed = 00:00:09 . Memory (MB): peak = 6344.023 ; gain = 0.000 ; free physical = 227070 ; free virtual = 235389
[2025-09-15 03:38:31] get_nets: Time (s): cpu = 00:00:09 ; elapsed = 00:00:09 . Memory (MB): peak = 6344.023 ; gain = 0.000 ; free physical = 227071 ; free virtual = 235390
[2025-09-15 03:38:31] INFO: Resolving asynchronous BRAM patch: 'design_1_i/firesim_wrapper_0/inst/firesim_top/top/sim/target/FireSim_/lazyModule/system/tile_prci_domain/tile_reset_domain_vortexgpgpu_tile/core/vortex_axi/vortex/g_clusters[0].cluster/l2cache/g_cache.cache/g_banks[0].bank/cache_tags/g_tag_store[3].tag_store/g_async.g_bram.async_ram_patch'.
[2025-09-15 03:38:31] get_nets: Time (s): cpu = 00:00:08 ; elapsed = 00:00:08 . Memory (MB): peak = 6344.023 ; gain = 0.000 ; free physical = 227073 ; free virtual = 235392
[2025-09-15 03:38:31] get_nets: Time (s): cpu = 00:00:09 ; elapsed = 00:00:09 . Memory (MB): peak = 6344.023 ; gain = 0.000 ; free physical = 227101 ; free virtual = 235420
[2025-09-15 03:38:31] get_nets: Time (s): cpu = 00:00:08 ; elapsed = 00:00:09 . Memory (MB): peak = 6344.023 ; gain = 0.000 ; free physical = 227101 ; free virtual = 235420
[2025-09-15 03:38:31] get_nets: Time (s): cpu = 00:00:08 ; elapsed = 00:00:09 . Memory (MB): peak = 6344.023 ; gain = 0.000 ; free physical = 227101 ; free virtual = 235421
[2025-09-15 03:38:31] get_nets: Time (s): cpu = 00:00:09 ; elapsed = 00:00:09 . Memory (MB): peak = 6344.023 ; gain = 0.000 ; free physical = 227101 ; free virtual = 235421
[2025-09-15 03:38:31] get_nets: Time (s): cpu = 00:00:09 ; elapsed = 00:00:09 . Memory (MB): peak = 6344.023 ; gain = 0.000 ; free physical = 227102 ; free virtual = 235421
[2025-09-15 03:38:31] get_nets: Time (s): cpu = 00:00:08 ; elapsed = 00:00:09 . Memory (MB): peak = 6344.023 ; gain = 0.000 ; free physical = 227101 ; free virtual = 235421
[2025-09-15 03:38:31] get_nets: Time (s): cpu = 00:00:08 ; elapsed = 00:00:09 . Memory (MB): peak = 6344.023 ; gain = 0.000 ; free physical = 227106 ; free virtual = 235426
[2025-09-15 03:38:31] get_nets: Time (s): cpu = 00:00:08 ; elapsed = 00:00:09 . Memory (MB): peak = 6344.023 ; gain = 0.000 ; free physical = 227108 ; free virtual = 235428
[2025-09-15 03:38:31] get_nets: Time (s): cpu = 00:00:08 ; elapsed = 00:00:08 . Memory (MB): peak = 6344.023 ; gain = 0.000 ; free physical = 227108 ; free virtual = 235427
[2025-09-15 03:38:31] get_nets: Time (s): cpu = 00:00:08 ; elapsed = 00:00:09 . Memory (MB): peak = 6344.023 ; gain = 0.000 ; free physical = 227109 ; free virtual = 235428
[2025-09-15 03:38:31] get_nets: Time (s): cpu = 00:00:08 ; elapsed = 00:00:09 . Memory (MB): peak = 6344.023 ; gain = 0.000 ; free physical = 227112 ; free virtual = 235431
[2025-09-15 03:38:31] get_nets: Time (s): cpu = 00:00:08 ; elapsed = 00:00:08 . Memory (MB): peak = 6344.023 ; gain = 0.000 ; free physical = 227114 ; free virtual = 235434
[2025-09-15 03:38:31] get_nets: Time (s): cpu = 00:00:08 ; elapsed = 00:00:09 . Memory (MB): peak = 6344.023 ; gain = 0.000 ; free physical = 227115 ; free virtual = 235435
[2025-09-15 03:38:31] get_nets: Time (s): cpu = 00:00:08 ; elapsed = 00:00:08 . Memory (MB): peak = 6344.023 ; gain = 0.000 ; free physical = 227116 ; free virtual = 235435
[2025-09-15 03:38:31] INFO: Resolving asynchronous BRAM patch: 'design_1_i/firesim_wrapper_0/inst/firesim_top/top/sim/target/FireSim_/lazyModule/system/tile_prci_domain/tile_reset_domain_vortexgpgpu_tile/core/vortex_axi/vortex/g_clusters[0].cluster/l2cache/g_cache.cache/g_banks[0].bank/cache_tags/g_tag_store[4].tag_store/g_async.g_bram.async_ram_patch'.
[2025-09-15 03:38:31] get_nets: Time (s): cpu = 00:00:08 ; elapsed = 00:00:09 . Memory (MB): peak = 6344.023 ; gain = 0.000 ; free physical = 227100 ; free virtual = 235419
[2025-09-15 03:38:31] get_nets: Time (s): cpu = 00:00:08 ; elapsed = 00:00:09 . Memory (MB): peak = 6344.023 ; gain = 0.000 ; free physical = 227103 ; free virtual = 235423
[2025-09-15 03:38:31] get_nets: Time (s): cpu = 00:00:09 ; elapsed = 00:00:09 . Memory (MB): peak = 6344.023 ; gain = 0.000 ; free physical = 227103 ; free virtual = 235422
[2025-09-15 03:38:31] get_nets: Time (s): cpu = 00:00:08 ; elapsed = 00:00:09 . Memory (MB): peak = 6344.023 ; gain = 0.000 ; free physical = 227104 ; free virtual = 235423
[2025-09-15 03:38:31] get_nets: Time (s): cpu = 00:00:08 ; elapsed = 00:00:08 . Memory (MB): peak = 6344.023 ; gain = 0.000 ; free physical = 227104 ; free virtual = 235423
[2025-09-15 03:38:31] get_nets: Time (s): cpu = 00:00:08 ; elapsed = 00:00:09 . Memory (MB): peak = 6344.023 ; gain = 0.000 ; free physical = 227108 ; free virtual = 235428
[2025-09-15 03:38:31] get_nets: Time (s): cpu = 00:00:08 ; elapsed = 00:00:08 . Memory (MB): peak = 6344.023 ; gain = 0.000 ; free physical = 227107 ; free virtual = 235427
[2025-09-15 03:38:31] get_nets: Time (s): cpu = 00:00:08 ; elapsed = 00:00:08 . Memory (MB): peak = 6344.023 ; gain = 0.000 ; free physical = 227111 ; free virtual = 235430
[2025-09-15 03:38:31] get_nets: Time (s): cpu = 00:00:08 ; elapsed = 00:00:09 . Memory (MB): peak = 6344.023 ; gain = 0.000 ; free physical = 227110 ; free virtual = 235430
[2025-09-15 03:38:31] get_nets: Time (s): cpu = 00:00:08 ; elapsed = 00:00:09 . Memory (MB): peak = 6344.023 ; gain = 0.000 ; free physical = 227111 ; free virtual = 235430
[2025-09-15 03:38:31] get_nets: Time (s): cpu = 00:00:08 ; elapsed = 00:00:09 . Memory (MB): peak = 6344.023 ; gain = 0.000 ; free physical = 227111 ; free virtual = 235430
[2025-09-15 03:38:31] get_nets: Time (s): cpu = 00:00:08 ; elapsed = 00:00:09 . Memory (MB): peak = 6344.023 ; gain = 0.000 ; free physical = 227111 ; free virtual = 235431
[2025-09-15 03:38:31] get_nets: Time (s): cpu = 00:00:08 ; elapsed = 00:00:09 . Memory (MB): peak = 6344.023 ; gain = 0.000 ; free physical = 227113 ; free virtual = 235432
[2025-09-15 03:38:31] get_nets: Time (s): cpu = 00:00:08 ; elapsed = 00:00:09 . Memory (MB): peak = 6344.023 ; gain = 0.000 ; free physical = 227115 ; free virtual = 235435
[2025-09-15 03:38:31] get_nets: Time (s): cpu = 00:00:08 ; elapsed = 00:00:09 . Memory (MB): peak = 6344.023 ; gain = 0.000 ; free physical = 227115 ; free virtual = 235434
[2025-09-15 03:38:31] INFO: Resolving asynchronous BRAM patch: 'design_1_i/firesim_wrapper_0/inst/firesim_top/top/sim/target/FireSim_/lazyModule/system/tile_prci_domain/tile_reset_domain_vortexgpgpu_tile/core/vortex_axi/vortex/g_clusters[0].cluster/l2cache/g_cache.cache/g_banks[0].bank/cache_tags/g_tag_store[5].tag_store/g_async.g_bram.async_ram_patch'.
[2025-09-15 03:38:31] get_nets: Time (s): cpu = 00:00:08 ; elapsed = 00:00:08 . Memory (MB): peak = 6344.023 ; gain = 0.000 ; free physical = 227113 ; free virtual = 235433
[2025-09-15 03:38:31] get_nets: Time (s): cpu = 00:00:08 ; elapsed = 00:00:08 . Memory (MB): peak = 6344.023 ; gain = 0.000 ; free physical = 227116 ; free virtual = 235435
[2025-09-15 03:38:31] get_nets: Time (s): cpu = 00:00:08 ; elapsed = 00:00:08 . Memory (MB): peak = 6344.023 ; gain = 0.000 ; free physical = 227117 ; free virtual = 235436
[2025-09-15 03:38:31] get_nets: Time (s): cpu = 00:00:08 ; elapsed = 00:00:08 . Memory (MB): peak = 6344.023 ; gain = 0.000 ; free physical = 227117 ; free virtual = 235436
[2025-09-15 03:38:31] get_nets: Time (s): cpu = 00:00:08 ; elapsed = 00:00:08 . Memory (MB): peak = 6344.023 ; gain = 0.000 ; free physical = 227120 ; free virtual = 235440
[2025-09-15 03:38:31] get_nets: Time (s): cpu = 00:00:08 ; elapsed = 00:00:08 . Memory (MB): peak = 6344.023 ; gain = 0.000 ; free physical = 227123 ; free virtual = 235442
[2025-09-15 03:38:31] get_nets: Time (s): cpu = 00:00:08 ; elapsed = 00:00:08 . Memory (MB): peak = 6344.023 ; gain = 0.000 ; free physical = 227125 ; free virtual = 235444
[2025-09-15 03:38:31] get_nets: Time (s): cpu = 00:00:08 ; elapsed = 00:00:09 . Memory (MB): peak = 6344.023 ; gain = 0.000 ; free physical = 227128 ; free virtual = 235447
[2025-09-15 03:38:31] get_nets: Time (s): cpu = 00:00:08 ; elapsed = 00:00:08 . Memory (MB): peak = 6344.023 ; gain = 0.000 ; free physical = 227127 ; free virtual = 235446
[2025-09-15 03:38:31] get_nets: Time (s): cpu = 00:00:09 ; elapsed = 00:00:09 . Memory (MB): peak = 6344.023 ; gain = 0.000 ; free physical = 227128 ; free virtual = 235447
[2025-09-15 03:38:31] get_nets: Time (s): cpu = 00:00:09 ; elapsed = 00:00:09 . Memory (MB): peak = 6344.023 ; gain = 0.000 ; free physical = 227128 ; free virtual = 235447
[2025-09-15 03:38:31] get_nets: Time (s): cpu = 00:00:09 ; elapsed = 00:00:09 . Memory (MB): peak = 6344.023 ; gain = 0.000 ; free physical = 227128 ; free virtual = 235447
[2025-09-15 03:38:31] get_nets: Time (s): cpu = 00:00:08 ; elapsed = 00:00:08 . Memory (MB): peak = 6344.023 ; gain = 0.000 ; free physical = 227134 ; free virtual = 235454
[2025-09-15 03:38:31] get_nets: Time (s): cpu = 00:00:08 ; elapsed = 00:00:09 . Memory (MB): peak = 6344.023 ; gain = 0.000 ; free physical = 227143 ; free virtual = 235462
[2025-09-15 03:38:31] get_nets: Time (s): cpu = 00:00:08 ; elapsed = 00:00:08 . Memory (MB): peak = 6344.023 ; gain = 0.000 ; free physical = 227185 ; free virtual = 235504
[2025-09-15 03:38:31] INFO: Resolving asynchronous BRAM patch: 'design_1_i/firesim_wrapper_0/inst/firesim_top/top/sim/target/FireSim_/lazyModule/system/tile_prci_domain/tile_reset_domain_vortexgpgpu_tile/core/vortex_axi/vortex/g_clusters[0].cluster/l2cache/g_cache.cache/g_banks[0].bank/cache_tags/g_tag_store[6].tag_store/g_async.g_bram.async_ram_patch'.
[2025-09-15 03:38:31] get_nets: Time (s): cpu = 00:00:08 ; elapsed = 00:00:09 . Memory (MB): peak = 6344.023 ; gain = 0.000 ; free physical = 227227 ; free virtual = 235499
[2025-09-15 03:38:31] get_nets: Time (s): cpu = 00:00:08 ; elapsed = 00:00:08 . Memory (MB): peak = 6344.023 ; gain = 0.000 ; free physical = 227251 ; free virtual = 235523
[2025-09-15 03:38:31] get_nets: Time (s): cpu = 00:00:08 ; elapsed = 00:00:08 . Memory (MB): peak = 6344.023 ; gain = 0.000 ; free physical = 227249 ; free virtual = 235521
[2025-09-15 03:38:31] get_nets: Time (s): cpu = 00:00:08 ; elapsed = 00:00:09 . Memory (MB): peak = 6344.023 ; gain = 0.000 ; free physical = 227250 ; free virtual = 235522
[2025-09-15 03:38:31] get_nets: Time (s): cpu = 00:00:08 ; elapsed = 00:00:08 . Memory (MB): peak = 6344.023 ; gain = 0.000 ; free physical = 227250 ; free virtual = 235522
[2025-09-15 03:38:31] get_nets: Time (s): cpu = 00:00:08 ; elapsed = 00:00:09 . Memory (MB): peak = 6344.023 ; gain = 0.000 ; free physical = 227250 ; free virtual = 235523
[2025-09-15 03:38:31] get_nets: Time (s): cpu = 00:00:08 ; elapsed = 00:00:08 . Memory (MB): peak = 6344.023 ; gain = 0.000 ; free physical = 227250 ; free virtual = 235523
[2025-09-15 03:38:31] get_nets: Time (s): cpu = 00:00:09 ; elapsed = 00:00:09 . Memory (MB): peak = 6344.023 ; gain = 0.000 ; free physical = 227251 ; free virtual = 235523
[2025-09-15 03:38:31] get_nets: Time (s): cpu = 00:00:08 ; elapsed = 00:00:09 . Memory (MB): peak = 6344.023 ; gain = 0.000 ; free physical = 227250 ; free virtual = 235523
[2025-09-15 03:38:31] get_nets: Time (s): cpu = 00:00:08 ; elapsed = 00:00:09 . Memory (MB): peak = 6344.023 ; gain = 0.000 ; free physical = 227251 ; free virtual = 235523
[2025-09-15 03:38:31] get_nets: Time (s): cpu = 00:00:09 ; elapsed = 00:00:09 . Memory (MB): peak = 6344.023 ; gain = 0.000 ; free physical = 227251 ; free virtual = 235524
[2025-09-15 03:38:31] get_nets: Time (s): cpu = 00:00:09 ; elapsed = 00:00:09 . Memory (MB): peak = 6344.023 ; gain = 0.000 ; free physical = 227252 ; free virtual = 235524
[2025-09-15 03:38:31] get_nets: Time (s): cpu = 00:00:09 ; elapsed = 00:00:09 . Memory (MB): peak = 6344.023 ; gain = 0.000 ; free physical = 227251 ; free virtual = 235524
[2025-09-15 03:38:31] get_nets: Time (s): cpu = 00:00:08 ; elapsed = 00:00:09 . Memory (MB): peak = 6344.023 ; gain = 0.000 ; free physical = 227245 ; free virtual = 235518
[2025-09-15 03:38:31] get_nets: Time (s): cpu = 00:00:08 ; elapsed = 00:00:08 . Memory (MB): peak = 6344.023 ; gain = 0.000 ; free physical = 227245 ; free virtual = 235518
[2025-09-15 03:38:31] INFO: Resolving asynchronous BRAM patch: 'design_1_i/firesim_wrapper_0/inst/firesim_top/top/sim/target/FireSim_/lazyModule/system/tile_prci_domain/tile_reset_domain_vortexgpgpu_tile/core/vortex_axi/vortex/g_clusters[0].cluster/l2cache/g_cache.cache/g_banks[0].bank/cache_tags/g_tag_store[7].tag_store/g_async.g_bram.async_ram_patch'.
[2025-09-15 03:38:31] get_nets: Time (s): cpu = 00:00:08 ; elapsed = 00:00:09 . Memory (MB): peak = 6344.023 ; gain = 0.000 ; free physical = 227221 ; free virtual = 235493
[2025-09-15 03:38:31] get_nets: Time (s): cpu = 00:00:08 ; elapsed = 00:00:09 . Memory (MB): peak = 6344.023 ; gain = 0.000 ; free physical = 227224 ; free virtual = 235496
[2025-09-15 03:38:31] get_nets: Time (s): cpu = 00:00:09 ; elapsed = 00:00:09 . Memory (MB): peak = 6344.023 ; gain = 0.000 ; free physical = 227224 ; free virtual = 235496
[2025-09-15 03:38:31] get_nets: Time (s): cpu = 00:00:09 ; elapsed = 00:00:09 . Memory (MB): peak = 6344.023 ; gain = 0.000 ; free physical = 227224 ; free virtual = 235496
[2025-09-15 03:38:31] get_nets: Time (s): cpu = 00:00:08 ; elapsed = 00:00:08 . Memory (MB): peak = 6344.023 ; gain = 0.000 ; free physical = 227224 ; free virtual = 235496
[2025-09-15 03:38:31] get_nets: Time (s): cpu = 00:00:09 ; elapsed = 00:00:09 . Memory (MB): peak = 6344.023 ; gain = 0.000 ; free physical = 227224 ; free virtual = 235496
[2025-09-15 03:38:31] get_nets: Time (s): cpu = 00:00:08 ; elapsed = 00:00:09 . Memory (MB): peak = 6344.023 ; gain = 0.000 ; free physical = 227224 ; free virtual = 235496
[2025-09-15 03:38:31] get_nets: Time (s): cpu = 00:00:08 ; elapsed = 00:00:09 . Memory (MB): peak = 6344.023 ; gain = 0.000 ; free physical = 227224 ; free virtual = 235496
[2025-09-15 03:38:31] get_nets: Time (s): cpu = 00:00:09 ; elapsed = 00:00:09 . Memory (MB): peak = 6344.023 ; gain = 0.000 ; free physical = 227223 ; free virtual = 235495
[2025-09-15 03:38:31] get_nets: Time (s): cpu = 00:00:08 ; elapsed = 00:00:09 . Memory (MB): peak = 6344.023 ; gain = 0.000 ; free physical = 227224 ; free virtual = 235496
[2025-09-15 03:38:31] get_nets: Time (s): cpu = 00:00:08 ; elapsed = 00:00:09 . Memory (MB): peak = 6344.023 ; gain = 0.000 ; free physical = 227224 ; free virtual = 235496
[2025-09-15 03:38:31] get_nets: Time (s): cpu = 00:00:09 ; elapsed = 00:00:09 . Memory (MB): peak = 6344.023 ; gain = 0.000 ; free physical = 227224 ; free virtual = 235496
[2025-09-15 03:38:31] get_nets: Time (s): cpu = 00:00:08 ; elapsed = 00:00:09 . Memory (MB): peak = 6344.023 ; gain = 0.000 ; free physical = 227224 ; free virtual = 235496
[2025-09-15 03:38:31] get_nets: Time (s): cpu = 00:00:08 ; elapsed = 00:00:09 . Memory (MB): peak = 6344.023 ; gain = 0.000 ; free physical = 227225 ; free virtual = 235497
[2025-09-15 03:38:31] get_nets: Time (s): cpu = 00:00:08 ; elapsed = 00:00:08 . Memory (MB): peak = 6344.023 ; gain = 0.000 ; free physical = 227224 ; free virtual = 235496
[2025-09-15 03:38:31] INFO: Resolving asynchronous BRAM patch: 'design_1_i/firesim_wrapper_0/inst/firesim_top/top/sim/target/FireSim_/lazyModule/system/tile_prci_domain/tile_reset_domain_vortexgpgpu_tile/core/vortex_axi/vortex/g_clusters[0].cluster/l2cache/g_cache.cache/g_banks[0].bank/mem_req_queue/g_depth_n.dp_ram/g_async.g_bram.async_ram_patch'.
[2025-09-15 03:38:31] get_nets: Time (s): cpu = 00:00:08 ; elapsed = 00:00:09 . Memory (MB): peak = 6344.023 ; gain = 0.000 ; free physical = 227221 ; free virtual = 235493
[2025-09-15 03:38:31] get_nets: Time (s): cpu = 00:00:08 ; elapsed = 00:00:08 . Memory (MB): peak = 6344.023 ; gain = 0.000 ; free physical = 227244 ; free virtual = 235516
[2025-09-15 03:38:31] get_nets: Time (s): cpu = 00:00:08 ; elapsed = 00:00:08 . Memory (MB): peak = 6344.023 ; gain = 0.000 ; free physical = 227245 ; free virtual = 235517
[2025-09-15 03:38:31] get_nets: Time (s): cpu = 00:00:09 ; elapsed = 00:00:09 . Memory (MB): peak = 6344.023 ; gain = 0.000 ; free physical = 227245 ; free virtual = 235517
[2025-09-15 03:38:31] get_nets: Time (s): cpu = 00:00:08 ; elapsed = 00:00:09 . Memory (MB): peak = 6344.023 ; gain = 0.000 ; free physical = 227245 ; free virtual = 235517
[2025-09-15 03:38:31] get_nets: Time (s): cpu = 00:00:08 ; elapsed = 00:00:09 . Memory (MB): peak = 6344.023 ; gain = 0.000 ; free physical = 227245 ; free virtual = 235517
[2025-09-15 03:38:31] INFO: Resolving asynchronous BRAM patch: 'design_1_i/firesim_wrapper_0/inst/firesim_top/top/sim/target/FireSim_/lazyModule/system/tile_prci_domain/tile_reset_domain_vortexgpgpu_tile/core/vortex_axi/vortex/g_clusters[0].cluster/l2cache/g_cache.cache/g_mem_rsp_queue[0].mem_rsp_queue/g_ebN.fifo_queue/g_depth_n.dp_ram/g_async.g_bram.async_ram_patch'.
[2025-09-15 03:38:31] get_nets: Time (s): cpu = 00:00:08 ; elapsed = 00:00:09 . Memory (MB): peak = 6344.023 ; gain = 0.000 ; free physical = 227221 ; free virtual = 235493
[2025-09-15 03:38:31] get_nets: Time (s): cpu = 00:00:08 ; elapsed = 00:00:08 . Memory (MB): peak = 6344.023 ; gain = 0.000 ; free physical = 227244 ; free virtual = 235516
[2025-09-15 03:38:31] get_nets: Time (s): cpu = 00:00:08 ; elapsed = 00:00:09 . Memory (MB): peak = 6344.023 ; gain = 0.000 ; free physical = 227444 ; free virtual = 235574
[2025-09-15 03:38:31] get_nets: Time (s): cpu = 00:00:09 ; elapsed = 00:00:09 . Memory (MB): peak = 6344.023 ; gain = 0.000 ; free physical = 227687 ; free virtual = 235712
[2025-09-15 03:38:31] get_nets: Time (s): cpu = 00:00:09 ; elapsed = 00:00:09 . Memory (MB): peak = 6344.023 ; gain = 0.000 ; free physical = 227850 ; free virtual = 235749
[2025-09-15 03:38:31] get_nets: Time (s): cpu = 00:00:08 ; elapsed = 00:00:08 . Memory (MB): peak = 6344.023 ; gain = 0.000 ; free physical = 227851 ; free virtual = 235750
[2025-09-15 03:38:31] Command: opt_design -directive Explore
[2025-09-15 03:38:31] INFO: [Vivado_Tcl 4-136] Directive used for opt_design is: Explore
[2025-09-15 03:38:31] Attempting to get a license for feature 'Implementation' and/or device 'xcu250'
[2025-09-15 03:38:31] INFO: [Common 17-349] Got license for feature 'Implementation' and/or device 'xcu250'
[2025-09-15 03:38:31] Running DRC as a precondition to command opt_design
[2025-09-15 03:38:31] 
[2025-09-15 03:38:31] Starting DRC Task
[2025-09-15 03:38:31] INFO: [DRC 23-27] Running DRC with 8 threads
[2025-09-15 03:38:31] INFO: [Project 1-461] DRC finished with 0 Errors
[2025-09-15 03:38:31] INFO: [Project 1-462] Please refer to the DRC report (report_drc) for more information.
[2025-09-15 03:38:31] 
[2025-09-15 03:38:31] Time (s): cpu = 00:00:04 ; elapsed = 00:00:02 . Memory (MB): peak = 6344.023 ; gain = 0.000 ; free physical = 227867 ; free virtual = 235717
[2025-09-15 03:38:31] 
[2025-09-15 03:38:31] Starting Logic Optimization Task
[2025-09-15 03:38:31] 
[2025-09-15 03:38:31] Phase 1 Generate And Synthesize MIG Cores
[2025-09-15 03:38:31] INFO: [IP_Flow 19-5647] Added synthesis output to IP cache for IP design_1_ddr4_0_0_phy, cache-ID = e3fb5ab9b1324c2e
[2025-09-15 03:38:31] set_switching_activity: Time (s): cpu = 00:01:08 ; elapsed = 00:00:18 . Memory (MB): peak = 7028.555 ; gain = 627.719 ; free physical = 226983 ; free virtual = 234777
[2025-09-15 03:38:31] read_xdc: Time (s): cpu = 00:01:34 ; elapsed = 00:00:29 . Memory (MB): peak = 7028.555 ; gain = 627.719 ; free physical = 227030 ; free virtual = 234813
[2025-09-15 03:38:31] Netlist sorting complete. Time (s): cpu = 00:00:00.03 ; elapsed = 00:00:00.04 . Memory (MB): peak = 7028.555 ; gain = 0.000 ; free physical = 227100 ; free virtual = 234849
[2025-09-15 03:38:31] Phase 1 Generate And Synthesize MIG Cores | Checksum: 219bef9eb
[2025-09-15 03:38:31] 
[2025-09-15 03:38:31] Time (s): cpu = 00:03:06 ; elapsed = 00:02:08 . Memory (MB): peak = 7028.555 ; gain = 684.531 ; free physical = 227100 ; free virtual = 234849
[2025-09-15 03:38:31] 
[2025-09-15 03:38:31] Phase 2 Generate And Synthesize Debug Cores
[2025-09-15 03:38:31] INFO: [Chipscope 16-329] Generating Script for core instance : dbg_hub 
[2025-09-15 03:38:31] INFO: [IP_Flow 19-3806] Processing IP xilinx.com:ip:xsdbm:3.0 for cell dbg_hub_CV.
[2025-09-15 03:38:31] get_clocks: Time (s): cpu = 00:00:21 ; elapsed = 00:00:06 . Memory (MB): peak = 7028.555 ; gain = 0.000 ; free physical = 227196 ; free virtual = 234857
[2025-09-15 03:38:31] Netlist sorting complete. Time (s): cpu = 00:00:00.15 ; elapsed = 00:00:00.16 . Memory (MB): peak = 7028.555 ; gain = 0.000 ; free physical = 227196 ; free virtual = 234857
[2025-09-15 03:38:31] Phase 2 Generate And Synthesize Debug Cores | Checksum: 1c90e31ab
[2025-09-15 03:38:31] 
[2025-09-15 03:38:31] Time (s): cpu = 00:04:44 ; elapsed = 00:04:00 . Memory (MB): peak = 7028.555 ; gain = 684.531 ; free physical = 227196 ; free virtual = 234857
[2025-09-15 03:38:31] 
[2025-09-15 03:38:31] Phase 3 Retarget
[2025-09-15 03:38:31] INFO: [Opt 31-1287] Pulled Inverter design_1_i/axi_clock_converter_0/inst/gen_clock_conv.gen_async_conv.asyncfifo_axi/inst_fifo_gen/gaxi_full_lite.gread_ch.grdch2.axi_rdch/grf.rf/rstblk/ngwrdrst.grst.g7serrst.gnsckt_wrst.rst_wr_reg2_inst_i_1 into driver instance design_1_i/axi_clock_converter_0/inst/gen_clock_conv.gen_async_conv.asyncfifo_axi_i_1, which resulted in an inversion of 1 pins
[2025-09-15 03:38:31] INFO: [Opt 31-1287] Pulled Inverter design_1_i/axi_clock_converter_1/inst/gen_clock_conv.gen_async_lite_conv.clock_conv_lite_fwd_aw/s_areset_dly[0]_i_1 into driver instance design_1_i/xdma_0/inst/axi_aresetn_inferred_i_1, which resulted in an inversion of 5 pins
[2025-09-15 03:38:31] INFO: [Opt 31-1287] Pulled Inverter design_1_i/axi_dwidth_converter_0/inst/gen_upsizer.gen_full_upsizer.axi_upsizer_inst/USE_READ.gen_pktfifo_r_upsizer.pktfifo_read_data_inst/dw_fifogen_ar/inst_fifo_gen/gaxi_full_lite.gread_ch.grach2.axi_rach/grf.rf/rstblk/ngwrdrst.grst.g7serrst.gnsckt_wrst.rst_wr_reg2_inst_i_1 into driver instance design_1_i/axi_dwidth_converter_0/inst/gen_upsizer.gen_full_upsizer.axi_upsizer_inst/USE_READ.gen_pktfifo_r_upsizer.pktfifo_read_data_inst/USE_WRITE.gen_b_clk_conv.gen_b_async_conv.dw_fifogen_b_async_i_1, which resulted in an inversion of 2 pins
[2025-09-15 03:38:31] INFO: [Opt 31-1287] Pulled Inverter design_1_i/axi_dwidth_converter_0/inst/gen_upsizer.gen_full_upsizer.axi_upsizer_inst/USE_WRITE.gen_pktfifo_w_upsizer.pktfifo_write_data_inst/dw_fifogen_aw/inst_fifo_gen/gaxi_full_lite.gwrite_ch.gwach2.axi_wach/grf.rf/rstblk/ngwrdrst.grst.g7serrst.gnsckt_wrst.rst_wr_reg2_inst_i_1 into driver instance design_1_i/axi_dwidth_converter_0/inst/gen_upsizer.gen_full_upsizer.axi_upsizer_inst/USE_WRITE.gen_pktfifo_w_upsizer.pktfifo_write_data_inst/dw_fifogen_aw_i_1, which resulted in an inversion of 1 pins
[2025-09-15 03:38:31] INFO: [Opt 31-1287] Pulled Inverter design_1_i/ddr4_0/inst/u_ddr4_mem_intfc/u_ddr_cal_riu/mcs0/inst/microblaze_I/U0/MicroBlaze_Core_I/Performance.Core/Data_Flow_I/Operand_Select_I/Use_PCMP_instr.count_leading_zeros_I_i_2 into driver instance design_1_i/ddr4_0/inst/u_ddr4_mem_intfc/u_ddr_cal_riu/mcs0/inst/microblaze_I/U0/MicroBlaze_Core_I/Performance.Core/Data_Flow_I/Operand_Select_I/Gen_Bit[31].MUXF7_I1/Use_PCMP_instr.count_leading_zeros_I_i_7, which resulted in an inversion of 4 pins
[2025-09-15 03:38:31] INFO: [Opt 31-1287] Pulled Inverter design_1_i/ddr4_0/inst/u_ddr4_mem_intfc/u_ddr_cal_riu/mcs0/inst/microblaze_I/U0/MicroBlaze_Core_I/Performance.Core/Data_Flow_I/Operand_Select_I/Use_PCMP_instr.count_leading_zeros_I_i_4 into driver instance design_1_i/ddr4_0/inst/u_ddr4_mem_intfc/u_ddr_cal_riu/mcs0/inst/microblaze_I/U0/MicroBlaze_Core_I/Performance.Core/Data_Flow_I/Operand_Select_I/Gen_Bit[31].MUXF7_I1/Use_PCMP_instr.count_leading_zeros_I_i_10, which resulted in an inversion of 3 pins
[2025-09-15 03:38:31] INFO: [Opt 31-1287] Pulled Inverter design_1_i/ddr4_0/inst/u_ddr4_mem_intfc/u_ddr_mc/bgr[0].u_ddr_mc_group/trp_cntr[4]_i_1 into driver instance design_1_i/ddr4_0/inst/u_ddr4_mem_intfc/u_ddr_mc/bgr[0].u_ddr_mc_group/trp_cntr_is_zero_i_2, which resulted in an inversion of 2 pins
[2025-09-15 03:38:31] INFO: [Opt 31-1287] Pulled Inverter design_1_i/ddr4_0/inst/u_ddr4_mem_intfc/u_ddr_mc/bgr[1].u_ddr_mc_group/cmd_bank_cas[0]_i_1__0 into driver instance design_1_i/ddr4_0/inst/u_ddr4_mem_intfc/u_ddr_mc/bgr[1].u_ddr_mc_group/cmd_bank_cas[0]_i_2__0, which resulted in an inversion of 2 pins
[2025-09-15 03:38:31] INFO: [Opt 31-1287] Pulled Inverter design_1_i/ddr4_0/inst/u_ddr4_mem_intfc/u_ddr_mc/bgr[1].u_ddr_mc_group/cmd_bank_cas[1]_i_1__0 into driver instance design_1_i/ddr4_0/inst/u_ddr4_mem_intfc/u_ddr_mc/bgr[1].u_ddr_mc_group/cmd_bank_cas[1]_i_2__0, which resulted in an inversion of 2 pins
[2025-09-15 03:38:31] INFO: [Opt 31-1287] Pulled Inverter design_1_i/ddr4_0/inst/u_ddr4_mem_intfc/u_ddr_mc/bgr[1].u_ddr_mc_group/trp_cntr[4]_i_1__0 into driver instance design_1_i/ddr4_0/inst/u_ddr4_mem_intfc/u_ddr_mc/bgr[1].u_ddr_mc_group/trp_cntr[4]_i_2, which resulted in an inversion of 2 pins
[2025-09-15 03:38:31] INFO: [Opt 31-1287] Pulled Inverter design_1_i/ddr4_0/inst/u_ddr4_mem_intfc/u_ddr_mc/bgr[2].u_ddr_mc_group/cmd_bank_cas[0]_i_1__1 into driver instance design_1_i/ddr4_0/inst/u_ddr4_mem_intfc/u_ddr_mc/bgr[2].u_ddr_mc_group/cmd_bank_cas[0]_i_2__1, which resulted in an inversion of 2 pins
[2025-09-15 03:38:31] INFO: [Opt 31-1287] Pulled Inverter design_1_i/ddr4_0/inst/u_ddr4_mem_intfc/u_ddr_mc/bgr[2].u_ddr_mc_group/trp_cntr[4]_i_1__1 into driver instance design_1_i/ddr4_0/inst/u_ddr4_mem_intfc/u_ddr_mc/bgr[2].u_ddr_mc_group/trp_cntr[4]_i_2__0, which resulted in an inversion of 2 pins
[2025-09-15 03:38:31] INFO: [Opt 31-1287] Pulled Inverter design_1_i/ddr4_0/inst/u_ddr4_mem_intfc/u_ddr_mc/bgr[3].u_ddr_mc_group/cmd_bank_cas[0]_i_1__2 into driver instance design_1_i/ddr4_0/inst/u_ddr4_mem_intfc/u_ddr_mc/bgr[3].u_ddr_mc_group/cmd_bank_cas[0]_i_2__2, which resulted in an inversion of 2 pins
[2025-09-15 03:38:31] INFO: [Opt 31-1287] Pulled Inverter design_1_i/ddr4_0/inst/u_ddr4_mem_intfc/u_ddr_mc/bgr[3].u_ddr_mc_group/trp_cntr[4]_i_1__2 into driver instance design_1_i/ddr4_0/inst/u_ddr4_mem_intfc/u_ddr_mc/bgr[3].u_ddr_mc_group/trp_cntr[4]_i_2__1, which resulted in an inversion of 2 pins
[2025-09-15 03:38:31] INFO: [Opt 31-1287] Pulled Inverter design_1_i/ddr4_0/inst/u_ddr4_mem_intfc/u_ddr_mc/u_ddr_mc_arb_c/prevGr[0]_i_1 into driver instance design_1_i/ddr4_0/inst/u_ddr4_mem_intfc/u_ddr_mc/u_ddr_mc_arb_c/prevGr[0]_i_2, which resulted in an inversion of 17 pins
[2025-09-15 03:38:31] INFO: [Opt 31-1287] Pulled Inverter design_1_i/ddr4_0/inst/u_ddr4_mem_intfc/u_ddr_mc/u_ddr_mc_arb_c/prevGr[1]_i_1 into driver instance design_1_i/ddr4_0/inst/u_ddr4_mem_intfc/u_ddr_mc/u_ddr_mc_arb_c/prevGr[1]_i_2, which resulted in an inversion of 17 pins
[2025-09-15 03:38:31] INFO: [Opt 31-1287] Pulled Inverter design_1_i/ddr4_0/inst/u_ddr4_mem_intfc/u_ddr_mc/u_ddr_mc_arb_c/winPort[0]_i_1 into driver instance design_1_i/ddr4_0/inst/u_ddr4_mem_intfc/u_ddr_mc/u_ddr_mc_arb_c/winPort[0]_i_2, which resulted in an inversion of 2 pins
[2025-09-15 03:38:31] INFO: [Opt 31-1287] Pulled Inverter design_1_i/ddr4_0/inst/u_ddr4_mem_intfc/u_ddr_mc/u_ddr_mc_rd_wr/wtrs[0].u_ddr_mc_wtr/winPortEnc[1]_i_2 into driver instance design_1_i/ddr4_0/inst/u_ddr4_mem_intfc/u_ddr_mc/u_ddr_mc_rd_wr/wtrs[0].u_ddr_mc_wtr/winPortEnc[1]_i_3, which resulted in an inversion of 3 pins
[2025-09-15 03:38:31] INFO: [Opt 31-1287] Pulled Inverter design_1_i/ddr4_0/inst/u_ddr4_mem_intfc/u_ddr_mc/u_ddr_mc_rd_wr/wtrs[0].u_ddr_mc_wtr/winPort[2]_i_1 into driver instance design_1_i/ddr4_0/inst/u_ddr4_mem_intfc/u_ddr_mc/u_ddr_mc_rd_wr/wtrs[0].u_ddr_mc_wtr/winPort[2]_i_2, which resulted in an inversion of 7 pins
[2025-09-15 03:38:31] INFO: [Opt 31-1287] Pulled Inverter design_1_i/ddr4_0/inst/u_ddr4_mem_intfc/u_ddr_mc/u_ddr_mc_rd_wr/wtrs[0].u_ddr_mc_wtr/winPort[3]_i_1 into driver instance design_1_i/ddr4_0/inst/u_ddr4_mem_intfc/u_ddr_mc/u_ddr_mc_rd_wr/wtrs[0].u_ddr_mc_wtr/winPortEnc[0]_i_4, which resulted in an inversion of 7 pins
[2025-09-15 03:38:31] INFO: [Opt 31-1287] Pulled Inverter design_1_i/ddr4_0/inst/u_ddr4_mem_intfc/u_ddr_mc/u_ddr_mc_rd_wr/wtrs[0].u_ddr_mc_wtr/winRead_i_1 into driver instance design_1_i/ddr4_0/inst/u_ddr4_mem_intfc/u_ddr_mc/u_ddr_mc_rd_wr/wtrs[0].u_ddr_mc_wtr/winRead_i_2, which resulted in an inversion of 2 pins
[2025-09-15 03:38:31] INFO: [Opt 31-1287] Pulled Inverter design_1_i/ddr4_0/inst/u_ddr4_mem_intfc/u_io_addr_sync/lowCL0[24]_i_1 into driver instance design_1_i/ddr4_0/inst/u_ddr4_mem_intfc/u_io_addr_sync/lowCL0[40]_i_3, which resulted in an inversion of 3 pins
[2025-09-15 03:38:31] INFO: [Opt 31-1287] Pulled Inverter design_1_i/ddr4_0/inst/u_ddr4_mem_intfc/u_io_addr_sync/lowCL0[25]_i_1 into driver instance design_1_i/ddr4_0/inst/u_ddr4_mem_intfc/u_io_addr_sync/lowCL0[41]_i_4, which resulted in an inversion of 3 pins
[2025-09-15 03:38:31] INFO: [Opt 31-1287] Pulled Inverter design_1_i/ddr4_0/inst/u_ddr4_mem_intfc/u_io_addr_sync/lowCL0[34]_i_1 into driver instance design_1_i/ddr4_0/inst/u_ddr4_mem_intfc/u_io_addr_sync/lowCL0[34]_i_2, which resulted in an inversion of 9 pins
[2025-09-15 03:38:31] INFO: [Opt 31-1287] Pulled Inverter design_1_i/ddr4_0/inst/u_ddr4_mem_intfc/u_io_addr_sync/lowCL0[35]_i_2 into driver instance design_1_i/ddr4_0/inst/u_ddr4_mem_intfc/u_io_addr_sync/lowCL0[47]_i_4, which resulted in an inversion of 9 pins
[2025-09-15 03:38:31] INFO: [Opt 31-1287] Pulled Inverter design_1_i/ddr4_0/inst/u_ddr4_mem_intfc/u_io_addr_sync/lowCL1[24]_i_1 into driver instance design_1_i/ddr4_0/inst/u_ddr4_mem_intfc/u_io_addr_sync/lowCL1[40]_i_2, which resulted in an inversion of 3 pins
[2025-09-15 03:38:31] INFO: [Opt 31-1287] Pulled Inverter design_1_i/ddr4_0/inst/u_ddr4_mem_intfc/u_io_addr_sync/lowCL1[25]_i_1 into driver instance design_1_i/ddr4_0/inst/u_ddr4_mem_intfc/u_io_addr_sync/lowCL1[41]_i_2, which resulted in an inversion of 3 pins
[2025-09-15 03:38:31] INFO: [Opt 31-1287] Pulled Inverter design_1_i/ddr4_0/inst/u_ddr4_mem_intfc/u_io_addr_sync/lowCL1[34]_i_1 into driver instance design_1_i/ddr4_0/inst/u_ddr4_mem_intfc/u_io_addr_sync/lowCL1[46]_i_2, which resulted in an inversion of 9 pins
[2025-09-15 03:38:31] INFO: [Opt 31-1287] Pulled Inverter design_1_i/ddr4_0/inst/u_ddr4_mem_intfc/u_io_addr_sync/lowCL1[35]_i_1 into driver instance design_1_i/ddr4_0/inst/u_ddr4_mem_intfc/u_io_addr_sync/lowCL1[47]_i_2, which resulted in an inversion of 9 pins
[2025-09-15 03:38:31] INFO: [Opt 31-1287] Pulled Inverter design_1_i/ddr4_0/inst/u_ddr4_mem_intfc/u_io_addr_sync/lowCL2[24]_i_1 into driver instance design_1_i/ddr4_0/inst/u_ddr4_mem_intfc/u_io_addr_sync/lowCL2[40]_i_2, which resulted in an inversion of 3 pins
[2025-09-15 03:38:31] INFO: [Opt 31-1287] Pulled Inverter design_1_i/ddr4_0/inst/u_ddr4_mem_intfc/u_io_addr_sync/lowCL2[25]_i_1 into driver instance design_1_i/ddr4_0/inst/u_ddr4_mem_intfc/u_io_addr_sync/lowCL2[41]_i_2, which resulted in an inversion of 3 pins
[2025-09-15 03:38:31] INFO: [Opt 31-1287] Pulled Inverter design_1_i/ddr4_0/inst/u_ddr4_mem_intfc/u_io_addr_sync/lowCL2[34]_i_1 into driver instance design_1_i/ddr4_0/inst/u_ddr4_mem_intfc/u_io_addr_sync/lowCL2[46]_i_2, which resulted in an inversion of 9 pins
[2025-09-15 03:38:31] INFO: [Opt 31-1287] Pulled Inverter design_1_i/ddr4_0/inst/u_ddr4_mem_intfc/u_io_addr_sync/lowCL2[35]_i_1 into driver instance design_1_i/ddr4_0/inst/u_ddr4_mem_intfc/u_io_addr_sync/lowCL2[47]_i_2, which resulted in an inversion of 9 pins
[2025-09-15 03:38:31] INFO: [Opt 31-1287] Pulled Inverter design_1_i/ddr4_0/inst/u_ddr4_mem_intfc/u_io_addr_sync/lowCL3[24]_i_1 into driver instance design_1_i/ddr4_0/inst/u_ddr4_mem_intfc/u_io_addr_sync/lowCL3[40]_i_3, which resulted in an inversion of 3 pins
[2025-09-15 03:38:31] INFO: [Opt 31-1287] Pulled Inverter design_1_i/ddr4_0/inst/u_ddr4_mem_intfc/u_io_addr_sync/lowCL3[25]_i_1 into driver instance design_1_i/ddr4_0/inst/u_ddr4_mem_intfc/u_io_addr_sync/lowCL3[41]_i_2, which resulted in an inversion of 3 pins
[2025-09-15 03:38:31] INFO: [Opt 31-1287] Pulled Inverter design_1_i/ddr4_0/inst/u_ddr4_mem_intfc/u_io_addr_sync/lowCL3[34]_i_1 into driver instance design_1_i/ddr4_0/inst/u_ddr4_mem_intfc/u_io_addr_sync/lowCL3[34]_i_2, which resulted in an inversion of 9 pins
[2025-09-15 03:38:31] INFO: [Opt 31-1287] Pulled Inverter design_1_i/ddr4_0/inst/u_ddr4_mem_intfc/u_io_addr_sync/lowCL3[35]_i_1 into driver instance design_1_i/ddr4_0/inst/u_ddr4_mem_intfc/u_io_addr_sync/lowCL3[47]_i_2, which resulted in an inversion of 9 pins
[2025-09-15 03:38:31] INFO: [Opt 31-1287] Pulled Inverter design_1_i/ddr4_0/inst/u_ddr4_mem_intfc/u_io_addr_sync/rd_vref_value[2]_i_1 into driver instance design_1_i/ddr4_0/inst/u_ddr4_mem_intfc/u_io_addr_sync/rd_vref_value[2]_i_2, which resulted in an inversion of 3 pins
[2025-09-15 03:38:31] INFO: [Opt 31-1287] Pulled Inverter design_1_i/ddr4_0/inst/u_ddr4_mem_intfc/u_io_addr_sync/rd_vref_value[3]_i_1 into driver instance design_1_i/ddr4_0/inst/u_ddr4_mem_intfc/u_io_addr_sync/rd_vref_value[51]_i_2, which resulted in an inversion of 7 pins
[2025-09-15 03:38:31] INFO: [Opt 31-1287] Pulled Inverter design_1_i/ddr4_0/inst/u_ddr4_mem_intfc/u_io_addr_sync/rd_vref_value[4]_i_2 into driver instance design_1_i/ddr4_0/inst/u_ddr4_mem_intfc/u_io_addr_sync/rd_vref_value[52]_i_2, which resulted in an inversion of 5 pins
[2025-09-15 03:38:31] INFO: [Opt 31-1287] Pulled Inverter design_1_i/ddr4_0/inst/u_ddr4_mem_intfc/u_io_addr_sync/uppCL0[24]_i_1 into driver instance design_1_i/ddr4_0/inst/u_ddr4_mem_intfc/u_io_addr_sync/uppCL0[40]_i_3, which resulted in an inversion of 3 pins
[2025-09-15 03:38:31] INFO: [Opt 31-1287] Pulled Inverter design_1_i/ddr4_0/inst/u_ddr4_mem_intfc/u_io_addr_sync/uppCL0[25]_i_1 into driver instance design_1_i/ddr4_0/inst/u_ddr4_mem_intfc/u_io_addr_sync/uppCL0[41]_i_2, which resulted in an inversion of 3 pins
[2025-09-15 03:38:31] INFO: [Opt 31-1287] Pulled Inverter design_1_i/ddr4_0/inst/u_ddr4_mem_intfc/u_io_addr_sync/uppCL1[24]_i_1 into driver instance design_1_i/ddr4_0/inst/u_ddr4_mem_intfc/u_io_addr_sync/uppCL1[40]_i_2, which resulted in an inversion of 3 pins
[2025-09-15 03:38:31] INFO: [Opt 31-1287] Pulled Inverter design_1_i/ddr4_0/inst/u_ddr4_mem_intfc/u_io_addr_sync/uppCL1[25]_i_1 into driver instance design_1_i/ddr4_0/inst/u_ddr4_mem_intfc/u_io_addr_sync/uppCL1[41]_i_2, which resulted in an inversion of 3 pins
[2025-09-15 03:38:31] INFO: [Opt 31-1287] Pulled Inverter design_1_i/ddr4_0/inst/u_ddr4_mem_intfc/u_io_addr_sync/uppCL2[24]_i_1 into driver instance design_1_i/ddr4_0/inst/u_ddr4_mem_intfc/u_io_addr_sync/uppCL2[40]_i_2, which resulted in an inversion of 3 pins
[2025-09-15 03:38:31] INFO: [Opt 31-1287] Pulled Inverter design_1_i/ddr4_0/inst/u_ddr4_mem_intfc/u_io_addr_sync/uppCL2[25]_i_1 into driver instance design_1_i/ddr4_0/inst/u_ddr4_mem_intfc/u_io_addr_sync/uppCL2[41]_i_2, which resulted in an inversion of 3 pins
[2025-09-15 03:38:31] INFO: [Opt 31-1287] Pulled Inverter design_1_i/ddr4_0/inst/u_ddr4_mem_intfc/u_io_addr_sync/uppCL3[24]_i_1 into driver instance design_1_i/ddr4_0/inst/u_ddr4_mem_intfc/u_io_addr_sync/uppCL3[40]_i_3, which resulted in an inversion of 3 pins
[2025-09-15 03:38:31] INFO: [Opt 31-1287] Pulled Inverter design_1_i/ddr4_0/inst/u_ddr4_mem_intfc/u_io_addr_sync/uppCL3[25]_i_1 into driver instance design_1_i/ddr4_0/inst/u_ddr4_mem_intfc/u_io_addr_sync/uppCL3[41]_i_2, which resulted in an inversion of 3 pins
[2025-09-15 03:38:31] INFO: [Opt 31-1287] Pulled Inverter design_1_i/ddr4_0/inst/u_ddr4_mem_intfc/u_mig_ddr4_phy/riu_nibble_8[1]_INST_0 into driver instance design_1_i/ddr4_0/inst/u_ddr4_mem_intfc/u_mig_ddr4_phy/inst/riu_nibble_8[1]_INST_0_i_1, which resulted in an inversion of 85 pins
[2025-09-15 03:38:31] INFO: [Opt 31-1287] Pulled Inverter design_1_i/ddr4_0/inst/u_ddr4_mem_intfc/u_mig_ddr4_phy/riu_nibble_8[2]_INST_0 into driver instance design_1_i/ddr4_0/inst/u_ddr4_mem_intfc/u_mig_ddr4_phy/inst/riu_nibble_8[2]_INST_0_i_1, which resulted in an inversion of 85 pins
[2025-09-15 03:38:31] INFO: [Opt 31-1287] Pulled Inverter design_1_i/ddr4_0/inst/u_ddr4_mem_intfc/u_mig_ddr4_phy/riu_nibble_8[4]_INST_0 into driver instance design_1_i/ddr4_0/inst/u_ddr4_mem_intfc/u_mig_ddr4_phy/inst/riu_nibble_8[4]_INST_0_i_1, which resulted in an inversion of 17 pins
[2025-09-15 03:38:31] INFO: [Opt 31-1287] Pulled Inverter design_1_i/ddr4_0/inst/u_ddr_axi/USE_UPSIZER.upsizer_d2/USE_READ.read_addr_inst/USE_BURSTS.cmd_queue/USE_FF_OUT.USE_RTL_OUTPUT_PIPELINE.M_VALID_Q_i_1__0 into driver instance design_1_i/ddr4_0/inst/u_ddr_axi/USE_UPSIZER.upsizer_d2/USE_READ.read_addr_inst/USE_BURSTS.cmd_queue/data_Exists_I_i_2__0, which resulted in an inversion of 7 pins
[2025-09-15 03:38:31] INFO: [Opt 31-1287] Pulled Inverter design_1_i/ddr4_0/inst/u_ddr_axi/USE_UPSIZER.upsizer_d2/USE_WRITE.write_addr_inst/USE_BURSTS.cmd_queue/USE_FF_OUT.USE_RTL_OUTPUT_PIPELINE.M_VALID_Q_i_1 into driver instance design_1_i/ddr4_0/inst/u_ddr_axi/USE_UPSIZER.upsizer_d2/USE_WRITE.write_addr_inst/USE_BURSTS.cmd_queue/data_Exists_I_i_2, which resulted in an inversion of 7 pins
[2025-09-15 03:38:31] INFO: [Opt 31-1287] Pulled Inverter design_1_i/ddr4_0/inst/u_ddr_axi/USE_UPSIZER.upsizer_d2/si_register_slice_inst/ar_pipe/USE_RTL_FIFO.data_srl_reg[31][19]_srl32_i_1__0 into driver instance design_1_i/ddr4_0/inst/u_ddr_axi/USE_UPSIZER.upsizer_d2/si_register_slice_inst/ar_pipe/USE_RTL_FIFO.data_srl_reg[31][19]_srl32_i_2__0, which resulted in an inversion of 4 pins
[2025-09-15 03:38:31] INFO: [Opt 31-1287] Pulled Inverter design_1_i/ddr4_0/inst/u_ddr_axi/axi_ar_channel_0/axi_mc_cmd_translator_0/axi_mc_wrap_cmd_0/r_rlast_i_1 into driver instance design_1_i/ddr4_0/inst/u_ddr_axi/axi_ar_channel_0/axi_mc_cmd_translator_0/axi_mc_wrap_cmd_0/axready_i_2, which resulted in an inversion of 3 pins
[2025-09-15 03:38:31] INFO: [Opt 31-1287] Pulled Inverter design_1_i/firesim_wrapper_0/inst/firesim_top/top/FASEDMemoryTimingModel_0/fixer/a_first_counter[5]_i_2__0 into driver instance design_1_i/firesim_wrapper_0/inst/firesim_top/top/FASEDMemoryTimingModel_0/fixer/a_first_counter[5]_i_5, which resulted in an inversion of 19 pins
[2025-09-15 03:38:31] INFO: [Opt 31-1287] Pulled Inverter design_1_i/firesim_wrapper_0/inst/firesim_top/top/FASEDMemoryTimingModel_0/model/readPipe/currReqReg_bits[3]_i_1 into driver instance design_1_i/firesim_wrapper_0/inst/firesim_top/top/FASEDMemoryTimingModel_0/model/readPipe/ram_data_reg_i_19, which resulted in an inversion of 6 pins
[2025-09-15 03:38:32] INFO: [Opt 31-1287] Pulled Inverter design_1_i/firesim_wrapper_0/inst/firesim_top/top/FASEDMemoryTimingModel_0/model/readPipe/ram_data_reg_i_3 into driver instance design_1_i/firesim_wrapper_0/inst/firesim_top/top/FASEDMemoryTimingModel_0/model/readPipe/ram_data_reg_i_21, which resulted in an inversion of 12 pins
[2025-09-15 03:38:32] INFO: [Opt 31-1287] Pulled Inverter design_1_i/firesim_wrapper_0/inst/firesim_top/top/FASEDMemoryTimingModel_0/model/readPipe/ram_data_reg_i_5 into driver instance design_1_i/firesim_wrapper_0/inst/firesim_top/top/FASEDMemoryTimingModel_0/model/readPipe/ram_data_reg_i_22, which resulted in an inversion of 42 pins
[2025-09-15 03:38:32] INFO: [Opt 31-1287] Pulled Inverter design_1_i/firesim_wrapper_0/inst/firesim_top/top/FASEDMemoryTimingModel_0/readEgress/multiQueue/deqPtrs_14[0]_i_1 into driver instance design_1_i/firesim_wrapper_0/inst/firesim_top/top/FASEDMemoryTimingModel_0/readEgress/multiQueue/deqPtrs_14[3]_i_5, which resulted in an inversion of 4 pins
[2025-09-15 03:38:32] INFO: [Opt 31-1287] Pulled Inverter design_1_i/firesim_wrapper_0/inst/firesim_top/top/FASEDMemoryTimingModel_0/xbar/state_0_i_1__7 into driver instance design_1_i/firesim_wrapper_0/inst/firesim_top/top/FASEDMemoryTimingModel_0/xbar/state_0_i_2__3, which resulted in an inversion of 20 pins
[2025-09-15 03:38:32] INFO: [Opt 31-1287] Pulled Inverter design_1_i/firesim_wrapper_0/inst/firesim_top/top/FASEDMemoryTimingModel_0/xbar/state_1_i_1__6 into driver instance design_1_i/firesim_wrapper_0/inst/firesim_top/top/FASEDMemoryTimingModel_0/xbar/state_1_i_2__4, which resulted in an inversion of 53 pins
[2025-09-15 03:38:32] INFO: [Opt 31-1287] Pulled Inverter design_1_i/firesim_wrapper_0/inst/firesim_top/top/LoadMemWidget_0/crFile/head[5]_i_1 into driver instance design_1_i/firesim_wrapper_0/inst/firesim_top/top/LoadMemWidget_0/crFile/wdata_54[31]_i_2, which resulted in an inversion of 23 pins
[2025-09-15 03:38:32] INFO: [Opt 31-1287] Pulled Inverter design_1_i/firesim_wrapper_0/inst/firesim_top/top/TraceDoctorBridgeModule_0/ram_reg_bram_0_i_1 into driver instance design_1_i/firesim_wrapper_0/inst/firesim_top/top/TraceDoctorBridgeModule_0/ram_reg_bram_0_i_17, which resulted in an inversion of 7 pins
[2025-09-15 03:38:32] INFO: [Opt 31-1287] Pulled Inverter design_1_i/firesim_wrapper_0/inst/firesim_top/top/axi4deint/qs_queue_11/ram_last_reg_0_1_0_0_i_1__0 into driver instance design_1_i/firesim_wrapper_0/inst/firesim_top/top/axi4deint/qs_queue_11/deq_id[3]_i_3, which resulted in an inversion of 18 pins
[2025-09-15 03:38:32] INFO: [Opt 31-1287] Pulled Inverter design_1_i/firesim_wrapper_0/inst/firesim_top/top/ctrlInterconnect/xbar/router/b_arb/lastGrant[0]_i_1 into driver instance design_1_i/firesim_wrapper_0/inst/firesim_top/top/ctrlInterconnect/xbar/router/b_arb/S_AXI_CTRL_bvalid_INST_0_i_6, which resulted in an inversion of 2 pins
[2025-09-15 03:38:32] INFO: [Opt 31-1287] Pulled Inverter design_1_i/firesim_wrapper_0/inst/firesim_top/top/ctrlInterconnect/xbar/router/r_arb/S_AXI_CTRL_rvalid_INST_0 into driver instance design_1_i/firesim_wrapper_0/inst/firesim_top/top/ctrlInterconnect/xbar/router/r_arb/S_AXI_CTRL_rvalid_INST_0_i_1, which resulted in an inversion of 2 pins
[2025-09-15 03:38:32] INFO: [Opt 31-1287] Pulled Inverter design_1_i/firesim_wrapper_0/inst/firesim_top/top/sim/target/FireSim_/lazyModule/system/subsystem_cbus/out_xbar/state_0_i_1__2 into driver instance design_1_i/firesim_wrapper_0/inst/firesim_top/top/sim/target/FireSim_/lazyModule/system/subsystem_cbus/out_xbar/state_0_i_2__0, which resulted in an inversion of 23 pins
[2025-09-15 03:38:32] INFO: [Opt 31-1287] Pulled Inverter design_1_i/firesim_wrapper_0/inst/firesim_top/top/sim/target/FireSim_/lazyModule/system/subsystem_cbus/out_xbar/state_2_i_1 into driver instance design_1_i/firesim_wrapper_0/inst/firesim_top/top/sim/target/FireSim_/lazyModule/system/subsystem_cbus/out_xbar/state_2_i_2, which resulted in an inversion of 51 pins
[2025-09-15 03:38:32] INFO: [Opt 31-1287] Pulled Inverter design_1_i/firesim_wrapper_0/inst/firesim_top/top/sim/target/FireSim_/lazyModule/system/subsystem_cbus/out_xbar/state_4_i_1 into driver instance design_1_i/firesim_wrapper_0/inst/firesim_top/top/sim/target/FireSim_/lazyModule/system/subsystem_cbus/out_xbar/state_4_i_2, which resulted in an inversion of 46 pins
[2025-09-15 03:38:32] INFO: [Opt 31-1287] Pulled Inverter design_1_i/firesim_wrapper_0/inst/firesim_top/top/sim/target/FireSim_/lazyModule/system/subsystem_cbus/out_xbar/state_5_i_1 into driver instance design_1_i/firesim_wrapper_0/inst/firesim_top/top/sim/target/FireSim_/lazyModule/system/subsystem_cbus/out_xbar/state_5_i_2, which resulted in an inversion of 46 pins
[2025-09-15 03:38:32] INFO: [Opt 31-1287] Pulled Inverter design_1_i/firesim_wrapper_0/inst/firesim_top/top/sim/target/FireSim_/lazyModule/system/subsystem_cbus/out_xbar/state_6_i_1 into driver instance design_1_i/firesim_wrapper_0/inst/firesim_top/top/sim/target/FireSim_/lazyModule/system/subsystem_cbus/out_xbar/state_6_i_2, which resulted in an inversion of 9 pins
[2025-09-15 03:38:32] INFO: [Opt 31-1287] Pulled Inverter design_1_i/firesim_wrapper_0/inst/firesim_top/top/sim/target/FireSim_/lazyModule/system/subsystem_cbus/out_xbar/state_7_i_1 into driver instance design_1_i/firesim_wrapper_0/inst/firesim_top/top/sim/target/FireSim_/lazyModule/system/subsystem_cbus/out_xbar/state_7_i_2, which resulted in an inversion of 18 pins
[2025-09-15 03:38:32] INFO: [Opt 31-1287] Pulled Inverter design_1_i/firesim_wrapper_0/inst/firesim_top/top/sim/target/FireSim_/lazyModule/system/subsystem_l2_wrapper/l2/mods_0/requests/bad_grant_i_1 into driver instance design_1_i/firesim_wrapper_0/inst/firesim_top/top/sim/target/FireSim_/lazyModule/system/subsystem_l2_wrapper/l2/mods_0/requests/bad_grant_i_3, which resulted in an inversion of 16 pins
[2025-09-15 03:38:32] INFO: [Opt 31-1287] Pulled Inverter design_1_i/firesim_wrapper_0/inst/firesim_top/top/sim/target/FireSim_/lazyModule/system/subsystem_l2_wrapper/l2/mods_0/requests/bad_grant_i_1__0 into driver instance design_1_i/firesim_wrapper_0/inst/firesim_top/top/sim/target/FireSim_/lazyModule/system/subsystem_l2_wrapper/l2/mods_0/requests/bad_grant_i_3__0, which resulted in an inversion of 17 pins
[2025-09-15 03:38:32] INFO: [Opt 31-1287] Pulled Inverter design_1_i/firesim_wrapper_0/inst/firesim_top/top/sim/target/FireSim_/lazyModule/system/subsystem_l2_wrapper/l2/mods_0/requests/bad_grant_i_1__1 into driver instance design_1_i/firesim_wrapper_0/inst/firesim_top/top/sim/target/FireSim_/lazyModule/system/subsystem_l2_wrapper/l2/mods_0/requests/bad_grant_i_3__1, which resulted in an inversion of 16 pins
[2025-09-15 03:38:32] INFO: [Opt 31-1287] Pulled Inverter design_1_i/firesim_wrapper_0/inst/firesim_top/top/sim/target/FireSim_/lazyModule/system/subsystem_l2_wrapper/l2/mods_0/sinkA/putbuffer/next_reg_0_63_0_5_i_1 into driver instance design_1_i/firesim_wrapper_0/inst/firesim_top/top/sim/target/FireSim_/lazyModule/system/subsystem_l2_wrapper/l2/mods_0/sinkA/putbuffer/next_reg_0_63_0_5_i_14, which resulted in an inversion of 8 pins
[2025-09-15 03:38:32] INFO: [Opt 31-1287] Pulled Inverter design_1_i/firesim_wrapper_0/inst/firesim_top/top/sim/target/FireSim_/lazyModule/system/subsystem_l2_wrapper/l2/mods_0/sinkA/putbuffer/next_reg_0_63_0_5_i_2 into driver instance design_1_i/firesim_wrapper_0/inst/firesim_top/top/sim/target/FireSim_/lazyModule/system/subsystem_l2_wrapper/l2/mods_0/sinkA/putbuffer/next_reg_0_63_0_5_i_15, which resulted in an inversion of 7 pins
[2025-09-15 03:38:32] INFO: [Opt 31-1287] Pulled Inverter design_1_i/firesim_wrapper_0/inst/firesim_top/top/sim/target/FireSim_/lazyModule/system/subsystem_l2_wrapper/l2/mods_0/sinkA/putbuffer/next_reg_0_63_0_5_i_4 into driver instance design_1_i/firesim_wrapper_0/inst/firesim_top/top/sim/target/FireSim_/lazyModule/system/subsystem_l2_wrapper/l2/mods_0/sinkA/putbuffer/next_reg_0_63_0_5_i_21, which resulted in an inversion of 11 pins
[2025-09-15 03:38:32] INFO: [Opt 31-1287] Pulled Inverter design_1_i/firesim_wrapper_0/inst/firesim_top/top/sim/target/FireSim_/lazyModule/system/subsystem_l2_wrapper/l2/mods_0/sinkA/putbuffer/tail_reg_0_31_0_0_i_5 into driver instance design_1_i/firesim_wrapper_0/inst/firesim_top/top/sim/target/FireSim_/lazyModule/system/subsystem_l2_wrapper/l2/mods_0/sinkA/putbuffer/tail_reg_0_31_0_0_i_18, which resulted in an inversion of 28 pins
[2025-09-15 03:38:32] INFO: [Opt 31-1287] Pulled Inverter design_1_i/firesim_wrapper_0/inst/firesim_top/top/sim/target/FireSim_/lazyModule/system/subsystem_l2_wrapper/l2/mods_0/sinkA/putbuffer/tail_reg_0_31_0_0_i_6 into driver instance design_1_i/firesim_wrapper_0/inst/firesim_top/top/sim/target/FireSim_/lazyModule/system/subsystem_l2_wrapper/l2/mods_0/sinkA/putbuffer/tail_reg_0_31_0_0_i_19, which resulted in an inversion of 27 pins
[2025-09-15 03:38:32] INFO: [Opt 31-1287] Pulled Inverter design_1_i/firesim_wrapper_0/inst/firesim_top/top/sim/target/FireSim_/lazyModule/system/subsystem_l2_wrapper/l2/mods_0/sourceD/s2_retires_i_1 into driver instance design_1_i/firesim_wrapper_0/inst/firesim_top/top/sim/target/FireSim_/lazyModule/system/subsystem_l2_wrapper/l2/mods_0/sourceD/s2_retires_i_2, which resulted in an inversion of 3 pins
[2025-09-15 03:38:32] INFO: [Opt 31-1287] Pulled Inverter design_1_i/firesim_wrapper_0/inst/firesim_top/top/sim/target/FireSim_/lazyModule/system/subsystem_mbus/subsystem_mbus_xbar/state_0_i_1__0 into driver instance design_1_i/firesim_wrapper_0/inst/firesim_top/top/sim/target/FireSim_/lazyModule/system/subsystem_mbus/subsystem_mbus_xbar/ram_flattened_reg_0_1_0_13_i_19__1, which resulted in an inversion of 39 pins
[2025-09-15 03:38:32] INFO: [Opt 31-1287] Pulled Inverter design_1_i/firesim_wrapper_0/inst/firesim_top/top/sim/target/FireSim_/lazyModule/system/subsystem_mbus/subsystem_mbus_xbar/state_1_i_1 into driver instance design_1_i/firesim_wrapper_0/inst/firesim_top/top/sim/target/FireSim_/lazyModule/system/subsystem_mbus/subsystem_mbus_xbar/ram_flattened_reg_0_1_0_13_i_20__0, which resulted in an inversion of 47 pins
[2025-09-15 03:38:32] INFO: [Opt 31-1287] Pulled Inverter design_1_i/firesim_wrapper_0/inst/firesim_top/top/sim/target/FireSim_/lazyModule/system/subsystem_pbus/buffer/bundleIn_0_d_q/d_first_counter[3]_i_2__1 into driver instance design_1_i/firesim_wrapper_0/inst/firesim_top/top/sim/target/FireSim_/lazyModule/system/subsystem_pbus/buffer/bundleIn_0_d_q/d_first_counter[3]_i_6__0, which resulted in an inversion of 7 pins
[2025-09-15 03:38:32] INFO: [Opt 31-1287] Pulled Inverter design_1_i/firesim_wrapper_0/inst/firesim_top/top/sim/target/FireSim_/lazyModule/system/subsystem_pbus/buffer/bundleIn_0_d_q/d_first_counter[3]_i_2__2 into driver instance design_1_i/firesim_wrapper_0/inst/firesim_top/top/sim/target/FireSim_/lazyModule/system/subsystem_pbus/buffer/bundleIn_0_d_q/d_first_counter[3]_i_5__1, which resulted in an inversion of 5 pins
[2025-09-15 03:38:32] INFO: [Opt 31-1287] Pulled Inverter design_1_i/firesim_wrapper_0/inst/firesim_top/top/sim/target/FireSim_/lazyModule/system/subsystem_pbus/buffer/bundleOut_0_a_q/a_first_counter[3]_i_2__0 into driver instance design_1_i/firesim_wrapper_0/inst/firesim_top/top/sim/target/FireSim_/lazyModule/system/subsystem_pbus/buffer/bundleOut_0_a_q/stalls_id_7[1]_i_3, which resulted in an inversion of 12 pins
[2025-09-15 03:38:32] INFO: [Opt 31-1287] Pulled Inverter design_1_i/firesim_wrapper_0/inst/firesim_top/top/sim/target/FireSim_/lazyModule/system/subsystem_pbus/coupler_to_device_named_uart_0/fragmenter/repeater/dOrig[0]_i_1__5 into driver instance design_1_i/firesim_wrapper_0/inst/firesim_top/top/sim/target/FireSim_/lazyModule/system/subsystem_pbus/coupler_to_device_named_uart_0/fragmenter/repeater/dOrig[0]_i_2__5, which resulted in an inversion of 4 pins
[2025-09-15 03:38:32] INFO: [Opt 31-1287] Pulled Inverter design_1_i/firesim_wrapper_0/inst/firesim_top/top/sim/target/FireSim_/lazyModule/system/subsystem_pbus/coupler_to_slave_named_bootaddressreg/fragmenter/repeater/dOrig[0]_i_1__7 into driver instance design_1_i/firesim_wrapper_0/inst/firesim_top/top/sim/target/FireSim_/lazyModule/system/subsystem_pbus/coupler_to_slave_named_bootaddressreg/fragmenter/repeater/dOrig[0]_i_2__7, which resulted in an inversion of 4 pins
[2025-09-15 03:38:32] INFO: [Opt 31-1287] Pulled Inverter design_1_i/firesim_wrapper_0/inst/firesim_top/top/sim/target/FireSim_/lazyModule/system/subsystem_pbus/out_xbar/ram_flattened_reg_0_1_28_41_i_10__7 into driver instance design_1_i/firesim_wrapper_0/inst/firesim_top/top/sim/target/FireSim_/lazyModule/system/subsystem_pbus/out_xbar/ram_flattened_reg_0_1_28_41_i_27__1, which resulted in an inversion of 23 pins
[2025-09-15 03:38:32] INFO: [Opt 31-1287] Pulled Inverter design_1_i/firesim_wrapper_0/inst/firesim_top/top/sim/target/FireSim_/lazyModule/system/subsystem_pbus/out_xbar/ram_flattened_reg_0_1_28_41_i_11__7 into driver instance design_1_i/firesim_wrapper_0/inst/firesim_top/top/sim/target/FireSim_/lazyModule/system/subsystem_pbus/out_xbar/ram_flattened_reg_0_1_28_41_i_28__2, which resulted in an inversion of 15 pins
[2025-09-15 03:38:32] INFO: [Opt 31-1287] Pulled Inverter design_1_i/firesim_wrapper_0/inst/firesim_top/top/sim/target/FireSim_/lazyModule/system/subsystem_pbus/out_xbar/ram_flattened_reg_0_1_28_41_i_12__7 into driver instance design_1_i/firesim_wrapper_0/inst/firesim_top/top/sim/target/FireSim_/lazyModule/system/subsystem_pbus/out_xbar/ram_flattened_reg_0_1_28_41_i_29__1, which resulted in an inversion of 19 pins
[2025-09-15 03:38:32] INFO: [Opt 31-1287] Pulled Inverter design_1_i/firesim_wrapper_0/inst/firesim_top/top/sim/target/FireSim_/lazyModule/system/subsystem_pbus/out_xbar/ram_flattened_reg_0_1_42_51_i_3 into driver instance design_1_i/firesim_wrapper_0/inst/firesim_top/top/sim/target/FireSim_/lazyModule/system/subsystem_pbus/out_xbar/d_first_counter[3]_i_7, which resulted in an inversion of 4 pins
[2025-09-15 03:38:32] INFO: [Opt 31-1287] Pulled Inverter design_1_i/firesim_wrapper_0/inst/firesim_top/top/sim/target/FireSim_/lazyModule/system/subsystem_pbus/out_xbar/ram_flattened_reg_0_1_42_51_i_6 into driver instance design_1_i/firesim_wrapper_0/inst/firesim_top/top/sim/target/FireSim_/lazyModule/system/subsystem_pbus/out_xbar/d_first_counter[3]_i_5__0, which resulted in an inversion of 2 pins
[2025-09-15 03:38:32] INFO: [Opt 31-1287] Pulled Inverter design_1_i/firesim_wrapper_0/inst/firesim_top/top/sim/target/FireSim_/lazyModule/system/subsystem_pbus/out_xbar/state_1_i_1__3 into driver instance design_1_i/firesim_wrapper_0/inst/firesim_top/top/sim/target/FireSim_/lazyModule/system/subsystem_pbus/out_xbar/state_1_i_2__2, which resulted in an inversion of 32 pins
[2025-09-15 03:38:32] INFO: [Opt 31-1287] Pulled Inverter design_1_i/firesim_wrapper_0/inst/firesim_top/top/sim/target/FireSim_/lazyModule/system/subsystem_pbus/out_xbar/state_2_i_1__0 into driver instance design_1_i/firesim_wrapper_0/inst/firesim_top/top/sim/target/FireSim_/lazyModule/system/subsystem_pbus/out_xbar/state_2_i_2__0, which resulted in an inversion of 15 pins
[2025-09-15 03:38:32] INFO: [Opt 31-1287] Pulled Inverter design_1_i/firesim_wrapper_0/inst/firesim_top/top/sim/target/FireSim_/lazyModule/system/subsystem_sbus/system_bus_xbar/state_2_0_i_1 into driver instance design_1_i/firesim_wrapper_0/inst/firesim_top/top/sim/target/FireSim_/lazyModule/system/subsystem_sbus/system_bus_xbar/state_2_0_i_2, which resulted in an inversion of 45 pins
[2025-09-15 03:38:32] INFO: [Opt 31-1287] Pulled Inverter design_1_i/firesim_wrapper_0/inst/firesim_top/top/sim/target/FireSim_/lazyModule/system/subsystem_sbus/system_bus_xbar/state_3_0_i_1 into driver instance design_1_i/firesim_wrapper_0/inst/firesim_top/top/sim/target/FireSim_/lazyModule/system/subsystem_sbus/system_bus_xbar/ram_flattened_reg_0_1_0_13_i_17__1, which resulted in an inversion of 52 pins
[2025-09-15 03:38:32] INFO: [Opt 31-1287] Pulled Inverter design_1_i/firesim_wrapper_0/inst/firesim_top/top/sim/target/FireSim_/lazyModule/system/subsystem_sbus/system_bus_xbar/state_3_1_i_1 into driver instance design_1_i/firesim_wrapper_0/inst/firesim_top/top/sim/target/FireSim_/lazyModule/system/subsystem_sbus/system_bus_xbar/ram_flattened_reg_0_1_0_13_i_16__1, which resulted in an inversion of 52 pins
[2025-09-15 03:38:32] INFO: [Opt 31-1287] Pulled Inverter design_1_i/firesim_wrapper_0/inst/firesim_top/top/sim/target/FireSim_/lazyModule/system/tile_prci_domain/tile_reset_domain_vortexgpgpu_tile/axi42tl/saved_opcode[0]_i_1 into driver instance design_1_i/firesim_wrapper_0/inst/firesim_top/top/sim/target/FireSim_/lazyModule/system/tile_prci_domain/tile_reset_domain_vortexgpgpu_tile/axi42tl/ram_flattened_reg_0_1_56_69_i_39, which resulted in an inversion of 1124 pins
[2025-09-15 03:38:32] INFO: [Common 17-14] Message 'Opt 31-1287' appears 100 times and further instances of the messages will be disabled. Use the Tcl command set_msg_config to change the current settings.
[2025-09-15 03:38:32] INFO: [Opt 31-138] Pushed 131 inverter(s) to 29904 load pin(s).
[2025-09-15 03:38:32] INFO: [Opt 31-49] Retargeted 0 cell(s).
[2025-09-15 03:38:32] Phase 3 Retarget | Checksum: 188e5d2b1
[2025-09-15 03:38:32] 
[2025-09-15 03:38:32] Time (s): cpu = 00:05:06 ; elapsed = 00:04:12 . Memory (MB): peak = 7028.555 ; gain = 684.531 ; free physical = 227548 ; free virtual = 235209
[2025-09-15 03:38:32] INFO: [Opt 31-389] Phase Retarget created 82 cells and removed 2469 cells
[2025-09-15 03:38:32] INFO: [Opt 31-1021] In phase Retarget, 146 netlist objects are constrained preventing optimization. Please run opt_design with -debug_log to get more detail. 
[2025-09-15 03:38:32] 
[2025-09-15 03:38:32] Phase 4 Constant propagation
[2025-09-15 03:38:32] INFO: [Opt 31-138] Pushed 6 inverter(s) to 63 load pin(s).
[2025-09-15 03:38:32] Phase 4 Constant propagation | Checksum: 165c1d05b
[2025-09-15 03:38:32] 
[2025-09-15 03:38:32] Time (s): cpu = 00:05:09 ; elapsed = 00:04:15 . Memory (MB): peak = 7028.555 ; gain = 684.531 ; free physical = 227551 ; free virtual = 235212
[2025-09-15 03:38:32] INFO: [Opt 31-389] Phase Constant propagation created 3257 cells and removed 5686 cells
[2025-09-15 03:38:32] INFO: [Opt 31-1021] In phase Constant propagation, 144 netlist objects are constrained preventing optimization. Please run opt_design with -debug_log to get more detail. 
[2025-09-15 03:38:32] 
[2025-09-15 03:38:32] Phase 5 Sweep
[2025-09-15 03:38:32] Phase 5 Sweep | Checksum: faa5b034
[2025-09-15 03:38:32] 
[2025-09-15 03:38:32] Time (s): cpu = 00:05:17 ; elapsed = 00:04:24 . Memory (MB): peak = 7028.555 ; gain = 684.531 ; free physical = 227609 ; free virtual = 235270
[2025-09-15 03:38:32] INFO: [Opt 31-389] Phase Sweep created 0 cells and removed 25864 cells
[2025-09-15 03:38:32] INFO: [Opt 31-1021] In phase Sweep, 2349 netlist objects are constrained preventing optimization. Please run opt_design with -debug_log to get more detail. 
[2025-09-15 03:38:32] 
[2025-09-15 03:38:32] Phase 6 BUFG optimization
[2025-09-15 03:38:32] INFO: [Opt 31-1077] Phase BUFG optimization inserted 0 global clock buffer(s) for CLOCK_LOW_FANOUT.
[2025-09-15 03:38:32] INFO: [Opt 31-274] Optimized connectivity to 4 cascaded buffer cells
[2025-09-15 03:38:32] Phase 6 BUFG optimization | Checksum: 15469dc4a
[2025-09-15 03:38:32] 
[2025-09-15 03:38:32] Time (s): cpu = 00:05:22 ; elapsed = 00:04:27 . Memory (MB): peak = 7028.555 ; gain = 684.531 ; free physical = 227612 ; free virtual = 235273
[2025-09-15 03:38:32] INFO: [Opt 31-662] Phase BUFG optimization created 1 cells of which 1 are BUFGs and removed 2 cells.
[2025-09-15 03:38:32] INFO: [Opt 31-1021] In phase BUFG optimization, 1 netlist objects are constrained preventing optimization. Please run opt_design with -debug_log to get more detail. 
[2025-09-15 03:38:32] 
[2025-09-15 03:38:32] Phase 7 Shift Register Optimization
[2025-09-15 03:38:32] INFO: [Opt 31-1064] SRL Remap converted 0 SRLs to 0 registers and converted 0 registers of register chains to 0 SRLs
[2025-09-15 03:38:32] Phase 7 Shift Register Optimization | Checksum: 15469dc4a
[2025-09-15 03:38:32] 
[2025-09-15 03:38:32] Time (s): cpu = 00:05:23 ; elapsed = 00:04:27 . Memory (MB): peak = 7028.555 ; gain = 684.531 ; free physical = 227612 ; free virtual = 235273
[2025-09-15 03:38:32] INFO: [Opt 31-389] Phase Shift Register Optimization created 0 cells and removed 0 cells
[2025-09-15 03:38:32] INFO: [Opt 31-1555] control_set_opt supports Versal devices only, and device xcu250 is unsupported
[2025-09-15 03:38:32] 
[2025-09-15 03:38:32] Phase 8 Post Processing Netlist
[2025-09-15 03:38:32] Phase 8 Post Processing Netlist | Checksum: 114456735
[2025-09-15 03:38:32] 
[2025-09-15 03:38:32] Time (s): cpu = 00:05:24 ; elapsed = 00:04:28 . Memory (MB): peak = 7028.555 ; gain = 684.531 ; free physical = 227613 ; free virtual = 235274
[2025-09-15 03:38:32] INFO: [Opt 31-389] Phase Post Processing Netlist created 0 cells and removed 1 cells
[2025-09-15 03:38:32] INFO: [Opt 31-1021] In phase Post Processing Netlist, 268 netlist objects are constrained preventing optimization. Please run opt_design with -debug_log to get more detail. 
[2025-09-15 03:38:32] Opt_design Change Summary
[2025-09-15 03:38:32] =========================
[2025-09-15 03:38:32] 
[2025-09-15 03:38:32] 
[2025-09-15 03:38:32] -------------------------------------------------------------------------------------------------------------------------
[2025-09-15 03:38:32] |  Phase                        |  #Cells created  |  #Cells Removed  |  #Constrained objects preventing optimizations  |
[2025-09-15 03:38:32] -------------------------------------------------------------------------------------------------------------------------
[2025-09-15 03:38:32] |  Retarget                     |              82  |            2469  |                                            146  |
[2025-09-15 03:38:32] |  Constant propagation         |            3257  |            5686  |                                            144  |
[2025-09-15 03:38:32] |  Sweep                        |               0  |           25864  |                                           2349  |
[2025-09-15 03:38:32] |  BUFG optimization            |               1  |               2  |                                              1  |
[2025-09-15 03:38:32] |  Shift Register Optimization  |               0  |               0  |                                              0  |
[2025-09-15 03:38:32] |  Post Processing Netlist      |               0  |               1  |                                            268  |
[2025-09-15 03:38:32] -------------------------------------------------------------------------------------------------------------------------
[2025-09-15 03:38:32] 
[2025-09-15 03:38:32] 
[2025-09-15 03:38:32] 
[2025-09-15 03:38:32] Starting Connectivity Check Task
[2025-09-15 03:38:32] 
[2025-09-15 03:38:32] Time (s): cpu = 00:00:00.47 ; elapsed = 00:00:00.46 . Memory (MB): peak = 7028.555 ; gain = 0.000 ; free physical = 227616 ; free virtual = 235278
[2025-09-15 03:38:32] Ending Logic Optimization Task | Checksum: 23fef0a2d
[2025-09-15 03:38:32] 
[2025-09-15 03:38:32] Time (s): cpu = 00:05:28 ; elapsed = 00:04:32 . Memory (MB): peak = 7028.555 ; gain = 684.531 ; free physical = 227616 ; free virtual = 235278
[2025-09-15 03:38:32] 
[2025-09-15 03:38:32] Starting Netlist Obfuscation Task
[2025-09-15 03:38:32] Netlist sorting complete. Time (s): cpu = 00:00:00.04 ; elapsed = 00:00:00.04 . Memory (MB): peak = 7028.555 ; gain = 0.000 ; free physical = 227592 ; free virtual = 235253
[2025-09-15 03:38:32] Ending Netlist Obfuscation Task | Checksum: 23fef0a2d
[2025-09-15 03:38:32] 
[2025-09-15 03:38:32] Time (s): cpu = 00:00:00.08 ; elapsed = 00:00:00.08 . Memory (MB): peak = 7028.555 ; gain = 0.000 ; free physical = 227592 ; free virtual = 235253
[2025-09-15 03:38:32] INFO: [Common 17-83] Releasing license: Implementation
[2025-09-15 03:38:32] 173 Infos, 167 Warnings, 3 Critical Warnings and 0 Errors encountered.
[2025-09-15 03:38:32] opt_design completed successfully
[2025-09-15 03:38:32] opt_design: Time (s): cpu = 00:05:35 ; elapsed = 00:04:37 . Memory (MB): peak = 7028.555 ; gain = 684.531 ; free physical = 227593 ; free virtual = 235255
[2025-09-15 03:38:32] INFO: [Timing 38-35] Done setting XDC timing constraints.
[2025-09-15 03:38:32] INFO: [Timing 38-480] Writing timing data to binary archive.
[2025-09-15 03:38:32] Writing XDEF routing.
[2025-09-15 03:38:32] Writing XDEF routing logical nets.
[2025-09-15 03:38:32] Writing XDEF routing special nets.
[2025-09-15 03:38:32] Write XDEF Complete: Time (s): cpu = 00:00:02 ; elapsed = 00:00:00.35 . Memory (MB): peak = 7087.555 ; gain = 59.000 ; free physical = 227133 ; free virtual = 234844
[2025-09-15 03:38:32] INFO: [Common 17-1381] The checkpoint '/cluster/home/eirikwit/vortex-gpgpu/chipyard/sims/firesim/sim/generated-src/alveo/FireSim-FireSimV1S1C0L3-BaseF1Config1Mem_F25MHz/u250/vivado_proj/firesim.runs/impl_1/design_1_wrapper_opt.dcp' has been generated.
[2025-09-15 03:38:32] write_checkpoint: Time (s): cpu = 00:00:53 ; elapsed = 00:00:31 . Memory (MB): peak = 7101.539 ; gain = 72.984 ; free physical = 227227 ; free virtual = 234972
[2025-09-15 03:38:32] INFO: [runtcl-4] Executing : report_drc -file design_1_wrapper_drc_opted.rpt -pb design_1_wrapper_drc_opted.pb -rpx design_1_wrapper_drc_opted.rpx
[2025-09-15 03:38:32] Command: report_drc -file design_1_wrapper_drc_opted.rpt -pb design_1_wrapper_drc_opted.pb -rpx design_1_wrapper_drc_opted.rpx
[2025-09-15 03:38:32] INFO: [IP_Flow 19-1839] IP Catalog is up to date.
[2025-09-15 03:38:32] INFO: [DRC 23-27] Running DRC with 8 threads
[2025-09-15 03:38:32] INFO: [Vivado_Tcl 2-168] The results of DRC are in file /cluster/home/eirikwit/vortex-gpgpu/chipyard/sims/firesim/sim/generated-src/alveo/FireSim-FireSimV1S1C0L3-BaseF1Config1Mem_F25MHz/u250/vivado_proj/firesim.runs/impl_1/design_1_wrapper_drc_opted.rpt.
[2025-09-15 03:38:32] report_drc completed successfully
[2025-09-15 03:38:32] report_drc: Time (s): cpu = 00:00:18 ; elapsed = 00:00:10 . Memory (MB): peak = 7127.117 ; gain = 25.578 ; free physical = 227088 ; free virtual = 234836
[2025-09-15 03:38:32] INFO: [Chipscope 16-240] Debug cores have already been implemented
[2025-09-15 03:38:32] Command: place_design -directive Explore
[2025-09-15 03:38:32] Attempting to get a license for feature 'Implementation' and/or device 'xcu250'
[2025-09-15 03:38:32] INFO: [Common 17-349] Got license for feature 'Implementation' and/or device 'xcu250'
[2025-09-15 03:38:32] INFO: [DRC 23-27] Running DRC with 8 threads
[2025-09-15 03:38:32] INFO: [Vivado_Tcl 4-198] DRC finished with 0 Errors
[2025-09-15 03:38:32] INFO: [Vivado_Tcl 4-199] Please refer to the DRC report (report_drc) for more information.
[2025-09-15 03:38:32] Running DRC as a precondition to command place_design
[2025-09-15 03:38:32] INFO: [DRC 23-27] Running DRC with 8 threads
[2025-09-15 03:38:32] INFO: [Vivado_Tcl 4-198] DRC finished with 0 Errors
[2025-09-15 03:38:32] INFO: [Vivado_Tcl 4-199] Please refer to the DRC report (report_drc) for more information.
[2025-09-15 03:38:32] 
[2025-09-15 03:38:32] Starting Placer Task
[2025-09-15 03:38:32] INFO: [Place 46-5] The placer was invoked with the 'Explore' directive.
[2025-09-15 03:38:32] INFO: [Place 30-611] Multithreading enabled for place_design using a maximum of 8 CPUs
[2025-09-15 03:38:32] 
[2025-09-15 03:38:32] Phase 1 Placer Initialization
[2025-09-15 03:38:32] 
[2025-09-15 03:38:32] Phase 1.1 Placer Initialization Netlist Sorting
[2025-09-15 03:38:32] Netlist sorting complete. Time (s): cpu = 00:00:00.03 ; elapsed = 00:00:00.04 . Memory (MB): peak = 7127.117 ; gain = 0.000 ; free physical = 227067 ; free virtual = 234816
[2025-09-15 03:38:32] Phase 1.1 Placer Initialization Netlist Sorting | Checksum: 197111a23
[2025-09-15 03:38:32] 
[2025-09-15 03:38:32] Time (s): cpu = 00:00:00.11 ; elapsed = 00:00:00.32 . Memory (MB): peak = 7127.117 ; gain = 0.000 ; free physical = 227067 ; free virtual = 234816
[2025-09-15 03:38:32] Netlist sorting complete. Time (s): cpu = 00:00:00.03 ; elapsed = 00:00:00.03 . Memory (MB): peak = 7127.117 ; gain = 0.000 ; free physical = 227067 ; free virtual = 234816
[2025-09-15 03:38:32] 
[2025-09-15 03:38:32] Phase 1.2 IO Placement/ Clock Placement/ Build Placer Device
[2025-09-15 03:38:32] Phase 1.2 IO Placement/ Clock Placement/ Build Placer Device | Checksum: e5858c9f
[2025-09-15 03:38:32] 
[2025-09-15 03:38:32] Time (s): cpu = 00:00:30 ; elapsed = 00:00:22 . Memory (MB): peak = 7158.633 ; gain = 31.516 ; free physical = 226969 ; free virtual = 234721
[2025-09-15 03:38:32] 
[2025-09-15 03:38:32] Phase 1.3 Build Placer Netlist Model
[2025-09-15 03:38:32] Phase 1.3 Build Placer Netlist Model | Checksum: eb937492
[2025-09-15 03:38:32] 
[2025-09-15 03:38:32] Time (s): cpu = 00:01:49 ; elapsed = 00:01:05 . Memory (MB): peak = 8430.016 ; gain = 1302.898 ; free physical = 226144 ; free virtual = 233900
[2025-09-15 03:38:32] 
[2025-09-15 03:38:32] Phase 1.4 Constrain Clocks/Macros
[2025-09-15 03:38:32] Phase 1.4 Constrain Clocks/Macros | Checksum: eb937492
[2025-09-15 03:38:32] 
[2025-09-15 03:38:32] Time (s): cpu = 00:01:50 ; elapsed = 00:01:06 . Memory (MB): peak = 8430.016 ; gain = 1302.898 ; free physical = 226144 ; free virtual = 233900
[2025-09-15 03:38:32] Phase 1 Placer Initialization | Checksum: eb937492
[2025-09-15 03:38:32] 
[2025-09-15 03:38:32] Time (s): cpu = 00:01:51 ; elapsed = 00:01:07 . Memory (MB): peak = 8430.016 ; gain = 1302.898 ; free physical = 226146 ; free virtual = 233902
[2025-09-15 03:38:32] 
[2025-09-15 03:38:32] Phase 2 Global Placement
[2025-09-15 03:38:32] 
[2025-09-15 03:38:32] Phase 2.1 Floorplanning
[2025-09-15 03:38:32] 
[2025-09-15 03:38:32] Phase 2.1.1 Partition Driven Placement
[2025-09-15 03:38:32] 
[2025-09-15 03:38:32] Phase 2.1.1.1 PBP: Partition Driven Placement
[2025-09-15 03:38:32] Phase 2.1.1.1 PBP: Partition Driven Placement | Checksum: 1acd38440
[2025-09-15 03:38:32] 
[2025-09-15 03:38:32] Time (s): cpu = 00:05:01 ; elapsed = 00:02:24 . Memory (MB): peak = 8430.016 ; gain = 1302.898 ; free physical = 225947 ; free virtual = 233705
[2025-09-15 03:38:32] 
[2025-09-15 03:38:32] Phase 2.1.1.2 PBP: Clock Region Placement
[2025-09-15 03:38:32] WARNING: [Place 30-1995] Horizontal BUFCE_ROW programmable delay is capped at 3 for clock net design_1_i/xdma_0/inst/pcie4_ip_i/inst/design_1_xdma_0_0_pcie4_ip_gt_top_i/diablo_gt.diablo_gt_phy_wrapper/phy_clk_i/CLK_CORECLK due to PCIE_GT_DIFF_REGION MAX_SKEW requirements
[2025-09-15 03:38:32] WARNING: [Place 30-1995] Horizontal BUFCE_ROW programmable delay is capped at 3 for clock net design_1_i/xdma_0/inst/pcie4_ip_i/inst/design_1_xdma_0_0_pcie4_ip_gt_top_i/diablo_gt.diablo_gt_phy_wrapper/phy_clk_i/CLK_PCLK2_GT due to PCIE_GT_DIFF_REGION MAX_SKEW requirements
[2025-09-15 03:38:32] WARNING: [Place 30-1995] Horizontal BUFCE_ROW programmable delay is capped at 3 for clock net design_1_i/xdma_0/inst/pcie4_ip_i/inst/design_1_xdma_0_0_pcie4_ip_gt_top_i/diablo_gt.diablo_gt_phy_wrapper/phy_clk_i/CLK_USERCLK due to PCIE_GT_DIFF_REGION MAX_SKEW requirements
[2025-09-15 03:38:32] Phase 2.1.1.2 PBP: Clock Region Placement | Checksum: ee86692e
[2025-09-15 03:38:32] 
[2025-09-15 03:38:32] Time (s): cpu = 00:05:14 ; elapsed = 00:02:38 . Memory (MB): peak = 8543.359 ; gain = 1416.242 ; free physical = 225803 ; free virtual = 233562
[2025-09-15 03:38:32] 
[2025-09-15 03:38:32] Phase 2.1.1.3 PBP: Discrete Incremental
[2025-09-15 03:38:32] Phase 2.1.1.3 PBP: Discrete Incremental | Checksum: 17a29b6b1
[2025-09-15 03:38:32] 
[2025-09-15 03:38:32] Time (s): cpu = 00:05:17 ; elapsed = 00:02:40 . Memory (MB): peak = 8543.359 ; gain = 1416.242 ; free physical = 225810 ; free virtual = 233569
[2025-09-15 03:38:32] 
[2025-09-15 03:38:32] Phase 2.1.1.4 PBP: Compute Congestion
[2025-09-15 03:38:32] Phase 2.1.1.4 PBP: Compute Congestion | Checksum: 17a29b6b1
[2025-09-15 03:38:32] 
[2025-09-15 03:38:32] Time (s): cpu = 00:05:29 ; elapsed = 00:02:46 . Memory (MB): peak = 9453.512 ; gain = 2326.395 ; free physical = 225202 ; free virtual = 233014
[2025-09-15 03:38:32] 
[2025-09-15 03:38:32] Phase 2.1.1.5 PBP: Macro Placement
[2025-09-15 03:38:32] Phase 2.1.1.5 PBP: Macro Placement | Checksum: 20228cfb5
[2025-09-15 03:38:32] 
[2025-09-15 03:38:32] Time (s): cpu = 00:05:33 ; elapsed = 00:02:50 . Memory (MB): peak = 9453.512 ; gain = 2326.395 ; free physical = 225183 ; free virtual = 232995
[2025-09-15 03:38:32] 
[2025-09-15 03:38:32] Phase 2.1.1.6 PBP: UpdateTiming
[2025-09-15 03:38:32] Phase 2.1.1.6 PBP: UpdateTiming | Checksum: 134229c1e
[2025-09-15 03:38:32] 
[2025-09-15 03:38:32] Time (s): cpu = 00:05:49 ; elapsed = 00:02:57 . Memory (MB): peak = 9461.512 ; gain = 2334.395 ; free physical = 224895 ; free virtual = 232708
[2025-09-15 03:38:32] 
[2025-09-15 03:38:32] Phase 2.1.1.7 PBP: Add part constraints
[2025-09-15 03:38:32] Phase 2.1.1.7 PBP: Add part constraints | Checksum: 134229c1e
[2025-09-15 03:38:32] 
[2025-09-15 03:38:32] Time (s): cpu = 00:05:51 ; elapsed = 00:02:59 . Memory (MB): peak = 9461.512 ; gain = 2334.395 ; free physical = 224901 ; free virtual = 232713
[2025-09-15 03:38:32] Phase 2.1.1 Partition Driven Placement | Checksum: 134229c1e
[2025-09-15 03:38:32] 
[2025-09-15 03:38:32] Time (s): cpu = 00:05:51 ; elapsed = 00:02:59 . Memory (MB): peak = 9461.512 ; gain = 2334.395 ; free physical = 225018 ; free virtual = 232831
[2025-09-15 03:38:32] Phase 2.1 Floorplanning | Checksum: 134229c1e
[2025-09-15 03:38:32] 
[2025-09-15 03:38:32] Time (s): cpu = 00:05:52 ; elapsed = 00:03:00 . Memory (MB): peak = 9461.512 ; gain = 2334.395 ; free physical = 225019 ; free virtual = 232832
[2025-09-15 03:38:32] 
[2025-09-15 03:38:32] Phase 2.2 Physical Synthesis After Floorplan
[2025-09-15 03:38:32] INFO: [Physopt 32-46] Identified 3 candidate nets for critical-cell optimization.
[2025-09-15 03:38:32] INFO: [Physopt 32-775] End 1 Pass. Optimized 0 net or cell. Created 0 new cell, deleted 0 existing cell and moved 0 existing cell
[2025-09-15 03:38:32] Netlist sorting complete. Time (s): cpu = 00:00:00.04 ; elapsed = 00:00:00.03 . Memory (MB): peak = 9461.512 ; gain = 0.000 ; free physical = 225021 ; free virtual = 232837
[2025-09-15 03:38:32] 
[2025-09-15 03:38:32] Summary of Physical Synthesis Optimizations
[2025-09-15 03:38:32] ============================================
[2025-09-15 03:38:32] 
[2025-09-15 03:38:32] 
[2025-09-15 03:38:32] -----------------------------------------------------------------------------------------------------------------------------------------------
[2025-09-15 03:38:32] |  Optimization                         |  Added Cells  |  Removed Cells  |  Optimized Cells/Nets  |  Dont Touch  |  Iterations  |  Elapsed   |
[2025-09-15 03:38:32] -----------------------------------------------------------------------------------------------------------------------------------------------
[2025-09-15 03:38:32] |  PSIP Post Floorplan SLR Replication  |            0  |              0  |                     0  |           0  |           1  |  00:00:02  |
[2025-09-15 03:38:32] |  Total                                |            0  |              0  |                     0  |           0  |           1  |  00:00:02  |
[2025-09-15 03:38:32] -----------------------------------------------------------------------------------------------------------------------------------------------
[2025-09-15 03:38:32] 
[2025-09-15 03:38:32] 
[2025-09-15 03:38:32] Phase 2.2 Physical Synthesis After Floorplan | Checksum: 134229c1e
[2025-09-15 03:38:32] 
[2025-09-15 03:38:32] Time (s): cpu = 00:05:54 ; elapsed = 00:03:02 . Memory (MB): peak = 9461.512 ; gain = 2334.395 ; free physical = 225025 ; free virtual = 232841
[2025-09-15 03:38:32] 
[2025-09-15 03:38:32] Phase 2.3 Update Timing before SLR Path Opt
[2025-09-15 03:38:32] Phase 2.3 Update Timing before SLR Path Opt | Checksum: 134229c1e
[2025-09-15 03:38:32] 
[2025-09-15 03:38:32] Time (s): cpu = 00:05:55 ; elapsed = 00:03:03 . Memory (MB): peak = 9461.512 ; gain = 2334.395 ; free physical = 225025 ; free virtual = 232841
[2025-09-15 03:38:32] 
[2025-09-15 03:38:32] Phase 2.4 Post-Processing in Floorplanning
[2025-09-15 03:38:32] Phase 2.4 Post-Processing in Floorplanning | Checksum: 20a5155dd
[2025-09-15 03:38:32] 
[2025-09-15 03:38:32] Time (s): cpu = 00:05:56 ; elapsed = 00:03:04 . Memory (MB): peak = 9461.512 ; gain = 2334.395 ; free physical = 225026 ; free virtual = 232842
[2025-09-15 03:38:32] 
[2025-09-15 03:38:32] Phase 2.5 Global Placement Core
[2025-09-15 03:38:32] 
[2025-09-15 03:38:32] Phase 2.5.1 UpdateTiming Before Physical Synthesis
[2025-09-15 03:38:32] Phase 2.5.1 UpdateTiming Before Physical Synthesis | Checksum: 1a48a1296
[2025-09-15 03:38:32] 
[2025-09-15 03:38:32] Time (s): cpu = 00:11:00 ; elapsed = 00:05:59 . Memory (MB): peak = 10722.703 ; gain = 3595.586 ; free physical = 225159 ; free virtual = 232973
[2025-09-15 03:38:32] 
[2025-09-15 03:38:32] Phase 2.5.2 Physical Synthesis In Placer
[2025-09-15 03:38:32] INFO: [Physopt 32-1035] Found 9 LUTNM shape to break, 6334 LUT instances to create LUTNM shape
[2025-09-15 03:38:32] INFO: [Physopt 32-1044] Break lutnm for timing: one critical 4, two critical 5, total 9, new lutff created 1
[2025-09-15 03:38:32] INFO: [Physopt 32-1138] End 1 Pass. Optimized 2623 nets or LUTs. Breaked 9 LUTs, combined 2614 existing LUTs and moved 0 existing LUT
[2025-09-15 03:38:33] INFO: [Physopt 32-1030] Pass 1. Identified 249 candidate driver sets for equivalent driver rewiring.
[2025-09-15 03:38:33] INFO: [Physopt 32-661] Optimized 174 nets.  Re-placed 1253 instances.
[2025-09-15 03:38:33] INFO: [Physopt 32-775] End 1 Pass. Optimized 174 nets or cells. Created 188 new cells, deleted 195 existing cells and moved 1253 existing cells
[2025-09-15 03:38:33] Netlist sorting complete. Time (s): cpu = 00:00:01 ; elapsed = 00:00:01 . Memory (MB): peak = 10722.703 ; gain = 0.000 ; free physical = 225263 ; free virtual = 233054
[2025-09-15 03:38:33] INFO: [Physopt 32-1132] Very high fanout net 'design_1_i/ddr4_0/inst/u_ddr4_mem_intfc/u_ddr_mc/u_ddr_mc_ecc/rd_data_addr_dly_reg[4]_0[0]' is not considered as a candidate in VHFN optimzation. The fanout considered for this optimization is changed from 1072 to 170 due to a timing constraint that prevent optimization on all of the loads. To force replication, set the FORCE_MAX_FANOUT property on the net to a number less than 170.
[2025-09-15 03:38:33] INFO: [Physopt 32-1132] Very high fanout net 'design_1_i/ddr4_0/inst/u_ddr4_mem_intfc/u_ddr_mc/u_ddr_mc_ecc/rd_data_addr_dly_reg[4]_0[1]' is not considered as a candidate in VHFN optimzation. The fanout considered for this optimization is changed from 1070 to 168 due to a timing constraint that prevent optimization on all of the loads. To force replication, set the FORCE_MAX_FANOUT property on the net to a number less than 168.
[2025-09-15 03:38:33] INFO: [Physopt 32-1132] Very high fanout net 'design_1_i/ddr4_0/inst/u_ddr4_mem_intfc/u_ddr_mc/u_ddr_mc_ecc/rd_data_addr_dly_reg[4]_0[2]' is not considered as a candidate in VHFN optimzation. The fanout considered for this optimization is changed from 1072 to 170 due to a timing constraint that prevent optimization on all of the loads. To force replication, set the FORCE_MAX_FANOUT property on the net to a number less than 170.
[2025-09-15 03:38:33] INFO: [Physopt 32-76] Pass 1. Identified 3 candidate nets for fanout optimization.
[2025-09-15 03:38:33] INFO: [Physopt 32-81] Processed net design_1_i/ddr4_0/inst/u_ddr_axi/axi_w_channel_0/wready_d3. Replicated 7 times.
[2025-09-15 03:38:33] INFO: [Physopt 32-81] Processed net design_1_i/ddr4_0/inst/u_ddr_axi/USE_UPSIZER.upsizer_d2/ARESET. Replicated 14 times.
[2025-09-15 03:38:33] INFO: [Physopt 32-81] Processed net design_1_i/ddr4_0/inst/u_ddr4_mem_intfc/u_ddr_cal_top/u_ddr_cal/u_ddr_cal_addr_decode/u_ddr_cal_cplx/cplx_cal. Replicated 8 times.
[2025-09-15 03:38:33] INFO: [Physopt 32-232] Optimized 3 nets. Created 29 new instances.
[2025-09-15 03:38:33] INFO: [Physopt 32-775] End 1 Pass. Optimized 3 nets or cells. Created 29 new cells, deleted 0 existing cell and moved 0 existing cell
[2025-09-15 03:38:33] Netlist sorting complete. Time (s): cpu = 00:00:00.14 ; elapsed = 00:00:00.14 . Memory (MB): peak = 10722.703 ; gain = 0.000 ; free physical = 225466 ; free virtual = 233071
[2025-09-15 03:38:33] INFO: [Physopt 32-76] Pass 1. Identified 4 candidate nets for fanout optimization.
[2025-09-15 03:38:33] INFO: [Physopt 32-81] Processed net design_1_i/xdma_0/inst/udma_wrapper/dma_top/dma_enable.vul_dma/dsc_eng.DSC/dsc_fifo_rp_nn2_reg[8]_0[0]. Replicated 8 times.
[2025-09-15 03:38:33] INFO: [Physopt 32-81] Processed net design_1_i/xdma_0/inst/udma_wrapper/dma_top/dma_enable.vul_dma/dsc_eng.DSC/dsc_fifo_rp_nn2_reg[8]_0[2]. Replicated 7 times.
[2025-09-15 03:38:33] INFO: [Physopt 32-81] Processed net design_1_i/xdma_0/inst/udma_wrapper/dma_top/dma_enable.vul_dma/dsc_eng.DSC/dsc_fifo_rp_nn2_reg[8]_0[1]. Replicated 8 times.
[2025-09-15 03:38:33] INFO: [Physopt 32-81] Processed net design_1_i/xdma_0/inst/udma_wrapper/dma_top/dma_enable.vul_dma/dsc_eng.DSC/dsc_fifo_rp_nn2_reg[8]_0[3]. Replicated 6 times.
[2025-09-15 03:38:33] INFO: [Physopt 32-232] Optimized 4 nets. Created 29 new instances.
[2025-09-15 03:38:33] INFO: [Physopt 32-775] End 1 Pass. Optimized 4 nets or cells. Created 29 new cells, deleted 0 existing cell and moved 0 existing cell
[2025-09-15 03:38:33] Netlist sorting complete. Time (s): cpu = 00:00:00.25 ; elapsed = 00:00:00.26 . Memory (MB): peak = 10722.703 ; gain = 0.000 ; free physical = 225497 ; free virtual = 233075
[2025-09-15 03:38:33] INFO: [Physopt 32-456] No candidate cells for DSP register optimization found in the design.
[2025-09-15 03:38:33] INFO: [Physopt 32-775] End 2 Pass. Optimized 0 net or cell. Created 0 new cell, deleted 0 existing cell and moved 0 existing cell
[2025-09-15 03:38:33] INFO: [Physopt 32-1123] No candidate cells found for Shift Register to Pipeline optimization
[2025-09-15 03:38:33] INFO: [Physopt 32-775] End 2 Pass. Optimized 0 net or cell. Created 0 new cell, deleted 0 existing cell and moved 0 existing cell
[2025-09-15 03:38:33] INFO: [Physopt 32-775] End 1 Pass. Optimized 0 net or cell. Created 0 new cell, deleted 0 existing cell and moved 0 existing cell
[2025-09-15 03:38:33] Netlist sorting complete. Time (s): cpu = 00:00:00.03 ; elapsed = 00:00:00.03 . Memory (MB): peak = 10722.703 ; gain = 0.000 ; free physical = 225497 ; free virtual = 233075
[2025-09-15 03:38:33] INFO: [Physopt 32-527] Pass 1: Identified 1 candidate cell for BRAM register optimization
[2025-09-15 03:38:33] INFO: [Physopt 32-666] Processed cell design_1_i/ddr4_0/inst/u_ddr4_mem_intfc/u_ddr_cal_top/u_ddr_cal/DDR_XSDB_BRAM/mem_inst/gen_mem[0].inst/mem_reg_bram_0. No change.
[2025-09-15 03:38:33] INFO: [Physopt 32-775] End 1 Pass. Optimized 0 net or cell. Created 0 new cell, deleted 0 existing cell and moved 0 existing cell
[2025-09-15 03:38:33] Netlist sorting complete. Time (s): cpu = 00:00:00.03 ; elapsed = 00:00:00.04 . Memory (MB): peak = 10722.703 ; gain = 0.000 ; free physical = 225504 ; free virtual = 233082
[2025-09-15 03:38:33] INFO: [Physopt 32-846] No candidate cells for URAM register optimization found in the design
[2025-09-15 03:38:33] INFO: [Physopt 32-775] End 2 Pass. Optimized 0 net or cell. Created 0 new cell, deleted 0 existing cell and moved 0 existing cell
[2025-09-15 03:38:33] INFO: [Physopt 32-949] No candidate nets found for dynamic/static region interface net replication
[2025-09-15 03:38:33] INFO: [Physopt 32-775] End 1 Pass. Optimized 0 net or cell. Created 0 new cell, deleted 0 existing cell and moved 0 existing cell
[2025-09-15 03:38:33] Netlist sorting complete. Time (s): cpu = 00:00:00.04 ; elapsed = 00:00:00.03 . Memory (MB): peak = 10722.703 ; gain = 0.000 ; free physical = 225524 ; free virtual = 233102
[2025-09-15 03:38:33] 
[2025-09-15 03:38:33] Summary of Physical Synthesis Optimizations
[2025-09-15 03:38:33] ============================================
[2025-09-15 03:38:33] 
[2025-09-15 03:38:33] 
[2025-09-15 03:38:33] -----------------------------------------------------------------------------------------------------------------------------------------------------------
[2025-09-15 03:38:33] |  Optimization                                     |  Added Cells  |  Removed Cells  |  Optimized Cells/Nets  |  Dont Touch  |  Iterations  |  Elapsed   |
[2025-09-15 03:38:33] -----------------------------------------------------------------------------------------------------------------------------------------------------------
[2025-09-15 03:38:33] |  LUT Combining                                    |            9  |           2614  |                  2623  |           0  |           1  |  00:00:04  |
[2025-09-15 03:38:33] |  Retime                                           |            0  |              0  |                     0  |           0  |           1  |  00:00:00  |
[2025-09-15 03:38:33] |  Equivalent Driver Rewiring                       |          188  |            195  |                   174  |           0  |           1  |  00:00:31  |
[2025-09-15 03:38:33] |  Very High Fanout                                 |           29  |              0  |                     3  |           0  |           1  |  00:00:03  |
[2025-09-15 03:38:33] |  Fanout                                           |           29  |              0  |                     4  |           0  |           1  |  00:00:00  |
[2025-09-15 03:38:33] |  DSP Register                                     |            0  |              0  |                     0  |           0  |           1  |  00:00:00  |
[2025-09-15 03:38:33] |  Shift Register to Pipeline                       |            0  |              0  |                     0  |           0  |           1  |  00:00:00  |
[2025-09-15 03:38:33] |  Shift Register                                   |            0  |              0  |                     0  |           0  |           1  |  00:00:00  |
[2025-09-15 03:38:33] |  BRAM Register                                    |            0  |              0  |                     0  |           0  |           1  |  00:00:00  |
[2025-09-15 03:38:33] |  URAM Register                                    |            0  |              0  |                     0  |           0  |           1  |  00:00:00  |
[2025-09-15 03:38:33] |  Dynamic/Static Region Interface Net Replication  |            0  |              0  |                     0  |           0  |           1  |  00:00:00  |
[2025-09-15 03:38:33] |  Total                                            |          255  |           2809  |                  2804  |           0  |          11  |  00:00:39  |
[2025-09-15 03:38:33] -----------------------------------------------------------------------------------------------------------------------------------------------------------
[2025-09-15 03:38:33] 
[2025-09-15 03:38:33] 
[2025-09-15 03:38:33] Phase 2.5.2 Physical Synthesis In Placer | Checksum: 22a4857bd
[2025-09-15 03:38:33] 
[2025-09-15 03:38:33] Time (s): cpu = 00:11:59 ; elapsed = 00:06:50 . Memory (MB): peak = 10722.703 ; gain = 3595.586 ; free physical = 226115 ; free virtual = 233105
[2025-09-15 03:38:33] Phase 2.5 Global Placement Core | Checksum: 266d3b9ce
[2025-09-15 03:38:33] 
[2025-09-15 03:38:33] Time (s): cpu = 00:12:42 ; elapsed = 00:07:15 . Memory (MB): peak = 10722.703 ; gain = 3595.586 ; free physical = 225804 ; free virtual = 232792
[2025-09-15 03:38:33] Phase 2 Global Placement | Checksum: 266d3b9ce
[2025-09-15 03:38:33] 
[2025-09-15 03:38:33] Time (s): cpu = 00:12:42 ; elapsed = 00:07:16 . Memory (MB): peak = 10722.703 ; gain = 3595.586 ; free physical = 225992 ; free virtual = 232980
[2025-09-15 03:38:33] 
[2025-09-15 03:38:33] Phase 3 Detail Placement
[2025-09-15 03:38:33] 
[2025-09-15 03:38:33] Phase 3.1 Commit Multi Column Macros
[2025-09-15 03:38:33] Phase 3.1 Commit Multi Column Macros | Checksum: 1eeb8edea
[2025-09-15 03:38:33] 
[2025-09-15 03:38:33] Time (s): cpu = 00:13:10 ; elapsed = 00:07:27 . Memory (MB): peak = 10722.703 ; gain = 3595.586 ; free physical = 225924 ; free virtual = 232912
[2025-09-15 03:38:33] 
[2025-09-15 03:38:33] Phase 3.2 Commit Most Macros & LUTRAMs
[2025-09-15 03:38:33] Phase 3.2 Commit Most Macros & LUTRAMs | Checksum: 25f35262c
[2025-09-15 03:38:33] 
[2025-09-15 03:38:33] Time (s): cpu = 00:13:35 ; elapsed = 00:07:38 . Memory (MB): peak = 10722.703 ; gain = 3595.586 ; free physical = 225967 ; free virtual = 232955
[2025-09-15 03:38:33] 
[2025-09-15 03:38:33] Phase 3.3 Small Shape DP
[2025-09-15 03:38:33] 
[2025-09-15 03:38:33] Phase 3.3.1 Small Shape Clustering
[2025-09-15 03:38:33] Phase 3.3.1 Small Shape Clustering | Checksum: 23d00b36f
[2025-09-15 03:38:33] 
[2025-09-15 03:38:33] Time (s): cpu = 00:14:29 ; elapsed = 00:08:00 . Memory (MB): peak = 10722.703 ; gain = 3595.586 ; free physical = 225716 ; free virtual = 232703
[2025-09-15 03:38:33] 
[2025-09-15 03:38:33] Phase 3.3.2 Flow Legalize Slice Clusters
[2025-09-15 03:38:33] Phase 3.3.2 Flow Legalize Slice Clusters | Checksum: 22bd4cd08
[2025-09-15 03:38:33] 
[2025-09-15 03:38:33] Time (s): cpu = 00:14:31 ; elapsed = 00:08:01 . Memory (MB): peak = 10722.703 ; gain = 3595.586 ; free physical = 225664 ; free virtual = 232651
[2025-09-15 03:38:33] 
[2025-09-15 03:38:33] Phase 3.3.3 Slice Area Swap
[2025-09-15 03:38:33] 
[2025-09-15 03:38:33] Phase 3.3.3.1 Slice Area Swap Initial
[2025-09-15 03:38:33] Phase 3.3.3.1 Slice Area Swap Initial | Checksum: 29239dc12
[2025-09-15 03:38:33] 
[2025-09-15 03:38:33] Time (s): cpu = 00:14:45 ; elapsed = 00:08:10 . Memory (MB): peak = 10722.703 ; gain = 3595.586 ; free physical = 225468 ; free virtual = 232455
[2025-09-15 03:38:33] Phase 3.3.3 Slice Area Swap | Checksum: 1fa71ee27
[2025-09-15 03:38:33] 
[2025-09-15 03:38:33] Time (s): cpu = 00:14:53 ; elapsed = 00:08:17 . Memory (MB): peak = 10722.703 ; gain = 3595.586 ; free physical = 225319 ; free virtual = 232306
[2025-09-15 03:38:33] Phase 3.3 Small Shape DP | Checksum: 26192f167
[2025-09-15 03:38:33] 
[2025-09-15 03:38:33] Time (s): cpu = 00:15:43 ; elapsed = 00:08:33 . Memory (MB): peak = 10722.703 ; gain = 3595.586 ; free physical = 225578 ; free virtual = 232566
[2025-09-15 03:38:33] 
[2025-09-15 03:38:33] Phase 3.4 Re-assign LUT pins
[2025-09-15 03:38:33] Phase 3.4 Re-assign LUT pins | Checksum: 1ca3fb022
[2025-09-15 03:38:33] 
[2025-09-15 03:38:33] Time (s): cpu = 00:15:54 ; elapsed = 00:08:44 . Memory (MB): peak = 10722.703 ; gain = 3595.586 ; free physical = 225588 ; free virtual = 232576
[2025-09-15 03:38:33] 
[2025-09-15 03:38:33] Phase 3.5 Pipeline Register Optimization
[2025-09-15 03:38:33] Phase 3.5 Pipeline Register Optimization | Checksum: 179736b9a
[2025-09-15 03:38:33] 
[2025-09-15 03:38:33] Time (s): cpu = 00:16:02 ; elapsed = 00:08:52 . Memory (MB): peak = 10722.703 ; gain = 3595.586 ; free physical = 225625 ; free virtual = 232613
[2025-09-15 03:38:33] Phase 3 Detail Placement | Checksum: 179736b9a
[2025-09-15 03:38:33] 
[2025-09-15 03:38:33] Time (s): cpu = 00:16:03 ; elapsed = 00:08:53 . Memory (MB): peak = 10722.703 ; gain = 3595.586 ; free physical = 225629 ; free virtual = 232617
[2025-09-15 03:38:33] 
[2025-09-15 03:38:33] Phase 4 Post Placement Optimization and Clean-Up
[2025-09-15 03:38:33] 
[2025-09-15 03:38:33] Phase 4.1 Post Commit Optimization
[2025-09-15 03:38:33] INFO: [Timing 38-35] Done setting XDC timing constraints.
[2025-09-15 03:38:33] 
[2025-09-15 03:38:33] Phase 4.1.1 Post Placement Optimization
[2025-09-15 03:38:33] Post Placement Optimization Initialization | Checksum: 1774c05d6
[2025-09-15 03:38:33] 
[2025-09-15 03:38:33] Phase 4.1.1.1 BUFG Insertion
[2025-09-15 03:38:33] 
[2025-09-15 03:38:33] Starting Physical Synthesis Task
[2025-09-15 03:38:33] 
[2025-09-15 03:38:33] Phase 1 Physical Synthesis Initialization
[2025-09-15 03:38:33] INFO: [Physopt 32-721] Multithreading enabled for phys_opt_design using a maximum of 8 CPUs
[2025-09-15 03:38:33] INFO: [Physopt 32-619] Estimated Timing Summary | WNS=0.202 | TNS=0.000 |
[2025-09-15 03:38:33] Phase 1 Physical Synthesis Initialization | Checksum: 20ea3d03f
[2025-09-15 03:38:33] 
[2025-09-15 03:38:33] Time (s): cpu = 00:00:13 ; elapsed = 00:00:03 . Memory (MB): peak = 10722.703 ; gain = 0.000 ; free physical = 225679 ; free virtual = 232666
[2025-09-15 03:38:33] INFO: [Place 46-33] Processed net design_1_i/firesim_wrapper_0/inst/firesim_top/top/sim/target/FireSim_/lazyModule/system/tile_prci_domain/tile_reset_domain_vortexgpgpu_tile/core/vortex_axi/vortex/g_clusters[0].cluster/g_sockets[0].socket/g_cores[0].__core_reset/g_relay.reset_r, BUFG insertion was skipped due to placement/routing conflicts.
[2025-09-15 03:38:33] INFO: [Place 46-33] Processed net design_1_i/firesim_wrapper_0/inst/firesim_top/top/sim/target/FireSim_/lazyModule/system/tile_prci_domain/tile_reset_domain_vortexgpgpu_tile/core/vortex_axi/vortex/g_clusters[0].cluster/l2cache/g_cache.cache/g_banks[0].bank/pipe_reg1/E[0], BUFG insertion was skipped due to placement/routing conflicts.
[2025-09-15 03:38:33] INFO: [Place 46-33] Processed net design_1_i/proc_sys_reset_0/U0/interconnect_aresetn[0], BUFG insertion was skipped due to placement/routing conflicts.
[2025-09-15 03:38:33] INFO: [Place 46-33] Processed net design_1_i/firesim_wrapper_0/inst/firesim_top/top/sim/target/FireSim_/lazyModule/system/tile_prci_domain/tile_reset_domain_vortexgpgpu_tile/core/vortex_axi/vortex/g_clusters[0].cluster/g_sockets[0].socket/dcache/g_cache_wrap[0].cache_wrap/g_bypass.cache_bypass/req_arb/g_input_select.g_arbiter.g_out_buf[0].out_buf/g_eb2.stream_buffer/g_buffer.fire_in, BUFG insertion was skipped due to placement/routing conflicts.
[2025-09-15 03:38:33] INFO: [Place 46-33] Processed net design_1_i/firesim_wrapper_0/inst/firesim_top/top/sim/target/FireSim_/lazyModule/system/tile_prci_domain/tile_reset_domain_vortexgpgpu_tile/core/vortex_axi/vortex/g_clusters[0].cluster/l2cache/g_cache.cache/g_banks[0].bank/mem_req_queue/pending_size/g_size_gt1.g_single_step.g_size_gt2.empty_r_reg_1[0], BUFG insertion was skipped due to placement/routing conflicts.
[2025-09-15 03:38:33] INFO: [Place 46-33] Processed net design_1_i/firesim_wrapper_0/inst/firesim_top/top/sim/target/FireSim_/lazyModule/system/resetSynchronizer/bundleOut_0_member_allClocks_subsystem_fbus_0_reset_catcher/io_sync_reset_chain/output_chain/sync_0_reg_rep__1_0, BUFG insertion was skipped due to placement/routing conflicts.
[2025-09-15 03:38:33] INFO: [Place 46-33] Processed net design_1_i/firesim_wrapper_0/inst/firesim_top/top/sim/target/FireSim_/lazyModule/system/tile_prci_domain/tile_reset_domain_vortexgpgpu_tile/core/vortex_axi/vortex/g_clusters[0].cluster/l2cache/g_bypass.cache_bypass/rsp_arb/g_input_select.g_arbiter.g_out_buf[0].out_buf/g_eb2.stream_buffer/g_buffer.fire_in, BUFG insertion was skipped due to placement/routing conflicts.
[2025-09-15 03:38:33] INFO: [Place 46-56] BUFG insertion identified 7 candidate nets. Inserted BUFG: 0, Replicated BUFG Driver: 0, Skipped due to Placement/Routing Conflicts: 7, Skipped due to Timing Degradation: 0, Skipped due to Illegal Netlist: 0.
[2025-09-15 03:38:33] Ending Physical Synthesis Task | Checksum: 1c6d13ecb
[2025-09-15 03:38:33] 
[2025-09-15 03:38:33] Time (s): cpu = 00:00:20 ; elapsed = 00:00:07 . Memory (MB): peak = 10722.703 ; gain = 0.000 ; free physical = 225685 ; free virtual = 232672
[2025-09-15 03:38:33] Phase 4.1.1.1 BUFG Insertion | Checksum: 1774c05d6
[2025-09-15 03:38:33] 
[2025-09-15 03:38:33] Time (s): cpu = 00:18:24 ; elapsed = 00:09:43 . Memory (MB): peak = 10722.703 ; gain = 3595.586 ; free physical = 225712 ; free virtual = 232699
[2025-09-15 03:38:33] 
[2025-09-15 03:38:33] Phase 4.1.1.2 BUFG Replication
[2025-09-15 03:38:33] INFO: [Place 46-63] BUFG replication identified 0 candidate nets: Replicated nets: 0, Replicated BUFGs: 0, Replicated BUFG Driver: 0, Skipped due to Placement / Routing Conflict: 0, Skipped due to Timing: 0, Skipped due to constraints: 0
[2025-09-15 03:38:33] Phase 4.1.1.2 BUFG Replication | Checksum: 1774c05d6
[2025-09-15 03:38:33] 
[2025-09-15 03:38:33] Time (s): cpu = 00:18:26 ; elapsed = 00:09:45 . Memory (MB): peak = 10722.703 ; gain = 3595.586 ; free physical = 225710 ; free virtual = 232698
[2025-09-15 03:38:33] 
[2025-09-15 03:38:33] Phase 4.1.1.3 Post Placement Timing Optimization
[2025-09-15 03:38:33] INFO: [Place 30-746] Post Placement Timing Summary WNS=0.393. For the most accurate timing information please run report_timing.
[2025-09-15 03:38:33] Phase 4.1.1.3 Post Placement Timing Optimization | Checksum: 24cfcad39
[2025-09-15 03:38:33] 
[2025-09-15 03:38:33] Time (s): cpu = 00:18:59 ; elapsed = 00:10:17 . Memory (MB): peak = 10722.703 ; gain = 3595.586 ; free physical = 225765 ; free virtual = 232753
[2025-09-15 03:38:33] 
[2025-09-15 03:38:33] Phase 4.1.1.4 Replication
[2025-09-15 03:38:33] INFO: [Place 46-19] Post Replication Timing Summary WNS=0.393. For the most accurate timing information please run report_timing.
[2025-09-15 03:38:33] Phase 4.1.1.4 Replication | Checksum: 24cfcad39
[2025-09-15 03:38:33] 
[2025-09-15 03:38:33] Time (s): cpu = 00:19:01 ; elapsed = 00:10:19 . Memory (MB): peak = 10722.703 ; gain = 3595.586 ; free physical = 225548 ; free virtual = 232536
[2025-09-15 03:38:33] 
[2025-09-15 03:38:33] Time (s): cpu = 00:19:01 ; elapsed = 00:10:19 . Memory (MB): peak = 10722.703 ; gain = 3595.586 ; free physical = 225555 ; free virtual = 232543
[2025-09-15 03:38:33] Phase 4.1 Post Commit Optimization | Checksum: 24cfcad39
[2025-09-15 03:38:33] 
[2025-09-15 03:38:33] Time (s): cpu = 00:19:03 ; elapsed = 00:10:21 . Memory (MB): peak = 10722.703 ; gain = 3595.586 ; free physical = 225556 ; free virtual = 232544
[2025-09-15 03:38:33] Netlist sorting complete. Time (s): cpu = 00:00:00.05 ; elapsed = 00:00:00.06 . Memory (MB): peak = 10722.703 ; gain = 0.000 ; free physical = 225514 ; free virtual = 232502
[2025-09-15 03:38:33] 
[2025-09-15 03:38:33] Phase 4.2 Post Placement Cleanup
[2025-09-15 03:38:33] Phase 4.2 Post Placement Cleanup | Checksum: 33ac11761
[2025-09-15 03:38:33] 
[2025-09-15 03:38:33] Time (s): cpu = 00:19:48 ; elapsed = 00:11:00 . Memory (MB): peak = 10722.703 ; gain = 3595.586 ; free physical = 225662 ; free virtual = 232649
[2025-09-15 03:38:33] 
[2025-09-15 03:38:33] Phase 4.3 Placer Reporting
[2025-09-15 03:38:33] 
[2025-09-15 03:38:33] Phase 4.3.1 Print Estimated Congestion
[2025-09-15 03:38:33] INFO: [Place 30-612] Post-Placement Estimated Congestion 
[2025-09-15 03:38:33]  ________________________________________________________________________
[2025-09-15 03:38:33] |           | Global Congestion | Long Congestion   | Short Congestion  |
[2025-09-15 03:38:33] | Direction | Region Size       | Region Size       | Region Size       |
[2025-09-15 03:38:33] |___________|___________________|___________________|___________________|
[2025-09-15 03:38:33] |      North|                4x4|                4x4|                4x4|
[2025-09-15 03:38:33] |___________|___________________|___________________|___________________|
[2025-09-15 03:38:33] |      South|                1x1|                4x4|                4x4|
[2025-09-15 03:38:33] |___________|___________________|___________________|___________________|
[2025-09-15 03:38:33] |       East|                2x2|                1x1|                4x4|
[2025-09-15 03:38:33] |___________|___________________|___________________|___________________|
[2025-09-15 03:38:33] |       West|                4x4|                1x1|                8x8|
[2025-09-15 03:38:33] |___________|___________________|___________________|___________________|
[2025-09-15 03:38:33] 
[2025-09-15 03:38:33] Phase 4.3.1 Print Estimated Congestion | Checksum: 33ac11761
[2025-09-15 03:38:33] 
[2025-09-15 03:38:33] Time (s): cpu = 00:19:49 ; elapsed = 00:11:01 . Memory (MB): peak = 10722.703 ; gain = 3595.586 ; free physical = 225665 ; free virtual = 232653
[2025-09-15 03:38:33] Phase 4.3 Placer Reporting | Checksum: 33ac11761
[2025-09-15 03:38:33] 
[2025-09-15 03:38:33] Time (s): cpu = 00:19:51 ; elapsed = 00:11:02 . Memory (MB): peak = 10722.703 ; gain = 3595.586 ; free physical = 225666 ; free virtual = 232654
[2025-09-15 03:38:33] 
[2025-09-15 03:38:33] Phase 4.4 Final Placement Cleanup
[2025-09-15 03:38:33] Netlist sorting complete. Time (s): cpu = 00:00:00.03 ; elapsed = 00:00:00.04 . Memory (MB): peak = 10722.703 ; gain = 0.000 ; free physical = 225670 ; free virtual = 232658
[2025-09-15 03:38:33] 
[2025-09-15 03:38:33] Time (s): cpu = 00:19:51 ; elapsed = 00:11:03 . Memory (MB): peak = 10722.703 ; gain = 3595.586 ; free physical = 225670 ; free virtual = 232658
[2025-09-15 03:38:33] Phase 4 Post Placement Optimization and Clean-Up | Checksum: 27bd84198
[2025-09-15 03:38:33] 
[2025-09-15 03:38:33] Time (s): cpu = 00:19:52 ; elapsed = 00:11:04 . Memory (MB): peak = 10722.703 ; gain = 3595.586 ; free physical = 225671 ; free virtual = 232659
[2025-09-15 03:38:33] Ending Placer Task | Checksum: 1f51b48ea
[2025-09-15 03:38:33] 
[2025-09-15 03:38:33] Time (s): cpu = 00:19:53 ; elapsed = 00:11:05 . Memory (MB): peak = 10722.703 ; gain = 3595.586 ; free physical = 225671 ; free virtual = 232659
[2025-09-15 03:38:33] INFO: [Common 17-83] Releasing license: Implementation
[2025-09-15 03:38:33] 242 Infos, 170 Warnings, 3 Critical Warnings and 0 Errors encountered.
[2025-09-15 03:38:33] place_design completed successfully
[2025-09-15 03:38:33] place_design: Time (s): cpu = 00:20:07 ; elapsed = 00:11:12 . Memory (MB): peak = 10722.703 ; gain = 3595.586 ; free physical = 226955 ; free virtual = 233943
[2025-09-15 03:38:33] INFO: [Timing 38-480] Writing timing data to binary archive.
[2025-09-15 03:38:33] Writing XDEF routing.
[2025-09-15 03:38:33] Writing XDEF routing logical nets.
[2025-09-15 03:38:33] Writing XDEF routing special nets.
[2025-09-15 03:38:33] Write XDEF Complete: Time (s): cpu = 00:00:52 ; elapsed = 00:00:25 . Memory (MB): peak = 10722.703 ; gain = 0.000 ; free physical = 226404 ; free virtual = 233787
[2025-09-15 03:38:33] report_design_analysis: Time (s): cpu = 00:00:23 ; elapsed = 00:00:09 . Memory (MB): peak = 10722.703 ; gain = 0.000 ; free physical = 226348 ; free virtual = 233731
[2025-09-15 03:38:33] INFO: [Common 17-1381] The checkpoint '/cluster/home/eirikwit/vortex-gpgpu/chipyard/sims/firesim/sim/generated-src/alveo/FireSim-FireSimV1S1C0L3-BaseF1Config1Mem_F25MHz/u250/vivado_proj/firesim.runs/impl_1/design_1_wrapper_placed.dcp' has been generated.
[2025-09-15 03:38:33] write_checkpoint: Time (s): cpu = 00:01:26 ; elapsed = 00:00:47 . Memory (MB): peak = 10722.703 ; gain = 0.000 ; free physical = 226764 ; free virtual = 233862
[2025-09-15 03:38:33] INFO: [runtcl-4] Executing : report_io -file design_1_wrapper_io_placed.rpt
[2025-09-15 03:38:33] report_io: Time (s): cpu = 00:00:00.37 ; elapsed = 00:00:00.6 . Memory (MB): peak = 10722.703 ; gain = 0.000 ; free physical = 226703 ; free virtual = 233801
[2025-09-15 03:38:33] INFO: [runtcl-4] Executing : report_utilization -file design_1_wrapper_utilization_placed.rpt -pb design_1_wrapper_utilization_placed.pb
[2025-09-15 03:38:33] report_utilization: Time (s): cpu = 00:00:06 ; elapsed = 00:00:06 . Memory (MB): peak = 10722.703 ; gain = 0.000 ; free physical = 226726 ; free virtual = 233824
[2025-09-15 03:38:33] INFO: [runtcl-4] Executing : report_control_sets -verbose -file design_1_wrapper_control_sets_placed.rpt
[2025-09-15 03:38:33] report_control_sets: Time (s): cpu = 00:00:00.98 ; elapsed = 00:00:01 . Memory (MB): peak = 10722.703 ; gain = 0.000 ; free physical = 226703 ; free virtual = 233809
[2025-09-15 03:38:33] Command: phys_opt_design -directive Explore
[2025-09-15 03:38:33] Attempting to get a license for feature 'Implementation' and/or device 'xcu250'
[2025-09-15 03:38:33] INFO: [Common 17-349] Got license for feature 'Implementation' and/or device 'xcu250'
[2025-09-15 03:38:33] INFO: [Vivado_Tcl 4-137] Directive used for phys_opt_design is: Explore
[2025-09-15 03:38:33] 
[2025-09-15 03:38:33] Starting Initial Update Timing Task
[2025-09-15 03:38:33] 
[2025-09-15 03:38:33] Time (s): cpu = 00:01:28 ; elapsed = 00:00:22 . Memory (MB): peak = 10722.703 ; gain = 0.000 ; free physical = 226692 ; free virtual = 233798
[2025-09-15 03:38:33] INFO: [Vivado_Tcl 4-383] Design worst setup slack (WNS) is greater than or equal to 0.000 ns. Skipping all physical synthesis optimizations.
[2025-09-15 03:38:33] INFO: [Vivado_Tcl 4-232] No setup violation found. The netlist was not modified.
[2025-09-15 03:38:33] INFO: [Common 17-83] Releasing license: Implementation
[2025-09-15 03:38:33] 252 Infos, 170 Warnings, 3 Critical Warnings and 0 Errors encountered.
[2025-09-15 03:38:33] phys_opt_design completed successfully
[2025-09-15 03:38:33] phys_opt_design: Time (s): cpu = 00:01:29 ; elapsed = 00:00:23 . Memory (MB): peak = 10722.703 ; gain = 0.000 ; free physical = 226692 ; free virtual = 233798
[2025-09-15 03:38:33] INFO: [Timing 38-480] Writing timing data to binary archive.
[2025-09-15 03:38:33] Writing XDEF routing.
[2025-09-15 03:38:33] Writing XDEF routing logical nets.
[2025-09-15 03:38:33] Writing XDEF routing special nets.
[2025-09-15 03:38:33] Write XDEF Complete: Time (s): cpu = 00:00:52 ; elapsed = 00:00:25 . Memory (MB): peak = 10722.703 ; gain = 0.000 ; free physical = 226051 ; free virtual = 233560
[2025-09-15 03:38:33] INFO: [Common 17-1381] The checkpoint '/cluster/home/eirikwit/vortex-gpgpu/chipyard/sims/firesim/sim/generated-src/alveo/FireSim-FireSimV1S1C0L3-BaseF1Config1Mem_F25MHz/u250/vivado_proj/firesim.runs/impl_1/design_1_wrapper_physopt.dcp' has been generated.
[2025-09-15 03:38:33] write_checkpoint: Time (s): cpu = 00:01:04 ; elapsed = 00:00:38 . Memory (MB): peak = 10722.703 ; gain = 0.000 ; free physical = 226665 ; free virtual = 233888
[2025-09-15 03:38:33] Command: route_design -directive Explore
[2025-09-15 03:38:33] Attempting to get a license for feature 'Implementation' and/or device 'xcu250'
[2025-09-15 03:38:33] INFO: [Common 17-349] Got license for feature 'Implementation' and/or device 'xcu250'
[2025-09-15 03:38:33] Running DRC as a precondition to command route_design
[2025-09-15 03:38:33] INFO: [DRC 23-27] Running DRC with 8 threads
[2025-09-15 03:38:33] INFO: [Vivado_Tcl 4-198] DRC finished with 0 Errors
[2025-09-15 03:38:33] INFO: [Vivado_Tcl 4-199] Please refer to the DRC report (report_drc) for more information.
[2025-09-15 03:38:33] 
[2025-09-15 03:38:33] 
[2025-09-15 03:38:33] Starting Routing Task
[2025-09-15 03:38:33] INFO: [Route 35-270] Using Router directive 'Explore'.
[2025-09-15 03:38:33] INFO: [Route 35-254] Multithreading enabled for route_design using a maximum of 8 CPUs
[2025-09-15 03:38:33] 
[2025-09-15 03:38:33] Phase 1 Build RT Design
[2025-09-15 03:38:33] Checksum: PlaceDB: d0e9251b ConstDB: 0 ShapeSum: 366db9a7 RouteDB: edc46a28
[2025-09-15 03:38:33] Nodegraph reading from file.  Time (s): cpu = 00:00:01 ; elapsed = 00:00:02 . Memory (MB): peak = 10722.703 ; gain = 0.000 ; free physical = 225958 ; free virtual = 233190
[2025-09-15 03:38:33] Post Restoration Checksum: NetGraph: f4098b2e NumContArr: 3f71773 Constraints: b707754a Timing: 0
[2025-09-15 03:38:33] Phase 1 Build RT Design | Checksum: 1af0817eb
[2025-09-15 03:38:33] 
[2025-09-15 03:38:33] Time (s): cpu = 00:01:39 ; elapsed = 00:00:31 . Memory (MB): peak = 10722.703 ; gain = 0.000 ; free physical = 226102 ; free virtual = 233336
[2025-09-15 03:38:34] 
[2025-09-15 03:38:34] Phase 2 Router Initialization
[2025-09-15 03:38:34] 
[2025-09-15 03:38:34] Phase 2.1 Fix Topology Constraints
[2025-09-15 03:38:34] Phase 2.1 Fix Topology Constraints | Checksum: 1af0817eb
[2025-09-15 03:38:34] 
[2025-09-15 03:38:34] Time (s): cpu = 00:01:40 ; elapsed = 00:00:32 . Memory (MB): peak = 10722.703 ; gain = 0.000 ; free physical = 225912 ; free virtual = 233146
[2025-09-15 03:38:34] 
[2025-09-15 03:38:34] Phase 2.2 Pre Route Cleanup
[2025-09-15 03:38:34] Phase 2.2 Pre Route Cleanup | Checksum: 1af0817eb
[2025-09-15 03:38:34] 
[2025-09-15 03:38:34] Time (s): cpu = 00:01:41 ; elapsed = 00:00:34 . Memory (MB): peak = 10722.703 ; gain = 0.000 ; free physical = 225901 ; free virtual = 233135
[2025-09-15 03:38:34] 
[2025-09-15 03:38:34] Phase 2.3 Global Clock Net Routing
[2025-09-15 03:38:34]  Number of Nodes with overlaps = 0
[2025-09-15 03:38:34] Phase 2.3 Global Clock Net Routing | Checksum: 25a8ddf91
[2025-09-15 03:38:34] 
[2025-09-15 03:38:34] Time (s): cpu = 00:02:03 ; elapsed = 00:00:45 . Memory (MB): peak = 10722.703 ; gain = 0.000 ; free physical = 225705 ; free virtual = 232940
[2025-09-15 03:38:34] 
[2025-09-15 03:38:34] Phase 2.4 Update Timing
[2025-09-15 03:38:34] Phase 2.4 Update Timing | Checksum: 2b029ac35
[2025-09-15 03:38:34] 
[2025-09-15 03:38:34] Time (s): cpu = 00:03:06 ; elapsed = 00:01:06 . Memory (MB): peak = 10722.703 ; gain = 0.000 ; free physical = 225618 ; free virtual = 232853
[2025-09-15 03:38:34] INFO: [Route 35-416] Intermediate Timing Summary | WNS=0.419  | TNS=0.000  | WHS=-0.403 | THS=-469.505|
[2025-09-15 03:38:34] 
[2025-09-15 03:38:34] 
[2025-09-15 03:38:34] Phase 2.5 Update Timing for Bus Skew
[2025-09-15 03:38:34] 
[2025-09-15 03:38:34] Phase 2.5.1 Update Timing
[2025-09-15 03:38:34] Phase 2.5.1 Update Timing | Checksum: 2a2e61404
[2025-09-15 03:38:34] 
[2025-09-15 03:38:34] Time (s): cpu = 00:05:44 ; elapsed = 00:01:50 . Memory (MB): peak = 10722.703 ; gain = 0.000 ; free physical = 225493 ; free virtual = 232728
[2025-09-15 03:38:34] INFO: [Route 35-416] Intermediate Timing Summary | WNS=0.419  | TNS=0.000  | WHS=N/A    | THS=N/A    |
[2025-09-15 03:38:34] 
[2025-09-15 03:38:34] Phase 2.5 Update Timing for Bus Skew | Checksum: 2740e4839
[2025-09-15 03:38:34] 
[2025-09-15 03:38:34] Time (s): cpu = 00:05:45 ; elapsed = 00:01:51 . Memory (MB): peak = 10722.703 ; gain = 0.000 ; free physical = 225483 ; free virtual = 232718
[2025-09-15 03:38:34] 
[2025-09-15 03:38:34] Router Utilization Summary
[2025-09-15 03:38:34]   Global Vertical Routing Utilization    = 1.99305e-05 %
[2025-09-15 03:38:34]   Global Horizontal Routing Utilization  = 0.000220778 %
[2025-09-15 03:38:34]   Routable Net Status*
[2025-09-15 03:38:34]   *Does not include unroutable nets such as driverless and loadless.
[2025-09-15 03:38:34]   Run report_route_status for detailed report.
[2025-09-15 03:38:34]   Number of Failed Nets               = 298975
[2025-09-15 03:38:34]     (Failed Nets is the sum of unrouted and partially routed nets)
[2025-09-15 03:38:34]   Number of Unrouted Nets             = 247295
[2025-09-15 03:38:34]   Number of Partially Routed Nets     = 51680
[2025-09-15 03:38:34]   Number of Node Overlaps             = 0
[2025-09-15 03:38:34] 
[2025-09-15 03:38:34] Phase 2 Router Initialization | Checksum: 1c4a48e44
[2025-09-15 03:38:34] 
[2025-09-15 03:38:34] Time (s): cpu = 00:06:00 ; elapsed = 00:01:56 . Memory (MB): peak = 10722.703 ; gain = 0.000 ; free physical = 225206 ; free virtual = 232442
[2025-09-15 03:38:34] 
[2025-09-15 03:38:34] Phase 3 Initial Routing
[2025-09-15 03:38:34] 
[2025-09-15 03:38:34] Phase 3.1 Global Routing
[2025-09-15 03:38:34] 
[2025-09-15 03:38:34] Phase 3.1.1 SLL Assignment
[2025-09-15 03:38:34] Number SLLs per Column: 1440
[2025-09-15 03:38:34] Estimated SLL Demand Per Column: 
[2025-09-15 03:38:34]   SLR [2-3]        0 (  0%)     0 (  0%)     0 (  0%)     0 (  0%)     0 (  0%)     0 (  0%)     0 (  0%)     0 (  0%)     0 (  0%)     0 (  0%)     0 (  0%)     0 (  0%)     0 (  0%)     0 (  0%)     0 (  0%)     0 (  0%)  Demand:     0 Available: 23040 Utilization(%): 0.00
[2025-09-15 03:38:34]   SLR [1-2]        0 (  0%)     0 (  0%)     0 (  0%)     0 (  0%)     0 (  0%)     0 (  0%)     0 (  0%)     0 (  0%)     0 (  0%)     0 (  0%)     0 (  0%)     0 (  0%)     0 (  0%)     0 (  0%)     0 (  0%)     0 (  0%)  Demand:     0 Available: 23040 Utilization(%): 0.00
[2025-09-15 03:38:34]   SLR [0-1]        8 (  1%)     8 (  1%)     8 (  1%)    10 (  1%)    96 (  7%)    47 (  3%)    62 (  4%)    64 (  4%)    33 (  2%)    13 (  1%)    29 (  2%)    33 (  2%)     6 (  0%)     1 (  0%)     0 (  0%)     1 (  0%)  Demand:   419 Available: 23040 Utilization(%): 1.82
[2025-09-15 03:38:34] Phase 3.1.1 SLL Assignment | Checksum: 1ce57d0c7
[2025-09-15 03:38:34] 
[2025-09-15 03:38:34] Time (s): cpu = 00:06:02 ; elapsed = 00:01:57 . Memory (MB): peak = 10722.703 ; gain = 0.000 ; free physical = 225201 ; free virtual = 232437
[2025-09-15 03:38:34] Phase 3.1 Global Routing | Checksum: 1ce57d0c7
[2025-09-15 03:38:34] 
[2025-09-15 03:38:34] Time (s): cpu = 00:06:02 ; elapsed = 00:01:57 . Memory (MB): peak = 10722.703 ; gain = 0.000 ; free physical = 225201 ; free virtual = 232437
[2025-09-15 03:38:34] Phase 3 Initial Routing | Checksum: 32b80a4b4
[2025-09-15 03:38:34] 
[2025-09-15 03:38:34] Time (s): cpu = 00:07:20 ; elapsed = 00:02:31 . Memory (MB): peak = 10722.703 ; gain = 0.000 ; free physical = 225068 ; free virtual = 232304
[2025-09-15 03:38:34] 
[2025-09-15 03:38:34] INFO: [Route 35-449] Initial Estimated Congestion
[2025-09-15 03:38:34]  ________________________________________________________________________
[2025-09-15 03:38:34] |           | Global Congestion | Long Congestion   | Short Congestion  |
[2025-09-15 03:38:34] |           |___________________|___________________|___________________|
[2025-09-15 03:38:34] | Direction | Size   | % Tiles  | Size   | % Tiles  | Size   | % Tiles  |
[2025-09-15 03:38:34] |___________|________|__________|________|__________|________|__________|
[2025-09-15 03:38:34] |      NORTH|     4x4|      0.07|     8x8|      0.31|     4x4|      0.13|
[2025-09-15 03:38:34] |___________|________|__________|________|__________|________|__________|
[2025-09-15 03:38:34] |      SOUTH|     4x4|      0.14|   16x16|      0.44|     4x4|      0.14|
[2025-09-15 03:38:34] |___________|________|__________|________|__________|________|__________|
[2025-09-15 03:38:34] |       EAST|     1x1|      0.01|     4x4|      0.06|     8x8|      0.12|
[2025-09-15 03:38:34] |___________|________|__________|________|__________|________|__________|
[2025-09-15 03:38:34] |       WEST|     4x4|      0.04|     4x4|      0.09|     8x8|      0.13|
[2025-09-15 03:38:34] |___________|________|__________|________|__________|________|__________|
[2025-09-15 03:38:34] Congestion Report
[2025-09-15 03:38:34] LONG Congestion bounded by tiles (Lower Left Tile -> Upper Right Tile):
[2025-09-15 03:38:34] SOUTH
[2025-09-15 03:38:34] 	INT_X112Y260->INT_X115Y291 (CLEM_X112Y260->CLEL_R_X115Y291)
[2025-09-15 03:38:34] 	INT_X140Y316->INT_X143Y319 (INT_X140Y316->CLEL_R_X143Y319)
[2025-09-15 03:38:34] 	INT_X140Y300->INT_X143Y303 (INT_X140Y300->CLEL_R_X143Y303)
[2025-09-15 03:38:34] 	INT_X140Y292->INT_X143Y295 (PCIE4_PCIE4_FT_X139Y240->CLEL_R_X143Y295)
[2025-09-15 03:38:34] 	INT_X112Y288->INT_X115Y291 (CLEM_X112Y288->CLEL_R_X115Y291)
[2025-09-15 03:38:34] INFO: [Route 35-580] Design has 2 pins with tight setup and hold constraints.
[2025-09-15 03:38:34] 
[2025-09-15 03:38:34] The top 5 pins with tight setup and hold constraints:
[2025-09-15 03:38:34] 
[2025-09-15 03:38:34] +=============================+=============================+======================================================================================================================================+
[2025-09-15 03:38:34] | Launch Setup Clock          | Launch Hold Clock           | Pin                                                                                                                                  |
[2025-09-15 03:38:34] +=============================+=============================+======================================================================================================================================+
[2025-09-15 03:38:34] | GTYE4_CHANNEL_TXOUTCLK[3]_3 | GTYE4_CHANNEL_TXOUTCLK[3]_3 | design_1_i/xdma_0/inst/pcie4_ip_i/inst/design_1_xdma_0_0_pcie4_ip_pcie_4_0_pipe_inst/pcie_4_0_e4_inst/MIRXCOMPLETIONRAMREADDATA0[26] |
[2025-09-15 03:38:34] | GTYE4_CHANNEL_TXOUTCLK[3]_3 | GTYE4_CHANNEL_TXOUTCLK[3]_3 | design_1_i/xdma_0/inst/pcie4_ip_i/inst/design_1_xdma_0_0_pcie4_ip_pcie_4_0_pipe_inst/pcie_4_0_e4_inst/MAXISRCTREADY[2]               |
[2025-09-15 03:38:34] +-----------------------------+-----------------------------+--------------------------------------------------------------------------------------------------------------------------------------+
[2025-09-15 03:38:34] 
[2025-09-15 03:38:34] File with complete list of pins: tight_setup_hold_pins.txt
[2025-09-15 03:38:34] 
[2025-09-15 03:38:34] 
[2025-09-15 03:38:34] Phase 4 Rip-up And Reroute
[2025-09-15 03:38:34] 
[2025-09-15 03:38:34] Phase 4.1 Global Iteration 0
[2025-09-15 03:38:34]  Number of Nodes with overlaps = 54861
[2025-09-15 03:38:34]  Number of Nodes with overlaps = 4214
[2025-09-15 03:38:34]  Number of Nodes with overlaps = 448
[2025-09-15 03:38:34]  Number of Nodes with overlaps = 96
[2025-09-15 03:38:34]  Number of Nodes with overlaps = 21
[2025-09-15 03:38:34]  Number of Nodes with overlaps = 10
[2025-09-15 03:38:34]  Number of Nodes with overlaps = 3
[2025-09-15 03:38:34]  Number of Nodes with overlaps = 1
[2025-09-15 03:38:34]  Number of Nodes with overlaps = 0
[2025-09-15 03:38:34] INFO: [Route 35-416] Intermediate Timing Summary | WNS=0.097  | TNS=0.000  | WHS=-0.025 | THS=-0.324 |
[2025-09-15 03:38:34] 
[2025-09-15 03:38:34] Phase 4.1 Global Iteration 0 | Checksum: 15cafaeb0
[2025-09-15 03:38:34] 
[2025-09-15 03:38:34] Time (s): cpu = 00:16:01 ; elapsed = 00:06:39 . Memory (MB): peak = 10722.703 ; gain = 0.000 ; free physical = 225096 ; free virtual = 232333
[2025-09-15 03:38:34] 
[2025-09-15 03:38:34] Phase 4.2 Global Iteration 1
[2025-09-15 03:38:34]  Number of Nodes with overlaps = 25
[2025-09-15 03:38:34]  Number of Nodes with overlaps = 1
[2025-09-15 03:38:34]  Number of Nodes with overlaps = 0
[2025-09-15 03:38:34] INFO: [Route 35-416] Intermediate Timing Summary | WNS=0.097  | TNS=0.000  | WHS=N/A    | THS=N/A    |
[2025-09-15 03:38:34] 
[2025-09-15 03:38:34] Phase 4.2 Global Iteration 1 | Checksum: 2a141e1ce
[2025-09-15 03:38:34] 
[2025-09-15 03:38:34] Time (s): cpu = 00:16:46 ; elapsed = 00:07:04 . Memory (MB): peak = 10722.703 ; gain = 0.000 ; free physical = 225216 ; free virtual = 232452
[2025-09-15 03:38:34] Phase 4 Rip-up And Reroute | Checksum: 2a141e1ce
[2025-09-15 03:38:34] 
[2025-09-15 03:38:34] Time (s): cpu = 00:16:47 ; elapsed = 00:07:05 . Memory (MB): peak = 10722.703 ; gain = 0.000 ; free physical = 225216 ; free virtual = 232452
[2025-09-15 03:38:34] 
[2025-09-15 03:38:34] Phase 5 Delay and Skew Optimization
[2025-09-15 03:38:34] 
[2025-09-15 03:38:34] Phase 5.1 Delay CleanUp
[2025-09-15 03:38:34] 
[2025-09-15 03:38:34] Phase 5.1.1 Update Timing
[2025-09-15 03:38:34] Phase 5.1.1 Update Timing | Checksum: 25abda249
[2025-09-15 03:38:34] 
[2025-09-15 03:38:34] Time (s): cpu = 00:17:46 ; elapsed = 00:07:25 . Memory (MB): peak = 10722.703 ; gain = 0.000 ; free physical = 225308 ; free virtual = 232545
[2025-09-15 03:38:34] INFO: [Route 35-416] Intermediate Timing Summary | WNS=0.097  | TNS=0.000  | WHS=0.010  | THS=0.000  |
[2025-09-15 03:38:34] 
[2025-09-15 03:38:34] 
[2025-09-15 03:38:34] Phase 5.1.2 Update Timing
[2025-09-15 03:38:34] Phase 5.1.2 Update Timing | Checksum: 2ad78b507
[2025-09-15 03:38:34] 
[2025-09-15 03:38:34] Time (s): cpu = 00:18:29 ; elapsed = 00:07:41 . Memory (MB): peak = 10722.703 ; gain = 0.000 ; free physical = 225272 ; free virtual = 232508
[2025-09-15 03:38:34] INFO: [Route 35-416] Intermediate Timing Summary | WNS=0.097  | TNS=0.000  | WHS=0.010  | THS=0.000  |
[2025-09-15 03:38:34] 
[2025-09-15 03:38:34] Phase 5.1 Delay CleanUp | Checksum: 30e1612b0
[2025-09-15 03:38:34] 
[2025-09-15 03:38:34] Time (s): cpu = 00:18:31 ; elapsed = 00:07:42 . Memory (MB): peak = 10722.703 ; gain = 0.000 ; free physical = 225318 ; free virtual = 232554
[2025-09-15 03:38:34] 
[2025-09-15 03:38:34] Phase 5.2 Clock Skew Optimization
[2025-09-15 03:38:34] Phase 5.2 Clock Skew Optimization | Checksum: 30e1612b0
[2025-09-15 03:38:34] 
[2025-09-15 03:38:34] Time (s): cpu = 00:18:32 ; elapsed = 00:07:43 . Memory (MB): peak = 10722.703 ; gain = 0.000 ; free physical = 225318 ; free virtual = 232555
[2025-09-15 03:38:34] Phase 5 Delay and Skew Optimization | Checksum: 30e1612b0
[2025-09-15 03:38:34] 
[2025-09-15 03:38:34] Time (s): cpu = 00:18:32 ; elapsed = 00:07:44 . Memory (MB): peak = 10722.703 ; gain = 0.000 ; free physical = 225317 ; free virtual = 232554
[2025-09-15 03:38:34] 
[2025-09-15 03:38:34] Phase 6 Post Hold Fix
[2025-09-15 03:38:34] 
[2025-09-15 03:38:34] Phase 6.1 Hold Fix Iter
[2025-09-15 03:38:34] 
[2025-09-15 03:38:34] Phase 6.1.1 Update Timing
[2025-09-15 03:38:34] Phase 6.1.1 Update Timing | Checksum: 24cc360a5
[2025-09-15 03:38:34] 
[2025-09-15 03:38:34] Time (s): cpu = 00:19:17 ; elapsed = 00:07:59 . Memory (MB): peak = 10722.703 ; gain = 0.000 ; free physical = 225349 ; free virtual = 232585
[2025-09-15 03:38:34] INFO: [Route 35-416] Intermediate Timing Summary | WNS=0.097  | TNS=0.000  | WHS=0.010  | THS=0.000  |
[2025-09-15 03:38:34] 
[2025-09-15 03:38:34] Phase 6.1 Hold Fix Iter | Checksum: 2e93fcbfd
[2025-09-15 03:38:34] 
[2025-09-15 03:38:34] Time (s): cpu = 00:19:18 ; elapsed = 00:08:01 . Memory (MB): peak = 10722.703 ; gain = 0.000 ; free physical = 225336 ; free virtual = 232572
[2025-09-15 03:38:34] Phase 6 Post Hold Fix | Checksum: 2e93fcbfd
[2025-09-15 03:38:34] 
[2025-09-15 03:38:34] Time (s): cpu = 00:19:19 ; elapsed = 00:08:01 . Memory (MB): peak = 10722.703 ; gain = 0.000 ; free physical = 225336 ; free virtual = 232573
[2025-09-15 03:38:34] 
[2025-09-15 03:38:34] Phase 7 Route finalize
[2025-09-15 03:38:34] 
[2025-09-15 03:38:34] Router Utilization Summary
[2025-09-15 03:38:34]   Global Vertical Routing Utilization    = 3.16947 %
[2025-09-15 03:38:34]   Global Horizontal Routing Utilization  = 3.19746 %
[2025-09-15 03:38:34]   Routable Net Status*
[2025-09-15 03:38:34]   *Does not include unroutable nets such as driverless and loadless.
[2025-09-15 03:38:34]   Run report_route_status for detailed report.
[2025-09-15 03:38:34]   Number of Failed Nets               = 0
[2025-09-15 03:38:34]     (Failed Nets is the sum of unrouted and partially routed nets)
[2025-09-15 03:38:34]   Number of Unrouted Nets             = 0
[2025-09-15 03:38:34]   Number of Partially Routed Nets     = 0
[2025-09-15 03:38:34]   Number of Node Overlaps             = 0
[2025-09-15 03:38:34] 
[2025-09-15 03:38:34] Phase 7 Route finalize | Checksum: 266ebbcd1
[2025-09-15 03:38:34] 
[2025-09-15 03:38:34] Time (s): cpu = 00:19:27 ; elapsed = 00:08:04 . Memory (MB): peak = 10722.703 ; gain = 0.000 ; free physical = 225323 ; free virtual = 232560
[2025-09-15 03:38:34] 
[2025-09-15 03:38:34] Phase 8 Verifying routed nets
[2025-09-15 03:38:34] 
[2025-09-15 03:38:34]  Verification completed successfully
[2025-09-15 03:38:34] Phase 8 Verifying routed nets | Checksum: 266ebbcd1
[2025-09-15 03:38:34] 
[2025-09-15 03:38:34] Time (s): cpu = 00:19:28 ; elapsed = 00:08:05 . Memory (MB): peak = 10722.703 ; gain = 0.000 ; free physical = 225309 ; free virtual = 232546
[2025-09-15 03:38:34] 
[2025-09-15 03:38:34] Phase 9 Depositing Routes
[2025-09-15 03:38:34] INFO: [Route 35-467] Router swapped GT pin design_1_i/xdma_0/inst/pcie4_ip_i/inst/design_1_xdma_0_0_pcie4_ip_gt_top_i/diablo_gt.diablo_gt_phy_wrapper/gt_wizard.gtwizard_top_i/design_1_xdma_0_0_pcie4_ip_gt_i/inst/gen_gtwizard_gtye4_top.design_1_xdma_0_0_pcie4_ip_gt_gtwizard_gtye4_inst/gen_gtwizard_gtye4.gen_channel_container[28].gen_enabled_channel.gtye4_channel_wrapper_inst/channel_inst/gtye4_channel_gen.gen_gtye4_channel_inst[0].GTYE4_CHANNEL_PRIM_INST/GTREFCLK0 to physical pin GTYE4_CHANNEL_X1Y16/SOUTHREFCLK1
[2025-09-15 03:38:34] INFO: [Route 35-467] Router swapped GT pin design_1_i/xdma_0/inst/pcie4_ip_i/inst/design_1_xdma_0_0_pcie4_ip_gt_top_i/diablo_gt.diablo_gt_phy_wrapper/gt_wizard.gtwizard_top_i/design_1_xdma_0_0_pcie4_ip_gt_i/inst/gen_gtwizard_gtye4_top.design_1_xdma_0_0_pcie4_ip_gt_gtwizard_gtye4_inst/gen_gtwizard_gtye4.gen_channel_container[28].gen_enabled_channel.gtye4_channel_wrapper_inst/channel_inst/gtye4_channel_gen.gen_gtye4_channel_inst[1].GTYE4_CHANNEL_PRIM_INST/GTREFCLK0 to physical pin GTYE4_CHANNEL_X1Y17/SOUTHREFCLK1
[2025-09-15 03:38:34] INFO: [Route 35-467] Router swapped GT pin design_1_i/xdma_0/inst/pcie4_ip_i/inst/design_1_xdma_0_0_pcie4_ip_gt_top_i/diablo_gt.diablo_gt_phy_wrapper/gt_wizard.gtwizard_top_i/design_1_xdma_0_0_pcie4_ip_gt_i/inst/gen_gtwizard_gtye4_top.design_1_xdma_0_0_pcie4_ip_gt_gtwizard_gtye4_inst/gen_gtwizard_gtye4.gen_channel_container[28].gen_enabled_channel.gtye4_channel_wrapper_inst/channel_inst/gtye4_channel_gen.gen_gtye4_channel_inst[2].GTYE4_CHANNEL_PRIM_INST/GTREFCLK0 to physical pin GTYE4_CHANNEL_X1Y18/SOUTHREFCLK1
[2025-09-15 03:38:34] INFO: [Route 35-467] Router swapped GT pin design_1_i/xdma_0/inst/pcie4_ip_i/inst/design_1_xdma_0_0_pcie4_ip_gt_top_i/diablo_gt.diablo_gt_phy_wrapper/gt_wizard.gtwizard_top_i/design_1_xdma_0_0_pcie4_ip_gt_i/inst/gen_gtwizard_gtye4_top.design_1_xdma_0_0_pcie4_ip_gt_gtwizard_gtye4_inst/gen_gtwizard_gtye4.gen_channel_container[28].gen_enabled_channel.gtye4_channel_wrapper_inst/channel_inst/gtye4_channel_gen.gen_gtye4_channel_inst[3].GTYE4_CHANNEL_PRIM_INST/GTREFCLK0 to physical pin GTYE4_CHANNEL_X1Y19/SOUTHREFCLK1
[2025-09-15 03:38:34] INFO: [Route 35-467] Router swapped GT pin design_1_i/xdma_0/inst/pcie4_ip_i/inst/design_1_xdma_0_0_pcie4_ip_gt_top_i/diablo_gt.diablo_gt_phy_wrapper/gt_wizard.gtwizard_top_i/design_1_xdma_0_0_pcie4_ip_gt_i/inst/gen_gtwizard_gtye4_top.design_1_xdma_0_0_pcie4_ip_gt_gtwizard_gtye4_inst/gen_gtwizard_gtye4.gen_channel_container[29].gen_enabled_channel.gtye4_channel_wrapper_inst/channel_inst/gtye4_channel_gen.gen_gtye4_channel_inst[0].GTYE4_CHANNEL_PRIM_INST/GTREFCLK0 to physical pin GTYE4_CHANNEL_X1Y20/SOUTHREFCLK1
[2025-09-15 03:38:34] INFO: [Route 35-467] Router swapped GT pin design_1_i/xdma_0/inst/pcie4_ip_i/inst/design_1_xdma_0_0_pcie4_ip_gt_top_i/diablo_gt.diablo_gt_phy_wrapper/gt_wizard.gtwizard_top_i/design_1_xdma_0_0_pcie4_ip_gt_i/inst/gen_gtwizard_gtye4_top.design_1_xdma_0_0_pcie4_ip_gt_gtwizard_gtye4_inst/gen_gtwizard_gtye4.gen_channel_container[29].gen_enabled_channel.gtye4_channel_wrapper_inst/channel_inst/gtye4_channel_gen.gen_gtye4_channel_inst[1].GTYE4_CHANNEL_PRIM_INST/GTREFCLK0 to physical pin GTYE4_CHANNEL_X1Y21/SOUTHREFCLK1
[2025-09-15 03:38:34] INFO: [Route 35-467] Router swapped GT pin design_1_i/xdma_0/inst/pcie4_ip_i/inst/design_1_xdma_0_0_pcie4_ip_gt_top_i/diablo_gt.diablo_gt_phy_wrapper/gt_wizard.gtwizard_top_i/design_1_xdma_0_0_pcie4_ip_gt_i/inst/gen_gtwizard_gtye4_top.design_1_xdma_0_0_pcie4_ip_gt_gtwizard_gtye4_inst/gen_gtwizard_gtye4.gen_channel_container[29].gen_enabled_channel.gtye4_channel_wrapper_inst/channel_inst/gtye4_channel_gen.gen_gtye4_channel_inst[2].GTYE4_CHANNEL_PRIM_INST/GTREFCLK0 to physical pin GTYE4_CHANNEL_X1Y22/SOUTHREFCLK1
[2025-09-15 03:38:34] INFO: [Route 35-467] Router swapped GT pin design_1_i/xdma_0/inst/pcie4_ip_i/inst/design_1_xdma_0_0_pcie4_ip_gt_top_i/diablo_gt.diablo_gt_phy_wrapper/gt_wizard.gtwizard_top_i/design_1_xdma_0_0_pcie4_ip_gt_i/inst/gen_gtwizard_gtye4_top.design_1_xdma_0_0_pcie4_ip_gt_gtwizard_gtye4_inst/gen_gtwizard_gtye4.gen_channel_container[29].gen_enabled_channel.gtye4_channel_wrapper_inst/channel_inst/gtye4_channel_gen.gen_gtye4_channel_inst[3].GTYE4_CHANNEL_PRIM_INST/GTREFCLK0 to physical pin GTYE4_CHANNEL_X1Y23/SOUTHREFCLK1
[2025-09-15 03:38:34] INFO: [Route 35-467] Router swapped GT pin design_1_i/xdma_0/inst/pcie4_ip_i/inst/design_1_xdma_0_0_pcie4_ip_gt_top_i/diablo_gt.diablo_gt_phy_wrapper/gt_wizard.gtwizard_top_i/design_1_xdma_0_0_pcie4_ip_gt_i/inst/gen_gtwizard_gtye4_top.design_1_xdma_0_0_pcie4_ip_gt_gtwizard_gtye4_inst/gen_gtwizard_gtye4.gen_channel_container[31].gen_enabled_channel.gtye4_channel_wrapper_inst/channel_inst/gtye4_channel_gen.gen_gtye4_channel_inst[0].GTYE4_CHANNEL_PRIM_INST/GTREFCLK0 to physical pin GTYE4_CHANNEL_X1Y28/NORTHREFCLK1
[2025-09-15 03:38:34] INFO: [Route 35-467] Router swapped GT pin design_1_i/xdma_0/inst/pcie4_ip_i/inst/design_1_xdma_0_0_pcie4_ip_gt_top_i/diablo_gt.diablo_gt_phy_wrapper/gt_wizard.gtwizard_top_i/design_1_xdma_0_0_pcie4_ip_gt_i/inst/gen_gtwizard_gtye4_top.design_1_xdma_0_0_pcie4_ip_gt_gtwizard_gtye4_inst/gen_gtwizard_gtye4.gen_channel_container[31].gen_enabled_channel.gtye4_channel_wrapper_inst/channel_inst/gtye4_channel_gen.gen_gtye4_channel_inst[1].GTYE4_CHANNEL_PRIM_INST/GTREFCLK0 to physical pin GTYE4_CHANNEL_X1Y29/NORTHREFCLK1
[2025-09-15 03:38:34] INFO: [Route 35-467] Router swapped GT pin design_1_i/xdma_0/inst/pcie4_ip_i/inst/design_1_xdma_0_0_pcie4_ip_gt_top_i/diablo_gt.diablo_gt_phy_wrapper/gt_wizard.gtwizard_top_i/design_1_xdma_0_0_pcie4_ip_gt_i/inst/gen_gtwizard_gtye4_top.design_1_xdma_0_0_pcie4_ip_gt_gtwizard_gtye4_inst/gen_gtwizard_gtye4.gen_channel_container[31].gen_enabled_channel.gtye4_channel_wrapper_inst/channel_inst/gtye4_channel_gen.gen_gtye4_channel_inst[2].GTYE4_CHANNEL_PRIM_INST/GTREFCLK0 to physical pin GTYE4_CHANNEL_X1Y30/NORTHREFCLK1
[2025-09-15 03:38:34] INFO: [Route 35-467] Router swapped GT pin design_1_i/xdma_0/inst/pcie4_ip_i/inst/design_1_xdma_0_0_pcie4_ip_gt_top_i/diablo_gt.diablo_gt_phy_wrapper/gt_wizard.gtwizard_top_i/design_1_xdma_0_0_pcie4_ip_gt_i/inst/gen_gtwizard_gtye4_top.design_1_xdma_0_0_pcie4_ip_gt_gtwizard_gtye4_inst/gen_gtwizard_gtye4.gen_channel_container[31].gen_enabled_channel.gtye4_channel_wrapper_inst/channel_inst/gtye4_channel_gen.gen_gtye4_channel_inst[3].GTYE4_CHANNEL_PRIM_INST/GTREFCLK0 to physical pin GTYE4_CHANNEL_X1Y31/NORTHREFCLK1
[2025-09-15 03:38:34] INFO: [Route 35-467] Router swapped GT pin design_1_i/xdma_0/inst/pcie4_ip_i/inst/design_1_xdma_0_0_pcie4_ip_gt_top_i/diablo_gt.diablo_gt_phy_wrapper/gt_wizard.gtwizard_top_i/design_1_xdma_0_0_pcie4_ip_gt_i/inst/gen_gtwizard_gtye4_top.design_1_xdma_0_0_pcie4_ip_gt_gtwizard_gtye4_inst/gen_gtwizard_gtye4.gen_common.gen_common_container[28].gen_enabled_common.gtye4_common_wrapper_inst/common_inst/gtye4_common_gen.GTYE4_COMMON_PRIM_INST/GTREFCLK00 to physical pin GTYE4_COMMON_X1Y4/COM0_REFCLKOUT5
[2025-09-15 03:38:34] INFO: [Route 35-467] Router swapped GT pin design_1_i/xdma_0/inst/pcie4_ip_i/inst/design_1_xdma_0_0_pcie4_ip_gt_top_i/diablo_gt.diablo_gt_phy_wrapper/gt_wizard.gtwizard_top_i/design_1_xdma_0_0_pcie4_ip_gt_i/inst/gen_gtwizard_gtye4_top.design_1_xdma_0_0_pcie4_ip_gt_gtwizard_gtye4_inst/gen_gtwizard_gtye4.gen_common.gen_common_container[28].gen_enabled_common.gtye4_common_wrapper_inst/common_inst/gtye4_common_gen.GTYE4_COMMON_PRIM_INST/GTREFCLK01 to physical pin GTYE4_COMMON_X1Y4/COM2_REFCLKOUT5
[2025-09-15 03:38:34] INFO: [Route 35-467] Router swapped GT pin design_1_i/xdma_0/inst/pcie4_ip_i/inst/design_1_xdma_0_0_pcie4_ip_gt_top_i/diablo_gt.diablo_gt_phy_wrapper/gt_wizard.gtwizard_top_i/design_1_xdma_0_0_pcie4_ip_gt_i/inst/gen_gtwizard_gtye4_top.design_1_xdma_0_0_pcie4_ip_gt_gtwizard_gtye4_inst/gen_gtwizard_gtye4.gen_common.gen_common_container[29].gen_enabled_common.gtye4_common_wrapper_inst/common_inst/gtye4_common_gen.GTYE4_COMMON_PRIM_INST/GTREFCLK00 to physical pin GTYE4_COMMON_X1Y5/COM0_REFCLKOUT5
[2025-09-15 03:38:34] INFO: [Route 35-467] Router swapped GT pin design_1_i/xdma_0/inst/pcie4_ip_i/inst/design_1_xdma_0_0_pcie4_ip_gt_top_i/diablo_gt.diablo_gt_phy_wrapper/gt_wizard.gtwizard_top_i/design_1_xdma_0_0_pcie4_ip_gt_i/inst/gen_gtwizard_gtye4_top.design_1_xdma_0_0_pcie4_ip_gt_gtwizard_gtye4_inst/gen_gtwizard_gtye4.gen_common.gen_common_container[29].gen_enabled_common.gtye4_common_wrapper_inst/common_inst/gtye4_common_gen.GTYE4_COMMON_PRIM_INST/GTREFCLK01 to physical pin GTYE4_COMMON_X1Y5/COM2_REFCLKOUT5
[2025-09-15 03:38:34] INFO: [Route 35-467] Router swapped GT pin design_1_i/xdma_0/inst/pcie4_ip_i/inst/design_1_xdma_0_0_pcie4_ip_gt_top_i/diablo_gt.diablo_gt_phy_wrapper/gt_wizard.gtwizard_top_i/design_1_xdma_0_0_pcie4_ip_gt_i/inst/gen_gtwizard_gtye4_top.design_1_xdma_0_0_pcie4_ip_gt_gtwizard_gtye4_inst/gen_gtwizard_gtye4.gen_common.gen_common_container[31].gen_enabled_common.gtye4_common_wrapper_inst/common_inst/gtye4_common_gen.GTYE4_COMMON_PRIM_INST/GTREFCLK00 to physical pin GTYE4_COMMON_X1Y7/COM0_REFCLKOUT3
[2025-09-15 03:38:34] INFO: [Route 35-467] Router swapped GT pin design_1_i/xdma_0/inst/pcie4_ip_i/inst/design_1_xdma_0_0_pcie4_ip_gt_top_i/diablo_gt.diablo_gt_phy_wrapper/gt_wizard.gtwizard_top_i/design_1_xdma_0_0_pcie4_ip_gt_i/inst/gen_gtwizard_gtye4_top.design_1_xdma_0_0_pcie4_ip_gt_gtwizard_gtye4_inst/gen_gtwizard_gtye4.gen_common.gen_common_container[31].gen_enabled_common.gtye4_common_wrapper_inst/common_inst/gtye4_common_gen.GTYE4_COMMON_PRIM_INST/GTREFCLK01 to physical pin GTYE4_COMMON_X1Y7/COM2_REFCLKOUT3
[2025-09-15 03:38:34] Phase 9 Depositing Routes | Checksum: 266ebbcd1
[2025-09-15 03:38:34] 
[2025-09-15 03:38:34] Time (s): cpu = 00:19:48 ; elapsed = 00:08:19 . Memory (MB): peak = 10722.703 ; gain = 0.000 ; free physical = 225304 ; free virtual = 232541
[2025-09-15 03:38:34] Common:
[2025-09-15 03:38:34]    
[2025-09-15 03:38:34] SLR0
[2025-09-15 03:38:34] 
[2025-09-15 03:38:34] Initial Estimated Congestion
[2025-09-15 03:38:34]  ________________________________________________________________________
[2025-09-15 03:38:34] |           | Global Congestion | Long Congestion   | Short Congestion  |
[2025-09-15 03:38:34] |           |___________________|___________________|___________________|
[2025-09-15 03:38:34] | Direction | Size   | % Tiles  | Size   | % Tiles  | Size   | % Tiles  |
[2025-09-15 03:38:34] |___________|________|__________|________|__________|________|__________|
[2025-09-15 03:38:34] |      NORTH|     2x2|      0.10|     8x8|      0.46|     2x2|      0.08|
[2025-09-15 03:38:34] |___________|________|__________|________|__________|________|__________|
[2025-09-15 03:38:34] |      SOUTH|     4x4|      0.07|     4x4|      0.30|     4x4|      0.12|
[2025-09-15 03:38:34] |___________|________|__________|________|__________|________|__________|
[2025-09-15 03:38:34] |       EAST|     1x1|      0.00|     2x2|      0.01|     2x2|      0.06|
[2025-09-15 03:38:34] |___________|________|__________|________|__________|________|__________|
[2025-09-15 03:38:34] |       WEST|     1x1|      0.01|     2x2|      0.02|     4x4|      0.09|
[2025-09-15 03:38:34] |___________|________|__________|________|__________|________|__________|
[2025-09-15 03:38:34] 
[2025-09-15 03:38:34] SLR1
[2025-09-15 03:38:34] 
[2025-09-15 03:38:34] Initial Estimated Congestion
[2025-09-15 03:38:34]  ________________________________________________________________________
[2025-09-15 03:38:34] |           | Global Congestion | Long Congestion   | Short Congestion  |
[2025-09-15 03:38:34] |           |___________________|___________________|___________________|
[2025-09-15 03:38:34] | Direction | Size   | % Tiles  | Size   | % Tiles  | Size   | % Tiles  |
[2025-09-15 03:38:34] |___________|________|__________|________|__________|________|__________|
[2025-09-15 03:38:34] |      NORTH|     4x4|      0.18|     8x8|      0.77|     4x4|      0.44|
[2025-09-15 03:38:34] |___________|________|__________|________|__________|________|__________|
[2025-09-15 03:38:34] |      SOUTH|     4x4|      0.51|   16x16|      1.48|     4x4|      0.43|
[2025-09-15 03:38:34] |___________|________|__________|________|__________|________|__________|
[2025-09-15 03:38:34] |       EAST|     1x1|      0.03|     4x4|      0.23|     8x8|      0.42|
[2025-09-15 03:38:34] |___________|________|__________|________|__________|________|__________|
[2025-09-15 03:38:34] |       WEST|     4x4|      0.15|     4x4|      0.34|     8x8|      0.42|
[2025-09-15 03:38:34] |___________|________|__________|________|__________|________|__________|
[2025-09-15 03:38:34] 
[2025-09-15 03:38:34] SLR2
[2025-09-15 03:38:34] 
[2025-09-15 03:38:34] Initial Estimated Congestion
[2025-09-15 03:38:34]  ________________________________________________________________________
[2025-09-15 03:38:34] |           | Global Congestion | Long Congestion   | Short Congestion  |
[2025-09-15 03:38:35] |           |___________________|___________________|___________________|
[2025-09-15 03:38:35] | Direction | Size   | % Tiles  | Size   | % Tiles  | Size   | % Tiles  |
[2025-09-15 03:38:35] |___________|________|__________|________|__________|________|__________|
[2025-09-15 03:38:35] |      NORTH|     1x1|      0.00|     1x1|      0.00|     1x1|      0.00|
[2025-09-15 03:38:35] |___________|________|__________|________|__________|________|__________|
[2025-09-15 03:38:35] |      SOUTH|     1x1|      0.00|     1x1|      0.00|     1x1|      0.00|
[2025-09-15 03:38:35] |___________|________|__________|________|__________|________|__________|
[2025-09-15 03:38:35] |       EAST|     1x1|      0.00|     1x1|      0.00|     1x1|      0.00|
[2025-09-15 03:38:35] |___________|________|__________|________|__________|________|__________|
[2025-09-15 03:38:35] |       WEST|     1x1|      0.00|     1x1|      0.00|     1x1|      0.00|
[2025-09-15 03:38:35] |___________|________|__________|________|__________|________|__________|
[2025-09-15 03:38:35] 
[2025-09-15 03:38:35] SLR3
[2025-09-15 03:38:35] 
[2025-09-15 03:38:35] Initial Estimated Congestion
[2025-09-15 03:38:35]  ________________________________________________________________________
[2025-09-15 03:38:35] |           | Global Congestion | Long Congestion   | Short Congestion  |
[2025-09-15 03:38:35] |           |___________________|___________________|___________________|
[2025-09-15 03:38:35] | Direction | Size   | % Tiles  | Size   | % Tiles  | Size   | % Tiles  |
[2025-09-15 03:38:35] |___________|________|__________|________|__________|________|__________|
[2025-09-15 03:38:35] |      NORTH|     1x1|      0.00|     1x1|      0.00|     1x1|      0.00|
[2025-09-15 03:38:35] |___________|________|__________|________|__________|________|__________|
[2025-09-15 03:38:35] |      SOUTH|     1x1|      0.00|     1x1|      0.00|     1x1|      0.00|
[2025-09-15 03:38:35] |___________|________|__________|________|__________|________|__________|
[2025-09-15 03:38:35] |       EAST|     1x1|      0.00|     1x1|      0.00|     1x1|      0.00|
[2025-09-15 03:38:35] |___________|________|__________|________|__________|________|__________|
[2025-09-15 03:38:35] |       WEST|     1x1|      0.00|     1x1|      0.00|     1x1|      0.00|
[2025-09-15 03:38:35] |___________|________|__________|________|__________|________|__________|
[2025-09-15 03:38:35] 
[2025-09-15 03:38:35] 
[2025-09-15 03:38:35] 
[2025-09-15 03:38:35] Phase 10 Resolve XTalk
[2025-09-15 03:38:35] Phase 10 Resolve XTalk | Checksum: 1d8f2fb7b
[2025-09-15 03:38:35] 
[2025-09-15 03:38:35] Time (s): cpu = 00:19:50 ; elapsed = 00:08:22 . Memory (MB): peak = 10722.703 ; gain = 0.000 ; free physical = 225295 ; free virtual = 232531
[2025-09-15 03:38:35] 
[2025-09-15 03:38:35] Phase 11 Route finalize
[2025-09-15 03:38:35] Phase 11 Route finalize | Checksum: 1d8f2fb7b
[2025-09-15 03:38:35] 
[2025-09-15 03:38:35] Time (s): cpu = 00:19:53 ; elapsed = 00:08:23 . Memory (MB): peak = 10722.703 ; gain = 0.000 ; free physical = 225297 ; free virtual = 232534
[2025-09-15 03:38:35] 
[2025-09-15 03:38:35] Phase 12 Post Router Timing
[2025-09-15 03:38:35] INFO: [Route 35-20] Post Routing Timing Summary | WNS=0.097  | TNS=0.000  | WHS=0.009  | THS=0.000  |
[2025-09-15 03:38:35] 
[2025-09-15 03:38:35] Phase 12 Post Router Timing | Checksum: 264596e93
[2025-09-15 03:38:35] 
[2025-09-15 03:38:35] Time (s): cpu = 00:22:01 ; elapsed = 00:08:59 . Memory (MB): peak = 10722.703 ; gain = 0.000 ; free physical = 225107 ; free virtual = 232344
[2025-09-15 03:38:35] INFO: [Route 35-61] The design met the timing requirement.
[2025-09-15 03:38:35] INFO: [Route 35-16] Router Completed Successfully
[2025-09-15 03:38:35] 
[2025-09-15 03:38:35] Time (s): cpu = 00:22:02 ; elapsed = 00:09:00 . Memory (MB): peak = 10722.703 ; gain = 0.000 ; free physical = 226222 ; free virtual = 233459
[2025-09-15 03:38:35] 
[2025-09-15 03:38:35] Routing Is Done.
[2025-09-15 03:38:35] INFO: [Common 17-83] Releasing license: Implementation
[2025-09-15 03:38:35] 291 Infos, 170 Warnings, 3 Critical Warnings and 0 Errors encountered.
[2025-09-15 03:38:35] route_design completed successfully
[2025-09-15 03:38:35] route_design: Time (s): cpu = 00:22:27 ; elapsed = 00:09:10 . Memory (MB): peak = 10722.703 ; gain = 0.000 ; free physical = 226222 ; free virtual = 233459
[2025-09-15 03:38:35] INFO: [Timing 38-480] Writing timing data to binary archive.
[2025-09-15 03:38:35] Writing XDEF routing.
[2025-09-15 03:38:35] Writing XDEF routing logical nets.
[2025-09-15 03:38:35] Writing XDEF routing special nets.
[2025-09-15 03:38:35] Write XDEF Complete: Time (s): cpu = 00:00:55 ; elapsed = 00:00:28 . Memory (MB): peak = 10722.703 ; gain = 0.000 ; free physical = 225524 ; free virtual = 233224
[2025-09-15 03:38:35] INFO: [Common 17-1381] The checkpoint '/cluster/home/eirikwit/vortex-gpgpu/chipyard/sims/firesim/sim/generated-src/alveo/FireSim-FireSimV1S1C0L3-BaseF1Config1Mem_F25MHz/u250/vivado_proj/firesim.runs/impl_1/design_1_wrapper_routed.dcp' has been generated.
[2025-09-15 03:38:35] write_checkpoint: Time (s): cpu = 00:01:09 ; elapsed = 00:00:43 . Memory (MB): peak = 10722.703 ; gain = 0.000 ; free physical = 225946 ; free virtual = 233327
[2025-09-15 03:38:35] INFO: [runtcl-4] Executing : report_drc -file design_1_wrapper_drc_routed.rpt -pb design_1_wrapper_drc_routed.pb -rpx design_1_wrapper_drc_routed.rpx
[2025-09-15 03:38:35] Command: report_drc -file design_1_wrapper_drc_routed.rpt -pb design_1_wrapper_drc_routed.pb -rpx design_1_wrapper_drc_routed.rpx
[2025-09-15 03:38:35] INFO: [IP_Flow 19-1839] IP Catalog is up to date.
[2025-09-15 03:38:35] INFO: [DRC 23-27] Running DRC with 8 threads
[2025-09-15 03:38:35] INFO: [Vivado_Tcl 2-168] The results of DRC are in file /cluster/home/eirikwit/vortex-gpgpu/chipyard/sims/firesim/sim/generated-src/alveo/FireSim-FireSimV1S1C0L3-BaseF1Config1Mem_F25MHz/u250/vivado_proj/firesim.runs/impl_1/design_1_wrapper_drc_routed.rpt.
[2025-09-15 03:38:35] report_drc completed successfully
[2025-09-15 03:38:35] report_drc: Time (s): cpu = 00:00:45 ; elapsed = 00:00:17 . Memory (MB): peak = 10722.703 ; gain = 0.000 ; free physical = 225651 ; free virtual = 233031
[2025-09-15 03:38:35] INFO: [runtcl-4] Executing : report_methodology -file design_1_wrapper_methodology_drc_routed.rpt -pb design_1_wrapper_methodology_drc_routed.pb -rpx design_1_wrapper_methodology_drc_routed.rpx
[2025-09-15 03:38:35] Command: report_methodology -file design_1_wrapper_methodology_drc_routed.rpt -pb design_1_wrapper_methodology_drc_routed.pb -rpx design_1_wrapper_methodology_drc_routed.rpx
[2025-09-15 03:38:35] INFO: [Timing 38-35] Done setting XDC timing constraints.
[2025-09-15 03:38:35] INFO: [DRC 23-133] Running Methodology with 8 threads
[2025-09-15 03:38:35] INFO: [Vivado_Tcl 2-1520] The results of Report Methodology are in file /cluster/home/eirikwit/vortex-gpgpu/chipyard/sims/firesim/sim/generated-src/alveo/FireSim-FireSimV1S1C0L3-BaseF1Config1Mem_F25MHz/u250/vivado_proj/firesim.runs/impl_1/design_1_wrapper_methodology_drc_routed.rpt.
[2025-09-15 03:38:35] report_methodology completed successfully
[2025-09-15 03:38:35] report_methodology: Time (s): cpu = 00:02:06 ; elapsed = 00:00:33 . Memory (MB): peak = 10722.703 ; gain = 0.000 ; free physical = 225857 ; free virtual = 233238
[2025-09-15 03:38:35] INFO: [runtcl-4] Executing : report_power -file design_1_wrapper_power_routed.rpt -pb design_1_wrapper_power_summary_routed.pb -rpx design_1_wrapper_power_routed.rpx
[2025-09-15 03:38:35] Command: report_power -file design_1_wrapper_power_routed.rpt -pb design_1_wrapper_power_summary_routed.pb -rpx design_1_wrapper_power_routed.rpx
[2025-09-15 03:38:35] INFO: [Timing 38-35] Done setting XDC timing constraints.
[2025-09-15 03:38:35] Running Vector-less Activity Propagation...
[2025-09-15 03:38:35] 
[2025-09-15 03:38:35] Finished Running Vector-less Activity Propagation
[2025-09-15 03:38:35] WARNING: [Power 33-332] Found switching activity that implies high-fanout reset nets being asserted for excessive periods of time which may result in inaccurate power analysis.
[2025-09-15 03:38:35] Resolution: To review and fix problems, please run Power Constraints Advisor in the GUI from Tools > Power Constraints Advisor or run report_power with the -advisory option to generate a text report.
[2025-09-15 03:38:35] 303 Infos, 171 Warnings, 3 Critical Warnings and 0 Errors encountered.
[2025-09-15 03:38:35] report_power completed successfully
[2025-09-15 03:38:35] report_power: Time (s): cpu = 00:02:00 ; elapsed = 00:00:44 . Memory (MB): peak = 10771.852 ; gain = 49.148 ; free physical = 226015 ; free virtual = 233414
[2025-09-15 03:38:35] INFO: [runtcl-4] Executing : report_route_status -file design_1_wrapper_route_status.rpt -pb design_1_wrapper_route_status.pb
[2025-09-15 03:38:35] INFO: [runtcl-4] Executing : report_timing_summary -max_paths 10 -report_unconstrained -file design_1_wrapper_timing_summary_routed.rpt -pb design_1_wrapper_timing_summary_routed.pb -rpx design_1_wrapper_timing_summary_routed.rpx -warn_on_violation 
[2025-09-15 03:38:35] INFO: [Timing 38-91] UpdateTimingParams: Speed grade: -2L, Temperature grade: E, Delay Type: min_max.
[2025-09-15 03:38:35] INFO: [Timing 38-191] Multithreading enabled for timing update using a maximum of 8 CPUs
[2025-09-15 03:38:35] WARNING: [Timing 38-436] There are set_bus_skew constraint(s) in this design. Please run report_bus_skew to ensure that bus skew requirements are met.
[2025-09-15 03:38:35] report_timing_summary: Time (s): cpu = 00:00:27 ; elapsed = 00:00:09 . Memory (MB): peak = 10771.852 ; gain = 0.000 ; free physical = 225716 ; free virtual = 233153
[2025-09-15 03:38:35] INFO: [runtcl-4] Executing : report_incremental_reuse -file design_1_wrapper_incremental_reuse_routed.rpt
[2025-09-15 03:38:35] INFO: [Vivado_Tcl 4-1062] Incremental flow is disabled. No incremental reuse Info to report.
[2025-09-15 03:38:35] INFO: [runtcl-4] Executing : report_clock_utilization -file design_1_wrapper_clock_utilization_routed.rpt
[2025-09-15 03:38:35] report_clock_utilization: Time (s): cpu = 00:00:32 ; elapsed = 00:00:33 . Memory (MB): peak = 10771.852 ; gain = 0.000 ; free physical = 225774 ; free virtual = 233212
[2025-09-15 03:38:35] INFO: [runtcl-4] Executing : report_bus_skew -warn_on_violation -file design_1_wrapper_bus_skew_routed.rpt -pb design_1_wrapper_bus_skew_routed.pb -rpx design_1_wrapper_bus_skew_routed.rpx
[2025-09-15 03:38:35] INFO: [Timing 38-91] UpdateTimingParams: Speed grade: -2L, Temperature grade: E, Delay Type: min_max.
[2025-09-15 03:38:35] INFO: [Timing 38-191] Multithreading enabled for timing update using a maximum of 8 CPUs
[2025-09-15 03:38:35] INFO: [Common 17-206] Exiting Vivado at Mon Sep 15 03:38:08 2025...
[2025-09-15 03:38:35] 
[2025-09-15 03:38:35] *** Running vivado
[2025-09-15 03:38:35]     with args -log design_1_wrapper.vdi -applog -m64 -product Vivado -messageDb vivado.pb -mode batch -source design_1_wrapper.tcl -notrace
[2025-09-15 03:38:35] 
[2025-09-15 03:38:35] 
[2025-09-15 03:38:35] ****** Vivado v2022.2 (64-bit)
[2025-09-15 03:38:35]   **** SW Build 3671981 on Fri Oct 14 04:59:54 MDT 2022
[2025-09-15 03:38:35]   **** IP Build 3669848 on Fri Oct 14 08:30:02 MDT 2022
[2025-09-15 03:38:35]     ** Copyright 1986-2022 Xilinx, Inc. All Rights Reserved.
[2025-09-15 03:38:35] 
[2025-09-15 03:38:35] source design_1_wrapper.tcl -notrace
[2025-09-15 03:38:35] Command: open_checkpoint design_1_wrapper_routed.dcp
[2025-09-15 03:38:42] INFO: [Device 21-403] Loading part xcu250-figd2104-2L-e
[2025-09-15 03:39:02] Netlist sorting complete. Time (s): cpu = 00:00:03 ; elapsed = 00:00:03 . Memory (MB): peak = 3481.895 ; gain = 12.000 ; free physical = 230654 ; free virtual = 238097
[2025-09-15 03:39:02] INFO: [Netlist 29-17] Analyzing 8942 Unisim elements for replacement
[2025-09-15 03:39:12] INFO: [Netlist 29-28] Unisim Transformation completed in 12 CPU seconds
[2025-09-15 03:39:12] INFO: [Project 1-479] Netlist was created with Vivado 2022.2
[2025-09-15 03:39:17] INFO: [Project 1-570] Preparing netlist for logic optimization
[2025-09-15 03:39:17] WARNING: [Constraints 18-550] Could not create 'IBUF_LOW_PWR' constraint because net 'design_1_i/clk_wiz_0/clk_in1' is not directly connected to top level port. Synthesis is ignored for IBUF_LOW_PWR but preserved for implementation.
[2025-09-15 03:39:17] WARNING: [Constraints 18-550] Could not create 'DRIVE' constraint because net 'design_1_i/ddr4_0/inst/u_ddr4_mem_intfc/u_mig_ddr4_phy/cal_RESET_n[0]' is not directly connected to top level port. Synthesis is ignored for DRIVE but preserved for implementation.
[2025-09-15 03:39:17] WARNING: [Constraints 18-550] Could not create 'SLEW' constraint because net 'design_1_i/ddr4_0/inst/u_ddr4_mem_intfc/u_mig_ddr4_phy/cal_RESET_n[0]' is not directly connected to top level port. Synthesis is ignored for SLEW but preserved for implementation.
[2025-09-15 03:39:17] WARNING: [Constraints 18-550] Could not create 'IBUF_LOW_PWR' constraint because net 'design_1_i/ddr4_0/inst/u_ddr4_mem_intfc/u_mig_ddr4_phy/sys_clk_in' is not directly connected to top level port. Synthesis is ignored for IBUF_LOW_PWR but preserved for implementation.
[2025-09-15 03:39:37] INFO: [Timing 38-478] Restoring timing data from binary archive.
[2025-09-15 03:39:42] INFO: [Timing 38-479] Binary timing data restore complete.
[2025-09-15 03:39:42] INFO: [Project 1-856] Restoring constraints from binary archive.
[2025-09-15 03:39:47] INFO: [Power 33-23] Power model is not available for xiphy_riu_or
[2025-09-15 03:39:47] INFO: [Power 33-23] Power model is not available for genVref.u_hpio_vref
[2025-09-15 03:40:22] INFO: [Project 1-853] Binary constraint restore complete.
[2025-09-15 03:40:22] Reading XDEF placement.
[2025-09-15 03:40:22] Reading placer database...
[2025-09-15 03:40:48] Reading XDEF routing.
[2025-09-15 03:40:58] Read XDEF Files: Time (s): cpu = 00:00:33 ; elapsed = 00:00:33 . Memory (MB): peak = 6563.035 ; gain = 227.648 ; free physical = 227480 ; free virtual = 235063
[2025-09-15 03:40:58] Restored from archive | CPU: 33.290000 secs | Memory: 349.533760 MB |
[2025-09-15 03:40:58] Finished XDEF File Restore: Time (s): cpu = 00:00:33 ; elapsed = 00:00:33 . Memory (MB): peak = 6563.035 ; gain = 227.648 ; free physical = 227480 ; free virtual = 235063
[2025-09-15 03:41:03] INFO: [IP_Flow 19-234] Refreshing IP repositories
[2025-09-15 03:41:03] INFO: [IP_Flow 19-1704] No user IP repositories specified
[2025-09-15 03:41:03] INFO: [IP_Flow 19-2313] Loaded Vivado IP repository '/cluster/projects/itea_lille-ie-idi/opt/Xilinx/Vivado/2022.2/data/ip'.
[2025-09-15 03:41:03] Netlist sorting complete. Time (s): cpu = 00:00:00.03 ; elapsed = 00:00:00.03 . Memory (MB): peak = 6563.035 ; gain = 0.000 ; free physical = 227479 ; free virtual = 235064
[2025-09-15 03:41:03] INFO: [Project 1-111] Unisim Transformation Summary:
[2025-09-15 03:41:03]   A total of 1831 instances were transformed.
[2025-09-15 03:41:03]   DSP48E1 => DSP48E2 (DSP_ALU, DSP_A_B_DATA, DSP_C_DATA, DSP_MULTIPLIER, DSP_M_DATA, DSP_OUTPUT, DSP_PREADD, DSP_PREADD_DATA): 3 instances
[2025-09-15 03:41:03]   DSP48E2 => DSP48E2 (DSP_ALU, DSP_A_B_DATA, DSP_C_DATA, DSP_MULTIPLIER, DSP_M_DATA, DSP_OUTPUT, DSP_PREADD, DSP_PREADD_DATA): 24 instances
[2025-09-15 03:41:03]   IBUF => IBUF (IBUFCTRL, INBUF): 2 instances
[2025-09-15 03:41:03]   IBUFDS => IBUFDS (DIFFINBUF, IBUFCTRL): 1 instance 
[2025-09-15 03:41:03]   IOBUFDS => IOBUFDS (DIFFINBUF, IBUFCTRL, INV, OBUFT(x2)): 18 instances
[2025-09-15 03:41:03]   IOBUFE3 => IOBUFE3 (IBUFCTRL, INBUF, OBUFT_DCIEN): 72 instances
[2025-09-15 03:41:03]   LUT6_2 => LUT6_2 (LUT5, LUT6): 31 instances
[2025-09-15 03:41:03]   OBUFDS => OBUFDS_DUAL_BUF (INV, OBUF(x2)): 1 instance 
[2025-09-15 03:41:03]   RAM16X1D => RAM32X1D (RAMD32(x2)): 154 instances
[2025-09-15 03:41:03]   RAM16X1S => RAM32X1S (RAMS32): 45 instances
[2025-09-15 03:41:03]   RAM256X1D => RAM256X1D (MUXF7(x4), MUXF8(x2), RAMD64E(x8)): 1 instance 
[2025-09-15 03:41:03]   RAM256X1S => RAM256X1S (MUXF7(x2), MUXF8, RAMS64E(x4)): 6 instances
[2025-09-15 03:41:03]   RAM32M => RAM32M (RAMD32(x6), RAMS32(x2)): 340 instances
[2025-09-15 03:41:03]   RAM32M16 => RAM32M16 (RAMD32(x14), RAMS32(x2)): 1001 instances
[2025-09-15 03:41:03]   RAM32X1D => RAM32X1D (RAMD32(x2)): 69 instances
[2025-09-15 03:41:03]   RAM64M => RAM64M (RAMD64E(x4)): 9 instances
[2025-09-15 03:41:03]   RAM64M8 => RAM64M8 (RAMD64E(x8)): 42 instances
[2025-09-15 03:41:03]   RAM64X1D => RAM64X1D (RAMD64E(x2)): 12 instances
[2025-09-15 03:41:03] 
[2025-09-15 03:41:03] INFO: [Project 1-604] Checkpoint was created with Vivado v2022.2 (64-bit) build 3671981
[2025-09-15 03:41:13] OpenCheckpoint Checksum | Checksum: 163130bca
[2025-09-15 03:41:13] ----- Checksum: PlaceDB: ce290270 ShapeSum: 366db9a7 RouteDB: 5e7c4fb3 
[2025-09-15 03:41:13] open_checkpoint: Time (s): cpu = 00:02:58 ; elapsed = 00:02:37 . Memory (MB): peak = 6563.035 ; gain = 4928.836 ; free physical = 227491 ; free virtual = 235075
[2025-09-15 03:41:13] WARNING: [Memdata 28-362] Design is having concatenated BRAM controllers(heterogenous memory), this configuration is not supported by Updatemem for current device part. Only the first BRAM controller will be added to .MMI and used by Updatemem to update the bitstream with new data.
[2025-09-15 03:41:13] INFO: [Memdata 28-208] The XPM instance: <design_1_i/xdma_0/inst/ram_top/mas_bridge_ram_write_512.MASTER_WRITE_FIFO/xpm_memory_sdpram_inst_loop[0].xpm_memory_sdpram_inst/xpm_memory_base_inst> is part of IP: <design_1_i/xdma_0>. This XPM instance will be excluded from the .mmi because updatemem is prohibited from making changes to an XPM that is part of an IP.
[2025-09-15 03:41:13] INFO: [Memdata 28-208] The XPM instance: <design_1_i/xdma_0/inst/ram_top/gen_c2h_bram.C2H_DAT3_FIFO/xpm_memory_sdpram_inst_loop[1].xpm_memory_sdpram_inst/xpm_memory_base_inst> is part of IP: <design_1_i/xdma_0>. This XPM instance will be excluded from the .mmi because updatemem is prohibited from making changes to an XPM that is part of an IP.
[2025-09-15 03:41:13] INFO: [Memdata 28-208] The XPM instance: <design_1_i/xdma_0/inst/ram_top/gen_c2h_bram.C2H_DAT3_FIFO/xpm_memory_sdpram_inst_loop[0].xpm_memory_sdpram_inst/xpm_memory_base_inst> is part of IP: <design_1_i/xdma_0>. This XPM instance will be excluded from the .mmi because updatemem is prohibited from making changes to an XPM that is part of an IP.
[2025-09-15 03:41:13] INFO: [Memdata 28-208] The XPM instance: <design_1_i/xdma_0/inst/ram_top/gen_c2h_bram.C2H_DAT2_FIFO/xpm_memory_sdpram_inst_loop[1].xpm_memory_sdpram_inst/xpm_memory_base_inst> is part of IP: <design_1_i/xdma_0>. This XPM instance will be excluded from the .mmi because updatemem is prohibited from making changes to an XPM that is part of an IP.
[2025-09-15 03:41:13] INFO: [Memdata 28-208] The XPM instance: <design_1_i/xdma_0/inst/ram_top/gen_c2h_bram.C2H_DAT2_FIFO/xpm_memory_sdpram_inst_loop[0].xpm_memory_sdpram_inst/xpm_memory_base_inst> is part of IP: <design_1_i/xdma_0>. This XPM instance will be excluded from the .mmi because updatemem is prohibited from making changes to an XPM that is part of an IP.
[2025-09-15 03:41:13] INFO: [Memdata 28-208] The XPM instance: <design_1_i/xdma_0/inst/ram_top/gen_c2h_bram.C2H_DAT1_FIFO/xpm_memory_sdpram_inst_loop[1].xpm_memory_sdpram_inst/xpm_memory_base_inst> is part of IP: <design_1_i/xdma_0>. This XPM instance will be excluded from the .mmi because updatemem is prohibited from making changes to an XPM that is part of an IP.
[2025-09-15 03:41:13] INFO: [Memdata 28-208] The XPM instance: <design_1_i/xdma_0/inst/ram_top/gen_c2h_bram.C2H_DAT1_FIFO/xpm_memory_sdpram_inst_loop[0].xpm_memory_sdpram_inst/xpm_memory_base_inst> is part of IP: <design_1_i/xdma_0>. This XPM instance will be excluded from the .mmi because updatemem is prohibited from making changes to an XPM that is part of an IP.
[2025-09-15 03:41:13] INFO: [Memdata 28-208] The XPM instance: <design_1_i/xdma_0/inst/ram_top/gen_c2h_bram.C2H_DAT0_FIFO/xpm_memory_sdpram_inst_loop[1].xpm_memory_sdpram_inst/xpm_memory_base_inst> is part of IP: <design_1_i/xdma_0>. This XPM instance will be excluded from the .mmi because updatemem is prohibited from making changes to an XPM that is part of an IP.
[2025-09-15 03:41:13] INFO: [Memdata 28-208] The XPM instance: <design_1_i/xdma_0/inst/ram_top/gen_c2h_bram.C2H_DAT0_FIFO/xpm_memory_sdpram_inst_loop[0].xpm_memory_sdpram_inst/xpm_memory_base_inst> is part of IP: <design_1_i/xdma_0>. This XPM instance will be excluded from the .mmi because updatemem is prohibited from making changes to an XPM that is part of an IP.
[2025-09-15 03:41:13] INFO: [Memdata 28-208] The XPM instance: <design_1_i/xdma_0/inst/ram_top/MASTER_READ_BRAM/xpm_memory_sdpram_inst_loop[0].xpm_memory_sdpram_inst/xpm_memory_base_inst> is part of IP: <design_1_i/xdma_0>. This XPM instance will be excluded from the .mmi because updatemem is prohibited from making changes to an XPM that is part of an IP.
[2025-09-15 03:41:13] Command: write_bitstream -force design_1_wrapper.bit
[2025-09-15 03:41:13] Attempting to get a license for feature 'Implementation' and/or device 'xcu250'
[2025-09-15 03:41:13] INFO: [Common 17-349] Got license for feature 'Implementation' and/or device 'xcu250'
[2025-09-15 03:41:13] Running DRC as a precondition to command write_bitstream
[2025-09-15 03:41:13] INFO: [IP_Flow 19-1839] IP Catalog is up to date.
[2025-09-15 03:41:23] INFO: [DRC 23-27] Running DRC with 8 threads
[2025-09-15 03:41:38] WARNING: [DRC DPIP-2] Input pipelining: DSP design_1_i/firesim_wrapper_0/inst/firesim_top/top/sim/target/FireSim_/lazyModule/system/tile_prci_domain/tile_reset_domain_vortexgpgpu_tile/core/vortex_axi/vortex/g_clusters[0].cluster/g_sockets[0].socket/g_cores[0].core/execute/alu_unit/g_alus[0].muldiv_unit/g_multiplier[0].multiplier/g_latency.prod_r_reg[1] input design_1_i/firesim_wrapper_0/inst/firesim_top/top/sim/target/FireSim_/lazyModule/system/tile_prci_domain/tile_reset_domain_vortexgpgpu_tile/core/vortex_axi/vortex/g_clusters[0].cluster/g_sockets[0].socket/g_cores[0].core/execute/alu_unit/g_alus[0].muldiv_unit/g_multiplier[0].multiplier/g_latency.prod_r_reg[1]/B[17:0] is not pipelined. Pipelining DSP48 input will improve performance.
[2025-09-15 03:41:38] WARNING: [DRC DPIP-2] Input pipelining: DSP design_1_i/firesim_wrapper_0/inst/firesim_top/top/sim/target/FireSim_/lazyModule/system/tile_prci_domain/tile_reset_domain_vortexgpgpu_tile/core/vortex_axi/vortex/g_clusters[0].cluster/g_sockets[0].socket/g_cores[0].core/execute/alu_unit/g_alus[0].muldiv_unit/g_multiplier[1].multiplier/g_latency.prod_r_reg[1] input design_1_i/firesim_wrapper_0/inst/firesim_top/top/sim/target/FireSim_/lazyModule/system/tile_prci_domain/tile_reset_domain_vortexgpgpu_tile/core/vortex_axi/vortex/g_clusters[0].cluster/g_sockets[0].socket/g_cores[0].core/execute/alu_unit/g_alus[0].muldiv_unit/g_multiplier[1].multiplier/g_latency.prod_r_reg[1]/B[17:0] is not pipelined. Pipelining DSP48 input will improve performance.
[2025-09-15 03:41:38] WARNING: [DRC DPIP-2] Input pipelining: DSP design_1_i/firesim_wrapper_0/inst/firesim_top/top/sim/target/FireSim_/lazyModule/system/tile_prci_domain/tile_reset_domain_vortexgpgpu_tile/core/vortex_axi/vortex/g_clusters[0].cluster/g_sockets[0].socket/g_cores[0].core/execute/alu_unit/g_alus[0].muldiv_unit/g_multiplier[2].multiplier/g_latency.prod_r_reg[1] input design_1_i/firesim_wrapper_0/inst/firesim_top/top/sim/target/FireSim_/lazyModule/system/tile_prci_domain/tile_reset_domain_vortexgpgpu_tile/core/vortex_axi/vortex/g_clusters[0].cluster/g_sockets[0].socket/g_cores[0].core/execute/alu_unit/g_alus[0].muldiv_unit/g_multiplier[2].multiplier/g_latency.prod_r_reg[1]/B[17:0] is not pipelined. Pipelining DSP48 input will improve performance.
[2025-09-15 03:41:38] WARNING: [DRC DPIP-2] Input pipelining: DSP design_1_i/firesim_wrapper_0/inst/firesim_top/top/sim/target/FireSim_/lazyModule/system/tile_prci_domain/tile_reset_domain_vortexgpgpu_tile/core/vortex_axi/vortex/g_clusters[0].cluster/g_sockets[0].socket/g_cores[0].core/execute/alu_unit/g_alus[0].muldiv_unit/g_multiplier[3].multiplier/g_latency.prod_r_reg[1] input design_1_i/firesim_wrapper_0/inst/firesim_top/top/sim/target/FireSim_/lazyModule/system/tile_prci_domain/tile_reset_domain_vortexgpgpu_tile/core/vortex_axi/vortex/g_clusters[0].cluster/g_sockets[0].socket/g_cores[0].core/execute/alu_unit/g_alus[0].muldiv_unit/g_multiplier[3].multiplier/g_latency.prod_r_reg[1]/B[17:0] is not pipelined. Pipelining DSP48 input will improve performance.
[2025-09-15 03:41:38] WARNING: [DRC DPIP-2] Input pipelining: DSP design_1_i/firesim_wrapper_0/inst/firesim_top/top/sim/target/FireSim_/lazyModule/system/tile_prci_domain/tile_reset_domain_vortexgpgpu_tile/core/vortex_axi/vortex/g_clusters[0].cluster/g_sockets[0].socket/g_cores[0].core/execute/fpu_unit/g_fpus[0].fpu_fpnew/g_fpnew_coreses[0].fpnew_core/gen_operation_groups[0].i_opgroup_block/gen_parallel_slices[0].active_format.i_fmt_slice/gen_num_lanes[0].active_lane.lane_instance.i_fma/product input design_1_i/firesim_wrapper_0/inst/firesim_top/top/sim/target/FireSim_/lazyModule/system/tile_prci_domain/tile_reset_domain_vortexgpgpu_tile/core/vortex_axi/vortex/g_clusters[0].cluster/g_sockets[0].socket/g_cores[0].core/execute/fpu_unit/g_fpus[0].fpu_fpnew/g_fpnew_coreses[0].fpnew_core/gen_operation_groups[0].i_opgroup_block/gen_parallel_slices[0].active_format.i_fmt_slice/gen_num_lanes[0].active_lane.lane_instance.i_fma/product/A[29:0] is not pipelined. Pipelining DSP48 input will improve performance.
[2025-09-15 03:41:38] WARNING: [DRC DPIP-2] Input pipelining: DSP design_1_i/firesim_wrapper_0/inst/firesim_top/top/sim/target/FireSim_/lazyModule/system/tile_prci_domain/tile_reset_domain_vortexgpgpu_tile/core/vortex_axi/vortex/g_clusters[0].cluster/g_sockets[0].socket/g_cores[0].core/execute/fpu_unit/g_fpus[0].fpu_fpnew/g_fpnew_coreses[0].fpnew_core/gen_operation_groups[0].i_opgroup_block/gen_parallel_slices[0].active_format.i_fmt_slice/gen_num_lanes[0].active_lane.lane_instance.i_fma/product input design_1_i/firesim_wrapper_0/inst/firesim_top/top/sim/target/FireSim_/lazyModule/system/tile_prci_domain/tile_reset_domain_vortexgpgpu_tile/core/vortex_axi/vortex/g_clusters[0].cluster/g_sockets[0].socket/g_cores[0].core/execute/fpu_unit/g_fpus[0].fpu_fpnew/g_fpnew_coreses[0].fpnew_core/gen_operation_groups[0].i_opgroup_block/gen_parallel_slices[0].active_format.i_fmt_slice/gen_num_lanes[0].active_lane.lane_instance.i_fma/product/B[17:0] is not pipelined. Pipelining DSP48 input will improve performance.
[2025-09-15 03:41:38] WARNING: [DRC DPIP-2] Input pipelining: DSP design_1_i/firesim_wrapper_0/inst/firesim_top/top/sim/target/FireSim_/lazyModule/system/tile_prci_domain/tile_reset_domain_vortexgpgpu_tile/core/vortex_axi/vortex/g_clusters[0].cluster/g_sockets[0].socket/g_cores[0].core/execute/fpu_unit/g_fpus[0].fpu_fpnew/g_fpnew_coreses[0].fpnew_core/gen_operation_groups[0].i_opgroup_block/gen_parallel_slices[0].active_format.i_fmt_slice/gen_num_lanes[0].active_lane.lane_instance.i_fma/product__0 input design_1_i/firesim_wrapper_0/inst/firesim_top/top/sim/target/FireSim_/lazyModule/system/tile_prci_domain/tile_reset_domain_vortexgpgpu_tile/core/vortex_axi/vortex/g_clusters[0].cluster/g_sockets[0].socket/g_cores[0].core/execute/fpu_unit/g_fpus[0].fpu_fpnew/g_fpnew_coreses[0].fpnew_core/gen_operation_groups[0].i_opgroup_block/gen_parallel_slices[0].active_format.i_fmt_slice/gen_num_lanes[0].active_lane.lane_instance.i_fma/product__0/B[17:0] is not pipelined. Pipelining DSP48 input will improve performance.
[2025-09-15 03:41:38] WARNING: [DRC DPIP-2] Input pipelining: DSP design_1_i/firesim_wrapper_0/inst/firesim_top/top/sim/target/FireSim_/lazyModule/system/tile_prci_domain/tile_reset_domain_vortexgpgpu_tile/core/vortex_axi/vortex/g_clusters[0].cluster/g_sockets[0].socket/g_cores[0].core/execute/fpu_unit/g_fpus[0].fpu_fpnew/g_fpnew_coreses[1].fpnew_core/gen_operation_groups[0].i_opgroup_block/gen_parallel_slices[0].active_format.i_fmt_slice/gen_num_lanes[0].active_lane.lane_instance.i_fma/product input design_1_i/firesim_wrapper_0/inst/firesim_top/top/sim/target/FireSim_/lazyModule/system/tile_prci_domain/tile_reset_domain_vortexgpgpu_tile/core/vortex_axi/vortex/g_clusters[0].cluster/g_sockets[0].socket/g_cores[0].core/execute/fpu_unit/g_fpus[0].fpu_fpnew/g_fpnew_coreses[1].fpnew_core/gen_operation_groups[0].i_opgroup_block/gen_parallel_slices[0].active_format.i_fmt_slice/gen_num_lanes[0].active_lane.lane_instance.i_fma/product/A[29:0] is not pipelined. Pipelining DSP48 input will improve performance.
[2025-09-15 03:41:38] WARNING: [DRC DPIP-2] Input pipelining: DSP design_1_i/firesim_wrapper_0/inst/firesim_top/top/sim/target/FireSim_/lazyModule/system/tile_prci_domain/tile_reset_domain_vortexgpgpu_tile/core/vortex_axi/vortex/g_clusters[0].cluster/g_sockets[0].socket/g_cores[0].core/execute/fpu_unit/g_fpus[0].fpu_fpnew/g_fpnew_coreses[1].fpnew_core/gen_operation_groups[0].i_opgroup_block/gen_parallel_slices[0].active_format.i_fmt_slice/gen_num_lanes[0].active_lane.lane_instance.i_fma/product input design_1_i/firesim_wrapper_0/inst/firesim_top/top/sim/target/FireSim_/lazyModule/system/tile_prci_domain/tile_reset_domain_vortexgpgpu_tile/core/vortex_axi/vortex/g_clusters[0].cluster/g_sockets[0].socket/g_cores[0].core/execute/fpu_unit/g_fpus[0].fpu_fpnew/g_fpnew_coreses[1].fpnew_core/gen_operation_groups[0].i_opgroup_block/gen_parallel_slices[0].active_format.i_fmt_slice/gen_num_lanes[0].active_lane.lane_instance.i_fma/product/B[17:0] is not pipelined. Pipelining DSP48 input will improve performance.
[2025-09-15 03:41:38] WARNING: [DRC DPIP-2] Input pipelining: DSP design_1_i/firesim_wrapper_0/inst/firesim_top/top/sim/target/FireSim_/lazyModule/system/tile_prci_domain/tile_reset_domain_vortexgpgpu_tile/core/vortex_axi/vortex/g_clusters[0].cluster/g_sockets[0].socket/g_cores[0].core/execute/fpu_unit/g_fpus[0].fpu_fpnew/g_fpnew_coreses[1].fpnew_core/gen_operation_groups[0].i_opgroup_block/gen_parallel_slices[0].active_format.i_fmt_slice/gen_num_lanes[0].active_lane.lane_instance.i_fma/product__0 input design_1_i/firesim_wrapper_0/inst/firesim_top/top/sim/target/FireSim_/lazyModule/system/tile_prci_domain/tile_reset_domain_vortexgpgpu_tile/core/vortex_axi/vortex/g_clusters[0].cluster/g_sockets[0].socket/g_cores[0].core/execute/fpu_unit/g_fpus[0].fpu_fpnew/g_fpnew_coreses[1].fpnew_core/gen_operation_groups[0].i_opgroup_block/gen_parallel_slices[0].active_format.i_fmt_slice/gen_num_lanes[0].active_lane.lane_instance.i_fma/product__0/B[17:0] is not pipelined. Pipelining DSP48 input will improve performance.
[2025-09-15 03:41:38] WARNING: [DRC DPIP-2] Input pipelining: DSP design_1_i/firesim_wrapper_0/inst/firesim_top/top/sim/target/FireSim_/lazyModule/system/tile_prci_domain/tile_reset_domain_vortexgpgpu_tile/core/vortex_axi/vortex/g_clusters[0].cluster/g_sockets[0].socket/g_cores[0].core/execute/fpu_unit/g_fpus[0].fpu_fpnew/g_fpnew_coreses[2].fpnew_core/gen_operation_groups[0].i_opgroup_block/gen_parallel_slices[0].active_format.i_fmt_slice/gen_num_lanes[0].active_lane.lane_instance.i_fma/product input design_1_i/firesim_wrapper_0/inst/firesim_top/top/sim/target/FireSim_/lazyModule/system/tile_prci_domain/tile_reset_domain_vortexgpgpu_tile/core/vortex_axi/vortex/g_clusters[0].cluster/g_sockets[0].socket/g_cores[0].core/execute/fpu_unit/g_fpus[0].fpu_fpnew/g_fpnew_coreses[2].fpnew_core/gen_operation_groups[0].i_opgroup_block/gen_parallel_slices[0].active_format.i_fmt_slice/gen_num_lanes[0].active_lane.lane_instance.i_fma/product/A[29:0] is not pipelined. Pipelining DSP48 input will improve performance.
[2025-09-15 03:41:38] WARNING: [DRC DPIP-2] Input pipelining: DSP design_1_i/firesim_wrapper_0/inst/firesim_top/top/sim/target/FireSim_/lazyModule/system/tile_prci_domain/tile_reset_domain_vortexgpgpu_tile/core/vortex_axi/vortex/g_clusters[0].cluster/g_sockets[0].socket/g_cores[0].core/execute/fpu_unit/g_fpus[0].fpu_fpnew/g_fpnew_coreses[2].fpnew_core/gen_operation_groups[0].i_opgroup_block/gen_parallel_slices[0].active_format.i_fmt_slice/gen_num_lanes[0].active_lane.lane_instance.i_fma/product input design_1_i/firesim_wrapper_0/inst/firesim_top/top/sim/target/FireSim_/lazyModule/system/tile_prci_domain/tile_reset_domain_vortexgpgpu_tile/core/vortex_axi/vortex/g_clusters[0].cluster/g_sockets[0].socket/g_cores[0].core/execute/fpu_unit/g_fpus[0].fpu_fpnew/g_fpnew_coreses[2].fpnew_core/gen_operation_groups[0].i_opgroup_block/gen_parallel_slices[0].active_format.i_fmt_slice/gen_num_lanes[0].active_lane.lane_instance.i_fma/product/B[17:0] is not pipelined. Pipelining DSP48 input will improve performance.
[2025-09-15 03:41:38] WARNING: [DRC DPIP-2] Input pipelining: DSP design_1_i/firesim_wrapper_0/inst/firesim_top/top/sim/target/FireSim_/lazyModule/system/tile_prci_domain/tile_reset_domain_vortexgpgpu_tile/core/vortex_axi/vortex/g_clusters[0].cluster/g_sockets[0].socket/g_cores[0].core/execute/fpu_unit/g_fpus[0].fpu_fpnew/g_fpnew_coreses[2].fpnew_core/gen_operation_groups[0].i_opgroup_block/gen_parallel_slices[0].active_format.i_fmt_slice/gen_num_lanes[0].active_lane.lane_instance.i_fma/product__0 input design_1_i/firesim_wrapper_0/inst/firesim_top/top/sim/target/FireSim_/lazyModule/system/tile_prci_domain/tile_reset_domain_vortexgpgpu_tile/core/vortex_axi/vortex/g_clusters[0].cluster/g_sockets[0].socket/g_cores[0].core/execute/fpu_unit/g_fpus[0].fpu_fpnew/g_fpnew_coreses[2].fpnew_core/gen_operation_groups[0].i_opgroup_block/gen_parallel_slices[0].active_format.i_fmt_slice/gen_num_lanes[0].active_lane.lane_instance.i_fma/product__0/B[17:0] is not pipelined. Pipelining DSP48 input will improve performance.
[2025-09-15 03:41:38] WARNING: [DRC DPIP-2] Input pipelining: DSP design_1_i/firesim_wrapper_0/inst/firesim_top/top/sim/target/FireSim_/lazyModule/system/tile_prci_domain/tile_reset_domain_vortexgpgpu_tile/core/vortex_axi/vortex/g_clusters[0].cluster/g_sockets[0].socket/g_cores[0].core/execute/fpu_unit/g_fpus[0].fpu_fpnew/g_fpnew_coreses[3].fpnew_core/gen_operation_groups[0].i_opgroup_block/gen_parallel_slices[0].active_format.i_fmt_slice/gen_num_lanes[0].active_lane.lane_instance.i_fma/product input design_1_i/firesim_wrapper_0/inst/firesim_top/top/sim/target/FireSim_/lazyModule/system/tile_prci_domain/tile_reset_domain_vortexgpgpu_tile/core/vortex_axi/vortex/g_clusters[0].cluster/g_sockets[0].socket/g_cores[0].core/execute/fpu_unit/g_fpus[0].fpu_fpnew/g_fpnew_coreses[3].fpnew_core/gen_operation_groups[0].i_opgroup_block/gen_parallel_slices[0].active_format.i_fmt_slice/gen_num_lanes[0].active_lane.lane_instance.i_fma/product/A[29:0] is not pipelined. Pipelining DSP48 input will improve performance.
[2025-09-15 03:41:38] WARNING: [DRC DPIP-2] Input pipelining: DSP design_1_i/firesim_wrapper_0/inst/firesim_top/top/sim/target/FireSim_/lazyModule/system/tile_prci_domain/tile_reset_domain_vortexgpgpu_tile/core/vortex_axi/vortex/g_clusters[0].cluster/g_sockets[0].socket/g_cores[0].core/execute/fpu_unit/g_fpus[0].fpu_fpnew/g_fpnew_coreses[3].fpnew_core/gen_operation_groups[0].i_opgroup_block/gen_parallel_slices[0].active_format.i_fmt_slice/gen_num_lanes[0].active_lane.lane_instance.i_fma/product input design_1_i/firesim_wrapper_0/inst/firesim_top/top/sim/target/FireSim_/lazyModule/system/tile_prci_domain/tile_reset_domain_vortexgpgpu_tile/core/vortex_axi/vortex/g_clusters[0].cluster/g_sockets[0].socket/g_cores[0].core/execute/fpu_unit/g_fpus[0].fpu_fpnew/g_fpnew_coreses[3].fpnew_core/gen_operation_groups[0].i_opgroup_block/gen_parallel_slices[0].active_format.i_fmt_slice/gen_num_lanes[0].active_lane.lane_instance.i_fma/product/B[17:0] is not pipelined. Pipelining DSP48 input will improve performance.
[2025-09-15 03:41:38] WARNING: [DRC DPIP-2] Input pipelining: DSP design_1_i/firesim_wrapper_0/inst/firesim_top/top/sim/target/FireSim_/lazyModule/system/tile_prci_domain/tile_reset_domain_vortexgpgpu_tile/core/vortex_axi/vortex/g_clusters[0].cluster/g_sockets[0].socket/g_cores[0].core/execute/fpu_unit/g_fpus[0].fpu_fpnew/g_fpnew_coreses[3].fpnew_core/gen_operation_groups[0].i_opgroup_block/gen_parallel_slices[0].active_format.i_fmt_slice/gen_num_lanes[0].active_lane.lane_instance.i_fma/product__0 input design_1_i/firesim_wrapper_0/inst/firesim_top/top/sim/target/FireSim_/lazyModule/system/tile_prci_domain/tile_reset_domain_vortexgpgpu_tile/core/vortex_axi/vortex/g_clusters[0].cluster/g_sockets[0].socket/g_cores[0].core/execute/fpu_unit/g_fpus[0].fpu_fpnew/g_fpnew_coreses[3].fpnew_core/gen_operation_groups[0].i_opgroup_block/gen_parallel_slices[0].active_format.i_fmt_slice/gen_num_lanes[0].active_lane.lane_instance.i_fma/product__0/B[17:0] is not pipelined. Pipelining DSP48 input will improve performance.
[2025-09-15 03:41:38] WARNING: [DRC DPOP-3] PREG Output pipelining: DSP design_1_i/firesim_wrapper_0/inst/firesim_top/top/sim/target/FireSim_/lazyModule/system/tile_prci_domain/tile_reset_domain_vortexgpgpu_tile/core/vortex_axi/vortex/g_clusters[0].cluster/g_sockets[0].socket/g_cores[0].core/execute/fpu_unit/g_fpus[0].fpu_fpnew/g_fpnew_coreses[0].fpnew_core/gen_operation_groups[0].i_opgroup_block/gen_parallel_slices[0].active_format.i_fmt_slice/gen_num_lanes[0].active_lane.lane_instance.i_fma/product output design_1_i/firesim_wrapper_0/inst/firesim_top/top/sim/target/FireSim_/lazyModule/system/tile_prci_domain/tile_reset_domain_vortexgpgpu_tile/core/vortex_axi/vortex/g_clusters[0].cluster/g_sockets[0].socket/g_cores[0].core/execute/fpu_unit/g_fpus[0].fpu_fpnew/g_fpnew_coreses[0].fpnew_core/gen_operation_groups[0].i_opgroup_block/gen_parallel_slices[0].active_format.i_fmt_slice/gen_num_lanes[0].active_lane.lane_instance.i_fma/product/P[47:0] is not pipelined (PREG=0). Pipelining the DSP48 output will improve performance and often saves power so it is suggested whenever possible to fully pipeline this function.  If this DSP48 function was inferred, it is suggested to describe an additional register stage after this function.  If the DSP48 was instantiated in the design, it is suggested to set the PREG attribute to 1.
[2025-09-15 03:41:38] WARNING: [DRC DPOP-3] PREG Output pipelining: DSP design_1_i/firesim_wrapper_0/inst/firesim_top/top/sim/target/FireSim_/lazyModule/system/tile_prci_domain/tile_reset_domain_vortexgpgpu_tile/core/vortex_axi/vortex/g_clusters[0].cluster/g_sockets[0].socket/g_cores[0].core/execute/fpu_unit/g_fpus[0].fpu_fpnew/g_fpnew_coreses[0].fpnew_core/gen_operation_groups[0].i_opgroup_block/gen_parallel_slices[0].active_format.i_fmt_slice/gen_num_lanes[0].active_lane.lane_instance.i_fma/product__0 output design_1_i/firesim_wrapper_0/inst/firesim_top/top/sim/target/FireSim_/lazyModule/system/tile_prci_domain/tile_reset_domain_vortexgpgpu_tile/core/vortex_axi/vortex/g_clusters[0].cluster/g_sockets[0].socket/g_cores[0].core/execute/fpu_unit/g_fpus[0].fpu_fpnew/g_fpnew_coreses[0].fpnew_core/gen_operation_groups[0].i_opgroup_block/gen_parallel_slices[0].active_format.i_fmt_slice/gen_num_lanes[0].active_lane.lane_instance.i_fma/product__0/P[47:0] is not pipelined (PREG=0). Pipelining the DSP48 output will improve performance and often saves power so it is suggested whenever possible to fully pipeline this function.  If this DSP48 function was inferred, it is suggested to describe an additional register stage after this function.  If the DSP48 was instantiated in the design, it is suggested to set the PREG attribute to 1.
[2025-09-15 03:41:38] WARNING: [DRC DPOP-3] PREG Output pipelining: DSP design_1_i/firesim_wrapper_0/inst/firesim_top/top/sim/target/FireSim_/lazyModule/system/tile_prci_domain/tile_reset_domain_vortexgpgpu_tile/core/vortex_axi/vortex/g_clusters[0].cluster/g_sockets[0].socket/g_cores[0].core/execute/fpu_unit/g_fpus[0].fpu_fpnew/g_fpnew_coreses[1].fpnew_core/gen_operation_groups[0].i_opgroup_block/gen_parallel_slices[0].active_format.i_fmt_slice/gen_num_lanes[0].active_lane.lane_instance.i_fma/product output design_1_i/firesim_wrapper_0/inst/firesim_top/top/sim/target/FireSim_/lazyModule/system/tile_prci_domain/tile_reset_domain_vortexgpgpu_tile/core/vortex_axi/vortex/g_clusters[0].cluster/g_sockets[0].socket/g_cores[0].core/execute/fpu_unit/g_fpus[0].fpu_fpnew/g_fpnew_coreses[1].fpnew_core/gen_operation_groups[0].i_opgroup_block/gen_parallel_slices[0].active_format.i_fmt_slice/gen_num_lanes[0].active_lane.lane_instance.i_fma/product/P[47:0] is not pipelined (PREG=0). Pipelining the DSP48 output will improve performance and often saves power so it is suggested whenever possible to fully pipeline this function.  If this DSP48 function was inferred, it is suggested to describe an additional register stage after this function.  If the DSP48 was instantiated in the design, it is suggested to set the PREG attribute to 1.
[2025-09-15 03:41:38] WARNING: [DRC DPOP-3] PREG Output pipelining: DSP design_1_i/firesim_wrapper_0/inst/firesim_top/top/sim/target/FireSim_/lazyModule/system/tile_prci_domain/tile_reset_domain_vortexgpgpu_tile/core/vortex_axi/vortex/g_clusters[0].cluster/g_sockets[0].socket/g_cores[0].core/execute/fpu_unit/g_fpus[0].fpu_fpnew/g_fpnew_coreses[1].fpnew_core/gen_operation_groups[0].i_opgroup_block/gen_parallel_slices[0].active_format.i_fmt_slice/gen_num_lanes[0].active_lane.lane_instance.i_fma/product__0 output design_1_i/firesim_wrapper_0/inst/firesim_top/top/sim/target/FireSim_/lazyModule/system/tile_prci_domain/tile_reset_domain_vortexgpgpu_tile/core/vortex_axi/vortex/g_clusters[0].cluster/g_sockets[0].socket/g_cores[0].core/execute/fpu_unit/g_fpus[0].fpu_fpnew/g_fpnew_coreses[1].fpnew_core/gen_operation_groups[0].i_opgroup_block/gen_parallel_slices[0].active_format.i_fmt_slice/gen_num_lanes[0].active_lane.lane_instance.i_fma/product__0/P[47:0] is not pipelined (PREG=0). Pipelining the DSP48 output will improve performance and often saves power so it is suggested whenever possible to fully pipeline this function.  If this DSP48 function was inferred, it is suggested to describe an additional register stage after this function.  If the DSP48 was instantiated in the design, it is suggested to set the PREG attribute to 1.
[2025-09-15 03:41:38] WARNING: [DRC DPOP-3] PREG Output pipelining: DSP design_1_i/firesim_wrapper_0/inst/firesim_top/top/sim/target/FireSim_/lazyModule/system/tile_prci_domain/tile_reset_domain_vortexgpgpu_tile/core/vortex_axi/vortex/g_clusters[0].cluster/g_sockets[0].socket/g_cores[0].core/execute/fpu_unit/g_fpus[0].fpu_fpnew/g_fpnew_coreses[2].fpnew_core/gen_operation_groups[0].i_opgroup_block/gen_parallel_slices[0].active_format.i_fmt_slice/gen_num_lanes[0].active_lane.lane_instance.i_fma/product output design_1_i/firesim_wrapper_0/inst/firesim_top/top/sim/target/FireSim_/lazyModule/system/tile_prci_domain/tile_reset_domain_vortexgpgpu_tile/core/vortex_axi/vortex/g_clusters[0].cluster/g_sockets[0].socket/g_cores[0].core/execute/fpu_unit/g_fpus[0].fpu_fpnew/g_fpnew_coreses[2].fpnew_core/gen_operation_groups[0].i_opgroup_block/gen_parallel_slices[0].active_format.i_fmt_slice/gen_num_lanes[0].active_lane.lane_instance.i_fma/product/P[47:0] is not pipelined (PREG=0). Pipelining the DSP48 output will improve performance and often saves power so it is suggested whenever possible to fully pipeline this function.  If this DSP48 function was inferred, it is suggested to describe an additional register stage after this function.  If the DSP48 was instantiated in the design, it is suggested to set the PREG attribute to 1.
[2025-09-15 03:41:38] WARNING: [DRC DPOP-3] PREG Output pipelining: DSP design_1_i/firesim_wrapper_0/inst/firesim_top/top/sim/target/FireSim_/lazyModule/system/tile_prci_domain/tile_reset_domain_vortexgpgpu_tile/core/vortex_axi/vortex/g_clusters[0].cluster/g_sockets[0].socket/g_cores[0].core/execute/fpu_unit/g_fpus[0].fpu_fpnew/g_fpnew_coreses[2].fpnew_core/gen_operation_groups[0].i_opgroup_block/gen_parallel_slices[0].active_format.i_fmt_slice/gen_num_lanes[0].active_lane.lane_instance.i_fma/product__0 output design_1_i/firesim_wrapper_0/inst/firesim_top/top/sim/target/FireSim_/lazyModule/system/tile_prci_domain/tile_reset_domain_vortexgpgpu_tile/core/vortex_axi/vortex/g_clusters[0].cluster/g_sockets[0].socket/g_cores[0].core/execute/fpu_unit/g_fpus[0].fpu_fpnew/g_fpnew_coreses[2].fpnew_core/gen_operation_groups[0].i_opgroup_block/gen_parallel_slices[0].active_format.i_fmt_slice/gen_num_lanes[0].active_lane.lane_instance.i_fma/product__0/P[47:0] is not pipelined (PREG=0). Pipelining the DSP48 output will improve performance and often saves power so it is suggested whenever possible to fully pipeline this function.  If this DSP48 function was inferred, it is suggested to describe an additional register stage after this function.  If the DSP48 was instantiated in the design, it is suggested to set the PREG attribute to 1.
[2025-09-15 03:41:38] WARNING: [DRC DPOP-3] PREG Output pipelining: DSP design_1_i/firesim_wrapper_0/inst/firesim_top/top/sim/target/FireSim_/lazyModule/system/tile_prci_domain/tile_reset_domain_vortexgpgpu_tile/core/vortex_axi/vortex/g_clusters[0].cluster/g_sockets[0].socket/g_cores[0].core/execute/fpu_unit/g_fpus[0].fpu_fpnew/g_fpnew_coreses[3].fpnew_core/gen_operation_groups[0].i_opgroup_block/gen_parallel_slices[0].active_format.i_fmt_slice/gen_num_lanes[0].active_lane.lane_instance.i_fma/product output design_1_i/firesim_wrapper_0/inst/firesim_top/top/sim/target/FireSim_/lazyModule/system/tile_prci_domain/tile_reset_domain_vortexgpgpu_tile/core/vortex_axi/vortex/g_clusters[0].cluster/g_sockets[0].socket/g_cores[0].core/execute/fpu_unit/g_fpus[0].fpu_fpnew/g_fpnew_coreses[3].fpnew_core/gen_operation_groups[0].i_opgroup_block/gen_parallel_slices[0].active_format.i_fmt_slice/gen_num_lanes[0].active_lane.lane_instance.i_fma/product/P[47:0] is not pipelined (PREG=0). Pipelining the DSP48 output will improve performance and often saves power so it is suggested whenever possible to fully pipeline this function.  If this DSP48 function was inferred, it is suggested to describe an additional register stage after this function.  If the DSP48 was instantiated in the design, it is suggested to set the PREG attribute to 1.
[2025-09-15 03:41:38] WARNING: [DRC DPOP-3] PREG Output pipelining: DSP design_1_i/firesim_wrapper_0/inst/firesim_top/top/sim/target/FireSim_/lazyModule/system/tile_prci_domain/tile_reset_domain_vortexgpgpu_tile/core/vortex_axi/vortex/g_clusters[0].cluster/g_sockets[0].socket/g_cores[0].core/execute/fpu_unit/g_fpus[0].fpu_fpnew/g_fpnew_coreses[3].fpnew_core/gen_operation_groups[0].i_opgroup_block/gen_parallel_slices[0].active_format.i_fmt_slice/gen_num_lanes[0].active_lane.lane_instance.i_fma/product__0 output design_1_i/firesim_wrapper_0/inst/firesim_top/top/sim/target/FireSim_/lazyModule/system/tile_prci_domain/tile_reset_domain_vortexgpgpu_tile/core/vortex_axi/vortex/g_clusters[0].cluster/g_sockets[0].socket/g_cores[0].core/execute/fpu_unit/g_fpus[0].fpu_fpnew/g_fpnew_coreses[3].fpnew_core/gen_operation_groups[0].i_opgroup_block/gen_parallel_slices[0].active_format.i_fmt_slice/gen_num_lanes[0].active_lane.lane_instance.i_fma/product__0/P[47:0] is not pipelined (PREG=0). Pipelining the DSP48 output will improve performance and often saves power so it is suggested whenever possible to fully pipeline this function.  If this DSP48 function was inferred, it is suggested to describe an additional register stage after this function.  If the DSP48 was instantiated in the design, it is suggested to set the PREG attribute to 1.
[2025-09-15 03:41:38] WARNING: [DRC DPOP-4] MREG Output pipelining: DSP design_1_i/firesim_wrapper_0/inst/firesim_top/top/sim/target/FireSim_/lazyModule/system/tile_prci_domain/tile_reset_domain_vortexgpgpu_tile/core/vortex_axi/vortex/g_clusters[0].cluster/g_sockets[0].socket/g_cores[0].core/execute/alu_unit/g_alus[0].muldiv_unit/g_multiplier[0].multiplier/g_latency.prod_r_reg[0] multiplier stage design_1_i/firesim_wrapper_0/inst/firesim_top/top/sim/target/FireSim_/lazyModule/system/tile_prci_domain/tile_reset_domain_vortexgpgpu_tile/core/vortex_axi/vortex/g_clusters[0].cluster/g_sockets[0].socket/g_cores[0].core/execute/alu_unit/g_alus[0].muldiv_unit/g_multiplier[0].multiplier/g_latency.prod_r_reg[0]/P[47:0] is not pipelined (MREG=0). Pipelining the multiplier function will improve performance and will save significant power so it is suggested whenever possible to fully pipeline this function.  If this multiplier was inferred, it is suggested to describe an additional register stage after this function.  If there is no registered adder/accumulator following the multiply function, two pipeline stages are suggested to allow both the MREG and PREG registers to be used.  If the DSP48 was instantiated in the design, it is suggested to set both the MREG and PREG attributes to 1 when performing multiply functions.
[2025-09-15 03:41:38] WARNING: [DRC DPOP-4] MREG Output pipelining: DSP design_1_i/firesim_wrapper_0/inst/firesim_top/top/sim/target/FireSim_/lazyModule/system/tile_prci_domain/tile_reset_domain_vortexgpgpu_tile/core/vortex_axi/vortex/g_clusters[0].cluster/g_sockets[0].socket/g_cores[0].core/execute/alu_unit/g_alus[0].muldiv_unit/g_multiplier[1].multiplier/g_latency.prod_r_reg[0] multiplier stage design_1_i/firesim_wrapper_0/inst/firesim_top/top/sim/target/FireSim_/lazyModule/system/tile_prci_domain/tile_reset_domain_vortexgpgpu_tile/core/vortex_axi/vortex/g_clusters[0].cluster/g_sockets[0].socket/g_cores[0].core/execute/alu_unit/g_alus[0].muldiv_unit/g_multiplier[1].multiplier/g_latency.prod_r_reg[0]/P[47:0] is not pipelined (MREG=0). Pipelining the multiplier function will improve performance and will save significant power so it is suggested whenever possible to fully pipeline this function.  If this multiplier was inferred, it is suggested to describe an additional register stage after this function.  If there is no registered adder/accumulator following the multiply function, two pipeline stages are suggested to allow both the MREG and PREG registers to be used.  If the DSP48 was instantiated in the design, it is suggested to set both the MREG and PREG attributes to 1 when performing multiply functions.
[2025-09-15 03:41:38] WARNING: [DRC DPOP-4] MREG Output pipelining: DSP design_1_i/firesim_wrapper_0/inst/firesim_top/top/sim/target/FireSim_/lazyModule/system/tile_prci_domain/tile_reset_domain_vortexgpgpu_tile/core/vortex_axi/vortex/g_clusters[0].cluster/g_sockets[0].socket/g_cores[0].core/execute/alu_unit/g_alus[0].muldiv_unit/g_multiplier[2].multiplier/g_latency.prod_r_reg[0] multiplier stage design_1_i/firesim_wrapper_0/inst/firesim_top/top/sim/target/FireSim_/lazyModule/system/tile_prci_domain/tile_reset_domain_vortexgpgpu_tile/core/vortex_axi/vortex/g_clusters[0].cluster/g_sockets[0].socket/g_cores[0].core/execute/alu_unit/g_alus[0].muldiv_unit/g_multiplier[2].multiplier/g_latency.prod_r_reg[0]/P[47:0] is not pipelined (MREG=0). Pipelining the multiplier function will improve performance and will save significant power so it is suggested whenever possible to fully pipeline this function.  If this multiplier was inferred, it is suggested to describe an additional register stage after this function.  If there is no registered adder/accumulator following the multiply function, two pipeline stages are suggested to allow both the MREG and PREG registers to be used.  If the DSP48 was instantiated in the design, it is suggested to set both the MREG and PREG attributes to 1 when performing multiply functions.
[2025-09-15 03:41:38] WARNING: [DRC DPOP-4] MREG Output pipelining: DSP design_1_i/firesim_wrapper_0/inst/firesim_top/top/sim/target/FireSim_/lazyModule/system/tile_prci_domain/tile_reset_domain_vortexgpgpu_tile/core/vortex_axi/vortex/g_clusters[0].cluster/g_sockets[0].socket/g_cores[0].core/execute/alu_unit/g_alus[0].muldiv_unit/g_multiplier[3].multiplier/g_latency.prod_r_reg[0] multiplier stage design_1_i/firesim_wrapper_0/inst/firesim_top/top/sim/target/FireSim_/lazyModule/system/tile_prci_domain/tile_reset_domain_vortexgpgpu_tile/core/vortex_axi/vortex/g_clusters[0].cluster/g_sockets[0].socket/g_cores[0].core/execute/alu_unit/g_alus[0].muldiv_unit/g_multiplier[3].multiplier/g_latency.prod_r_reg[0]/P[47:0] is not pipelined (MREG=0). Pipelining the multiplier function will improve performance and will save significant power so it is suggested whenever possible to fully pipeline this function.  If this multiplier was inferred, it is suggested to describe an additional register stage after this function.  If there is no registered adder/accumulator following the multiply function, two pipeline stages are suggested to allow both the MREG and PREG registers to be used.  If the DSP48 was instantiated in the design, it is suggested to set both the MREG and PREG attributes to 1 when performing multiply functions.
[2025-09-15 03:41:38] WARNING: [DRC DPOP-4] MREG Output pipelining: DSP design_1_i/firesim_wrapper_0/inst/firesim_top/top/sim/target/FireSim_/lazyModule/system/tile_prci_domain/tile_reset_domain_vortexgpgpu_tile/core/vortex_axi/vortex/g_clusters[0].cluster/g_sockets[0].socket/g_cores[0].core/execute/fpu_unit/g_fpus[0].fpu_fpnew/g_fpnew_coreses[0].fpnew_core/gen_operation_groups[0].i_opgroup_block/gen_parallel_slices[0].active_format.i_fmt_slice/gen_num_lanes[0].active_lane.lane_instance.i_fma/product multiplier stage design_1_i/firesim_wrapper_0/inst/firesim_top/top/sim/target/FireSim_/lazyModule/system/tile_prci_domain/tile_reset_domain_vortexgpgpu_tile/core/vortex_axi/vortex/g_clusters[0].cluster/g_sockets[0].socket/g_cores[0].core/execute/fpu_unit/g_fpus[0].fpu_fpnew/g_fpnew_coreses[0].fpnew_core/gen_operation_groups[0].i_opgroup_block/gen_parallel_slices[0].active_format.i_fmt_slice/gen_num_lanes[0].active_lane.lane_instance.i_fma/product/P[47:0] is not pipelined (MREG=0). Pipelining the multiplier function will improve performance and will save significant power so it is suggested whenever possible to fully pipeline this function.  If this multiplier was inferred, it is suggested to describe an additional register stage after this function.  If there is no registered adder/accumulator following the multiply function, two pipeline stages are suggested to allow both the MREG and PREG registers to be used.  If the DSP48 was instantiated in the design, it is suggested to set both the MREG and PREG attributes to 1 when performing multiply functions.
[2025-09-15 03:41:38] WARNING: [DRC DPOP-4] MREG Output pipelining: DSP design_1_i/firesim_wrapper_0/inst/firesim_top/top/sim/target/FireSim_/lazyModule/system/tile_prci_domain/tile_reset_domain_vortexgpgpu_tile/core/vortex_axi/vortex/g_clusters[0].cluster/g_sockets[0].socket/g_cores[0].core/execute/fpu_unit/g_fpus[0].fpu_fpnew/g_fpnew_coreses[0].fpnew_core/gen_operation_groups[0].i_opgroup_block/gen_parallel_slices[0].active_format.i_fmt_slice/gen_num_lanes[0].active_lane.lane_instance.i_fma/product__0 multiplier stage design_1_i/firesim_wrapper_0/inst/firesim_top/top/sim/target/FireSim_/lazyModule/system/tile_prci_domain/tile_reset_domain_vortexgpgpu_tile/core/vortex_axi/vortex/g_clusters[0].cluster/g_sockets[0].socket/g_cores[0].core/execute/fpu_unit/g_fpus[0].fpu_fpnew/g_fpnew_coreses[0].fpnew_core/gen_operation_groups[0].i_opgroup_block/gen_parallel_slices[0].active_format.i_fmt_slice/gen_num_lanes[0].active_lane.lane_instance.i_fma/product__0/P[47:0] is not pipelined (MREG=0). Pipelining the multiplier function will improve performance and will save significant power so it is suggested whenever possible to fully pipeline this function.  If this multiplier was inferred, it is suggested to describe an additional register stage after this function.  If there is no registered adder/accumulator following the multiply function, two pipeline stages are suggested to allow both the MREG and PREG registers to be used.  If the DSP48 was instantiated in the design, it is suggested to set both the MREG and PREG attributes to 1 when performing multiply functions.
[2025-09-15 03:41:38] WARNING: [DRC DPOP-4] MREG Output pipelining: DSP design_1_i/firesim_wrapper_0/inst/firesim_top/top/sim/target/FireSim_/lazyModule/system/tile_prci_domain/tile_reset_domain_vortexgpgpu_tile/core/vortex_axi/vortex/g_clusters[0].cluster/g_sockets[0].socket/g_cores[0].core/execute/fpu_unit/g_fpus[0].fpu_fpnew/g_fpnew_coreses[1].fpnew_core/gen_operation_groups[0].i_opgroup_block/gen_parallel_slices[0].active_format.i_fmt_slice/gen_num_lanes[0].active_lane.lane_instance.i_fma/product multiplier stage design_1_i/firesim_wrapper_0/inst/firesim_top/top/sim/target/FireSim_/lazyModule/system/tile_prci_domain/tile_reset_domain_vortexgpgpu_tile/core/vortex_axi/vortex/g_clusters[0].cluster/g_sockets[0].socket/g_cores[0].core/execute/fpu_unit/g_fpus[0].fpu_fpnew/g_fpnew_coreses[1].fpnew_core/gen_operation_groups[0].i_opgroup_block/gen_parallel_slices[0].active_format.i_fmt_slice/gen_num_lanes[0].active_lane.lane_instance.i_fma/product/P[47:0] is not pipelined (MREG=0). Pipelining the multiplier function will improve performance and will save significant power so it is suggested whenever possible to fully pipeline this function.  If this multiplier was inferred, it is suggested to describe an additional register stage after this function.  If there is no registered adder/accumulator following the multiply function, two pipeline stages are suggested to allow both the MREG and PREG registers to be used.  If the DSP48 was instantiated in the design, it is suggested to set both the MREG and PREG attributes to 1 when performing multiply functions.
[2025-09-15 03:41:38] WARNING: [DRC DPOP-4] MREG Output pipelining: DSP design_1_i/firesim_wrapper_0/inst/firesim_top/top/sim/target/FireSim_/lazyModule/system/tile_prci_domain/tile_reset_domain_vortexgpgpu_tile/core/vortex_axi/vortex/g_clusters[0].cluster/g_sockets[0].socket/g_cores[0].core/execute/fpu_unit/g_fpus[0].fpu_fpnew/g_fpnew_coreses[1].fpnew_core/gen_operation_groups[0].i_opgroup_block/gen_parallel_slices[0].active_format.i_fmt_slice/gen_num_lanes[0].active_lane.lane_instance.i_fma/product__0 multiplier stage design_1_i/firesim_wrapper_0/inst/firesim_top/top/sim/target/FireSim_/lazyModule/system/tile_prci_domain/tile_reset_domain_vortexgpgpu_tile/core/vortex_axi/vortex/g_clusters[0].cluster/g_sockets[0].socket/g_cores[0].core/execute/fpu_unit/g_fpus[0].fpu_fpnew/g_fpnew_coreses[1].fpnew_core/gen_operation_groups[0].i_opgroup_block/gen_parallel_slices[0].active_format.i_fmt_slice/gen_num_lanes[0].active_lane.lane_instance.i_fma/product__0/P[47:0] is not pipelined (MREG=0). Pipelining the multiplier function will improve performance and will save significant power so it is suggested whenever possible to fully pipeline this function.  If this multiplier was inferred, it is suggested to describe an additional register stage after this function.  If there is no registered adder/accumulator following the multiply function, two pipeline stages are suggested to allow both the MREG and PREG registers to be used.  If the DSP48 was instantiated in the design, it is suggested to set both the MREG and PREG attributes to 1 when performing multiply functions.
[2025-09-15 03:41:38] WARNING: [DRC DPOP-4] MREG Output pipelining: DSP design_1_i/firesim_wrapper_0/inst/firesim_top/top/sim/target/FireSim_/lazyModule/system/tile_prci_domain/tile_reset_domain_vortexgpgpu_tile/core/vortex_axi/vortex/g_clusters[0].cluster/g_sockets[0].socket/g_cores[0].core/execute/fpu_unit/g_fpus[0].fpu_fpnew/g_fpnew_coreses[2].fpnew_core/gen_operation_groups[0].i_opgroup_block/gen_parallel_slices[0].active_format.i_fmt_slice/gen_num_lanes[0].active_lane.lane_instance.i_fma/product multiplier stage design_1_i/firesim_wrapper_0/inst/firesim_top/top/sim/target/FireSim_/lazyModule/system/tile_prci_domain/tile_reset_domain_vortexgpgpu_tile/core/vortex_axi/vortex/g_clusters[0].cluster/g_sockets[0].socket/g_cores[0].core/execute/fpu_unit/g_fpus[0].fpu_fpnew/g_fpnew_coreses[2].fpnew_core/gen_operation_groups[0].i_opgroup_block/gen_parallel_slices[0].active_format.i_fmt_slice/gen_num_lanes[0].active_lane.lane_instance.i_fma/product/P[47:0] is not pipelined (MREG=0). Pipelining the multiplier function will improve performance and will save significant power so it is suggested whenever possible to fully pipeline this function.  If this multiplier was inferred, it is suggested to describe an additional register stage after this function.  If there is no registered adder/accumulator following the multiply function, two pipeline stages are suggested to allow both the MREG and PREG registers to be used.  If the DSP48 was instantiated in the design, it is suggested to set both the MREG and PREG attributes to 1 when performing multiply functions.
[2025-09-15 03:41:38] WARNING: [DRC DPOP-4] MREG Output pipelining: DSP design_1_i/firesim_wrapper_0/inst/firesim_top/top/sim/target/FireSim_/lazyModule/system/tile_prci_domain/tile_reset_domain_vortexgpgpu_tile/core/vortex_axi/vortex/g_clusters[0].cluster/g_sockets[0].socket/g_cores[0].core/execute/fpu_unit/g_fpus[0].fpu_fpnew/g_fpnew_coreses[2].fpnew_core/gen_operation_groups[0].i_opgroup_block/gen_parallel_slices[0].active_format.i_fmt_slice/gen_num_lanes[0].active_lane.lane_instance.i_fma/product__0 multiplier stage design_1_i/firesim_wrapper_0/inst/firesim_top/top/sim/target/FireSim_/lazyModule/system/tile_prci_domain/tile_reset_domain_vortexgpgpu_tile/core/vortex_axi/vortex/g_clusters[0].cluster/g_sockets[0].socket/g_cores[0].core/execute/fpu_unit/g_fpus[0].fpu_fpnew/g_fpnew_coreses[2].fpnew_core/gen_operation_groups[0].i_opgroup_block/gen_parallel_slices[0].active_format.i_fmt_slice/gen_num_lanes[0].active_lane.lane_instance.i_fma/product__0/P[47:0] is not pipelined (MREG=0). Pipelining the multiplier function will improve performance and will save significant power so it is suggested whenever possible to fully pipeline this function.  If this multiplier was inferred, it is suggested to describe an additional register stage after this function.  If there is no registered adder/accumulator following the multiply function, two pipeline stages are suggested to allow both the MREG and PREG registers to be used.  If the DSP48 was instantiated in the design, it is suggested to set both the MREG and PREG attributes to 1 when performing multiply functions.
[2025-09-15 03:41:38] WARNING: [DRC DPOP-4] MREG Output pipelining: DSP design_1_i/firesim_wrapper_0/inst/firesim_top/top/sim/target/FireSim_/lazyModule/system/tile_prci_domain/tile_reset_domain_vortexgpgpu_tile/core/vortex_axi/vortex/g_clusters[0].cluster/g_sockets[0].socket/g_cores[0].core/execute/fpu_unit/g_fpus[0].fpu_fpnew/g_fpnew_coreses[3].fpnew_core/gen_operation_groups[0].i_opgroup_block/gen_parallel_slices[0].active_format.i_fmt_slice/gen_num_lanes[0].active_lane.lane_instance.i_fma/product multiplier stage design_1_i/firesim_wrapper_0/inst/firesim_top/top/sim/target/FireSim_/lazyModule/system/tile_prci_domain/tile_reset_domain_vortexgpgpu_tile/core/vortex_axi/vortex/g_clusters[0].cluster/g_sockets[0].socket/g_cores[0].core/execute/fpu_unit/g_fpus[0].fpu_fpnew/g_fpnew_coreses[3].fpnew_core/gen_operation_groups[0].i_opgroup_block/gen_parallel_slices[0].active_format.i_fmt_slice/gen_num_lanes[0].active_lane.lane_instance.i_fma/product/P[47:0] is not pipelined (MREG=0). Pipelining the multiplier function will improve performance and will save significant power so it is suggested whenever possible to fully pipeline this function.  If this multiplier was inferred, it is suggested to describe an additional register stage after this function.  If there is no registered adder/accumulator following the multiply function, two pipeline stages are suggested to allow both the MREG and PREG registers to be used.  If the DSP48 was instantiated in the design, it is suggested to set both the MREG and PREG attributes to 1 when performing multiply functions.
[2025-09-15 03:41:38] WARNING: [DRC DPOP-4] MREG Output pipelining: DSP design_1_i/firesim_wrapper_0/inst/firesim_top/top/sim/target/FireSim_/lazyModule/system/tile_prci_domain/tile_reset_domain_vortexgpgpu_tile/core/vortex_axi/vortex/g_clusters[0].cluster/g_sockets[0].socket/g_cores[0].core/execute/fpu_unit/g_fpus[0].fpu_fpnew/g_fpnew_coreses[3].fpnew_core/gen_operation_groups[0].i_opgroup_block/gen_parallel_slices[0].active_format.i_fmt_slice/gen_num_lanes[0].active_lane.lane_instance.i_fma/product__0 multiplier stage design_1_i/firesim_wrapper_0/inst/firesim_top/top/sim/target/FireSim_/lazyModule/system/tile_prci_domain/tile_reset_domain_vortexgpgpu_tile/core/vortex_axi/vortex/g_clusters[0].cluster/g_sockets[0].socket/g_cores[0].core/execute/fpu_unit/g_fpus[0].fpu_fpnew/g_fpnew_coreses[3].fpnew_core/gen_operation_groups[0].i_opgroup_block/gen_parallel_slices[0].active_format.i_fmt_slice/gen_num_lanes[0].active_lane.lane_instance.i_fma/product__0/P[47:0] is not pipelined (MREG=0). Pipelining the multiplier function will improve performance and will save significant power so it is suggested whenever possible to fully pipeline this function.  If this multiplier was inferred, it is suggested to describe an additional register stage after this function.  If there is no registered adder/accumulator following the multiply function, two pipeline stages are suggested to allow both the MREG and PREG registers to be used.  If the DSP48 was instantiated in the design, it is suggested to set both the MREG and PREG attributes to 1 when performing multiply functions.
[2025-09-15 03:41:38] WARNING: [DRC PDCN-1569] LUT equation term check: Used physical LUT pin 'A1' of cell design_1_i/axi_dwidth_converter_0/inst/gen_upsizer.gen_full_upsizer.axi_upsizer_inst/USE_READ.gen_pktfifo_r_upsizer.pktfifo_read_data_inst/dw_fifogen_ar/inst_fifo_gen/gaxi_full_lite.gread_ch.grach2.axi_rach/grf.rf/gntv_or_sync_fifo.gl0.rd/gr1.gr1_int.rfwft/gpregsm1.user_valid_i_1 (pin design_1_i/axi_dwidth_converter_0/inst/gen_upsizer.gen_full_upsizer.axi_upsizer_inst/USE_READ.gen_pktfifo_r_upsizer.pktfifo_read_data_inst/dw_fifogen_ar/inst_fifo_gen/gaxi_full_lite.gread_ch.grach2.axi_rach/grf.rf/gntv_or_sync_fifo.gl0.rd/gr1.gr1_int.rfwft/gpregsm1.user_valid_i_1/I1) is not included in the LUT equation: 'O5=(A2)+((~A2)*(~A5)*A3)'. If this cell is a user instantiated LUT in the design, please remove connectivity to the pin or change the equation and/or INIT string of the LUT to prevent this issue. If the cell is inferred or IP created LUT, please regenerate the IP and/or resynthesize the design to attempt to correct the issue.
[2025-09-15 03:41:38] WARNING: [DRC PDCN-1569] LUT equation term check: Used physical LUT pin 'A1' of cell design_1_i/axi_dwidth_converter_0/inst/gen_upsizer.gen_full_upsizer.axi_upsizer_inst/USE_READ.gen_pktfifo_r_upsizer.pktfifo_read_data_inst/m_cmd_fifo/inst_fifo_gen/gconvfifo.rf/grf.rf/gntv_or_sync_fifo.gl0.rd/gr1.gr1_int.rfwft/gpregsm1.user_valid_i_1 (pin design_1_i/axi_dwidth_converter_0/inst/gen_upsizer.gen_full_upsizer.axi_upsizer_inst/USE_READ.gen_pktfifo_r_upsizer.pktfifo_read_data_inst/m_cmd_fifo/inst_fifo_gen/gconvfifo.rf/grf.rf/gntv_or_sync_fifo.gl0.rd/gr1.gr1_int.rfwft/gpregsm1.user_valid_i_1/I1) is not included in the LUT equation: 'O5=(A2)+((~A2)*(~A3)*A4)'. If this cell is a user instantiated LUT in the design, please remove connectivity to the pin or change the equation and/or INIT string of the LUT to prevent this issue. If the cell is inferred or IP created LUT, please regenerate the IP and/or resynthesize the design to attempt to correct the issue.
[2025-09-15 03:41:38] WARNING: [DRC PDCN-1569] LUT equation term check: Used physical LUT pin 'A1' of cell design_1_i/axi_dwidth_converter_0/inst/gen_upsizer.gen_full_upsizer.axi_upsizer_inst/USE_WRITE.gen_pktfifo_w_upsizer.pktfifo_write_data_inst/gen_awpop_fifo.dw_fifogen_awpop/inst_fifo_gen/gconvfifo.rf/grf.rf/gntv_or_sync_fifo.gl0.rd/gr1.gr1_int.rfwft/gpregsm1.user_valid_i_1 (pin design_1_i/axi_dwidth_converter_0/inst/gen_upsizer.gen_full_upsizer.axi_upsizer_inst/USE_WRITE.gen_pktfifo_w_upsizer.pktfifo_write_data_inst/gen_awpop_fifo.dw_fifogen_awpop/inst_fifo_gen/gconvfifo.rf/grf.rf/gntv_or_sync_fifo.gl0.rd/gr1.gr1_int.rfwft/gpregsm1.user_valid_i_1/I1) is not included in the LUT equation: 'O5=(A3)+((~A3)*A5*A4)'. If this cell is a user instantiated LUT in the design, please remove connectivity to the pin or change the equation and/or INIT string of the LUT to prevent this issue. If the cell is inferred or IP created LUT, please regenerate the IP and/or resynthesize the design to attempt to correct the issue.
[2025-09-15 03:41:38] WARNING: [DRC PDCN-1569] LUT equation term check: Used physical LUT pin 'A2' of cell dbg_hub/inst/BSCANID.u_xsdbm_id/SWITCH_N_EXT_BSCAN.bscan_switch/temp_curid[31]_i_1 (pin dbg_hub/inst/BSCANID.u_xsdbm_id/SWITCH_N_EXT_BSCAN.bscan_switch/temp_curid[31]_i_1/I0) is not included in the LUT equation: 'O5=(A5*A4)+(A5*(~A4)*(~A1))+((~A5))'. If this cell is a user instantiated LUT in the design, please remove connectivity to the pin or change the equation and/or INIT string of the LUT to prevent this issue. If the cell is inferred or IP created LUT, please regenerate the IP and/or resynthesize the design to attempt to correct the issue.
[2025-09-15 03:41:38] WARNING: [DRC PDCN-1569] LUT equation term check: Used physical LUT pin 'A2' of cell design_1_i/axi_dwidth_converter_0/inst/gen_upsizer.gen_full_upsizer.axi_upsizer_inst/USE_READ.gen_pktfifo_r_upsizer.pktfifo_read_data_inst/s_cmd_fifo/inst_fifo_gen/gconvfifo.rf/grf.rf/gntv_or_sync_fifo.gl0.rd/gr1.gr1_int.rfwft/gpregsm1.user_valid_i_1 (pin design_1_i/axi_dwidth_converter_0/inst/gen_upsizer.gen_full_upsizer.axi_upsizer_inst/USE_READ.gen_pktfifo_r_upsizer.pktfifo_read_data_inst/s_cmd_fifo/inst_fifo_gen/gconvfifo.rf/grf.rf/gntv_or_sync_fifo.gl0.rd/gr1.gr1_int.rfwft/gpregsm1.user_valid_i_1/I1) is not included in the LUT equation: 'O5=(A5)+((~A5)*(~A3)*A4)'. If this cell is a user instantiated LUT in the design, please remove connectivity to the pin or change the equation and/or INIT string of the LUT to prevent this issue. If the cell is inferred or IP created LUT, please regenerate the IP and/or resynthesize the design to attempt to correct the issue.
[2025-09-15 03:41:38] WARNING: [DRC PDCN-1569] LUT equation term check: Used physical LUT pin 'A2' of cell design_1_i/axi_dwidth_converter_0/inst/gen_upsizer.gen_full_upsizer.axi_upsizer_inst/USE_WRITE.gen_b_clk_conv.gen_b_async_conv.dw_fifogen_b_async/inst_fifo_gen/gaxi_full_lite.gwrite_ch.gwrch2.axi_wrch/grf.rf/gntv_or_sync_fifo.gl0.rd/gr1.gr1_int.rfwft/gpregsm1.user_valid_i_1 (pin design_1_i/axi_dwidth_converter_0/inst/gen_upsizer.gen_full_upsizer.axi_upsizer_inst/USE_WRITE.gen_b_clk_conv.gen_b_async_conv.dw_fifogen_b_async/inst_fifo_gen/gaxi_full_lite.gwrite_ch.gwrch2.axi_wrch/grf.rf/gntv_or_sync_fifo.gl0.rd/gr1.gr1_int.rfwft/gpregsm1.user_valid_i_1/I1) is not included in the LUT equation: 'O5=(A5)+((~A5)*(~A3)*A4)'. If this cell is a user instantiated LUT in the design, please remove connectivity to the pin or change the equation and/or INIT string of the LUT to prevent this issue. If the cell is inferred or IP created LUT, please regenerate the IP and/or resynthesize the design to attempt to correct the issue.
[2025-09-15 03:41:38] WARNING: [DRC PDCN-1569] LUT equation term check: Used physical LUT pin 'A2' of cell design_1_i/axi_dwidth_converter_0/inst/gen_upsizer.gen_full_upsizer.axi_upsizer_inst/USE_WRITE.gen_pktfifo_w_upsizer.pktfifo_write_data_inst/dw_fifogen_aw/inst_fifo_gen/gaxi_full_lite.gwrite_ch.gwach2.axi_wach/grf.rf/gntv_or_sync_fifo.gl0.rd/gr1.gr1_int.rfwft/gpregsm1.user_valid_i_1 (pin design_1_i/axi_dwidth_converter_0/inst/gen_upsizer.gen_full_upsizer.axi_upsizer_inst/USE_WRITE.gen_pktfifo_w_upsizer.pktfifo_write_data_inst/dw_fifogen_aw/inst_fifo_gen/gaxi_full_lite.gwrite_ch.gwach2.axi_wach/grf.rf/gntv_or_sync_fifo.gl0.rd/gr1.gr1_int.rfwft/gpregsm1.user_valid_i_1/I1) is not included in the LUT equation: 'O5=(A3)+((~A3)*(~A5)*A4)'. If this cell is a user instantiated LUT in the design, please remove connectivity to the pin or change the equation and/or INIT string of the LUT to prevent this issue. If the cell is inferred or IP created LUT, please regenerate the IP and/or resynthesize the design to attempt to correct the issue.
[2025-09-15 03:41:38] WARNING: [DRC PDCN-1569] LUT equation term check: Used physical LUT pin 'A3' of cell dbg_hub/inst/BSCANID.u_xsdbm_id/SWITCH_N_EXT_BSCAN.bscan_switch/temp_curid[31]_i_1 (pin dbg_hub/inst/BSCANID.u_xsdbm_id/SWITCH_N_EXT_BSCAN.bscan_switch/temp_curid[31]_i_1/I1) is not included in the LUT equation: 'O5=(A5*A4)+(A5*(~A4)*(~A1))+((~A5))'. If this cell is a user instantiated LUT in the design, please remove connectivity to the pin or change the equation and/or INIT string of the LUT to prevent this issue. If the cell is inferred or IP created LUT, please regenerate the IP and/or resynthesize the design to attempt to correct the issue.
[2025-09-15 03:41:38] WARNING: [DRC PDCN-1569] LUT equation term check: Used physical LUT pin 'A5' of cell dbg_hub/inst/BSCANID.u_xsdbm_id/SWITCH_N_EXT_BSCAN.id_state[0]_i_1 (pin dbg_hub/inst/BSCANID.u_xsdbm_id/SWITCH_N_EXT_BSCAN.id_state[0]_i_1/I0) is not included in the LUT equation: 'O6=(A6+~A6)*((A3))'. If this cell is a user instantiated LUT in the design, please remove connectivity to the pin or change the equation and/or INIT string of the LUT to prevent this issue. If the cell is inferred or IP created LUT, please regenerate the IP and/or resynthesize the design to attempt to correct the issue.
[2025-09-15 03:41:38] WARNING: [DRC PDCN-1569] LUT equation term check: Used physical LUT pin 'A5' of cell design_1_i/axi_dwidth_converter_0/inst/gen_upsizer.gen_full_upsizer.axi_upsizer_inst/USE_READ.gen_pktfifo_r_upsizer.pktfifo_read_data_inst/dw_fifogen_rresp/inst_fifo_gen/gconvfifo.rf/grf.rf/gntv_or_sync_fifo.gl0.rd/gr1.gr1_int.rfwft/gpregsm1.user_valid_i_1 (pin design_1_i/axi_dwidth_converter_0/inst/gen_upsizer.gen_full_upsizer.axi_upsizer_inst/USE_READ.gen_pktfifo_r_upsizer.pktfifo_read_data_inst/dw_fifogen_rresp/inst_fifo_gen/gconvfifo.rf/grf.rf/gntv_or_sync_fifo.gl0.rd/gr1.gr1_int.rfwft/gpregsm1.user_valid_i_1/I1) is not included in the LUT equation: 'O5=(A4)+((~A4)*(~A3)*A1)'. If this cell is a user instantiated LUT in the design, please remove connectivity to the pin or change the equation and/or INIT string of the LUT to prevent this issue. If the cell is inferred or IP created LUT, please regenerate the IP and/or resynthesize the design to attempt to correct the issue.
[2025-09-15 03:41:38] WARNING: [DRC REQP-1858] RAMB36E2_writefirst_collision_advisory: Synchronous clocking is detected for BRAM (design_1_i/xdma_0/inst/pcie4_ip_i/inst/design_1_xdma_0_0_pcie4_ip_pcie_4_0_pipe_inst/pcie_4_0_bram_inst/RAM32K.bram_comp_inst/bram_16k_0_int/ECC_RAM.RAMB36E2[0].ramb36e2_inst) in SDP mode with WRITE_FIRST write-mode. It is strongly suggested to change this mode to NO_CHANGE for best power characteristics. However, both WRITE_FIRST and NO_CHANGE may exhibit address collisions if the same address appears on both read and write ports resulting in unknown or corrupted read data. It is suggested to confirm via simulation that an address collision never occurs and if so it is suggested to try and avoid this situation. If address collisions cannot be avoided, the write-mode may be set to READ_FIRST which guarantees that the read data is the prior contents of the memory at the cost of additional power in the design. See the FPGA Memory Resources User Guide for additional information.
[2025-09-15 03:41:38] WARNING: [DRC REQP-1858] RAMB36E2_writefirst_collision_advisory: Synchronous clocking is detected for BRAM (design_1_i/xdma_0/inst/pcie4_ip_i/inst/design_1_xdma_0_0_pcie4_ip_pcie_4_0_pipe_inst/pcie_4_0_bram_inst/RAM32K.bram_comp_inst/bram_16k_0_int/ECC_RAM.RAMB36E2[1].ramb36e2_inst) in SDP mode with WRITE_FIRST write-mode. It is strongly suggested to change this mode to NO_CHANGE for best power characteristics. However, both WRITE_FIRST and NO_CHANGE may exhibit address collisions if the same address appears on both read and write ports resulting in unknown or corrupted read data. It is suggested to confirm via simulation that an address collision never occurs and if so it is suggested to try and avoid this situation. If address collisions cannot be avoided, the write-mode may be set to READ_FIRST which guarantees that the read data is the prior contents of the memory at the cost of additional power in the design. See the FPGA Memory Resources User Guide for additional information.
[2025-09-15 03:41:38] WARNING: [DRC REQP-1858] RAMB36E2_writefirst_collision_advisory: Synchronous clocking is detected for BRAM (design_1_i/xdma_0/inst/pcie4_ip_i/inst/design_1_xdma_0_0_pcie4_ip_pcie_4_0_pipe_inst/pcie_4_0_bram_inst/RAM32K.bram_comp_inst/bram_16k_0_int/ECC_RAM.RAMB36E2[2].ramb36e2_inst) in SDP mode with WRITE_FIRST write-mode. It is strongly suggested to change this mode to NO_CHANGE for best power characteristics. However, both WRITE_FIRST and NO_CHANGE may exhibit address collisions if the same address appears on both read and write ports resulting in unknown or corrupted read data. It is suggested to confirm via simulation that an address collision never occurs and if so it is suggested to try and avoid this situation. If address collisions cannot be avoided, the write-mode may be set to READ_FIRST which guarantees that the read data is the prior contents of the memory at the cost of additional power in the design. See the FPGA Memory Resources User Guide for additional information.
[2025-09-15 03:41:38] WARNING: [DRC REQP-1858] RAMB36E2_writefirst_collision_advisory: Synchronous clocking is detected for BRAM (design_1_i/xdma_0/inst/pcie4_ip_i/inst/design_1_xdma_0_0_pcie4_ip_pcie_4_0_pipe_inst/pcie_4_0_bram_inst/RAM32K.bram_comp_inst/bram_16k_0_int/ECC_RAM.RAMB36E2[3].ramb36e2_inst) in SDP mode with WRITE_FIRST write-mode. It is strongly suggested to change this mode to NO_CHANGE for best power characteristics. However, both WRITE_FIRST and NO_CHANGE may exhibit address collisions if the same address appears on both read and write ports resulting in unknown or corrupted read data. It is suggested to confirm via simulation that an address collision never occurs and if so it is suggested to try and avoid this situation. If address collisions cannot be avoided, the write-mode may be set to READ_FIRST which guarantees that the read data is the prior contents of the memory at the cost of additional power in the design. See the FPGA Memory Resources User Guide for additional information.
[2025-09-15 03:41:38] WARNING: [DRC REQP-1858] RAMB36E2_writefirst_collision_advisory: Synchronous clocking is detected for BRAM (design_1_i/xdma_0/inst/pcie4_ip_i/inst/design_1_xdma_0_0_pcie4_ip_pcie_4_0_pipe_inst/pcie_4_0_bram_inst/RAM32K.bram_comp_inst/bram_16k_0_int/ECC_RAM.RAMB36E2[4].ramb36e2_inst) in SDP mode with WRITE_FIRST write-mode. It is strongly suggested to change this mode to NO_CHANGE for best power characteristics. However, both WRITE_FIRST and NO_CHANGE may exhibit address collisions if the same address appears on both read and write ports resulting in unknown or corrupted read data. It is suggested to confirm via simulation that an address collision never occurs and if so it is suggested to try and avoid this situation. If address collisions cannot be avoided, the write-mode may be set to READ_FIRST which guarantees that the read data is the prior contents of the memory at the cost of additional power in the design. See the FPGA Memory Resources User Guide for additional information.
[2025-09-15 03:41:38] WARNING: [DRC REQP-1858] RAMB36E2_writefirst_collision_advisory: Synchronous clocking is detected for BRAM (design_1_i/xdma_0/inst/pcie4_ip_i/inst/design_1_xdma_0_0_pcie4_ip_pcie_4_0_pipe_inst/pcie_4_0_bram_inst/RAM32K.bram_comp_inst/bram_16k_0_int/ECC_RAM.RAMB36E2[5].ramb36e2_inst) in SDP mode with WRITE_FIRST write-mode. It is strongly suggested to change this mode to NO_CHANGE for best power characteristics. However, both WRITE_FIRST and NO_CHANGE may exhibit address collisions if the same address appears on both read and write ports resulting in unknown or corrupted read data. It is suggested to confirm via simulation that an address collision never occurs and if so it is suggested to try and avoid this situation. If address collisions cannot be avoided, the write-mode may be set to READ_FIRST which guarantees that the read data is the prior contents of the memory at the cost of additional power in the design. See the FPGA Memory Resources User Guide for additional information.
[2025-09-15 03:41:38] WARNING: [DRC REQP-1858] RAMB36E2_writefirst_collision_advisory: Synchronous clocking is detected for BRAM (design_1_i/xdma_0/inst/pcie4_ip_i/inst/design_1_xdma_0_0_pcie4_ip_pcie_4_0_pipe_inst/pcie_4_0_bram_inst/RAM32K.bram_comp_inst/bram_16k_1_int/ECC_RAM.RAMB36E2[0].ramb36e2_inst) in SDP mode with WRITE_FIRST write-mode. It is strongly suggested to change this mode to NO_CHANGE for best power characteristics. However, both WRITE_FIRST and NO_CHANGE may exhibit address collisions if the same address appears on both read and write ports resulting in unknown or corrupted read data. It is suggested to confirm via simulation that an address collision never occurs and if so it is suggested to try and avoid this situation. If address collisions cannot be avoided, the write-mode may be set to READ_FIRST which guarantees that the read data is the prior contents of the memory at the cost of additional power in the design. See the FPGA Memory Resources User Guide for additional information.
[2025-09-15 03:41:38] WARNING: [DRC REQP-1858] RAMB36E2_writefirst_collision_advisory: Synchronous clocking is detected for BRAM (design_1_i/xdma_0/inst/pcie4_ip_i/inst/design_1_xdma_0_0_pcie4_ip_pcie_4_0_pipe_inst/pcie_4_0_bram_inst/RAM32K.bram_comp_inst/bram_16k_1_int/ECC_RAM.RAMB36E2[1].ramb36e2_inst) in SDP mode with WRITE_FIRST write-mode. It is strongly suggested to change this mode to NO_CHANGE for best power characteristics. However, both WRITE_FIRST and NO_CHANGE may exhibit address collisions if the same address appears on both read and write ports resulting in unknown or corrupted read data. It is suggested to confirm via simulation that an address collision never occurs and if so it is suggested to try and avoid this situation. If address collisions cannot be avoided, the write-mode may be set to READ_FIRST which guarantees that the read data is the prior contents of the memory at the cost of additional power in the design. See the FPGA Memory Resources User Guide for additional information.
[2025-09-15 03:41:38] WARNING: [DRC REQP-1858] RAMB36E2_writefirst_collision_advisory: Synchronous clocking is detected for BRAM (design_1_i/xdma_0/inst/pcie4_ip_i/inst/design_1_xdma_0_0_pcie4_ip_pcie_4_0_pipe_inst/pcie_4_0_bram_inst/RAM32K.bram_comp_inst/bram_16k_1_int/ECC_RAM.RAMB36E2[2].ramb36e2_inst) in SDP mode with WRITE_FIRST write-mode. It is strongly suggested to change this mode to NO_CHANGE for best power characteristics. However, both WRITE_FIRST and NO_CHANGE may exhibit address collisions if the same address appears on both read and write ports resulting in unknown or corrupted read data. It is suggested to confirm via simulation that an address collision never occurs and if so it is suggested to try and avoid this situation. If address collisions cannot be avoided, the write-mode may be set to READ_FIRST which guarantees that the read data is the prior contents of the memory at the cost of additional power in the design. See the FPGA Memory Resources User Guide for additional information.
[2025-09-15 03:41:38] WARNING: [DRC REQP-1858] RAMB36E2_writefirst_collision_advisory: Synchronous clocking is detected for BRAM (design_1_i/xdma_0/inst/pcie4_ip_i/inst/design_1_xdma_0_0_pcie4_ip_pcie_4_0_pipe_inst/pcie_4_0_bram_inst/RAM32K.bram_comp_inst/bram_16k_1_int/ECC_RAM.RAMB36E2[3].ramb36e2_inst) in SDP mode with WRITE_FIRST write-mode. It is strongly suggested to change this mode to NO_CHANGE for best power characteristics. However, both WRITE_FIRST and NO_CHANGE may exhibit address collisions if the same address appears on both read and write ports resulting in unknown or corrupted read data. It is suggested to confirm via simulation that an address collision never occurs and if so it is suggested to try and avoid this situation. If address collisions cannot be avoided, the write-mode may be set to READ_FIRST which guarantees that the read data is the prior contents of the memory at the cost of additional power in the design. See the FPGA Memory Resources User Guide for additional information.
[2025-09-15 03:41:38] WARNING: [DRC REQP-1858] RAMB36E2_writefirst_collision_advisory: Synchronous clocking is detected for BRAM (design_1_i/xdma_0/inst/pcie4_ip_i/inst/design_1_xdma_0_0_pcie4_ip_pcie_4_0_pipe_inst/pcie_4_0_bram_inst/RAM32K.bram_comp_inst/bram_16k_1_int/ECC_RAM.RAMB36E2[4].ramb36e2_inst) in SDP mode with WRITE_FIRST write-mode. It is strongly suggested to change this mode to NO_CHANGE for best power characteristics. However, both WRITE_FIRST and NO_CHANGE may exhibit address collisions if the same address appears on both read and write ports resulting in unknown or corrupted read data. It is suggested to confirm via simulation that an address collision never occurs and if so it is suggested to try and avoid this situation. If address collisions cannot be avoided, the write-mode may be set to READ_FIRST which guarantees that the read data is the prior contents of the memory at the cost of additional power in the design. See the FPGA Memory Resources User Guide for additional information.
[2025-09-15 03:41:38] WARNING: [DRC REQP-1858] RAMB36E2_writefirst_collision_advisory: Synchronous clocking is detected for BRAM (design_1_i/xdma_0/inst/pcie4_ip_i/inst/design_1_xdma_0_0_pcie4_ip_pcie_4_0_pipe_inst/pcie_4_0_bram_inst/RAM32K.bram_comp_inst/bram_16k_1_int/ECC_RAM.RAMB36E2[5].ramb36e2_inst) in SDP mode with WRITE_FIRST write-mode. It is strongly suggested to change this mode to NO_CHANGE for best power characteristics. However, both WRITE_FIRST and NO_CHANGE may exhibit address collisions if the same address appears on both read and write ports resulting in unknown or corrupted read data. It is suggested to confirm via simulation that an address collision never occurs and if so it is suggested to try and avoid this situation. If address collisions cannot be avoided, the write-mode may be set to READ_FIRST which guarantees that the read data is the prior contents of the memory at the cost of additional power in the design. See the FPGA Memory Resources User Guide for additional information.
[2025-09-15 03:41:38] WARNING: [DRC REQP-1858] RAMB36E2_writefirst_collision_advisory: Synchronous clocking is detected for BRAM (design_1_i/xdma_0/inst/pcie4_ip_i/inst/design_1_xdma_0_0_pcie4_ip_pcie_4_0_pipe_inst/pcie_4_0_bram_inst/bram_post_inst/bram_16k_int/ECC_RAM.RAMB36E2[0].ramb36e2_inst) in SDP mode with WRITE_FIRST write-mode. It is strongly suggested to change this mode to NO_CHANGE for best power characteristics. However, both WRITE_FIRST and NO_CHANGE may exhibit address collisions if the same address appears on both read and write ports resulting in unknown or corrupted read data. It is suggested to confirm via simulation that an address collision never occurs and if so it is suggested to try and avoid this situation. If address collisions cannot be avoided, the write-mode may be set to READ_FIRST which guarantees that the read data is the prior contents of the memory at the cost of additional power in the design. See the FPGA Memory Resources User Guide for additional information.
[2025-09-15 03:41:38] WARNING: [DRC REQP-1858] RAMB36E2_writefirst_collision_advisory: Synchronous clocking is detected for BRAM (design_1_i/xdma_0/inst/pcie4_ip_i/inst/design_1_xdma_0_0_pcie4_ip_pcie_4_0_pipe_inst/pcie_4_0_bram_inst/bram_post_inst/bram_16k_int/ECC_RAM.RAMB36E2[1].ramb36e2_inst) in SDP mode with WRITE_FIRST write-mode. It is strongly suggested to change this mode to NO_CHANGE for best power characteristics. However, both WRITE_FIRST and NO_CHANGE may exhibit address collisions if the same address appears on both read and write ports resulting in unknown or corrupted read data. It is suggested to confirm via simulation that an address collision never occurs and if so it is suggested to try and avoid this situation. If address collisions cannot be avoided, the write-mode may be set to READ_FIRST which guarantees that the read data is the prior contents of the memory at the cost of additional power in the design. See the FPGA Memory Resources User Guide for additional information.
[2025-09-15 03:41:38] WARNING: [DRC REQP-1858] RAMB36E2_writefirst_collision_advisory: Synchronous clocking is detected for BRAM (design_1_i/xdma_0/inst/pcie4_ip_i/inst/design_1_xdma_0_0_pcie4_ip_pcie_4_0_pipe_inst/pcie_4_0_bram_inst/bram_post_inst/bram_16k_int/ECC_RAM.RAMB36E2[2].ramb36e2_inst) in SDP mode with WRITE_FIRST write-mode. It is strongly suggested to change this mode to NO_CHANGE for best power characteristics. However, both WRITE_FIRST and NO_CHANGE may exhibit address collisions if the same address appears on both read and write ports resulting in unknown or corrupted read data. It is suggested to confirm via simulation that an address collision never occurs and if so it is suggested to try and avoid this situation. If address collisions cannot be avoided, the write-mode may be set to READ_FIRST which guarantees that the read data is the prior contents of the memory at the cost of additional power in the design. See the FPGA Memory Resources User Guide for additional information.
[2025-09-15 03:41:38] WARNING: [DRC REQP-1858] RAMB36E2_writefirst_collision_advisory: Synchronous clocking is detected for BRAM (design_1_i/xdma_0/inst/pcie4_ip_i/inst/design_1_xdma_0_0_pcie4_ip_pcie_4_0_pipe_inst/pcie_4_0_bram_inst/bram_post_inst/bram_16k_int/ECC_RAM.RAMB36E2[3].ramb36e2_inst) in SDP mode with WRITE_FIRST write-mode. It is strongly suggested to change this mode to NO_CHANGE for best power characteristics. However, both WRITE_FIRST and NO_CHANGE may exhibit address collisions if the same address appears on both read and write ports resulting in unknown or corrupted read data. It is suggested to confirm via simulation that an address collision never occurs and if so it is suggested to try and avoid this situation. If address collisions cannot be avoided, the write-mode may be set to READ_FIRST which guarantees that the read data is the prior contents of the memory at the cost of additional power in the design. See the FPGA Memory Resources User Guide for additional information.
[2025-09-15 03:41:38] WARNING: [DRC REQP-1858] RAMB36E2_writefirst_collision_advisory: Synchronous clocking is detected for BRAM (design_1_i/xdma_0/inst/pcie4_ip_i/inst/design_1_xdma_0_0_pcie4_ip_pcie_4_0_pipe_inst/pcie_4_0_bram_inst/bram_post_inst/bram_16k_int/ECC_RAM.RAMB36E2[4].ramb36e2_inst) in SDP mode with WRITE_FIRST write-mode. It is strongly suggested to change this mode to NO_CHANGE for best power characteristics. However, both WRITE_FIRST and NO_CHANGE may exhibit address collisions if the same address appears on both read and write ports resulting in unknown or corrupted read data. It is suggested to confirm via simulation that an address collision never occurs and if so it is suggested to try and avoid this situation. If address collisions cannot be avoided, the write-mode may be set to READ_FIRST which guarantees that the read data is the prior contents of the memory at the cost of additional power in the design. See the FPGA Memory Resources User Guide for additional information.
[2025-09-15 03:41:38] WARNING: [DRC REQP-1858] RAMB36E2_writefirst_collision_advisory: Synchronous clocking is detected for BRAM (design_1_i/xdma_0/inst/pcie4_ip_i/inst/design_1_xdma_0_0_pcie4_ip_pcie_4_0_pipe_inst/pcie_4_0_bram_inst/bram_post_inst/bram_16k_int/ECC_RAM.RAMB36E2[5].ramb36e2_inst) in SDP mode with WRITE_FIRST write-mode. It is strongly suggested to change this mode to NO_CHANGE for best power characteristics. However, both WRITE_FIRST and NO_CHANGE may exhibit address collisions if the same address appears on both read and write ports resulting in unknown or corrupted read data. It is suggested to confirm via simulation that an address collision never occurs and if so it is suggested to try and avoid this situation. If address collisions cannot be avoided, the write-mode may be set to READ_FIRST which guarantees that the read data is the prior contents of the memory at the cost of additional power in the design. See the FPGA Memory Resources User Guide for additional information.
[2025-09-15 03:41:38] WARNING: [DRC REQP-1858] RAMB36E2_writefirst_collision_advisory: Synchronous clocking is detected for BRAM (design_1_i/xdma_0/inst/pcie4_ip_i/inst/design_1_xdma_0_0_pcie4_ip_pcie_4_0_pipe_inst/pcie_4_0_bram_inst/bram_repl_inst/bram_rep_int_0/ECC_RAM.RAMB36E2[0].ramb36e2_inst) in SDP mode with WRITE_FIRST write-mode. It is strongly suggested to change this mode to NO_CHANGE for best power characteristics. However, both WRITE_FIRST and NO_CHANGE may exhibit address collisions if the same address appears on both read and write ports resulting in unknown or corrupted read data. It is suggested to confirm via simulation that an address collision never occurs and if so it is suggested to try and avoid this situation. If address collisions cannot be avoided, the write-mode may be set to READ_FIRST which guarantees that the read data is the prior contents of the memory at the cost of additional power in the design. See the FPGA Memory Resources User Guide for additional information.
[2025-09-15 03:41:38] WARNING: [DRC REQP-1858] RAMB36E2_writefirst_collision_advisory: Synchronous clocking is detected for BRAM (design_1_i/xdma_0/inst/pcie4_ip_i/inst/design_1_xdma_0_0_pcie4_ip_pcie_4_0_pipe_inst/pcie_4_0_bram_inst/bram_repl_inst/bram_rep_int_0/ECC_RAM.RAMB36E2[1].ramb36e2_inst) in SDP mode with WRITE_FIRST write-mode. It is strongly suggested to change this mode to NO_CHANGE for best power characteristics. However, both WRITE_FIRST and NO_CHANGE may exhibit address collisions if the same address appears on both read and write ports resulting in unknown or corrupted read data. It is suggested to confirm via simulation that an address collision never occurs and if so it is suggested to try and avoid this situation. If address collisions cannot be avoided, the write-mode may be set to READ_FIRST which guarantees that the read data is the prior contents of the memory at the cost of additional power in the design. See the FPGA Memory Resources User Guide for additional information.
[2025-09-15 03:41:38] WARNING: [DRC REQP-1858] RAMB36E2_writefirst_collision_advisory: Synchronous clocking is detected for BRAM (design_1_i/xdma_0/inst/pcie4_ip_i/inst/design_1_xdma_0_0_pcie4_ip_pcie_4_0_pipe_inst/pcie_4_0_bram_inst/bram_repl_inst/bram_rep_int_0/ECC_RAM.RAMB36E2[2].ramb36e2_inst) in SDP mode with WRITE_FIRST write-mode. It is strongly suggested to change this mode to NO_CHANGE for best power characteristics. However, both WRITE_FIRST and NO_CHANGE may exhibit address collisions if the same address appears on both read and write ports resulting in unknown or corrupted read data. It is suggested to confirm via simulation that an address collision never occurs and if so it is suggested to try and avoid this situation. If address collisions cannot be avoided, the write-mode may be set to READ_FIRST which guarantees that the read data is the prior contents of the memory at the cost of additional power in the design. See the FPGA Memory Resources User Guide for additional information.
[2025-09-15 03:41:38] WARNING: [DRC REQP-1858] RAMB36E2_writefirst_collision_advisory: Synchronous clocking is detected for BRAM (design_1_i/xdma_0/inst/pcie4_ip_i/inst/design_1_xdma_0_0_pcie4_ip_pcie_4_0_pipe_inst/pcie_4_0_bram_inst/bram_repl_inst/bram_rep_int_0/ECC_RAM.RAMB36E2[3].ramb36e2_inst) in SDP mode with WRITE_FIRST write-mode. It is strongly suggested to change this mode to NO_CHANGE for best power characteristics. However, both WRITE_FIRST and NO_CHANGE may exhibit address collisions if the same address appears on both read and write ports resulting in unknown or corrupted read data. It is suggested to confirm via simulation that an address collision never occurs and if so it is suggested to try and avoid this situation. If address collisions cannot be avoided, the write-mode may be set to READ_FIRST which guarantees that the read data is the prior contents of the memory at the cost of additional power in the design. See the FPGA Memory Resources User Guide for additional information.
[2025-09-15 03:41:38] WARNING: [DRC RTSTAT-10] No routable loads: 224 net(s) have no routable loads. The problem bus(es) and/or net(s) are design_1_i/ddr4_0/inst/u_ddr4_mem_intfc/u_ddr_cal_riu/LMB_CE_riu, design_1_i/ddr4_0/inst/u_ddr4_mem_intfc/u_ddr_cal_riu/LMB_UE_riu, design_1_i/ddr4_0/inst/u_ddr4_mem_intfc/u_ddr_cal_top/u_ddr_cal/u_xsdb_arbiter/Q[12], design_1_i/ddr4_0/inst/u_ddr4_mem_intfc/u_ddr_cal_top/u_ddr_cal/u_xsdb_arbiter/Q[13], design_1_i/ddr4_0/inst/u_ddr4_mem_intfc/u_ddr_cal_top/u_ddr_cal/u_xsdb_arbiter/Q[14], design_1_i/ddr4_0/inst/u_ddr4_mem_intfc/u_ddr_cal_top/u_ddr_cal/u_xsdb_arbiter/Q[15], design_1_i/ddr4_0/inst/u_ddr4_mem_intfc/u_phy2clb_fixdly_rdy_upp/SYNC[0].sync_reg[1], design_1_i/ddr4_0/inst/u_ddr4_mem_intfc/u_phy2clb_phy_rdy_low/SYNC[0].sync_reg[1], design_1_i/ddr4_0/inst/u_ddr4_mem_intfc/u_phy2clb_phy_rdy_upp/SYNC[0].sync_reg[1], design_1_i/ddr4_0/inst/u_ddr4_mem_intfc/u_phy2clb_fixdly_rdy_low/SYNC[0].sync_reg[1], design_1_i/ddr4_0/inst/u_ddr4_mem_intfc/u_phy2clb_fixdly_rdy_upp/SYNC[1].sync_reg[1], design_1_i/ddr4_0/inst/u_ddr4_mem_intfc/u_phy2clb_fixdly_rdy_low/SYNC[1].sync_reg[1], design_1_i/ddr4_0/inst/u_ddr4_mem_intfc/u_phy2clb_phy_rdy_low/SYNC[1].sync_reg[1], design_1_i/ddr4_0/inst/u_ddr4_mem_intfc/u_phy2clb_phy_rdy_upp/SYNC[1].sync_reg[1], design_1_i/ddr4_0/inst/u_ddr4_mem_intfc/u_phy2clb_phy_rdy_low/SYNC[2].sync_reg[1]... and (the first 15 of 182 listed).
[2025-09-15 03:41:38] INFO: [Vivado 12-3199] DRC finished with 0 Errors, 69 Warnings
[2025-09-15 03:41:38] INFO: [Vivado 12-3200] Please refer to the DRC report (report_drc) for more information.
[2025-09-15 03:41:38] INFO: [Designutils 20-2272] Running write_bitstream with 8 threads.
[2025-09-15 03:41:38] Loading data files...
[2025-09-15 03:41:38] Loading site data...
[2025-09-15 03:41:53] Loading route data...
[2025-09-15 03:41:58] Processing options...
[2025-09-15 03:41:58] Creating bitmap...
[2025-09-15 03:42:23] Creating bitstream...
[2025-09-15 03:42:48] Writing bitstream ./design_1_wrapper.bit...
[2025-09-15 03:42:51] INFO: [Vivado 12-1842] Bitgen Completed Successfully.
[2025-09-15 03:42:51] INFO: [Project 1-1876] WebTalk data collection is mandatory when using a ULT device. To see the specific WebTalk data collected for your design, open the usage_statistics_webtalk.html or usage_statistics_webtalk.xml file in the implementation directory.
[2025-09-15 03:42:51] INFO: [Common 17-83] Releasing license: Implementation
[2025-09-15 03:42:51] 35 Infos, 74 Warnings, 0 Critical Warnings and 0 Errors encountered.
[2025-09-15 03:42:51] write_bitstream completed successfully
[2025-09-15 03:42:51] write_bitstream: Time (s): cpu = 00:03:13 ; elapsed = 00:01:42 . Memory (MB): peak = 8676.508 ; gain = 2113.473 ; free physical = 226901 ; free virtual = 234596
[2025-09-15 03:42:51] INFO: [Common 17-206] Exiting Vivado at Mon Sep 15 03:42:50 2025...
[2025-09-15 03:42:51] [Mon Sep 15 03:42:51 2025] impl_1 finished
[2025-09-15 03:42:51] wait_on_runs: Time (s): cpu = 00:00:01 ; elapsed = 00:04:28 . Memory (MB): peak = 3658.703 ; gain = 0.000 ; free physical = 228071 ; free virtual = 235766
[2025-09-15 03:42:51] ## file copy -force ${root_dir}/vivado_proj/firesim.runs/${impl_run}/design_1_wrapper.bit ${root_dir}/vivado_proj/firesim.bit
[2025-09-15 03:42:51] # puts "Done!"
[2025-09-15 03:42:51] Done!
[2025-09-15 03:42:51] # exit 0
[2025-09-15 03:42:51] INFO: [Common 17-206] Exiting Vivado at Mon Sep 15 03:42:51 2025...
