[2025-09-14 20:32:49] Running with RISCV=/cluster/home/eirikwit/vortex-gpgpu/chipyard/.conda-env/riscv-tools
[2025-09-14 20:32:49] Running with RISCV=/cluster/home/eirikwit/vortex-gpgpu/chipyard/.conda-env/riscv-tools
[2025-09-14 20:33:00] cd /cluster/home/eirikwit/vortex-gpgpu/chipyard/sims/firesim/sim/generated-src/alveo/FireSim-FireSimV2S1C-BaseF1Config1Mem_F25MHz/u250 && vivado -mode batch -source ./scripts/main.tcl
[2025-09-14 20:33:03] cd /cluster/home/eirikwit/vortex-gpgpu/chipyard/sims/firesim/sim/generated-src/alveo/FireSim-FireSimV2S1C-BaseF1Config1Mem_F25MHz/u250 && vivado -mode batch -source ./scripts/main.tcl
[2025-09-14 20:33:03] cd /cluster/home/eirikwit/vortex-gpgpu/chipyard/sims/firesim/sim/generated-src/alveo/FireSim-FireSimV2S1C-BaseF1Config1Mem_F25MHz/u250 && vivado -mode batch -source ./scripts/main.tcl
[2025-09-14 20:33:03] cd /cluster/home/eirikwit/vortex-gpgpu/chipyard/sims/firesim/sim/generated-src/alveo/FireSim-FireSimV2S1C-BaseF1Config1Mem_F25MHz/u250 && vivado -mode batch -source ./scripts/main.tcl
[2025-09-14 20:33:03] cd /cluster/home/eirikwit/vortex-gpgpu/chipyard/sims/firesim/sim/generated-src/alveo/FireSim-FireSimV2S1C-BaseF1Config1Mem_F25MHz/u250 && vivado -mode batch -source ./scripts/main.tcl
[2025-09-14 20:33:04] cd /cluster/home/eirikwit/vortex-gpgpu/chipyard/sims/firesim/sim/generated-src/alveo/FireSim-FireSimV2S1C-BaseF1Config1Mem_F25MHz/u250 && vivado -mode batch -source ./scripts/main.tcl
[2025-09-14 20:33:04] cd /cluster/home/eirikwit/vortex-gpgpu/chipyard/sims/firesim/sim/generated-src/alveo/FireSim-FireSimV2S1C-BaseF1Config1Mem_F25MHz/u250 && vivado -mode batch -source ./scripts/main.tcl
[2025-09-14 20:33:05] cd /cluster/home/eirikwit/vortex-gpgpu/chipyard/sims/firesim/sim/generated-src/alveo/FireSim-FireSimV2S1C-BaseF1Config1Mem_F25MHz/u250 && vivado -mode batch -source ./scripts/main.tcl
[2025-09-14 20:33:06] cd /cluster/home/eirikwit/vortex-gpgpu/chipyard/sims/firesim/sim/generated-src/alveo/FireSim-FireSimV2S1C-BaseF1Config1Mem_F25MHz/u250 && vivado -mode batch -source ./scripts/main.tcl
[2025-09-14 20:33:08] 
[2025-09-14 20:33:08] ****** Vivado v2022.2 (64-bit)
[2025-09-14 20:33:08]   **** SW Build 3671981 on Fri Oct 14 04:59:54 MDT 2022
[2025-09-14 20:33:08]   **** IP Build 3669848 on Fri Oct 14 08:30:02 MDT 2022
[2025-09-14 20:33:08]     ** Copyright 1986-2022 Xilinx, Inc. All Rights Reserved.
[2025-09-14 20:33:08] 
[2025-09-14 20:33:08] source ./scripts/main.tcl
[2025-09-14 20:33:08] # set root_dir [pwd]
[2025-09-14 20:33:08] # set vivado_version [version -short]
[2025-09-14 20:33:08] # proc retrieveVersionedFile {filename version} {
[2025-09-14 20:33:08] #   set first [file rootname $filename]
[2025-09-14 20:33:08] #   set last [file extension $filename]
[2025-09-14 20:33:08] #   if {[file exists ${first}_${version}${last}]} {
[2025-09-14 20:33:08] #     return ${first}_${version}${last}
[2025-09-14 20:33:08] #   }
[2025-09-14 20:33:08] #   return $filename
[2025-09-14 20:33:08] # }
[2025-09-14 20:33:08] # if {![file exists [set sourceFile [retrieveVersionedFile ${root_dir}/scripts/platform_env.tcl $vivado_version]]]} {
[2025-09-14 20:33:08] #     puts "ERROR: could not find $sourceFile"
[2025-09-14 20:33:08] #     exit 1
[2025-09-14 20:33:08] # }
[2025-09-14 20:33:08] # source $sourceFile
[2025-09-14 20:33:08] ## set jobs 12
[2025-09-14 20:33:08] ## set board_part xilinx.com:au250:part0:1.3
[2025-09-14 20:33:08] ## set part xcu250-figd2104-2L-e
[2025-09-14 20:33:08] # foreach path [list ${root_dir}/vivado_proj/firesim.bit] {
[2025-09-14 20:33:08] #     if {[file exists ${path}]} {
[2025-09-14 20:33:08] #         file delete -force -- ${path}
[2025-09-14 20:33:08] #     }
[2025-09-14 20:33:08] # }
[2025-09-14 20:33:08] # create_project -force firesim ${root_dir}/vivado_proj -part $part
[2025-09-14 20:33:09] cd /cluster/home/eirikwit/vortex-gpgpu/chipyard/sims/firesim/sim/generated-src/alveo/FireSim-FireSimV2S1C-BaseF1Config1Mem_F25MHz/u250 && vivado -mode batch -source ./scripts/main.tcl
[2025-09-14 20:33:09] cd /cluster/home/eirikwit/vortex-gpgpu/chipyard/sims/firesim/sim/generated-src/alveo/FireSim-FireSimV2S1C-BaseF1Config1Mem_F25MHz/u250 && vivado -mode batch -source ./scripts/main.tcl
[2025-09-14 20:33:15] 
[2025-09-14 20:33:15] ****** Vivado v2022.2 (64-bit)
[2025-09-14 20:33:15]   **** SW Build 3671981 on Fri Oct 14 04:59:54 MDT 2022
[2025-09-14 20:33:15]   **** IP Build 3669848 on Fri Oct 14 08:30:02 MDT 2022
[2025-09-14 20:33:15] 
[2025-09-14 20:33:15]     ** Copyright 1986-2022 Xilinx, Inc. All Rights Reserved.
[2025-09-14 20:33:15] ****** Vivado v2022.2 (64-bit)
[2025-09-14 20:33:15] 
[2025-09-14 20:33:15]   **** SW Build 3671981 on Fri Oct 14 04:59:54 MDT 2022
[2025-09-14 20:33:15] source ./scripts/main.tcl
[2025-09-14 20:33:15]   **** IP Build 3669848 on Fri Oct 14 08:30:02 MDT 2022
[2025-09-14 20:33:15] # set root_dir [pwd]
[2025-09-14 20:33:15]     ** Copyright 1986-2022 Xilinx, Inc. All Rights Reserved.
[2025-09-14 20:33:15] # set vivado_version [version -short]
[2025-09-14 20:33:15] 
[2025-09-14 20:33:15] # proc retrieveVersionedFile {filename version} {
[2025-09-14 20:33:15] source ./scripts/main.tcl
[2025-09-14 20:33:15] #   set first [file rootname $filename]
[2025-09-14 20:33:15] # set root_dir [pwd]
[2025-09-14 20:33:15] #   set last [file extension $filename]
[2025-09-14 20:33:15] # set vivado_version [version -short]
[2025-09-14 20:33:15] #   if {[file exists ${first}_${version}${last}]} {
[2025-09-14 20:33:15] # proc retrieveVersionedFile {filename version} {
[2025-09-14 20:33:15] #     return ${first}_${version}${last}
[2025-09-14 20:33:15] #   set first [file rootname $filename]
[2025-09-14 20:33:15] #   }
[2025-09-14 20:33:15] #   set last [file extension $filename]
[2025-09-14 20:33:15] #   return $filename
[2025-09-14 20:33:15] #   if {[file exists ${first}_${version}${last}]} {
[2025-09-14 20:33:15] # }
[2025-09-14 20:33:15] #     return ${first}_${version}${last}
[2025-09-14 20:33:15] # if {![file exists [set sourceFile [retrieveVersionedFile ${root_dir}/scripts/platform_env.tcl $vivado_version]]]} {
[2025-09-14 20:33:15] #   }
[2025-09-14 20:33:15] #     puts "ERROR: could not find $sourceFile"
[2025-09-14 20:33:15] #   return $filename
[2025-09-14 20:33:15] #     exit 1
[2025-09-14 20:33:15] # }
[2025-09-14 20:33:15] # }
[2025-09-14 20:33:15] # if {![file exists [set sourceFile [retrieveVersionedFile ${root_dir}/scripts/platform_env.tcl $vivado_version]]]} {
[2025-09-14 20:33:15] # source $sourceFile
[2025-09-14 20:33:15] #     puts "ERROR: could not find $sourceFile"
[2025-09-14 20:33:15] ## set jobs 12
[2025-09-14 20:33:15] #     exit 1
[2025-09-14 20:33:15] ## set board_part xilinx.com:au250:part0:1.3
[2025-09-14 20:33:15] # }
[2025-09-14 20:33:15] ## set part xcu250-figd2104-2L-e
[2025-09-14 20:33:15] # source $sourceFile
[2025-09-14 20:33:15] # foreach path [list ${root_dir}/vivado_proj/firesim.bit] {
[2025-09-14 20:33:15] ## set jobs 12
[2025-09-14 20:33:15] #     if {[file exists ${path}]} {
[2025-09-14 20:33:15] ## set board_part xilinx.com:au250:part0:1.3
[2025-09-14 20:33:15] #         file delete -force -- ${path}
[2025-09-14 20:33:15] ## set part xcu250-figd2104-2L-e
[2025-09-14 20:33:15] #     }
[2025-09-14 20:33:15] # foreach path [list ${root_dir}/vivado_proj/firesim.bit] {
[2025-09-14 20:33:15] # }
[2025-09-14 20:33:15] #     if {[file exists ${path}]} {
[2025-09-14 20:33:15] # create_project -force firesim ${root_dir}/vivado_proj -part $part
[2025-09-14 20:33:15] #         file delete -force -- ${path}
[2025-09-14 20:33:15] ERROR: [Common 17-53] User Exception: Project already exists on disk, please use '-force' option to overwrite: 
[2025-09-14 20:33:15] #     }
[2025-09-14 20:33:15]      /cluster/home/eirikwit/vortex-gpgpu/chipyard/sims/firesim/sim/generated-src/alveo/FireSim-FireSimV2S1C-BaseF1Config1Mem_F25MHz/u250/vivado_proj/firesim.xpr
[2025-09-14 20:33:15] # }
[2025-09-14 20:33:15] INFO: [Common 17-206] Exiting Vivado at Sun Sep 14 20:33:15 2025...
[2025-09-14 20:33:15] # create_project -force firesim ${root_dir}/vivado_proj -part $part
[2025-09-14 20:33:15] create_project: Time (s): cpu = 00:00:06 ; elapsed = 00:00:07 . Memory (MB): peak = 1702.230 ; gain = 96.961 ; free physical = 174425 ; free virtual = 179030
[2025-09-14 20:33:15] # set_property board_part $board_part [current_project]
[2025-09-14 20:33:15] # foreach addFile [list ${root_dir}/design/axi_tieoff_master.v ${root_dir}/design/firesim_wrapper.v ${root_dir}/design/firesim_top.sv ${root_dir}/design/firesim_defines.vh] {
[2025-09-14 20:33:15] #   set addFile [retrieveVersionedFile $addFile $vivado_version]
[2025-09-14 20:33:15] #   if {![file exists $addFile]} {
[2025-09-14 20:33:15] #     puts "ERROR: could not find file $addFile"
[2025-09-14 20:33:15] #     exit 1
[2025-09-14 20:33:15] #   }
[2025-09-14 20:33:15] #   add_files $addFile
[2025-09-14 20:33:15] #   if {[file extension $addFile] == ".vh"} {
[2025-09-14 20:33:15] #     set_property IS_GLOBAL_INCLUDE 1 [get_files $addFile]
[2025-09-14 20:33:15] #   }
[2025-09-14 20:33:15] # }
[2025-09-14 20:33:15] # if {[file exists [set sourceFile [retrieveVersionedFile ${root_dir}/scripts/firesim_env.tcl $vivado_version]]]} {
[2025-09-14 20:33:15] #   source $sourceFile
[2025-09-14 20:33:15] make: *** [target-agnostic.mk:346: /cluster/home/eirikwit/vortex-gpgpu/chipyard/sims/firesim/sim/generated-src/alveo/FireSim-FireSimV2S1C-BaseF1Config1Mem_F25MHz/u250/vivado_proj/firesim.bit] Error 1
[2025-09-14 20:33:15] # }
[2025-09-14 20:33:15] ## set desired_host_frequency 25
[2025-09-14 20:33:15] ## set strategy "TIMING"
[2025-09-14 20:33:15] # if {![file exists [set sourceFile [retrieveVersionedFile ${root_dir}/scripts/create_bd.tcl $vivado_version]]]} {
[2025-09-14 20:33:15] #   puts "ERROR: could not find $sourceFile"
[2025-09-14 20:33:15] #   exit 1
[2025-09-14 20:33:15] # }
[2025-09-14 20:33:15] # source $sourceFile
[2025-09-14 20:33:15] ## namespace eval _tcl {
[2025-09-14 20:33:15] ## proc get_script_folder {} {
[2025-09-14 20:33:15] ##    set script_path [file normalize [info script]]
[2025-09-14 20:33:15] ##    set script_folder [file dirname $script_path]
[2025-09-14 20:33:15] ##    return $script_folder
[2025-09-14 20:33:15] ## }
[2025-09-14 20:33:15] ## }
[2025-09-14 20:33:15] ## variable script_folder
[2025-09-14 20:33:15] ## set script_folder [_tcl::get_script_folder]
[2025-09-14 20:33:15] ## set scripts_vivado_version 2022.2
[2025-09-14 20:33:15] ## set current_vivado_version [version -short]
[2025-09-14 20:33:15] ## if { [string first $scripts_vivado_version $current_vivado_version] == -1 } {
[2025-09-14 20:33:15] ##    puts ""
[2025-09-14 20:33:15] ##    catch {common::send_gid_msg -ssname BD::TCL -id 2041 -severity "ERROR" "This script was generated using Vivado <$scripts_vivado_version> and is being run in <$current_vivado_version> of Vivado. Please run the script in Vivado <$scripts_vivado_version> then open the design in Vivado <$current_vivado_version>. Upgrade the design by running \"Tools => Report => Report IP Status...\", then run write_bd_tcl to create an updated script."}
[2025-09-14 20:33:15] ## 
[2025-09-14 20:33:15] ##    return 1
[2025-09-14 20:33:15] ## }
[2025-09-14 20:33:15] ## variable design_name
[2025-09-14 20:33:15] ## set design_name design_1
[2025-09-14 20:33:15] ## set errMsg ""
[2025-09-14 20:33:15] ## set nRet 0
[2025-09-14 20:33:15] ## set cur_design [current_bd_design -quiet]
[2025-09-14 20:33:15] ## set list_cells [get_bd_cells -quiet]
[2025-09-14 20:33:15] ## if { ${design_name} eq "" } {
[2025-09-14 20:33:15] ##    # USE CASES:
[2025-09-14 20:33:16] ##    #    1) Design_name not set
[2025-09-14 20:33:16] ## 
[2025-09-14 20:33:16] ##    set errMsg "Please set the variable <design_name> to a non-empty value."
[2025-09-14 20:33:16] ##    set nRet 1
[2025-09-14 20:33:16] ## 
[2025-09-14 20:33:16] ## } elseif { ${cur_design} ne "" && ${list_cells} eq "" } {
[2025-09-14 20:33:16] ##    # USE CASES:
[2025-09-14 20:33:16] ##    #    2): Current design opened AND is empty AND names same.
[2025-09-14 20:33:16] ##    #    3): Current design opened AND is empty AND names diff; design_name NOT in project.
[2025-09-14 20:33:16] ##    #    4): Current design opened AND is empty AND names diff; design_name exists in project.
[2025-09-14 20:33:16] ## 
[2025-09-14 20:33:16] ##    if { $cur_design ne $design_name } {
[2025-09-14 20:33:16] ##       common::send_gid_msg -ssname BD::TCL -id 2001 -severity "INFO" "Changing value of <design_name> from <$design_name> to <$cur_design> since current design is empty."
[2025-09-14 20:33:16] ##       set design_name [get_property NAME $cur_design]
[2025-09-14 20:33:16] ##    }
[2025-09-14 20:33:16] ##    common::send_gid_msg -ssname BD::TCL -id 2002 -severity "INFO" "Constructing design in IPI design <$cur_design>..."
[2025-09-14 20:33:16] ## 
[2025-09-14 20:33:16] ## } elseif { ${cur_design} ne "" && $list_cells ne "" && $cur_design eq $design_name } {
[2025-09-14 20:33:16] ##    # USE CASES:
[2025-09-14 20:33:16] ##    #    5) Current design opened AND has components AND same names.
[2025-09-14 20:33:16] ## 
[2025-09-14 20:33:16] ##    set errMsg "Design <$design_name> already exists in your project, please set the variable <design_name> to another value."
[2025-09-14 20:33:16] ##    set nRet 1
[2025-09-14 20:33:16] ## } elseif { [get_files -quiet ${design_name}.bd] ne "" } {
[2025-09-14 20:33:16] ##    # USE CASES: 
[2025-09-14 20:33:16] ##    #    6) Current opened design, has components, but diff names, design_name exists in project.
[2025-09-14 20:33:16] ##    #    7) No opened design, design_name exists in project.
[2025-09-14 20:33:16] ## 
[2025-09-14 20:33:16] 
[2025-09-14 20:33:16] ##    set errMsg "Design <$design_name> already exists in your project, please set the variable <design_name> to another value."
[2025-09-14 20:33:16] ****** Vivado v2022.2 (64-bit)
[2025-09-14 20:33:16]   **** SW Build 3671981 on Fri Oct 14 04:59:54 MDT 2022
[2025-09-14 20:33:16] ##    set nRet 2
[2025-09-14 20:33:16]   **** IP Build 3669848 on Fri Oct 14 08:30:02 MDT 2022
[2025-09-14 20:33:16]     ** Copyright 1986-2022 Xilinx, Inc. All Rights Reserved.
[2025-09-14 20:33:16] ## 
[2025-09-14 20:33:16] 
[2025-09-14 20:33:16] source ./scripts/main.tcl
[2025-09-14 20:33:16] # set root_dir [pwd]
[2025-09-14 20:33:16] ## } else {
[2025-09-14 20:33:16] # set vivado_version [version -short]
[2025-09-14 20:33:16] # proc retrieveVersionedFile {filename version} {
[2025-09-14 20:33:16] ##    # USE CASES:
[2025-09-14 20:33:16] #   set first [file rootname $filename]
[2025-09-14 20:33:16] #   set last [file extension $filename]
[2025-09-14 20:33:16] #   if {[file exists ${first}_${version}${last}]} {
[2025-09-14 20:33:16] ##    #    8) No opened design, design_name not in project.
[2025-09-14 20:33:16] #     return ${first}_${version}${last}
[2025-09-14 20:33:16] #   }
[2025-09-14 20:33:16] ##    #    9) Current opened design, has components, but diff names, design_name not in project.
[2025-09-14 20:33:16] #   return $filename
[2025-09-14 20:33:16] # }
[2025-09-14 20:33:16] # if {![file exists [set sourceFile [retrieveVersionedFile ${root_dir}/scripts/platform_env.tcl $vivado_version]]]} {
[2025-09-14 20:33:16] ## 
[2025-09-14 20:33:16] #     puts "ERROR: could not find $sourceFile"
[2025-09-14 20:33:16] #     exit 1
[2025-09-14 20:33:16] ##    common::send_gid_msg -ssname BD::TCL -id 2003 -severity "INFO" "Currently there is no design <$design_name> in project, so creating one..."
[2025-09-14 20:33:16] # }
[2025-09-14 20:33:16] # source $sourceFile
[2025-09-14 20:33:16] ## 
[2025-09-14 20:33:16] ## set jobs 12
[2025-09-14 20:33:16] ## set board_part xilinx.com:au250:part0:1.3
[2025-09-14 20:33:16] ## set part xcu250-figd2104-2L-e
[2025-09-14 20:33:16] ##    create_bd_design $design_name
[2025-09-14 20:33:16] # foreach path [list ${root_dir}/vivado_proj/firesim.bit] {
[2025-09-14 20:33:16] #     if {[file exists ${path}]} {
[2025-09-14 20:33:16] ## 
[2025-09-14 20:33:16] #         file delete -force -- ${path}
[2025-09-14 20:33:16] #     }
[2025-09-14 20:33:16] # }
[2025-09-14 20:33:16] ##    common::send_gid_msg -ssname BD::TCL -id 2004 -severity "INFO" "Making design <$design_name> as current_bd_design."
[2025-09-14 20:33:16] 
[2025-09-14 20:33:16] # create_project -force firesim ${root_dir}/vivado_proj -part $part
[2025-09-14 20:33:16] ****** Vivado v2022.2 (64-bit)
[2025-09-14 20:33:16] ##    current_bd_design $design_name
[2025-09-14 20:33:16]   **** SW Build 3671981 on Fri Oct 14 04:59:54 MDT 2022
[2025-09-14 20:33:16]   **** IP Build 3669848 on Fri Oct 14 08:30:02 MDT 2022
[2025-09-14 20:33:16] ## 
[2025-09-14 20:33:16]     ** Copyright 1986-2022 Xilinx, Inc. All Rights Reserved.
[2025-09-14 20:33:16] 
[2025-09-14 20:33:16] ## }
[2025-09-14 20:33:16] source ./scripts/main.tcl
[2025-09-14 20:33:16] # set root_dir [pwd]
[2025-09-14 20:33:16] # set vivado_version [version -short]
[2025-09-14 20:33:16] INFO: [BD::TCL 103-2003] Currently there is no design <design_1> in project, so creating one...
[2025-09-14 20:33:16] # proc retrieveVersionedFile {filename version} {
[2025-09-14 20:33:16] #   set first [file rootname $filename]
[2025-09-14 20:33:16] #   set last [file extension $filename]
[2025-09-14 20:33:16] #   if {[file exists ${first}_${version}${last}]} {
[2025-09-14 20:33:16] #     return ${first}_${version}${last}
[2025-09-14 20:33:16] #   }
[2025-09-14 20:33:16] #   return $filename
[2025-09-14 20:33:16] # }
[2025-09-14 20:33:16] # if {![file exists [set sourceFile [retrieveVersionedFile ${root_dir}/scripts/platform_env.tcl $vivado_version]]]} {
[2025-09-14 20:33:16] #     puts "ERROR: could not find $sourceFile"
[2025-09-14 20:33:16] #     exit 1
[2025-09-14 20:33:16] # }
[2025-09-14 20:33:16] # source $sourceFile
[2025-09-14 20:33:16] ## set jobs 12
[2025-09-14 20:33:16] ## set board_part xilinx.com:au250:part0:1.3
[2025-09-14 20:33:16] ## set part xcu250-figd2104-2L-e
[2025-09-14 20:33:16] # foreach path [list ${root_dir}/vivado_proj/firesim.bit] {
[2025-09-14 20:33:16] #     if {[file exists ${path}]} {
[2025-09-14 20:33:16] #         file delete -force -- ${path}
[2025-09-14 20:33:16] #     }
[2025-09-14 20:33:16] # }
[2025-09-14 20:33:16] # create_project -force firesim ${root_dir}/vivado_proj -part $part
[2025-09-14 20:33:16] Wrote  : </cluster/home/eirikwit/vortex-gpgpu/chipyard/sims/firesim/sim/generated-src/alveo/FireSim-FireSimV2S1C-BaseF1Config1Mem_F25MHz/u250/vivado_proj/firesim.srcs/sources_1/bd/design_1/design_1.bd> 
[2025-09-14 20:33:16] INFO: [BD::TCL 103-2004] Making design <design_1> as current_bd_design.
[2025-09-14 20:33:16] ## common::send_gid_msg -ssname BD::TCL -id 2005 -severity "INFO" "Currently the variable <design_name> is equal to \"$design_name\"."
[2025-09-14 20:33:16] INFO: [BD::TCL 103-2005] Currently the variable <design_name> is equal to "design_1".
[2025-09-14 20:33:16] ## if { $nRet != 0 } {
[2025-09-14 20:33:16] ##    catch {common::send_gid_msg -ssname BD::TCL -id 2006 -severity "ERROR" $errMsg}
[2025-09-14 20:33:16] ##    return $nRet
[2025-09-14 20:33:16] ## }
[2025-09-14 20:33:16] ## set bCheckIPsPassed 1
[2025-09-14 20:33:16] ## set bCheckIPs 1
[2025-09-14 20:33:16] ## if { $bCheckIPs == 1 } {
[2025-09-14 20:33:16] ##    set list_check_ips "\ 
[2025-09-14 20:33:16] ## xilinx.com:ip:axi_clock_converter:2.1\
[2025-09-14 20:33:16] ## xilinx.com:ip:axi_dwidth_converter:2.1\
[2025-09-14 20:33:16] ## xilinx.com:ip:clk_wiz:6.0\
[2025-09-14 20:33:16] ## xilinx.com:ip:ddr4:2.2\
[2025-09-14 20:33:16] ## xilinx.com:ip:proc_sys_reset:5.0\
[2025-09-14 20:33:16] ## xilinx.com:ip:util_vector_logic:2.0\
[2025-09-14 20:33:16] ## xilinx.com:ip:util_ds_buf:2.2\
[2025-09-14 20:33:16] ## xilinx.com:ip:xdma:4.1\
[2025-09-14 20:33:16] ## xilinx.com:ip:xlconstant:1.1\
[2025-09-14 20:33:16] ## "
[2025-09-14 20:33:16] ## 
[2025-09-14 20:33:16] ##    set list_ips_missing ""
[2025-09-14 20:33:16] ##    common::send_gid_msg -ssname BD::TCL -id 2011 -severity "INFO" "Checking if the following IPs exist in the project's IP catalog: $list_check_ips ."
[2025-09-14 20:33:16] ## 
[2025-09-14 20:33:16] ##    foreach ip_vlnv $list_check_ips {
[2025-09-14 20:33:16] ##       set ip_obj [get_ipdefs -all $ip_vlnv]
[2025-09-14 20:33:16] ##       if { $ip_obj eq "" } {
[2025-09-14 20:33:16] ##          lappend list_ips_missing $ip_vlnv
[2025-09-14 20:33:16] ##       }
[2025-09-14 20:33:16] ##    }
[2025-09-14 20:33:16] ## 
[2025-09-14 20:33:16] ##    if { $list_ips_missing ne "" } {
[2025-09-14 20:33:16] ##       catch {common::send_gid_msg -ssname BD::TCL -id 2012 -severity "ERROR" "The following IPs are not found in the IP Catalog:\n  $list_ips_missing\n\nResolution: Please add the repository containing the IP(s) to the project." }
[2025-09-14 20:33:16] ##       set bCheckIPsPassed 0
[2025-09-14 20:33:16] 
[2025-09-14 20:33:16] ****** Vivado v2022.2 (64-bit)
[2025-09-14 20:33:16] ##    }
[2025-09-14 20:33:16]   **** SW Build 3671981 on Fri Oct 14 04:59:54 MDT 2022
[2025-09-14 20:33:16]   **** IP Build 3669848 on Fri Oct 14 08:30:02 MDT 2022
[2025-09-14 20:33:16] ## 
[2025-09-14 20:33:16]     ** Copyright 1986-2022 Xilinx, Inc. All Rights Reserved.
[2025-09-14 20:33:16] 
[2025-09-14 20:33:16] ## }
[2025-09-14 20:33:16] source ./scripts/main.tcl
[2025-09-14 20:33:16] # set root_dir [pwd]
[2025-09-14 20:33:16] INFO: [BD::TCL 103-2011] Checking if the following IPs exist in the project's IP catalog:  
[2025-09-14 20:33:16] # set vivado_version [version -short]
[2025-09-14 20:33:16] # proc retrieveVersionedFile {filename version} {
[2025-09-14 20:33:16] xilinx.com:ip:axi_clock_converter:2.1 xilinx.com:ip:axi_dwidth_converter:2.1 xilinx.com:ip:clk_wiz:6.0 xilinx.com:ip:ddr4:2.2 xilinx.com:ip:proc_sys_reset:5.0 xilinx.com:ip:util_vector_logic:2.0 xilinx.com:ip:util_ds_buf:2.2 xilinx.com:ip:xdma:4.1 xilinx.com:ip:xlconstant:1.1  .
[2025-09-14 20:33:16] #   set first [file rootname $filename]
[2025-09-14 20:33:16] #   set last [file extension $filename]
[2025-09-14 20:33:16] #   if {[file exists ${first}_${version}${last}]} {
[2025-09-14 20:33:16] ## set bCheckModules 1
[2025-09-14 20:33:16] #     return ${first}_${version}${last}
[2025-09-14 20:33:16] #   }
[2025-09-14 20:33:16] ## if { $bCheckModules == 1 } {
[2025-09-14 20:33:16] #   return $filename
[2025-09-14 20:33:16] # }
[2025-09-14 20:33:16] ##    set list_check_mods "\ 
[2025-09-14 20:33:16] # if {![file exists [set sourceFile [retrieveVersionedFile ${root_dir}/scripts/platform_env.tcl $vivado_version]]]} {
[2025-09-14 20:33:16] #     puts "ERROR: could not find $sourceFile"
[2025-09-14 20:33:16] ## axi_tieoff_master\
[2025-09-14 20:33:16] #     exit 1
[2025-09-14 20:33:16] # }
[2025-09-14 20:33:16] ## firesim_wrapper\
[2025-09-14 20:33:16] # source $sourceFile
[2025-09-14 20:33:16] ## set jobs 12
[2025-09-14 20:33:16] ## set board_part xilinx.com:au250:part0:1.3
[2025-09-14 20:33:16] ## "
[2025-09-14 20:33:16] ## set part xcu250-figd2104-2L-e
[2025-09-14 20:33:16] # foreach path [list ${root_dir}/vivado_proj/firesim.bit] {
[2025-09-14 20:33:16] ## 
[2025-09-14 20:33:16] #     if {[file exists ${path}]} {
[2025-09-14 20:33:16] #         file delete -force -- ${path}
[2025-09-14 20:33:16] ##    set list_mods_missing ""
[2025-09-14 20:33:16] #     }
[2025-09-14 20:33:16] # }
[2025-09-14 20:33:16] ##    common::send_gid_msg -ssname BD::TCL -id 2020 -severity "INFO" "Checking if the following modules exist in the project's sources: $list_check_mods ."
[2025-09-14 20:33:16] # create_project -force firesim ${root_dir}/vivado_proj -part $part
[2025-09-14 20:33:16] ## 
[2025-09-14 20:33:16] ##    foreach mod_vlnv $list_check_mods {
[2025-09-14 20:33:16] ##       if { [can_resolve_reference $mod_vlnv] == 0 } {
[2025-09-14 20:33:16] ##          lappend list_mods_missing $mod_vlnv
[2025-09-14 20:33:16] ##       }
[2025-09-14 20:33:16] ##    }
[2025-09-14 20:33:16] ## 
[2025-09-14 20:33:16] ##    if { $list_mods_missing ne "" } {
[2025-09-14 20:33:17] ##       catch {common::send_gid_msg -ssname BD::TCL -id 2021 -severity "ERROR" "The following module(s) are not found in the project: $list_mods_missing" }
[2025-09-14 20:33:17] 
[2025-09-14 20:33:17] ****** Vivado v2022.2 (64-bit)
[2025-09-14 20:33:17] ##       common::send_gid_msg -ssname BD::TCL -id 2022 -severity "INFO" "Please add source files for the missing module(s) above."
[2025-09-14 20:33:17]   **** SW Build 3671981 on Fri Oct 14 04:59:54 MDT 2022
[2025-09-14 20:33:17]   **** IP Build 3669848 on Fri Oct 14 08:30:02 MDT 2022
[2025-09-14 20:33:17] ##       set bCheckIPsPassed 0
[2025-09-14 20:33:17]     ** Copyright 1986-2022 Xilinx, Inc. All Rights Reserved.
[2025-09-14 20:33:17] 
[2025-09-14 20:33:17] ##    }
[2025-09-14 20:33:17] source ./scripts/main.tcl
[2025-09-14 20:33:17] # set root_dir [pwd]
[2025-09-14 20:33:17] ## }
[2025-09-14 20:33:17] # set vivado_version [version -short]
[2025-09-14 20:33:17] # proc retrieveVersionedFile {filename version} {
[2025-09-14 20:33:17] INFO: [BD::TCL 103-2020] Checking if the following modules exist in the project's sources:  
[2025-09-14 20:33:17] #   set first [file rootname $filename]
[2025-09-14 20:33:17] #   set last [file extension $filename]
[2025-09-14 20:33:17] axi_tieoff_master firesim_wrapper  .
[2025-09-14 20:33:17] #   if {[file exists ${first}_${version}${last}]} {
[2025-09-14 20:33:17] #     return ${first}_${version}${last}
[2025-09-14 20:33:17] #   }
[2025-09-14 20:33:17] #   return $filename
[2025-09-14 20:33:17] # }
[2025-09-14 20:33:17] # if {![file exists [set sourceFile [retrieveVersionedFile ${root_dir}/scripts/platform_env.tcl $vivado_version]]]} {
[2025-09-14 20:33:17] #     puts "ERROR: could not find $sourceFile"
[2025-09-14 20:33:17] #     exit 1
[2025-09-14 20:33:17] # }
[2025-09-14 20:33:17] # source $sourceFile
[2025-09-14 20:33:17] ## set jobs 12
[2025-09-14 20:33:17] ## set board_part xilinx.com:au250:part0:1.3
[2025-09-14 20:33:17] ## set part xcu250-figd2104-2L-e
[2025-09-14 20:33:17] # foreach path [list ${root_dir}/vivado_proj/firesim.bit] {
[2025-09-14 20:33:17] #     if {[file exists ${path}]} {
[2025-09-14 20:33:17] #         file delete -force -- ${path}
[2025-09-14 20:33:17] #     }
[2025-09-14 20:33:17] # }
[2025-09-14 20:33:17] # create_project -force firesim ${root_dir}/vivado_proj -part $part
[2025-09-14 20:33:19] # set_property board_part $board_part [current_project]
[2025-09-14 20:33:19] # foreach addFile [list ${root_dir}/design/axi_tieoff_master.v ${root_dir}/design/firesim_wrapper.v ${root_dir}/design/firesim_top.sv ${root_dir}/design/firesim_defines.vh] {
[2025-09-14 20:33:19] #   set addFile [retrieveVersionedFile $addFile $vivado_version]
[2025-09-14 20:33:19] #   if {![file exists $addFile]} {
[2025-09-14 20:33:19] #     puts "ERROR: could not find file $addFile"
[2025-09-14 20:33:19] #     exit 1
[2025-09-14 20:33:19] #   }
[2025-09-14 20:33:19] #   add_files $addFile
[2025-09-14 20:33:19] #   if {[file extension $addFile] == ".vh"} {
[2025-09-14 20:33:19] #     set_property IS_GLOBAL_INCLUDE 1 [get_files $addFile]
[2025-09-14 20:33:19] #   }
[2025-09-14 20:33:19] # }
[2025-09-14 20:33:19] # if {[file exists [set sourceFile [retrieveVersionedFile ${root_dir}/scripts/firesim_env.tcl $vivado_version]]]} {
[2025-09-14 20:33:19] #   source $sourceFile
[2025-09-14 20:33:19] # }
[2025-09-14 20:33:19] ## set desired_host_frequency 25
[2025-09-14 20:33:19] ## set strategy "TIMING"
[2025-09-14 20:33:19] # if {![file exists [set sourceFile [retrieveVersionedFile ${root_dir}/scripts/create_bd.tcl $vivado_version]]]} {
[2025-09-14 20:33:19] #   puts "ERROR: could not find $sourceFile"
[2025-09-14 20:33:19] #   exit 1
[2025-09-14 20:33:19] # }
[2025-09-14 20:33:19] # source $sourceFile
[2025-09-14 20:33:19] ## namespace eval _tcl {
[2025-09-14 20:33:19] ## proc get_script_folder {} {
[2025-09-14 20:33:19] ##    set script_path [file normalize [info script]]
[2025-09-14 20:33:19] ##    set script_folder [file dirname $script_path]
[2025-09-14 20:33:19] ##    return $script_folder
[2025-09-14 20:33:19] ## }
[2025-09-14 20:33:19] ## }
[2025-09-14 20:33:19] ## variable script_folder
[2025-09-14 20:33:19] ## set script_folder [_tcl::get_script_folder]
[2025-09-14 20:33:19] ## set scripts_vivado_version 2022.2
[2025-09-14 20:33:19] ## set current_vivado_version [version -short]
[2025-09-14 20:33:19] ## if { [string first $scripts_vivado_version $current_vivado_version] == -1 } {
[2025-09-14 20:33:19] ##    puts ""
[2025-09-14 20:33:19] ##    catch {common::send_gid_msg -ssname BD::TCL -id 2041 -severity "ERROR" "This script was generated using Vivado <$scripts_vivado_version> and is being run in <$current_vivado_version> of Vivado. Please run the script in Vivado <$scripts_vivado_version> then open the design in Vivado <$current_vivado_version>. Upgrade the design by running \"Tools => Report => Report IP Status...\", then run write_bd_tcl to create an updated script."}
[2025-09-14 20:33:19] ## 
[2025-09-14 20:33:19] ##    return 1
[2025-09-14 20:33:19] ## }
[2025-09-14 20:33:19] ## variable design_name
[2025-09-14 20:33:19] ## set design_name design_1
[2025-09-14 20:33:19] ## set errMsg ""
[2025-09-14 20:33:19] ## set nRet 0
[2025-09-14 20:33:20] 
[2025-09-14 20:33:20] ****** Vivado v2022.2 (64-bit)
[2025-09-14 20:33:20]   **** SW Build 3671981 on Fri Oct 14 04:59:54 MDT 2022
[2025-09-14 20:33:20]   **** IP Build 3669848 on Fri Oct 14 08:30:02 MDT 2022
[2025-09-14 20:33:20]     ** Copyright 1986-2022 Xilinx, Inc. All Rights Reserved.
[2025-09-14 20:33:20] 
[2025-09-14 20:33:20] source ./scripts/main.tcl
[2025-09-14 20:33:20] # set root_dir [pwd]
[2025-09-14 20:33:20] # set vivado_version [version -short]
[2025-09-14 20:33:20] # proc retrieveVersionedFile {filename version} {
[2025-09-14 20:33:20] #   set first [file rootname $filename]
[2025-09-14 20:33:20] #   set last [file extension $filename]
[2025-09-14 20:33:20] #   if {[file exists ${first}_${version}${last}]} {
[2025-09-14 20:33:20] #     return ${first}_${version}${last}
[2025-09-14 20:33:20] #   }
[2025-09-14 20:33:20] #   return $filename
[2025-09-14 20:33:20] # }
[2025-09-14 20:33:20] # if {![file exists [set sourceFile [retrieveVersionedFile ${root_dir}/scripts/platform_env.tcl $vivado_version]]]} {
[2025-09-14 20:33:20] #     puts "ERROR: could not find $sourceFile"
[2025-09-14 20:33:20] #     exit 1
[2025-09-14 20:33:20] ## set cur_design [current_bd_design -quiet]
[2025-09-14 20:33:20] # }
[2025-09-14 20:33:20] ## set list_cells [get_bd_cells -quiet]
[2025-09-14 20:33:20] ## if { ${design_name} eq "" } {
[2025-09-14 20:33:20] # source $sourceFile
[2025-09-14 20:33:20] ##    # USE CASES:
[2025-09-14 20:33:20] ## set jobs 12
[2025-09-14 20:33:20] ##    #    1) Design_name not set
[2025-09-14 20:33:20] ## set board_part xilinx.com:au250:part0:1.3
[2025-09-14 20:33:20] ## 
[2025-09-14 20:33:20] ##    set errMsg "Please set the variable <design_name> to a non-empty value."
[2025-09-14 20:33:20] ## set part xcu250-figd2104-2L-e
[2025-09-14 20:33:20] ##    set nRet 1
[2025-09-14 20:33:20] # foreach path [list ${root_dir}/vivado_proj/firesim.bit] {
[2025-09-14 20:33:20] ## 
[2025-09-14 20:33:20] ## } elseif { ${cur_design} ne "" && ${list_cells} eq "" } {
[2025-09-14 20:33:20] #     if {[file exists ${path}]} {
[2025-09-14 20:33:20] ##    # USE CASES:
[2025-09-14 20:33:20] #         file delete -force -- ${path}
[2025-09-14 20:33:20] ##    #    2): Current design opened AND is empty AND names same.
[2025-09-14 20:33:20] #     }
[2025-09-14 20:33:20] ##    #    3): Current design opened AND is empty AND names diff; design_name NOT in project.
[2025-09-14 20:33:20] ##    #    4): Current design opened AND is empty AND names diff; design_name exists in project.
[2025-09-14 20:33:20] # }
[2025-09-14 20:33:20] ## 
[2025-09-14 20:33:20] # create_project -force firesim ${root_dir}/vivado_proj -part $part
[2025-09-14 20:33:20] ##    if { $cur_design ne $design_name } {
[2025-09-14 20:33:20] ##       common::send_gid_msg -ssname BD::TCL -id 2001 -severity "INFO" "Changing value of <design_name> from <$design_name> to <$cur_design> since current design is empty."
[2025-09-14 20:33:20] ##       set design_name [get_property NAME $cur_design]
[2025-09-14 20:33:20] ##    }
[2025-09-14 20:33:20] ##    common::send_gid_msg -ssname BD::TCL -id 2002 -severity "INFO" "Constructing design in IPI design <$cur_design>..."
[2025-09-14 20:33:20] ## 
[2025-09-14 20:33:20] ## } elseif { ${cur_design} ne "" && $list_cells ne "" && $cur_design eq $design_name } {
[2025-09-14 20:33:20] ##    # USE CASES:
[2025-09-14 20:33:20] ##    #    5) Current design opened AND has components AND same names.
[2025-09-14 20:33:20] ## 
[2025-09-14 20:33:20] ##    set errMsg "Design <$design_name> already exists in your project, please set the variable <design_name> to another value."
[2025-09-14 20:33:20] ##    set nRet 1
[2025-09-14 20:33:20] ## } elseif { [get_files -quiet ${design_name}.bd] ne "" } {
[2025-09-14 20:33:20] ##    # USE CASES: 
[2025-09-14 20:33:20] ##    #    6) Current opened design, has components, but diff names, design_name exists in project.
[2025-09-14 20:33:20] ##    #    7) No opened design, design_name exists in project.
[2025-09-14 20:33:20] ## 
[2025-09-14 20:33:20] ##    set errMsg "Design <$design_name> already exists in your project, please set the variable <design_name> to another value."
[2025-09-14 20:33:20] ##    set nRet 2
[2025-09-14 20:33:20] ## 
[2025-09-14 20:33:20] ## } else {
[2025-09-14 20:33:20] ##    # USE CASES:
[2025-09-14 20:33:20] ##    #    8) No opened design, design_name not in project.
[2025-09-14 20:33:20] ##    #    9) Current opened design, has components, but diff names, design_name not in project.
[2025-09-14 20:33:20] ## 
[2025-09-14 20:33:20] ##    common::send_gid_msg -ssname BD::TCL -id 2003 -severity "INFO" "Currently there is no design <$design_name> in project, so creating one..."
[2025-09-14 20:33:20] ## 
[2025-09-14 20:33:20] ##    create_bd_design $design_name
[2025-09-14 20:33:20] ## 
[2025-09-14 20:33:20] ##    common::send_gid_msg -ssname BD::TCL -id 2004 -severity "INFO" "Making design <$design_name> as current_bd_design."
[2025-09-14 20:33:20] ##    current_bd_design $design_name
[2025-09-14 20:33:20] ## 
[2025-09-14 20:33:20] ## }
[2025-09-14 20:33:20] INFO: [BD::TCL 103-2003] Currently there is no design <design_1> in project, so creating one...
[2025-09-14 20:33:20] # set_property board_part $board_part [current_project]
[2025-09-14 20:33:20] # foreach addFile [list ${root_dir}/design/axi_tieoff_master.v ${root_dir}/design/firesim_wrapper.v ${root_dir}/design/firesim_top.sv ${root_dir}/design/firesim_defines.vh] {
[2025-09-14 20:33:20] #   set addFile [retrieveVersionedFile $addFile $vivado_version]
[2025-09-14 20:33:20] #   if {![file exists $addFile]} {
[2025-09-14 20:33:20] #     puts "ERROR: could not find file $addFile"
[2025-09-14 20:33:20] #     exit 1
[2025-09-14 20:33:20] #   }
[2025-09-14 20:33:20] #   add_files $addFile
[2025-09-14 20:33:20] #   if {[file extension $addFile] == ".vh"} {
[2025-09-14 20:33:20] #     set_property IS_GLOBAL_INCLUDE 1 [get_files $addFile]
[2025-09-14 20:33:20] #   }
[2025-09-14 20:33:20] # }
[2025-09-14 20:33:20] # if {[file exists [set sourceFile [retrieveVersionedFile ${root_dir}/scripts/firesim_env.tcl $vivado_version]]]} {
[2025-09-14 20:33:20] #   source $sourceFile
[2025-09-14 20:33:20] # }
[2025-09-14 20:33:20] ## set desired_host_frequency 25
[2025-09-14 20:33:20] ## set strategy "TIMING"
[2025-09-14 20:33:20] # if {![file exists [set sourceFile [retrieveVersionedFile ${root_dir}/scripts/create_bd.tcl $vivado_version]]]} {
[2025-09-14 20:33:20] #   puts "ERROR: could not find $sourceFile"
[2025-09-14 20:33:20] #   exit 1
[2025-09-14 20:33:20] # }
[2025-09-14 20:33:20] # source $sourceFile
[2025-09-14 20:33:20] ## namespace eval _tcl {
[2025-09-14 20:33:20] ## proc get_script_folder {} {
[2025-09-14 20:33:20] ##    set script_path [file normalize [info script]]
[2025-09-14 20:33:20] ##    set script_folder [file dirname $script_path]
[2025-09-14 20:33:20] ##    return $script_folder
[2025-09-14 20:33:20] ## }
[2025-09-14 20:33:20] ## }
[2025-09-14 20:33:20] ## variable script_folder
[2025-09-14 20:33:20] ## set script_folder [_tcl::get_script_folder]
[2025-09-14 20:33:20] ## set scripts_vivado_version 2022.2
[2025-09-14 20:33:20] ## set current_vivado_version [version -short]
[2025-09-14 20:33:20] ## if { [string first $scripts_vivado_version $current_vivado_version] == -1 } {
[2025-09-14 20:33:20] # set_property board_part $board_part [current_project]
[2025-09-14 20:33:20] ##    puts ""
[2025-09-14 20:33:20] # foreach addFile [list ${root_dir}/design/axi_tieoff_master.v ${root_dir}/design/firesim_wrapper.v ${root_dir}/design/firesim_top.sv ${root_dir}/design/firesim_defines.vh] {
[2025-09-14 20:33:20] ##    catch {common::send_gid_msg -ssname BD::TCL -id 2041 -severity "ERROR" "This script was generated using Vivado <$scripts_vivado_version> and is being run in <$current_vivado_version> of Vivado. Please run the script in Vivado <$scripts_vivado_version> then open the design in Vivado <$current_vivado_version>. Upgrade the design by running \"Tools => Report => Report IP Status...\", then run write_bd_tcl to create an updated script."}
[2025-09-14 20:33:20] #   set addFile [retrieveVersionedFile $addFile $vivado_version]
[2025-09-14 20:33:20] ## 
[2025-09-14 20:33:20] #   if {![file exists $addFile]} {
[2025-09-14 20:33:20] ##    return 1
[2025-09-14 20:33:20] #     puts "ERROR: could not find file $addFile"
[2025-09-14 20:33:20] ## }
[2025-09-14 20:33:20] #     exit 1
[2025-09-14 20:33:20] ## variable design_name
[2025-09-14 20:33:20] #   }
[2025-09-14 20:33:20] ## set design_name design_1
[2025-09-14 20:33:20] #   add_files $addFile
[2025-09-14 20:33:20] ## set errMsg ""
[2025-09-14 20:33:20] #   if {[file extension $addFile] == ".vh"} {
[2025-09-14 20:33:20] ## set nRet 0
[2025-09-14 20:33:20] #     set_property IS_GLOBAL_INCLUDE 1 [get_files $addFile]
[2025-09-14 20:33:20] #   }
[2025-09-14 20:33:20] # }
[2025-09-14 20:33:20] # if {[file exists [set sourceFile [retrieveVersionedFile ${root_dir}/scripts/firesim_env.tcl $vivado_version]]]} {
[2025-09-14 20:33:20] #   source $sourceFile
[2025-09-14 20:33:20] # }
[2025-09-14 20:33:20] ## set desired_host_frequency 25
[2025-09-14 20:33:20] ## set strategy "TIMING"
[2025-09-14 20:33:20] # if {![file exists [set sourceFile [retrieveVersionedFile ${root_dir}/scripts/create_bd.tcl $vivado_version]]]} {
[2025-09-14 20:33:20] #   puts "ERROR: could not find $sourceFile"
[2025-09-14 20:33:20] #   exit 1
[2025-09-14 20:33:20] 
[2025-09-14 20:33:20] # }
[2025-09-14 20:33:20] ****** Vivado v2022.2 (64-bit)
[2025-09-14 20:33:20] # source $sourceFile
[2025-09-14 20:33:20]   **** SW Build 3671981 on Fri Oct 14 04:59:54 MDT 2022
[2025-09-14 20:33:20] ## namespace eval _tcl {
[2025-09-14 20:33:20]   **** IP Build 3669848 on Fri Oct 14 08:30:02 MDT 2022
[2025-09-14 20:33:20] ## proc get_script_folder {} {
[2025-09-14 20:33:20] ##    set script_path [file normalize [info script]]
[2025-09-14 20:33:20]     ** Copyright 1986-2022 Xilinx, Inc. All Rights Reserved.
[2025-09-14 20:33:20] ##    set script_folder [file dirname $script_path]
[2025-09-14 20:33:20] 
[2025-09-14 20:33:20] ##    return $script_folder
[2025-09-14 20:33:20] source ./scripts/main.tcl
[2025-09-14 20:33:20] ## }
[2025-09-14 20:33:20] ## }
[2025-09-14 20:33:20] # set root_dir [pwd]
[2025-09-14 20:33:20] ## variable script_folder
[2025-09-14 20:33:20] # set vivado_version [version -short]
[2025-09-14 20:33:20] ## set script_folder [_tcl::get_script_folder]
[2025-09-14 20:33:20] # proc retrieveVersionedFile {filename version} {
[2025-09-14 20:33:20] ## set scripts_vivado_version 2022.2
[2025-09-14 20:33:20] #   set first [file rootname $filename]
[2025-09-14 20:33:20] ## set current_vivado_version [version -short]
[2025-09-14 20:33:20] ## if { [string first $scripts_vivado_version $current_vivado_version] == -1 } {
[2025-09-14 20:33:20] #   set last [file extension $filename]
[2025-09-14 20:33:20] ##    puts ""
[2025-09-14 20:33:20] #   if {[file exists ${first}_${version}${last}]} {
[2025-09-14 20:33:20] ##    catch {common::send_gid_msg -ssname BD::TCL -id 2041 -severity "ERROR" "This script was generated using Vivado <$scripts_vivado_version> and is being run in <$current_vivado_version> of Vivado. Please run the script in Vivado <$scripts_vivado_version> then open the design in Vivado <$current_vivado_version>. Upgrade the design by running \"Tools => Report => Report IP Status...\", then run write_bd_tcl to create an updated script."}
[2025-09-14 20:33:20] #     return ${first}_${version}${last}
[2025-09-14 20:33:20] ## 
[2025-09-14 20:33:20] #   }
[2025-09-14 20:33:20] ##    return 1
[2025-09-14 20:33:20] ## }
[2025-09-14 20:33:20] #   return $filename
[2025-09-14 20:33:20] ## variable design_name
[2025-09-14 20:33:20] # }
[2025-09-14 20:33:20] ## set design_name design_1
[2025-09-14 20:33:20] # if {![file exists [set sourceFile [retrieveVersionedFile ${root_dir}/scripts/platform_env.tcl $vivado_version]]]} {
[2025-09-14 20:33:20] ## set errMsg ""
[2025-09-14 20:33:20] #     puts "ERROR: could not find $sourceFile"
[2025-09-14 20:33:20] ## set nRet 0
[2025-09-14 20:33:20] #     exit 1
[2025-09-14 20:33:20] # }
[2025-09-14 20:33:20] # source $sourceFile
[2025-09-14 20:33:20] ## set jobs 12
[2025-09-14 20:33:20] ## set board_part xilinx.com:au250:part0:1.3
[2025-09-14 20:33:20] ## set part xcu250-figd2104-2L-e
[2025-09-14 20:33:20] # foreach path [list ${root_dir}/vivado_proj/firesim.bit] {
[2025-09-14 20:33:20] #     if {[file exists ${path}]} {
[2025-09-14 20:33:20] ## set cur_design [current_bd_design -quiet]
[2025-09-14 20:33:20] #         file delete -force -- ${path}
[2025-09-14 20:33:20] ## set list_cells [get_bd_cells -quiet]
[2025-09-14 20:33:20] #     }
[2025-09-14 20:33:20] ## if { ${design_name} eq "" } {
[2025-09-14 20:33:20] # }
[2025-09-14 20:33:20] ##    # USE CASES:
[2025-09-14 20:33:20] # create_project -force firesim ${root_dir}/vivado_proj -part $part
[2025-09-14 20:33:20] ##    #    1) Design_name not set
[2025-09-14 20:33:20] ## 
[2025-09-14 20:33:20] ##    set errMsg "Please set the variable <design_name> to a non-empty value."
[2025-09-14 20:33:20] ##    set nRet 1
[2025-09-14 20:33:20] ## 
[2025-09-14 20:33:20] ## } elseif { ${cur_design} ne "" && ${list_cells} eq "" } {
[2025-09-14 20:33:20] ##    # USE CASES:
[2025-09-14 20:33:20] ##    #    2): Current design opened AND is empty AND names same.
[2025-09-14 20:33:20] ##    #    3): Current design opened AND is empty AND names diff; design_name NOT in project.
[2025-09-14 20:33:20] ##    #    4): Current design opened AND is empty AND names diff; design_name exists in project.
[2025-09-14 20:33:20] ## 
[2025-09-14 20:33:20] ##    if { $cur_design ne $design_name } {
[2025-09-14 20:33:20] ##       common::send_gid_msg -ssname BD::TCL -id 2001 -severity "INFO" "Changing value of <design_name> from <$design_name> to <$cur_design> since current design is empty."
[2025-09-14 20:33:20] ##       set design_name [get_property NAME $cur_design]
[2025-09-14 20:33:20] ##    }
[2025-09-14 20:33:20] ##    common::send_gid_msg -ssname BD::TCL -id 2002 -severity "INFO" "Constructing design in IPI design <$cur_design>..."
[2025-09-14 20:33:20] ## 
[2025-09-14 20:33:20] ## } elseif { ${cur_design} ne "" && $list_cells ne "" && $cur_design eq $design_name } {
[2025-09-14 20:33:20] ##    # USE CASES:
[2025-09-14 20:33:20] ##    #    5) Current design opened AND has components AND same names.
[2025-09-14 20:33:20] ## 
[2025-09-14 20:33:20] ##    set errMsg "Design <$design_name> already exists in your project, please set the variable <design_name> to another value."
[2025-09-14 20:33:21] ##    set nRet 1
[2025-09-14 20:33:21] ## } elseif { [get_files -quiet ${design_name}.bd] ne "" } {
[2025-09-14 20:33:21] ##    # USE CASES: 
[2025-09-14 20:33:21] ##    #    6) Current opened design, has components, but diff names, design_name exists in project.
[2025-09-14 20:33:21] ##    #    7) No opened design, design_name exists in project.
[2025-09-14 20:33:21] ## 
[2025-09-14 20:33:21] ##    set errMsg "Design <$design_name> already exists in your project, please set the variable <design_name> to another value."
[2025-09-14 20:33:21] ## set cur_design [current_bd_design -quiet]
[2025-09-14 20:33:21] ##    set nRet 2
[2025-09-14 20:33:21] ## set list_cells [get_bd_cells -quiet]
[2025-09-14 20:33:21] ## 
[2025-09-14 20:33:21] ## if { ${design_name} eq "" } {
[2025-09-14 20:33:21] ## } else {
[2025-09-14 20:33:21] ##    # USE CASES:
[2025-09-14 20:33:21] ##    # USE CASES:
[2025-09-14 20:33:21] ##    #    1) Design_name not set
[2025-09-14 20:33:21] ##    #    8) No opened design, design_name not in project.
[2025-09-14 20:33:21] ## 
[2025-09-14 20:33:21] ##    #    9) Current opened design, has components, but diff names, design_name not in project.
[2025-09-14 20:33:21] ##    set errMsg "Please set the variable <design_name> to a non-empty value."
[2025-09-14 20:33:21] ## 
[2025-09-14 20:33:21] ##    set nRet 1
[2025-09-14 20:33:21] ##    common::send_gid_msg -ssname BD::TCL -id 2003 -severity "INFO" "Currently there is no design <$design_name> in project, so creating one..."
[2025-09-14 20:33:21] ## 
[2025-09-14 20:33:21] ## 
[2025-09-14 20:33:21] ## } elseif { ${cur_design} ne "" && ${list_cells} eq "" } {
[2025-09-14 20:33:21] ##    create_bd_design $design_name
[2025-09-14 20:33:21] ##    # USE CASES:
[2025-09-14 20:33:21] ## 
[2025-09-14 20:33:21] ##    #    2): Current design opened AND is empty AND names same.
[2025-09-14 20:33:21] ##    common::send_gid_msg -ssname BD::TCL -id 2004 -severity "INFO" "Making design <$design_name> as current_bd_design."
[2025-09-14 20:33:21] ##    #    3): Current design opened AND is empty AND names diff; design_name NOT in project.
[2025-09-14 20:33:21] ##    current_bd_design $design_name
[2025-09-14 20:33:21] ##    #    4): Current design opened AND is empty AND names diff; design_name exists in project.
[2025-09-14 20:33:21] ## 
[2025-09-14 20:33:21] ## 
[2025-09-14 20:33:21] ## }
[2025-09-14 20:33:21] ##    if { $cur_design ne $design_name } {
[2025-09-14 20:33:21] INFO: [BD::TCL 103-2003] Currently there is no design <design_1> in project, so creating one...
[2025-09-14 20:33:21] ##       common::send_gid_msg -ssname BD::TCL -id 2001 -severity "INFO" "Changing value of <design_name> from <$design_name> to <$cur_design> since current design is empty."
[2025-09-14 20:33:21] Wrote  : </cluster/home/eirikwit/vortex-gpgpu/chipyard/sims/firesim/sim/generated-src/alveo/FireSim-FireSimV2S1C-BaseF1Config1Mem_F25MHz/u250/vivado_proj/firesim.srcs/sources_1/bd/design_1/design_1.bd> 
[2025-09-14 20:33:21] ##       set design_name [get_property NAME $cur_design]
[2025-09-14 20:33:21] ##    }
[2025-09-14 20:33:21] ##    common::send_gid_msg -ssname BD::TCL -id 2002 -severity "INFO" "Constructing design in IPI design <$cur_design>..."
[2025-09-14 20:33:21] INFO: [BD::TCL 103-2004] Making design <design_1> as current_bd_design.
[2025-09-14 20:33:21] ## 
[2025-09-14 20:33:21] ## common::send_gid_msg -ssname BD::TCL -id 2005 -severity "INFO" "Currently the variable <design_name> is equal to \"$design_name\"."
[2025-09-14 20:33:21] ## } elseif { ${cur_design} ne "" && $list_cells ne "" && $cur_design eq $design_name } {
[2025-09-14 20:33:21] INFO: [BD::TCL 103-2005] Currently the variable <design_name> is equal to "design_1".
[2025-09-14 20:33:21] ##    # USE CASES:
[2025-09-14 20:33:21] ## if { $nRet != 0 } {
[2025-09-14 20:33:21] ##    #    5) Current design opened AND has components AND same names.
[2025-09-14 20:33:21] ##    catch {common::send_gid_msg -ssname BD::TCL -id 2006 -severity "ERROR" $errMsg}
[2025-09-14 20:33:21] ## 
[2025-09-14 20:33:21] ##    return $nRet
[2025-09-14 20:33:21] ##    set errMsg "Design <$design_name> already exists in your project, please set the variable <design_name> to another value."
[2025-09-14 20:33:21] ## }
[2025-09-14 20:33:21] ##    set nRet 1
[2025-09-14 20:33:21] ## } elseif { [get_files -quiet ${design_name}.bd] ne "" } {
[2025-09-14 20:33:21] ## set bCheckIPsPassed 1
[2025-09-14 20:33:21] ## set bCheckIPs 1
[2025-09-14 20:33:21] ##    # USE CASES: 
[2025-09-14 20:33:21] ##    #    6) Current opened design, has components, but diff names, design_name exists in project.
[2025-09-14 20:33:21] ## if { $bCheckIPs == 1 } {
[2025-09-14 20:33:21] ##    set list_check_ips "\ 
[2025-09-14 20:33:21] ##    #    7) No opened design, design_name exists in project.
[2025-09-14 20:33:21] ## 
[2025-09-14 20:33:21] ## xilinx.com:ip:axi_clock_converter:2.1\
[2025-09-14 20:33:21] ## xilinx.com:ip:axi_dwidth_converter:2.1\
[2025-09-14 20:33:21] ##    set errMsg "Design <$design_name> already exists in your project, please set the variable <design_name> to another value."
[2025-09-14 20:33:21] ##    set nRet 2
[2025-09-14 20:33:21] ## xilinx.com:ip:clk_wiz:6.0\
[2025-09-14 20:33:21] ## xilinx.com:ip:ddr4:2.2\
[2025-09-14 20:33:21] ## 
[2025-09-14 20:33:21] ## } else {
[2025-09-14 20:33:21] ## xilinx.com:ip:proc_sys_reset:5.0\
[2025-09-14 20:33:21] ## xilinx.com:ip:util_vector_logic:2.0\
[2025-09-14 20:33:21] ##    # USE CASES:
[2025-09-14 20:33:21] ##    #    8) No opened design, design_name not in project.
[2025-09-14 20:33:21] ## xilinx.com:ip:util_ds_buf:2.2\
[2025-09-14 20:33:21] ## if { $bCheckIPsPassed != 1 } {
[2025-09-14 20:33:21] ## xilinx.com:ip:xdma:4.1\
[2025-09-14 20:33:21] ##    #    9) Current opened design, has components, but diff names, design_name not in project.
[2025-09-14 20:33:21] ## 
[2025-09-14 20:33:21] ## xilinx.com:ip:xlconstant:1.1\
[2025-09-14 20:33:21] ##   common::send_gid_msg -ssname BD::TCL -id 2023 -severity "WARNING" "Will not continue with creation of design due to the error(s) above."
[2025-09-14 20:33:21] ##    common::send_gid_msg -ssname BD::TCL -id 2003 -severity "INFO" "Currently there is no design <$design_name> in project, so creating one..."
[2025-09-14 20:33:21] ## "
[2025-09-14 20:33:21] ## 
[2025-09-14 20:33:21] ## 
[2025-09-14 20:33:21] ##    create_bd_design $design_name
[2025-09-14 20:33:21] ##    set list_ips_missing ""
[2025-09-14 20:33:21] ##   return 3
[2025-09-14 20:33:21] ## 
[2025-09-14 20:33:21] ##    common::send_gid_msg -ssname BD::TCL -id 2011 -severity "INFO" "Checking if the following IPs exist in the project's IP catalog: $list_check_ips ."
[2025-09-14 20:33:21] ##    common::send_gid_msg -ssname BD::TCL -id 2004 -severity "INFO" "Making design <$design_name> as current_bd_design."
[2025-09-14 20:33:21] ## 
[2025-09-14 20:33:21] ## }
[2025-09-14 20:33:21] ##    current_bd_design $design_name
[2025-09-14 20:33:21] ##    foreach ip_vlnv $list_check_ips {
[2025-09-14 20:33:21] ## 
[2025-09-14 20:33:21] ##       set ip_obj [get_ipdefs -all $ip_vlnv]
[2025-09-14 20:33:21] ## }
[2025-09-14 20:33:21] ##       if { $ip_obj eq "" } {
[2025-09-14 20:33:21] ## proc create_root_design { parentCell firesim_freq } {
[2025-09-14 20:33:21] INFO: [BD::TCL 103-2003] Currently there is no design <design_1> in project, so creating one...
[2025-09-14 20:33:21] ##          lappend list_ips_missing $ip_vlnv
[2025-09-14 20:33:21] ##       }
[2025-09-14 20:33:21] ## 
[2025-09-14 20:33:21] ##    }
[2025-09-14 20:33:21] ## 
[2025-09-14 20:33:21] ##   variable script_folder
[2025-09-14 20:33:21] ##    if { $list_ips_missing ne "" } {
[2025-09-14 20:33:21] ##       catch {common::send_gid_msg -ssname BD::TCL -id 2012 -severity "ERROR" "The following IPs are not found in the IP Catalog:\n  $list_ips_missing\n\nResolution: Please add the repository containing the IP(s) to the project." }
[2025-09-14 20:33:21] ##       set bCheckIPsPassed 0
[2025-09-14 20:33:21] ##   variable design_name
[2025-09-14 20:33:21] ##    }
[2025-09-14 20:33:21] ## 
[2025-09-14 20:33:21] ## 
[2025-09-14 20:33:21] ## }
[2025-09-14 20:33:21] INFO: [BD::TCL 103-2011] Checking if the following IPs exist in the project's IP catalog:  
[2025-09-14 20:33:21] ##   if { $parentCell eq "" } {
[2025-09-14 20:33:21] xilinx.com:ip:axi_clock_converter:2.1 xilinx.com:ip:axi_dwidth_converter:2.1 xilinx.com:ip:clk_wiz:6.0 xilinx.com:ip:ddr4:2.2 xilinx.com:ip:proc_sys_reset:5.0 xilinx.com:ip:util_vector_logic:2.0 xilinx.com:ip:util_ds_buf:2.2 xilinx.com:ip:xdma:4.1 xilinx.com:ip:xlconstant:1.1  .
[2025-09-14 20:33:21] ## set bCheckModules 1
[2025-09-14 20:33:21] ##      set parentCell [get_bd_cells /]
[2025-09-14 20:33:21] ## if { $bCheckModules == 1 } {
[2025-09-14 20:33:21] ##    set list_check_mods "\ 
[2025-09-14 20:33:21] ## axi_tieoff_master\
[2025-09-14 20:33:21] ##   }
[2025-09-14 20:33:21] ## firesim_wrapper\
[2025-09-14 20:33:21] ## "
[2025-09-14 20:33:21] ## 
[2025-09-14 20:33:21] ## 
[2025-09-14 20:33:21] ##    set list_mods_missing ""
[2025-09-14 20:33:21] ##   # Get object for parentCell
[2025-09-14 20:33:21] ##    common::send_gid_msg -ssname BD::TCL -id 2020 -severity "INFO" "Checking if the following modules exist in the project's sources: $list_check_mods ."
[2025-09-14 20:33:21] ## 
[2025-09-14 20:33:21] ##   set parentObj [get_bd_cells $parentCell]
[2025-09-14 20:33:21] ##    foreach mod_vlnv $list_check_mods {
[2025-09-14 20:33:21] ##       if { [can_resolve_reference $mod_vlnv] == 0 } {
[2025-09-14 20:33:21] ##          lappend list_mods_missing $mod_vlnv
[2025-09-14 20:33:21] ##   if { $parentObj == "" } {
[2025-09-14 20:33:21] # set_property board_part $board_part [current_project]
[2025-09-14 20:33:21] ##       }
[2025-09-14 20:33:21] # foreach addFile [list ${root_dir}/design/axi_tieoff_master.v ${root_dir}/design/firesim_wrapper.v ${root_dir}/design/firesim_top.sv ${root_dir}/design/firesim_defines.vh] {
[2025-09-14 20:33:21] ##    }
[2025-09-14 20:33:21] #   set addFile [retrieveVersionedFile $addFile $vivado_version]
[2025-09-14 20:33:21] ##      catch {common::send_gid_msg -ssname BD::TCL -id 2090 -severity "ERROR" "Unable to find parent cell <$parentCell>!"}
[2025-09-14 20:33:21] ## 
[2025-09-14 20:33:21] #   if {![file exists $addFile]} {
[2025-09-14 20:33:21] ##    if { $list_mods_missing ne "" } {
[2025-09-14 20:33:21] #     puts "ERROR: could not find file $addFile"
[2025-09-14 20:33:21] ##      return
[2025-09-14 20:33:21] ##       catch {common::send_gid_msg -ssname BD::TCL -id 2021 -severity "ERROR" "The following module(s) are not found in the project: $list_mods_missing" }
[2025-09-14 20:33:21] #     exit 1
[2025-09-14 20:33:21] ##       common::send_gid_msg -ssname BD::TCL -id 2022 -severity "INFO" "Please add source files for the missing module(s) above."
[2025-09-14 20:33:21] #   }
[2025-09-14 20:33:21] ##   }
[2025-09-14 20:33:21] ##       set bCheckIPsPassed 0
[2025-09-14 20:33:21] #   add_files $addFile
[2025-09-14 20:33:21] ##    }
[2025-09-14 20:33:21] #   if {[file extension $addFile] == ".vh"} {
[2025-09-14 20:33:21] ## 
[2025-09-14 20:33:21] ## }
[2025-09-14 20:33:21] #     set_property IS_GLOBAL_INCLUDE 1 [get_files $addFile]
[2025-09-14 20:33:21] INFO: [BD::TCL 103-2020] Checking if the following modules exist in the project's sources:  
[2025-09-14 20:33:21] #   }
[2025-09-14 20:33:21] axi_tieoff_master firesim_wrapper  .
[2025-09-14 20:33:21] ##   # Make sure parentObj is hier blk
[2025-09-14 20:33:21] # }
[2025-09-14 20:33:21] # if {[file exists [set sourceFile [retrieveVersionedFile ${root_dir}/scripts/firesim_env.tcl $vivado_version]]]} {
[2025-09-14 20:33:21] ##   set parentType [get_property TYPE $parentObj]
[2025-09-14 20:33:21] #   source $sourceFile
[2025-09-14 20:33:21] # }
[2025-09-14 20:33:21] ##   if { $parentType ne "hier" } {
[2025-09-14 20:33:21] ## set desired_host_frequency 25
[2025-09-14 20:33:21] ## set strategy "TIMING"
[2025-09-14 20:33:21] # if {![file exists [set sourceFile [retrieveVersionedFile ${root_dir}/scripts/create_bd.tcl $vivado_version]]]} {
[2025-09-14 20:33:21] ##      catch {common::send_gid_msg -ssname BD::TCL -id 2091 -severity "ERROR" "Parent <$parentObj> has TYPE = <$parentType>. Expected to be <hier>."}
[2025-09-14 20:33:21] #   puts "ERROR: could not find $sourceFile"
[2025-09-14 20:33:21] #   exit 1
[2025-09-14 20:33:21] ##      return
[2025-09-14 20:33:21] # }
[2025-09-14 20:33:21] # source $sourceFile
[2025-09-14 20:33:21] # set_property board_part $board_part [current_project]
[2025-09-14 20:33:21] ##   }
[2025-09-14 20:33:21] ## namespace eval _tcl {
[2025-09-14 20:33:21] # foreach addFile [list ${root_dir}/design/axi_tieoff_master.v ${root_dir}/design/firesim_wrapper.v ${root_dir}/design/firesim_top.sv ${root_dir}/design/firesim_defines.vh] {
[2025-09-14 20:33:21] ## proc get_script_folder {} {
[2025-09-14 20:33:21] #   set addFile [retrieveVersionedFile $addFile $vivado_version]
[2025-09-14 20:33:21] ## 
[2025-09-14 20:33:21] ##    set script_path [file normalize [info script]]
[2025-09-14 20:33:21] #   if {![file exists $addFile]} {
[2025-09-14 20:33:21] ##    set script_folder [file dirname $script_path]
[2025-09-14 20:33:21] #     puts "ERROR: could not find file $addFile"
[2025-09-14 20:33:21] ##    return $script_folder
[2025-09-14 20:33:21] ##   # Save current instance; Restore later
[2025-09-14 20:33:21] #     exit 1
[2025-09-14 20:33:21] ## }
[2025-09-14 20:33:21] #   }
[2025-09-14 20:33:21] ## }
[2025-09-14 20:33:21] ##   set oldCurInst [current_bd_instance .]
[2025-09-14 20:33:21] #   add_files $addFile
[2025-09-14 20:33:21] ## variable script_folder
[2025-09-14 20:33:21] #   if {[file extension $addFile] == ".vh"} {
[2025-09-14 20:33:21] ## set script_folder [_tcl::get_script_folder]
[2025-09-14 20:33:21] ## 
[2025-09-14 20:33:21] #     set_property IS_GLOBAL_INCLUDE 1 [get_files $addFile]
[2025-09-14 20:33:21] ## set scripts_vivado_version 2022.2
[2025-09-14 20:33:21] #   }
[2025-09-14 20:33:21] ## set current_vivado_version [version -short]
[2025-09-14 20:33:21] # }
[2025-09-14 20:33:21] ##   # Set parent object as current
[2025-09-14 20:33:21] ## if { [string first $scripts_vivado_version $current_vivado_version] == -1 } {
[2025-09-14 20:33:21] # if {[file exists [set sourceFile [retrieveVersionedFile ${root_dir}/scripts/firesim_env.tcl $vivado_version]]]} {
[2025-09-14 20:33:21] ##    puts ""
[2025-09-14 20:33:21] #   source $sourceFile
[2025-09-14 20:33:21] ##   current_bd_instance $parentObj
[2025-09-14 20:33:21] ##    catch {common::send_gid_msg -ssname BD::TCL -id 2041 -severity "ERROR" "This script was generated using Vivado <$scripts_vivado_version> and is being run in <$current_vivado_version> of Vivado. Please run the script in Vivado <$scripts_vivado_version> then open the design in Vivado <$current_vivado_version>. Upgrade the design by running \"Tools => Report => Report IP Status...\", then run write_bd_tcl to create an updated script."}
[2025-09-14 20:33:21] # }
[2025-09-14 20:33:21] ## 
[2025-09-14 20:33:21] ## set desired_host_frequency 25
[2025-09-14 20:33:21] ##    return 1
[2025-09-14 20:33:21] ## 
[2025-09-14 20:33:21] ## set strategy "TIMING"
[2025-09-14 20:33:21] ## }
[2025-09-14 20:33:21] # if {![file exists [set sourceFile [retrieveVersionedFile ${root_dir}/scripts/create_bd.tcl $vivado_version]]]} {
[2025-09-14 20:33:21] ## variable design_name
[2025-09-14 20:33:21] ## 
[2025-09-14 20:33:21] #   puts "ERROR: could not find $sourceFile"
[2025-09-14 20:33:21] ## set design_name design_1
[2025-09-14 20:33:21] #   exit 1
[2025-09-14 20:33:21] ## set errMsg ""
[2025-09-14 20:33:21] ##   # Create interface ports
[2025-09-14 20:33:21] # }
[2025-09-14 20:33:21] ## set nRet 0
[2025-09-14 20:33:21] # source $sourceFile
[2025-09-14 20:33:21] ## namespace eval _tcl {
[2025-09-14 20:33:21] ##   set ddr4_sdram_c0 [ create_bd_intf_port -mode Master -vlnv xilinx.com:interface:ddr4_rtl:1.0 ddr4_sdram_c0 ]
[2025-09-14 20:33:21] ## proc get_script_folder {} {
[2025-09-14 20:33:21] ##    set script_path [file normalize [info script]]
[2025-09-14 20:33:21] ## 
[2025-09-14 20:33:21] ##    set script_folder [file dirname $script_path]
[2025-09-14 20:33:21] ##    return $script_folder
[2025-09-14 20:33:21] ## }
[2025-09-14 20:33:21] ##   set default_300mhz_clk0 [ create_bd_intf_port -mode Slave -vlnv xilinx.com:interface:diff_clock_rtl:1.0 default_300mhz_clk0 ]
[2025-09-14 20:33:21] ## }
[2025-09-14 20:33:21] ## variable script_folder
[2025-09-14 20:33:21] ##   set_property -dict [ list \
[2025-09-14 20:33:21] ## set script_folder [_tcl::get_script_folder]
[2025-09-14 20:33:21] ## set scripts_vivado_version 2022.2
[2025-09-14 20:33:21] ## set current_vivado_version [version -short]
[2025-09-14 20:33:21] ##    CONFIG.FREQ_HZ {300000000} \
[2025-09-14 20:33:21] ## if { [string first $scripts_vivado_version $current_vivado_version] == -1 } {
[2025-09-14 20:33:21] ##    puts ""
[2025-09-14 20:33:21] ##    ] $default_300mhz_clk0
[2025-09-14 20:33:21] ##    catch {common::send_gid_msg -ssname BD::TCL -id 2041 -severity "ERROR" "This script was generated using Vivado <$scripts_vivado_version> and is being run in <$current_vivado_version> of Vivado. Please run the script in Vivado <$scripts_vivado_version> then open the design in Vivado <$current_vivado_version>. Upgrade the design by running \"Tools => Report => Report IP Status...\", then run write_bd_tcl to create an updated script."}
[2025-09-14 20:33:21] ## 
[2025-09-14 20:33:21] ## 
[2025-09-14 20:33:21] ##    return 1
[2025-09-14 20:33:21] ## }
[2025-09-14 20:33:21] ##   set pci_express_x16 [ create_bd_intf_port -mode Master -vlnv xilinx.com:interface:pcie_7x_mgt_rtl:1.0 pci_express_x16 ]
[2025-09-14 20:33:21] ## variable design_name
[2025-09-14 20:33:21] ## set design_name design_1
[2025-09-14 20:33:21] ## set errMsg ""
[2025-09-14 20:33:21] ## 
[2025-09-14 20:33:21] ## set nRet 0
[2025-09-14 20:33:21] ##   set pcie_refclk [ create_bd_intf_port -mode Slave -vlnv xilinx.com:interface:diff_clock_rtl:1.0 pcie_refclk ]
[2025-09-14 20:33:21] ##   set_property -dict [ list \
[2025-09-14 20:33:21] ##    CONFIG.FREQ_HZ {100000000} \
[2025-09-14 20:33:21] ##    ] $pcie_refclk
[2025-09-14 20:33:21] ## 
[2025-09-14 20:33:21] ## 
[2025-09-14 20:33:21] ##   # Create ports
[2025-09-14 20:33:21] ##   set pcie_perstn [ create_bd_port -dir I -type rst pcie_perstn ]
[2025-09-14 20:33:21] ## set cur_design [current_bd_design -quiet]
[2025-09-14 20:33:21] ## set list_cells [get_bd_cells -quiet]
[2025-09-14 20:33:21] ##   set_property -dict [ list \
[2025-09-14 20:33:21] ## if { ${design_name} eq "" } {
[2025-09-14 20:33:21] ##    # USE CASES:
[2025-09-14 20:33:21] ##    CONFIG.POLARITY {ACTIVE_LOW} \
[2025-09-14 20:33:21] ##    #    1) Design_name not set
[2025-09-14 20:33:21] ## 
[2025-09-14 20:33:21] ##    set errMsg "Please set the variable <design_name> to a non-empty value."
[2025-09-14 20:33:21] ##  ] $pcie_perstn
[2025-09-14 20:33:21] ##    set nRet 1
[2025-09-14 20:33:21] ## 
[2025-09-14 20:33:21] ##   set resetn [ create_bd_port -dir I -type rst resetn ]
[2025-09-14 20:33:21] ## } elseif { ${cur_design} ne "" && ${list_cells} eq "" } {
[2025-09-14 20:33:21] ##    # USE CASES:
[2025-09-14 20:33:21] ##   set_property -dict [ list \
[2025-09-14 20:33:21] ##    #    2): Current design opened AND is empty AND names same.
[2025-09-14 20:33:21] ##    #    3): Current design opened AND is empty AND names diff; design_name NOT in project.
[2025-09-14 20:33:21] ##    CONFIG.POLARITY {ACTIVE_LOW} \
[2025-09-14 20:33:21] ##    #    4): Current design opened AND is empty AND names diff; design_name exists in project.
[2025-09-14 20:33:21] ## 
[2025-09-14 20:33:21] ##  ] $resetn
[2025-09-14 20:33:21] ##    if { $cur_design ne $design_name } {
[2025-09-14 20:33:21] ##       common::send_gid_msg -ssname BD::TCL -id 2001 -severity "INFO" "Changing value of <design_name> from <$design_name> to <$cur_design> since current design is empty."
[2025-09-14 20:33:21] ## 
[2025-09-14 20:33:21] ##       set design_name [get_property NAME $cur_design]
[2025-09-14 20:33:21] ##    }
[2025-09-14 20:33:21] ##    common::send_gid_msg -ssname BD::TCL -id 2002 -severity "INFO" "Constructing design in IPI design <$cur_design>..."
[2025-09-14 20:33:21] ##   # Create instance: axi_clock_converter_0, and set properties
[2025-09-14 20:33:21] ## set cur_design [current_bd_design -quiet]
[2025-09-14 20:33:21] ## 
[2025-09-14 20:33:21] ## set list_cells [get_bd_cells -quiet]
[2025-09-14 20:33:21] ## } elseif { ${cur_design} ne "" && $list_cells ne "" && $cur_design eq $design_name } {
[2025-09-14 20:33:21] ## if { ${design_name} eq "" } {
[2025-09-14 20:33:21] ##   set axi_clock_converter_0 [ create_bd_cell -type ip -vlnv xilinx.com:ip:axi_clock_converter:2.1 axi_clock_converter_0 ]
[2025-09-14 20:33:21] ##    # USE CASES:
[2025-09-14 20:33:21] ##    # USE CASES:
[2025-09-14 20:33:21] ##    #    5) Current design opened AND has components AND same names.
[2025-09-14 20:33:21] ##    #    1) Design_name not set
[2025-09-14 20:33:21] ## 
[2025-09-14 20:33:21] ## 
[2025-09-14 20:33:21] ## 
[2025-09-14 20:33:21] ##    set errMsg "Design <$design_name> already exists in your project, please set the variable <design_name> to another value."
[2025-09-14 20:33:21] ##    set errMsg "Please set the variable <design_name> to a non-empty value."
[2025-09-14 20:33:21] ##    set nRet 1
[2025-09-14 20:33:21] ##   # Create instance: axi_clock_converter_1, and set properties
[2025-09-14 20:33:21] ##    set nRet 1
[2025-09-14 20:33:21] ## } elseif { [get_files -quiet ${design_name}.bd] ne "" } {
[2025-09-14 20:33:21] ## 
[2025-09-14 20:33:21] ##    # USE CASES: 
[2025-09-14 20:33:21] ## } elseif { ${cur_design} ne "" && ${list_cells} eq "" } {
[2025-09-14 20:33:21] ##   set axi_clock_converter_1 [ create_bd_cell -type ip -vlnv xilinx.com:ip:axi_clock_converter:2.1 axi_clock_converter_1 ]
[2025-09-14 20:33:21] ##    #    6) Current opened design, has components, but diff names, design_name exists in project.
[2025-09-14 20:33:21] ##    # USE CASES:
[2025-09-14 20:33:21] ##    #    7) No opened design, design_name exists in project.
[2025-09-14 20:33:21] ##    #    2): Current design opened AND is empty AND names same.
[2025-09-14 20:33:21] ## 
[2025-09-14 20:33:21] ## 
[2025-09-14 20:33:21] ##    #    3): Current design opened AND is empty AND names diff; design_name NOT in project.
[2025-09-14 20:33:21] ##    set errMsg "Design <$design_name> already exists in your project, please set the variable <design_name> to another value."
[2025-09-14 20:33:21] ##    #    4): Current design opened AND is empty AND names diff; design_name exists in project.
[2025-09-14 20:33:21] ##    set nRet 2
[2025-09-14 20:33:21] ##   # Create instance: axi_dwidth_converter_0, and set properties
[2025-09-14 20:33:21] ## 
[2025-09-14 20:33:21] ## 
[2025-09-14 20:33:21] ##    if { $cur_design ne $design_name } {
[2025-09-14 20:33:21] ## } else {
[2025-09-14 20:33:21] ##       common::send_gid_msg -ssname BD::TCL -id 2001 -severity "INFO" "Changing value of <design_name> from <$design_name> to <$cur_design> since current design is empty."
[2025-09-14 20:33:21] ##   set axi_dwidth_converter_0 [ create_bd_cell -type ip -vlnv xilinx.com:ip:axi_dwidth_converter:2.1 axi_dwidth_converter_0 ]
[2025-09-14 20:33:21] ##    # USE CASES:
[2025-09-14 20:33:21] ##       set design_name [get_property NAME $cur_design]
[2025-09-14 20:33:21] ##    #    8) No opened design, design_name not in project.
[2025-09-14 20:33:21] ##    }
[2025-09-14 20:33:21] ##    #    9) Current opened design, has components, but diff names, design_name not in project.
[2025-09-14 20:33:21] ##   set_property -dict [list \
[2025-09-14 20:33:21] ##    common::send_gid_msg -ssname BD::TCL -id 2002 -severity "INFO" "Constructing design in IPI design <$cur_design>..."
[2025-09-14 20:33:21] ## 
[2025-09-14 20:33:21] ## 
[2025-09-14 20:33:21] ##    common::send_gid_msg -ssname BD::TCL -id 2003 -severity "INFO" "Currently there is no design <$design_name> in project, so creating one..."
[2025-09-14 20:33:21] ## } elseif { ${cur_design} ne "" && $list_cells ne "" && $cur_design eq $design_name } {
[2025-09-14 20:33:21] ##     CONFIG.ACLK_ASYNC {1} \
[2025-09-14 20:33:21] ## 
[2025-09-14 20:33:21] ##    # USE CASES:
[2025-09-14 20:33:21] ##    create_bd_design $design_name
[2025-09-14 20:33:21] ##    #    5) Current design opened AND has components AND same names.
[2025-09-14 20:33:21] ##     CONFIG.FIFO_MODE {2} \
[2025-09-14 20:33:21] ## 
[2025-09-14 20:33:21] ## 
[2025-09-14 20:33:21] ##    common::send_gid_msg -ssname BD::TCL -id 2004 -severity "INFO" "Making design <$design_name> as current_bd_design."
[2025-09-14 20:33:21] ##    set errMsg "Design <$design_name> already exists in your project, please set the variable <design_name> to another value."
[2025-09-14 20:33:21] ##    current_bd_design $design_name
[2025-09-14 20:33:21] ##     CONFIG.MI_DATA_WIDTH {512} \
[2025-09-14 20:33:21] ##    set nRet 1
[2025-09-14 20:33:21] ## 
[2025-09-14 20:33:21] ## } elseif { [get_files -quiet ${design_name}.bd] ne "" } {
[2025-09-14 20:33:21] ## }
[2025-09-14 20:33:21] ##    # USE CASES: 
[2025-09-14 20:33:21] ##     CONFIG.SI_DATA_WIDTH {64} \
[2025-09-14 20:33:21] INFO: [BD::TCL 103-2003] Currently there is no design <design_1> in project, so creating one...
[2025-09-14 20:33:21] ##    #    6) Current opened design, has components, but diff names, design_name exists in project.
[2025-09-14 20:33:21] ##    #    7) No opened design, design_name exists in project.
[2025-09-14 20:33:21] ##     CONFIG.SI_ID_WIDTH {16} \
[2025-09-14 20:33:21] ## 
[2025-09-14 20:33:21] ##    set errMsg "Design <$design_name> already exists in your project, please set the variable <design_name> to another value."
[2025-09-14 20:33:21] ##   ] $axi_dwidth_converter_0
[2025-09-14 20:33:21] ##    set nRet 2
[2025-09-14 20:33:21] ## 
[2025-09-14 20:33:21] ## } else {
[2025-09-14 20:33:21] ## 
[2025-09-14 20:33:21] ##    # USE CASES:
[2025-09-14 20:33:21] ##    #    8) No opened design, design_name not in project.
[2025-09-14 20:33:21] ## 
[2025-09-14 20:33:21] ##    #    9) Current opened design, has components, but diff names, design_name not in project.
[2025-09-14 20:33:21] ## 
[2025-09-14 20:33:21] ##   # Create instance: axi_tieoff_master_0, and set properties
[2025-09-14 20:33:21] ##    common::send_gid_msg -ssname BD::TCL -id 2003 -severity "INFO" "Currently there is no design <$design_name> in project, so creating one..."
[2025-09-14 20:33:21] ## 
[2025-09-14 20:33:21] ##    create_bd_design $design_name
[2025-09-14 20:33:21] ##   set block_name axi_tieoff_master
[2025-09-14 20:33:21] ## 
[2025-09-14 20:33:21] ##    common::send_gid_msg -ssname BD::TCL -id 2004 -severity "INFO" "Making design <$design_name> as current_bd_design."
[2025-09-14 20:33:21] ##   set block_cell_name axi_tieoff_master_0
[2025-09-14 20:33:21] ##    current_bd_design $design_name
[2025-09-14 20:33:21] ## 
[2025-09-14 20:33:21] ##   if { [catch {set axi_tieoff_master_0 [create_bd_cell -type module -reference $block_name $block_cell_name] } errmsg] } {
[2025-09-14 20:33:21] ## }
[2025-09-14 20:33:21] INFO: [BD::TCL 103-2003] Currently there is no design <design_1> in project, so creating one...
[2025-09-14 20:33:21] ##      catch {common::send_gid_msg -ssname BD::TCL -id 2095 -severity "ERROR" "Unable to add referenced block <$block_name>. Please add the files for ${block_name}'s definition into the project."}
[2025-09-14 20:33:21] ##      return 1
[2025-09-14 20:33:21] ##    } elseif { $axi_tieoff_master_0 eq "" } {
[2025-09-14 20:33:21] ##      catch {common::send_gid_msg -ssname BD::TCL -id 2096 -severity "ERROR" "Unable to referenced block <$block_name>. Please add the files for ${block_name}'s definition into the project."}
[2025-09-14 20:33:21] Wrote  : </cluster/home/eirikwit/vortex-gpgpu/chipyard/sims/firesim/sim/generated-src/alveo/FireSim-FireSimV2S1C-BaseF1Config1Mem_F25MHz/u250/vivado_proj/firesim.srcs/sources_1/bd/design_1/design_1.bd> 
[2025-09-14 20:33:21] ##      return 1
[2025-09-14 20:33:21] INFO: [BD::TCL 103-2004] Making design <design_1> as current_bd_design.
[2025-09-14 20:33:21] ## common::send_gid_msg -ssname BD::TCL -id 2005 -severity "INFO" "Currently the variable <design_name> is equal to \"$design_name\"."
[2025-09-14 20:33:21] ##    }
[2025-09-14 20:33:21] INFO: [BD::TCL 103-2005] Currently the variable <design_name> is equal to "design_1".
[2025-09-14 20:33:21] ## if { $nRet != 0 } {
[2025-09-14 20:33:21] ##    catch {common::send_gid_msg -ssname BD::TCL -id 2006 -severity "ERROR" $errMsg}
[2025-09-14 20:33:21] ##   
[2025-09-14 20:33:21] ##    return $nRet
[2025-09-14 20:33:21] ## }
[2025-09-14 20:33:21] ##   # Create instance: clk_wiz_0, and set properties
[2025-09-14 20:33:21] ## set bCheckIPsPassed 1
[2025-09-14 20:33:21] ## set bCheckIPs 1
[2025-09-14 20:33:21] ##   set clk_wiz_0 [ create_bd_cell -type ip -vlnv xilinx.com:ip:clk_wiz:6.0 clk_wiz_0 ]
[2025-09-14 20:33:21] ## if { $bCheckIPs == 1 } {
[2025-09-14 20:33:21] ##    set list_check_ips "\ 
[2025-09-14 20:33:21] ##   set_property -dict [list \
[2025-09-14 20:33:21] ## xilinx.com:ip:axi_clock_converter:2.1\
[2025-09-14 20:33:21] ## xilinx.com:ip:axi_dwidth_converter:2.1\
[2025-09-14 20:33:21] ## xilinx.com:ip:clk_wiz:6.0\
[2025-09-14 20:33:21] ##     CONFIG.CLKOUT1_REQUESTED_OUT_FREQ $firesim_freq \
[2025-09-14 20:33:21] ## xilinx.com:ip:ddr4:2.2\
[2025-09-14 20:33:21] ## xilinx.com:ip:proc_sys_reset:5.0\
[2025-09-14 20:33:21] ##     CONFIG.USE_LOCKED {false} \
[2025-09-14 20:33:21] ## xilinx.com:ip:util_vector_logic:2.0\
[2025-09-14 20:33:21] ## xilinx.com:ip:util_ds_buf:2.2\
[2025-09-14 20:33:21] ## xilinx.com:ip:xdma:4.1\
[2025-09-14 20:33:21] ##   ] $clk_wiz_0
[2025-09-14 20:33:21] ## xilinx.com:ip:xlconstant:1.1\
[2025-09-14 20:33:21] ## "
[2025-09-14 20:33:21] ## 
[2025-09-14 20:33:21] ## 
[2025-09-14 20:33:21] ##    set list_ips_missing ""
[2025-09-14 20:33:21] ##    common::send_gid_msg -ssname BD::TCL -id 2011 -severity "INFO" "Checking if the following IPs exist in the project's IP catalog: $list_check_ips ."
[2025-09-14 20:33:21] ## 
[2025-09-14 20:33:21] Wrote  : </cluster/home/eirikwit/vortex-gpgpu/chipyard/sims/firesim/sim/generated-src/alveo/FireSim-FireSimV2S1C-BaseF1Config1Mem_F25MHz/u250/vivado_proj/firesim.srcs/sources_1/bd/design_1/design_1.bd> 
[2025-09-14 20:33:21] ## 
[2025-09-14 20:33:21] ##    foreach ip_vlnv $list_check_ips {
[2025-09-14 20:33:21] ##   # Create instance: ddr4_0, and set properties
[2025-09-14 20:33:21] ##       set ip_obj [get_ipdefs -all $ip_vlnv]
[2025-09-14 20:33:21] INFO: [BD::TCL 103-2004] Making design <design_1> as current_bd_design.
[2025-09-14 20:33:21] ##       if { $ip_obj eq "" } {
[2025-09-14 20:33:21] ## common::send_gid_msg -ssname BD::TCL -id 2005 -severity "INFO" "Currently the variable <design_name> is equal to \"$design_name\"."
[2025-09-14 20:33:21] ##          lappend list_ips_missing $ip_vlnv
[2025-09-14 20:33:21] ##   set ddr4_0 [ create_bd_cell -type ip -vlnv xilinx.com:ip:ddr4:2.2 ddr4_0 ]
[2025-09-14 20:33:21] INFO: [BD::TCL 103-2005] Currently the variable <design_name> is equal to "design_1".
[2025-09-14 20:33:21] ##       }
[2025-09-14 20:33:21] ## if { $nRet != 0 } {
[2025-09-14 20:33:21] ##    }
[2025-09-14 20:33:21] ##   set_property -dict [list \
[2025-09-14 20:33:21] ##    catch {common::send_gid_msg -ssname BD::TCL -id 2006 -severity "ERROR" $errMsg}
[2025-09-14 20:33:21] ## 
[2025-09-14 20:33:21] ##    return $nRet
[2025-09-14 20:33:21] ##    if { $list_ips_missing ne "" } {
[2025-09-14 20:33:21] ##     CONFIG.ADDN_UI_CLKOUT1_FREQ_HZ {100} \
[2025-09-14 20:33:21] ## }
[2025-09-14 20:33:21] ##       catch {common::send_gid_msg -ssname BD::TCL -id 2012 -severity "ERROR" "The following IPs are not found in the IP Catalog:\n  $list_ips_missing\n\nResolution: Please add the repository containing the IP(s) to the project." }
[2025-09-14 20:33:22] ## set bCheckIPsPassed 1
[2025-09-14 20:33:22] ##       set bCheckIPsPassed 0
[2025-09-14 20:33:22] ##     CONFIG.C0.DDR4_AUTO_AP_COL_A3 {true} \
[2025-09-14 20:33:22] ## set bCheckIPs 1
[2025-09-14 20:33:22] ##    }
[2025-09-14 20:33:22] ## if { $bCheckIPs == 1 } {
[2025-09-14 20:33:22] ## 
[2025-09-14 20:33:22] ##    set list_check_ips "\ 
[2025-09-14 20:33:22] ## }
[2025-09-14 20:33:22] ##     CONFIG.C0.DDR4_AxiAddressWidth {34} \
[2025-09-14 20:33:22] ## xilinx.com:ip:axi_clock_converter:2.1\
[2025-09-14 20:33:22] INFO: [BD::TCL 103-2011] Checking if the following IPs exist in the project's IP catalog:  
[2025-09-14 20:33:22] ## xilinx.com:ip:axi_dwidth_converter:2.1\
[2025-09-14 20:33:22] xilinx.com:ip:axi_clock_converter:2.1 xilinx.com:ip:axi_dwidth_converter:2.1 xilinx.com:ip:clk_wiz:6.0 xilinx.com:ip:ddr4:2.2 xilinx.com:ip:proc_sys_reset:5.0 xilinx.com:ip:util_vector_logic:2.0 xilinx.com:ip:util_ds_buf:2.2 xilinx.com:ip:xdma:4.1 xilinx.com:ip:xlconstant:1.1  .
[2025-09-14 20:33:22] ##     CONFIG.C0.DDR4_EN_PARITY {true} \
[2025-09-14 20:33:22] ## xilinx.com:ip:clk_wiz:6.0\
[2025-09-14 20:33:22] ## set bCheckModules 1
[2025-09-14 20:33:22] ## xilinx.com:ip:ddr4:2.2\
[2025-09-14 20:33:22] ## if { $bCheckModules == 1 } {
[2025-09-14 20:33:22] ## xilinx.com:ip:proc_sys_reset:5.0\
[2025-09-14 20:33:22] ##    set list_check_mods "\ 
[2025-09-14 20:33:22] ##     CONFIG.C0.DDR4_MCS_ECC {false} \
[2025-09-14 20:33:22] ## xilinx.com:ip:util_vector_logic:2.0\
[2025-09-14 20:33:22] ## axi_tieoff_master\
[2025-09-14 20:33:22] ## xilinx.com:ip:util_ds_buf:2.2\
[2025-09-14 20:33:22] ## firesim_wrapper\
[2025-09-14 20:33:22] ##     CONFIG.C0.DDR4_Mem_Add_Map {ROW_COLUMN_BANK_INTLV} \
[2025-09-14 20:33:22] ## xilinx.com:ip:xdma:4.1\
[2025-09-14 20:33:22] ## "
[2025-09-14 20:33:22] ## xilinx.com:ip:xlconstant:1.1\
[2025-09-14 20:33:22] ## 
[2025-09-14 20:33:22] ## "
[2025-09-14 20:33:22] ##     CONFIG.C0_CLOCK_BOARD_INTERFACE {default_300mhz_clk0} \
[2025-09-14 20:33:22] ##    set list_mods_missing ""
[2025-09-14 20:33:22] ##    common::send_gid_msg -ssname BD::TCL -id 2020 -severity "INFO" "Checking if the following modules exist in the project's sources: $list_check_mods ."
[2025-09-14 20:33:22] ## 
[2025-09-14 20:33:22] ##    set list_ips_missing ""
[2025-09-14 20:33:22] ## 
[2025-09-14 20:33:22] ##     CONFIG.C0_DDR4_BOARD_INTERFACE {ddr4_sdram_c0} \
[2025-09-14 20:33:22] ##    common::send_gid_msg -ssname BD::TCL -id 2011 -severity "INFO" "Checking if the following IPs exist in the project's IP catalog: $list_check_ips ."
[2025-09-14 20:33:22] ##    foreach mod_vlnv $list_check_mods {
[2025-09-14 20:33:22] ## 
[2025-09-14 20:33:22] ##       if { [can_resolve_reference $mod_vlnv] == 0 } {
[2025-09-14 20:33:22] ##     CONFIG.Debug_Signal {Disable} \
[2025-09-14 20:33:22] ##    foreach ip_vlnv $list_check_ips {
[2025-09-14 20:33:22] ##          lappend list_mods_missing $mod_vlnv
[2025-09-14 20:33:22] ##       }
[2025-09-14 20:33:22] ##       set ip_obj [get_ipdefs -all $ip_vlnv]
[2025-09-14 20:33:22] ##       if { $ip_obj eq "" } {
[2025-09-14 20:33:22] ##    }
[2025-09-14 20:33:22] ##     CONFIG.RESET_BOARD_INTERFACE {resetn} \
[2025-09-14 20:33:22] ##          lappend list_ips_missing $ip_vlnv
[2025-09-14 20:33:22] ## 
[2025-09-14 20:33:22] ##    if { $list_mods_missing ne "" } {
[2025-09-14 20:33:22] ##       }
[2025-09-14 20:33:22] ##   ] $ddr4_0
[2025-09-14 20:33:22] ##    }
[2025-09-14 20:33:22] ##       catch {common::send_gid_msg -ssname BD::TCL -id 2021 -severity "ERROR" "The following module(s) are not found in the project: $list_mods_missing" }
[2025-09-14 20:33:22] ##       common::send_gid_msg -ssname BD::TCL -id 2022 -severity "INFO" "Please add source files for the missing module(s) above."
[2025-09-14 20:33:22] ## 
[2025-09-14 20:33:22] ## 
[2025-09-14 20:33:22] ##    if { $list_ips_missing ne "" } {
[2025-09-14 20:33:22] ##       set bCheckIPsPassed 0
[2025-09-14 20:33:22] ##    }
[2025-09-14 20:33:22] ##       catch {common::send_gid_msg -ssname BD::TCL -id 2012 -severity "ERROR" "The following IPs are not found in the IP Catalog:\n  $list_ips_missing\n\nResolution: Please add the repository containing the IP(s) to the project." }
[2025-09-14 20:33:22] ##       set bCheckIPsPassed 0
[2025-09-14 20:33:22] ## }
[2025-09-14 20:33:22] ## 
[2025-09-14 20:33:22] INFO: [BD::TCL 103-2020] Checking if the following modules exist in the project's sources:  
[2025-09-14 20:33:22] ##    }
[2025-09-14 20:33:22] ## 
[2025-09-14 20:33:22] axi_tieoff_master firesim_wrapper  .
[2025-09-14 20:33:22] ##   # Create instance: firesim_wrapper_0, and set properties
[2025-09-14 20:33:22] ## }
[2025-09-14 20:33:22] INFO: [BD::TCL 103-2011] Checking if the following IPs exist in the project's IP catalog:  
[2025-09-14 20:33:22] ##   set block_name firesim_wrapper
[2025-09-14 20:33:22] xilinx.com:ip:axi_clock_converter:2.1 xilinx.com:ip:axi_dwidth_converter:2.1 xilinx.com:ip:clk_wiz:6.0 xilinx.com:ip:ddr4:2.2 xilinx.com:ip:proc_sys_reset:5.0 xilinx.com:ip:util_vector_logic:2.0 xilinx.com:ip:util_ds_buf:2.2 xilinx.com:ip:xdma:4.1 xilinx.com:ip:xlconstant:1.1  .
[2025-09-14 20:33:22] ## set bCheckModules 1
[2025-09-14 20:33:22] ## if { $bCheckModules == 1 } {
[2025-09-14 20:33:22] ##   set block_cell_name firesim_wrapper_0
[2025-09-14 20:33:22] ##    set list_check_mods "\ 
[2025-09-14 20:33:22] ## axi_tieoff_master\
[2025-09-14 20:33:22] ##   if { [catch {set firesim_wrapper_0 [create_bd_cell -type module -reference $block_name $block_cell_name] } errmsg] } {
[2025-09-14 20:33:22] ## firesim_wrapper\
[2025-09-14 20:33:22] ## "
[2025-09-14 20:33:22] ##      catch {common::send_gid_msg -ssname BD::TCL -id 2095 -severity "ERROR" "Unable to add referenced block <$block_name>. Please add the files for ${block_name}'s definition into the project."}
[2025-09-14 20:33:22] ## 
[2025-09-14 20:33:22] ##    set list_mods_missing ""
[2025-09-14 20:33:22] ##    common::send_gid_msg -ssname BD::TCL -id 2020 -severity "INFO" "Checking if the following modules exist in the project's sources: $list_check_mods ."
[2025-09-14 20:33:22] ##      return 1
[2025-09-14 20:33:22] ## 
[2025-09-14 20:33:22] ##    foreach mod_vlnv $list_check_mods {
[2025-09-14 20:33:22] ##    } elseif { $firesim_wrapper_0 eq "" } {
[2025-09-14 20:33:22] ##       if { [can_resolve_reference $mod_vlnv] == 0 } {
[2025-09-14 20:33:22] ##          lappend list_mods_missing $mod_vlnv
[2025-09-14 20:33:22] ##      catch {common::send_gid_msg -ssname BD::TCL -id 2096 -severity "ERROR" "Unable to referenced block <$block_name>. Please add the files for ${block_name}'s definition into the project."}
[2025-09-14 20:33:22] ##       }
[2025-09-14 20:33:22] ##    }
[2025-09-14 20:33:22] ##      return 1
[2025-09-14 20:33:22] ## 
[2025-09-14 20:33:22] ##    if { $list_mods_missing ne "" } {
[2025-09-14 20:33:22] ##       catch {common::send_gid_msg -ssname BD::TCL -id 2021 -severity "ERROR" "The following module(s) are not found in the project: $list_mods_missing" }
[2025-09-14 20:33:22] ##    }
[2025-09-14 20:33:22] ##       common::send_gid_msg -ssname BD::TCL -id 2022 -severity "INFO" "Please add source files for the missing module(s) above."
[2025-09-14 20:33:22] ##       set bCheckIPsPassed 0
[2025-09-14 20:33:22] ##   
[2025-09-14 20:33:22] ##    }
[2025-09-14 20:33:22] ## }
[2025-09-14 20:33:22] ##   # Create instance: proc_sys_reset_0, and set properties
[2025-09-14 20:33:22] INFO: [BD::TCL 103-2020] Checking if the following modules exist in the project's sources:  
[2025-09-14 20:33:22] axi_tieoff_master firesim_wrapper  .
[2025-09-14 20:33:22] ##   set proc_sys_reset_0 [ create_bd_cell -type ip -vlnv xilinx.com:ip:proc_sys_reset:5.0 proc_sys_reset_0 ]
[2025-09-14 20:33:22] ## 
[2025-09-14 20:33:22] ##   # Create instance: proc_sys_reset_1, and set properties
[2025-09-14 20:33:22] ##   set proc_sys_reset_1 [ create_bd_cell -type ip -vlnv xilinx.com:ip:proc_sys_reset:5.0 proc_sys_reset_1 ]
[2025-09-14 20:33:22] ## 
[2025-09-14 20:33:22] ##   # Create instance: resetn_inv_0, and set properties
[2025-09-14 20:33:22] ##   set resetn_inv_0 [ create_bd_cell -type ip -vlnv xilinx.com:ip:util_vector_logic:2.0 resetn_inv_0 ]
[2025-09-14 20:33:22] ##   set_property -dict [list \
[2025-09-14 20:33:22] ##     CONFIG.C_OPERATION {not} \
[2025-09-14 20:33:22] ##     CONFIG.C_SIZE {1} \
[2025-09-14 20:33:22] ##   ] $resetn_inv_0
[2025-09-14 20:33:22] ## 
[2025-09-14 20:33:22] ## 
[2025-09-14 20:33:22] ##   # Create instance: util_ds_buf, and set properties
[2025-09-14 20:33:22] ##   set util_ds_buf [ create_bd_cell -type ip -vlnv xilinx.com:ip:util_ds_buf:2.2 util_ds_buf ]
[2025-09-14 20:33:22] ##   set_property -dict [list \
[2025-09-14 20:33:22] ##     CONFIG.DIFF_CLK_IN_BOARD_INTERFACE {pcie_refclk} \
[2025-09-14 20:33:22] ##     CONFIG.USE_BOARD_FLOW {true} \
[2025-09-14 20:33:22] ##   ] $util_ds_buf
[2025-09-14 20:33:22] ## 
[2025-09-14 20:33:22] ## 
[2025-09-14 20:33:22] ##   # Create instance: xdma_0, and set properties
[2025-09-14 20:33:22] ##   set xdma_0 [ create_bd_cell -type ip -vlnv xilinx.com:ip:xdma:4.1 xdma_0 ]
[2025-09-14 20:33:22] ##   set_property -dict [list \
[2025-09-14 20:33:22] ##     CONFIG.PCIE_BOARD_INTERFACE {pci_express_x16} \
[2025-09-14 20:33:22] ##     CONFIG.SYS_RST_N_BOARD_INTERFACE {pcie_perstn} \
[2025-09-14 20:33:22] ##     CONFIG.axilite_master_en {true} \
[2025-09-14 20:33:22] ##     CONFIG.axilite_master_size {32} \
[2025-09-14 20:33:22] ##     CONFIG.xdma_axi_intf_mm {AXI_Memory_Mapped} \
[2025-09-14 20:33:22] ##     CONFIG.xdma_rnum_chnl {4} \
[2025-09-14 20:33:22] ##     CONFIG.xdma_wnum_chnl {4} \
[2025-09-14 20:33:22] ##   ] $xdma_0
[2025-09-14 20:33:22] ## 
[2025-09-14 20:33:22] ## 
[2025-09-14 20:33:22] ##   # Create instance: xlconstant_0, and set properties
[2025-09-14 20:33:22] ##   set xlconstant_0 [ create_bd_cell -type ip -vlnv xilinx.com:ip:xlconstant:1.1 xlconstant_0 ]
[2025-09-14 20:33:22] ##   set_property CONFIG.CONST_VAL {0} $xlconstant_0
[2025-09-14 20:33:22] ## 
[2025-09-14 20:33:22] ## 
[2025-09-14 20:33:22] ##   # Create interface connections
[2025-09-14 20:33:22] ##   connect_bd_intf_net -intf_net axi_clock_converter_0_M_AXI [get_bd_intf_pins axi_clock_converter_0/M_AXI] [get_bd_intf_pins firesim_wrapper_0/S_AXI_DMA]
[2025-09-14 20:33:22] ##   connect_bd_intf_net -intf_net axi_clock_converter_1_M_AXI [get_bd_intf_pins axi_clock_converter_1/M_AXI] [get_bd_intf_pins firesim_wrapper_0/S_AXI_CTRL]
[2025-09-14 20:33:22] ##   connect_bd_intf_net -intf_net axi_dwidth_converter_0_M_AXI [get_bd_intf_pins axi_dwidth_converter_0/M_AXI] [get_bd_intf_pins ddr4_0/C0_DDR4_S_AXI]
[2025-09-14 20:33:22] ##   connect_bd_intf_net -intf_net axi_tieoff_master_0_TIEOFF_M_AXI_CTRL_0 [get_bd_intf_pins axi_tieoff_master_0/TIEOFF_M_AXI_CTRL_0] [get_bd_intf_pins ddr4_0/C0_DDR4_S_AXI_CTRL]
[2025-09-14 20:33:22] ##   connect_bd_intf_net -intf_net ddr4_0_C0_DDR4 [get_bd_intf_ports ddr4_sdram_c0] [get_bd_intf_pins ddr4_0/C0_DDR4]
[2025-09-14 20:33:22] ##   connect_bd_intf_net -intf_net default_300mhz_clk0_1 [get_bd_intf_ports default_300mhz_clk0] [get_bd_intf_pins ddr4_0/C0_SYS_CLK]
[2025-09-14 20:33:22] Wrote  : </cluster/home/eirikwit/vortex-gpgpu/chipyard/sims/firesim/sim/generated-src/alveo/FireSim-FireSimV2S1C-BaseF1Config1Mem_F25MHz/u250/vivado_proj/firesim.srcs/sources_1/bd/design_1/design_1.bd> 
[2025-09-14 20:33:22] ##   connect_bd_intf_net -intf_net firesim_wrapper_0_M_AXI_DDR0 [get_bd_intf_pins axi_dwidth_converter_0/S_AXI] [get_bd_intf_pins firesim_wrapper_0/M_AXI_DDR0]
[2025-09-14 20:33:22] INFO: [BD::TCL 103-2004] Making design <design_1> as current_bd_design.
[2025-09-14 20:33:22] ##   connect_bd_intf_net -intf_net pcie_refclk_1 [get_bd_intf_ports pcie_refclk] [get_bd_intf_pins util_ds_buf/CLK_IN_D]
[2025-09-14 20:33:22] ## common::send_gid_msg -ssname BD::TCL -id 2005 -severity "INFO" "Currently the variable <design_name> is equal to \"$design_name\"."
[2025-09-14 20:33:22] INFO: [BD::TCL 103-2005] Currently the variable <design_name> is equal to "design_1".
[2025-09-14 20:33:22] ##   connect_bd_intf_net -intf_net xdma_0_M_AXI [get_bd_intf_pins axi_clock_converter_0/S_AXI] [get_bd_intf_pins xdma_0/M_AXI]
[2025-09-14 20:33:22] ## if { $nRet != 0 } {
[2025-09-14 20:33:22] ##    catch {common::send_gid_msg -ssname BD::TCL -id 2006 -severity "ERROR" $errMsg}
[2025-09-14 20:33:22] ##   connect_bd_intf_net -intf_net xdma_0_M_AXI_LITE [get_bd_intf_pins axi_clock_converter_1/S_AXI] [get_bd_intf_pins xdma_0/M_AXI_LITE]
[2025-09-14 20:33:22] ##    return $nRet
[2025-09-14 20:33:22] ## }
[2025-09-14 20:33:22] ## set bCheckIPsPassed 1
[2025-09-14 20:33:22] ##   connect_bd_intf_net -intf_net xdma_0_pcie_mgt [get_bd_intf_ports pci_express_x16] [get_bd_intf_pins xdma_0/pcie_mgt]
[2025-09-14 20:33:22] ## set bCheckIPs 1
[2025-09-14 20:33:22] ## if { $bCheckIPs == 1 } {
[2025-09-14 20:33:22] ## 
[2025-09-14 20:33:22] ##    set list_check_ips "\ 
[2025-09-14 20:33:22] ## xilinx.com:ip:axi_clock_converter:2.1\
[2025-09-14 20:33:22] ##   # Create port connections
[2025-09-14 20:33:22] Wrote  : </cluster/home/eirikwit/vortex-gpgpu/chipyard/sims/firesim/sim/generated-src/alveo/FireSim-FireSimV2S1C-BaseF1Config1Mem_F25MHz/u250/vivado_proj/firesim.srcs/sources_1/bd/design_1/design_1.bd> 
[2025-09-14 20:33:22] ## xilinx.com:ip:axi_dwidth_converter:2.1\
[2025-09-14 20:33:22] ## xilinx.com:ip:clk_wiz:6.0\
[2025-09-14 20:33:22] ##   connect_bd_net -net ddr4_0_c0_ddr4_ui_clk [get_bd_pins axi_dwidth_converter_0/m_axi_aclk] [get_bd_pins clk_wiz_0/clk_in1] [get_bd_pins ddr4_0/c0_ddr4_ui_clk] [get_bd_pins proc_sys_reset_1/slowest_sync_clk]
[2025-09-14 20:33:22] ## xilinx.com:ip:ddr4:2.2\
[2025-09-14 20:33:22] INFO: [BD::TCL 103-2004] Making design <design_1> as current_bd_design.
[2025-09-14 20:33:22] ## xilinx.com:ip:proc_sys_reset:5.0\
[2025-09-14 20:33:22] ## common::send_gid_msg -ssname BD::TCL -id 2005 -severity "INFO" "Currently the variable <design_name> is equal to \"$design_name\"."
[2025-09-14 20:33:22] ##   connect_bd_net -net pcie_perstn_1 [get_bd_ports pcie_perstn] [get_bd_pins xdma_0/sys_rst_n]
[2025-09-14 20:33:22] ## xilinx.com:ip:util_vector_logic:2.0\
[2025-09-14 20:33:22] INFO: [BD::TCL 103-2005] Currently the variable <design_name> is equal to "design_1".
[2025-09-14 20:33:22] ## xilinx.com:ip:util_ds_buf:2.2\
[2025-09-14 20:33:22] ## if { $nRet != 0 } {
[2025-09-14 20:33:22] ## xilinx.com:ip:xdma:4.1\
[2025-09-14 20:33:22] ##   connect_bd_net -net proc_sys_reset_0_interconnect_aresetn [get_bd_pins axi_clock_converter_0/m_axi_aresetn] [get_bd_pins axi_clock_converter_1/m_axi_aresetn] [get_bd_pins axi_dwidth_converter_0/s_axi_aresetn] [get_bd_pins firesim_wrapper_0/sys_reset_n] [get_bd_pins proc_sys_reset_0/interconnect_aresetn]
[2025-09-14 20:33:22] ##    catch {common::send_gid_msg -ssname BD::TCL -id 2006 -severity "ERROR" $errMsg}
[2025-09-14 20:33:22] ## xilinx.com:ip:xlconstant:1.1\
[2025-09-14 20:33:22] ##    return $nRet
[2025-09-14 20:33:22] ## "
[2025-09-14 20:33:22] ##   connect_bd_net -net resetn_1 [get_bd_ports resetn] [get_bd_pins proc_sys_reset_0/ext_reset_in] [get_bd_pins proc_sys_reset_1/ext_reset_in] [get_bd_pins resetn_inv_0/Op1]
[2025-09-14 20:33:22] ## }
[2025-09-14 20:33:22] ## 
[2025-09-14 20:33:22] ## set bCheckIPsPassed 1
[2025-09-14 20:33:22] ##    set list_ips_missing ""
[2025-09-14 20:33:22] ## set bCheckIPs 1
[2025-09-14 20:33:22] ##   connect_bd_net -net resetn_inv_0_Res [get_bd_pins clk_wiz_0/reset] [get_bd_pins ddr4_0/sys_rst] [get_bd_pins resetn_inv_0/Res]
[2025-09-14 20:33:22] ##    common::send_gid_msg -ssname BD::TCL -id 2011 -severity "INFO" "Checking if the following IPs exist in the project's IP catalog: $list_check_ips ."
[2025-09-14 20:33:22] ## if { $bCheckIPs == 1 } {
[2025-09-14 20:33:22] ## 
[2025-09-14 20:33:22] ##    set list_check_ips "\ 
[2025-09-14 20:33:22] ##    foreach ip_vlnv $list_check_ips {
[2025-09-14 20:33:22] ##   connect_bd_net -net rst_ddr4_0_300M_interconnect_aresetn [get_bd_pins axi_dwidth_converter_0/m_axi_aresetn] [get_bd_pins ddr4_0/c0_ddr4_aresetn] [get_bd_pins proc_sys_reset_1/interconnect_aresetn]
[2025-09-14 20:33:22] ## xilinx.com:ip:axi_clock_converter:2.1\
[2025-09-14 20:33:22] ##       set ip_obj [get_ipdefs -all $ip_vlnv]
[2025-09-14 20:33:22] ## xilinx.com:ip:axi_dwidth_converter:2.1\
[2025-09-14 20:33:22] ##       if { $ip_obj eq "" } {
[2025-09-14 20:33:22] ##   connect_bd_net -net sys_clk_30 [get_bd_pins axi_clock_converter_0/m_axi_aclk] [get_bd_pins axi_clock_converter_1/m_axi_aclk] [get_bd_pins axi_dwidth_converter_0/s_axi_aclk] [get_bd_pins clk_wiz_0/clk_out1] [get_bd_pins firesim_wrapper_0/sys_clk_30] [get_bd_pins proc_sys_reset_0/slowest_sync_clk]
[2025-09-14 20:33:22] ## xilinx.com:ip:clk_wiz:6.0\
[2025-09-14 20:33:22] ##          lappend list_ips_missing $ip_vlnv
[2025-09-14 20:33:22] ## xilinx.com:ip:ddr4:2.2\
[2025-09-14 20:33:22] ##       }
[2025-09-14 20:33:22] ##   connect_bd_net -net util_ds_buf_IBUF_DS_ODIV2 [get_bd_pins util_ds_buf/IBUF_DS_ODIV2] [get_bd_pins xdma_0/sys_clk]
[2025-09-14 20:33:22] ## xilinx.com:ip:proc_sys_reset:5.0\
[2025-09-14 20:33:22] ##    }
[2025-09-14 20:33:22] ## xilinx.com:ip:util_vector_logic:2.0\
[2025-09-14 20:33:22] ## 
[2025-09-14 20:33:22] ##   connect_bd_net -net util_ds_buf_IBUF_OUT [get_bd_pins util_ds_buf/IBUF_OUT] [get_bd_pins xdma_0/sys_clk_gt]
[2025-09-14 20:33:22] ## xilinx.com:ip:util_ds_buf:2.2\
[2025-09-14 20:33:22] ##    if { $list_ips_missing ne "" } {
[2025-09-14 20:33:22] ## xilinx.com:ip:xdma:4.1\
[2025-09-14 20:33:22] ##       catch {common::send_gid_msg -ssname BD::TCL -id 2012 -severity "ERROR" "The following IPs are not found in the IP Catalog:\n  $list_ips_missing\n\nResolution: Please add the repository containing the IP(s) to the project." }
[2025-09-14 20:33:22] ## xilinx.com:ip:xlconstant:1.1\
[2025-09-14 20:33:22] ##       set bCheckIPsPassed 0
[2025-09-14 20:33:22] ##   connect_bd_net -net xdma_0_axi_aclk [get_bd_pins axi_clock_converter_0/s_axi_aclk] [get_bd_pins axi_clock_converter_1/s_axi_aclk] [get_bd_pins xdma_0/axi_aclk]
[2025-09-14 20:33:22] ## "
[2025-09-14 20:33:22] ##    }
[2025-09-14 20:33:22] ## 
[2025-09-14 20:33:22] ## 
[2025-09-14 20:33:22] ##   connect_bd_net -net xdma_0_axi_aresetn [get_bd_pins axi_clock_converter_0/s_axi_aresetn] [get_bd_pins axi_clock_converter_1/s_axi_aresetn] [get_bd_pins xdma_0/axi_aresetn]
[2025-09-14 20:33:22] ##    set list_ips_missing ""
[2025-09-14 20:33:22] ## }
[2025-09-14 20:33:22] ##    common::send_gid_msg -ssname BD::TCL -id 2011 -severity "INFO" "Checking if the following IPs exist in the project's IP catalog: $list_check_ips ."
[2025-09-14 20:33:22] INFO: [BD::TCL 103-2011] Checking if the following IPs exist in the project's IP catalog:  
[2025-09-14 20:33:22] ##   connect_bd_net -net xlconstant_0_dout [get_bd_pins xdma_0/usr_irq_req] [get_bd_pins xlconstant_0/dout]
[2025-09-14 20:33:22] ## 
[2025-09-14 20:33:22] xilinx.com:ip:axi_clock_converter:2.1 xilinx.com:ip:axi_dwidth_converter:2.1 xilinx.com:ip:clk_wiz:6.0 xilinx.com:ip:ddr4:2.2 xilinx.com:ip:proc_sys_reset:5.0 xilinx.com:ip:util_vector_logic:2.0 xilinx.com:ip:util_ds_buf:2.2 xilinx.com:ip:xdma:4.1 xilinx.com:ip:xlconstant:1.1  .
[2025-09-14 20:33:22] ##    foreach ip_vlnv $list_check_ips {
[2025-09-14 20:33:22] ## set bCheckModules 1
[2025-09-14 20:33:22] ## 
[2025-09-14 20:33:22] ##       set ip_obj [get_ipdefs -all $ip_vlnv]
[2025-09-14 20:33:22] ## if { $bCheckModules == 1 } {
[2025-09-14 20:33:22] ##    set list_check_mods "\ 
[2025-09-14 20:33:22] ##       if { $ip_obj eq "" } {
[2025-09-14 20:33:22] ##          lappend list_ips_missing $ip_vlnv
[2025-09-14 20:33:22] ## axi_tieoff_master\
[2025-09-14 20:33:22] ##   # Create address segments
[2025-09-14 20:33:22] ##       }
[2025-09-14 20:33:22] ## firesim_wrapper\
[2025-09-14 20:33:22] ## "
[2025-09-14 20:33:22] ##    }
[2025-09-14 20:33:22] ## 
[2025-09-14 20:33:22] ## 
[2025-09-14 20:33:22] ## 
[2025-09-14 20:33:22] ##    if { $list_ips_missing ne "" } {
[2025-09-14 20:33:22] ##    set list_mods_missing ""
[2025-09-14 20:33:22] ##   # Restore current instance
[2025-09-14 20:33:22] ##       catch {common::send_gid_msg -ssname BD::TCL -id 2012 -severity "ERROR" "The following IPs are not found in the IP Catalog:\n  $list_ips_missing\n\nResolution: Please add the repository containing the IP(s) to the project." }
[2025-09-14 20:33:22] ##    common::send_gid_msg -ssname BD::TCL -id 2020 -severity "INFO" "Checking if the following modules exist in the project's sources: $list_check_mods ."
[2025-09-14 20:33:22] ##       set bCheckIPsPassed 0
[2025-09-14 20:33:22] ## 
[2025-09-14 20:33:22] ##   current_bd_instance $oldCurInst
[2025-09-14 20:33:22] ##    }
[2025-09-14 20:33:22] ##    foreach mod_vlnv $list_check_mods {
[2025-09-14 20:33:22] ##       if { [can_resolve_reference $mod_vlnv] == 0 } {
[2025-09-14 20:33:22] ## 
[2025-09-14 20:33:22] ## }
[2025-09-14 20:33:22] ##          lappend list_mods_missing $mod_vlnv
[2025-09-14 20:33:22] ## 
[2025-09-14 20:33:22] INFO: [BD::TCL 103-2011] Checking if the following IPs exist in the project's IP catalog:  
[2025-09-14 20:33:22] ##       }
[2025-09-14 20:33:22] ##    }
[2025-09-14 20:33:22] xilinx.com:ip:axi_clock_converter:2.1 xilinx.com:ip:axi_dwidth_converter:2.1 xilinx.com:ip:clk_wiz:6.0 xilinx.com:ip:ddr4:2.2 xilinx.com:ip:proc_sys_reset:5.0 xilinx.com:ip:util_vector_logic:2.0 xilinx.com:ip:util_ds_buf:2.2 xilinx.com:ip:xdma:4.1 xilinx.com:ip:xlconstant:1.1  .
[2025-09-14 20:33:22] ##   validate_bd_design
[2025-09-14 20:33:22] ## set bCheckModules 1
[2025-09-14 20:33:22] ## 
[2025-09-14 20:33:22] ##    if { $list_mods_missing ne "" } {
[2025-09-14 20:33:22] ## if { $bCheckModules == 1 } {
[2025-09-14 20:33:22] ##   save_bd_design
[2025-09-14 20:33:22] ##    set list_check_mods "\ 
[2025-09-14 20:33:22] ##       catch {common::send_gid_msg -ssname BD::TCL -id 2021 -severity "ERROR" "The following module(s) are not found in the project: $list_mods_missing" }
[2025-09-14 20:33:22] ##       common::send_gid_msg -ssname BD::TCL -id 2022 -severity "INFO" "Please add source files for the missing module(s) above."
[2025-09-14 20:33:22] ## axi_tieoff_master\
[2025-09-14 20:33:22] ## firesim_wrapper\
[2025-09-14 20:33:22] ##       set bCheckIPsPassed 0
[2025-09-14 20:33:22] ## }
[2025-09-14 20:33:22] ## "
[2025-09-14 20:33:22] ##    }
[2025-09-14 20:33:22] ## }
[2025-09-14 20:33:22] ## 
[2025-09-14 20:33:22] ## create_root_design "" $desired_host_frequency
[2025-09-14 20:33:22] ##    set list_mods_missing ""
[2025-09-14 20:33:22] INFO: [BD::TCL 103-2020] Checking if the following modules exist in the project's sources:  
[2025-09-14 20:33:22] axi_tieoff_master firesim_wrapper  .
[2025-09-14 20:33:22] ##    common::send_gid_msg -ssname BD::TCL -id 2020 -severity "INFO" "Checking if the following modules exist in the project's sources: $list_check_mods ."
[2025-09-14 20:33:22] INFO: [IP_Flow 19-5107] Inferred bus interface 'TIEOFF_M_AXI_CTRL_0' of definition 'xilinx.com:interface:aximm:1.0' (from X_INTERFACE_INFO parameter from HDL file).
[2025-09-14 20:33:22] ## 
[2025-09-14 20:33:22] ##    foreach mod_vlnv $list_check_mods {
[2025-09-14 20:33:22] ##       if { [can_resolve_reference $mod_vlnv] == 0 } {
[2025-09-14 20:33:22] INFO: [IP_Flow 19-5107] Inferred bus interface 'TIEOFF_M_AXI_CTRL_0' of definition 'xilinx.com:interface:aximm:1.0' (from 'X_INTERFACE_INFO' attribute).
[2025-09-14 20:33:22] ##          lappend list_mods_missing $mod_vlnv
[2025-09-14 20:33:22] ##       }
[2025-09-14 20:33:22] INFO: [IP_Flow 19-4728] Bus Interface 'TIEOFF_M_AXI_CTRL_0': Added interface parameter 'ADDR_WIDTH' with value '32'.
[2025-09-14 20:33:22] ##    }
[2025-09-14 20:33:22] ## 
[2025-09-14 20:33:22] INFO: [IP_Flow 19-4728] Bus Interface 'TIEOFF_M_AXI_CTRL_0': Added interface parameter 'ARUSER_WIDTH' with value '0'.
[2025-09-14 20:33:22] ##    if { $list_mods_missing ne "" } {
[2025-09-14 20:33:22] ##       catch {common::send_gid_msg -ssname BD::TCL -id 2021 -severity "ERROR" "The following module(s) are not found in the project: $list_mods_missing" }
[2025-09-14 20:33:22] ##       common::send_gid_msg -ssname BD::TCL -id 2022 -severity "INFO" "Please add source files for the missing module(s) above."
[2025-09-14 20:33:22] INFO: [IP_Flow 19-4728] Bus Interface 'TIEOFF_M_AXI_CTRL_0': Added interface parameter 'AWUSER_WIDTH' with value '0'.
[2025-09-14 20:33:22] ##       set bCheckIPsPassed 0
[2025-09-14 20:33:22] ##    }
[2025-09-14 20:33:22] INFO: [IP_Flow 19-4728] Bus Interface 'TIEOFF_M_AXI_CTRL_0': Added interface parameter 'BUSER_WIDTH' with value '0'.
[2025-09-14 20:33:22] ## }
[2025-09-14 20:33:22] INFO: [BD::TCL 103-2020] Checking if the following modules exist in the project's sources:  
[2025-09-14 20:33:22] INFO: [IP_Flow 19-4728] Bus Interface 'TIEOFF_M_AXI_CTRL_0': Added interface parameter 'DATA_WIDTH' with value '32'.
[2025-09-14 20:33:22] axi_tieoff_master firesim_wrapper  .
[2025-09-14 20:33:22] INFO: [IP_Flow 19-4728] Bus Interface 'TIEOFF_M_AXI_CTRL_0': Added interface parameter 'HAS_BRESP' with value '1'.
[2025-09-14 20:33:22] INFO: [IP_Flow 19-4728] Bus Interface 'TIEOFF_M_AXI_CTRL_0': Added interface parameter 'HAS_BURST' with value '0'.
[2025-09-14 20:33:22] INFO: [IP_Flow 19-4728] Bus Interface 'TIEOFF_M_AXI_CTRL_0': Added interface parameter 'HAS_CACHE' with value '0'.
[2025-09-14 20:33:22] INFO: [IP_Flow 19-4728] Bus Interface 'TIEOFF_M_AXI_CTRL_0': Added interface parameter 'HAS_LOCK' with value '0'.
[2025-09-14 20:33:22] INFO: [IP_Flow 19-4728] Bus Interface 'TIEOFF_M_AXI_CTRL_0': Added interface parameter 'HAS_PROT' with value '0'.
[2025-09-14 20:33:22] INFO: [IP_Flow 19-4728] Bus Interface 'TIEOFF_M_AXI_CTRL_0': Added interface parameter 'HAS_QOS' with value '0'.
[2025-09-14 20:33:22] INFO: [IP_Flow 19-4728] Bus Interface 'TIEOFF_M_AXI_CTRL_0': Added interface parameter 'HAS_REGION' with value '0'.
[2025-09-14 20:33:22] INFO: [IP_Flow 19-4728] Bus Interface 'TIEOFF_M_AXI_CTRL_0': Added interface parameter 'HAS_RRESP' with value '1'.
[2025-09-14 20:33:22] INFO: [IP_Flow 19-4728] Bus Interface 'TIEOFF_M_AXI_CTRL_0': Added interface parameter 'HAS_WSTRB' with value '0'.
[2025-09-14 20:33:22] INFO: [IP_Flow 19-4728] Bus Interface 'TIEOFF_M_AXI_CTRL_0': Added interface parameter 'ID_WIDTH' with value '0'.
[2025-09-14 20:33:22] INFO: [IP_Flow 19-4728] Bus Interface 'TIEOFF_M_AXI_CTRL_0': Added interface parameter 'INSERT_VIP' with value '0'.
[2025-09-14 20:33:22] INFO: [IP_Flow 19-4728] Bus Interface 'TIEOFF_M_AXI_CTRL_0': Added interface parameter 'MAX_BURST_LENGTH' with value '1'.
[2025-09-14 20:33:22] INFO: [IP_Flow 19-4728] Bus Interface 'TIEOFF_M_AXI_CTRL_0': Added interface parameter 'NUM_READ_OUTSTANDING' with value '1'.
[2025-09-14 20:33:22] INFO: [IP_Flow 19-4728] Bus Interface 'TIEOFF_M_AXI_CTRL_0': Added interface parameter 'NUM_READ_THREADS' with value '1'.
[2025-09-14 20:33:22] INFO: [IP_Flow 19-4728] Bus Interface 'TIEOFF_M_AXI_CTRL_0': Added interface parameter 'NUM_WRITE_OUTSTANDING' with value '1'.
[2025-09-14 20:33:23] INFO: [IP_Flow 19-4728] Bus Interface 'TIEOFF_M_AXI_CTRL_0': Added interface parameter 'NUM_WRITE_THREADS' with value '1'.
[2025-09-14 20:33:23] INFO: [IP_Flow 19-4728] Bus Interface 'TIEOFF_M_AXI_CTRL_0': Added interface parameter 'FREQ_HZ' with value '300000000'.
[2025-09-14 20:33:23] INFO: [IP_Flow 19-4728] Bus Interface 'TIEOFF_M_AXI_CTRL_0': Added interface parameter 'PHASE' with value '0.0'.
[2025-09-14 20:33:23] INFO: [IP_Flow 19-4728] Bus Interface 'TIEOFF_M_AXI_CTRL_0': Added interface parameter 'PROTOCOL' with value 'AXI4LITE'.
[2025-09-14 20:33:23] INFO: [IP_Flow 19-4728] Bus Interface 'TIEOFF_M_AXI_CTRL_0': Added interface parameter 'READ_WRITE_MODE' with value 'READ_WRITE'.
[2025-09-14 20:33:23] INFO: [IP_Flow 19-4728] Bus Interface 'TIEOFF_M_AXI_CTRL_0': Added interface parameter 'RUSER_BITS_PER_BYTE' with value '0'.
[2025-09-14 20:33:23] INFO: [IP_Flow 19-4728] Bus Interface 'TIEOFF_M_AXI_CTRL_0': Added interface parameter 'RUSER_WIDTH' with value '0'.
[2025-09-14 20:33:23] INFO: [IP_Flow 19-4728] Bus Interface 'TIEOFF_M_AXI_CTRL_0': Added interface parameter 'SUPPORTS_NARROW_BURST' with value '0'.
[2025-09-14 20:33:23] INFO: [IP_Flow 19-4728] Bus Interface 'TIEOFF_M_AXI_CTRL_0': Added interface parameter 'WUSER_BITS_PER_BYTE' with value '0'.
[2025-09-14 20:33:23] INFO: [IP_Flow 19-4728] Bus Interface 'TIEOFF_M_AXI_CTRL_0': Added interface parameter 'WUSER_WIDTH' with value '0'.
[2025-09-14 20:33:23] INFO: [IP_Flow 19-7067] Note that bus interface 'TIEOFF_M_AXI_CTRL_0' has a fixed FREQ_HZ of '300000000'. This value will be respected whenever this IP is instantiated in IP Integrator.
[2025-09-14 20:33:23] INFO: [IP_Flow 19-234] Refreshing IP repositories
[2025-09-14 20:33:23] INFO: [IP_Flow 19-1704] No user IP repositories specified
[2025-09-14 20:33:25] ## if { $bCheckIPsPassed != 1 } {
[2025-09-14 20:33:25] ##   common::send_gid_msg -ssname BD::TCL -id 2023 -severity "WARNING" "Will not continue with creation of design due to the error(s) above."
[2025-09-14 20:33:25] ##   return 3
[2025-09-14 20:33:25] ## }
[2025-09-14 20:33:25] ## proc create_root_design { parentCell firesim_freq } {
[2025-09-14 20:33:25] ## 
[2025-09-14 20:33:25] ##   variable script_folder
[2025-09-14 20:33:25] ##   variable design_name
[2025-09-14 20:33:25] ## 
[2025-09-14 20:33:25] ##   if { $parentCell eq "" } {
[2025-09-14 20:33:25] ##      set parentCell [get_bd_cells /]
[2025-09-14 20:33:25] ##   }
[2025-09-14 20:33:25] ## 
[2025-09-14 20:33:25] ##   # Get object for parentCell
[2025-09-14 20:33:25] ##   set parentObj [get_bd_cells $parentCell]
[2025-09-14 20:33:25] ##   if { $parentObj == "" } {
[2025-09-14 20:33:25] ##      catch {common::send_gid_msg -ssname BD::TCL -id 2090 -severity "ERROR" "Unable to find parent cell <$parentCell>!"}
[2025-09-14 20:33:25] ##      return
[2025-09-14 20:33:25] ##   }
[2025-09-14 20:33:25] ## 
[2025-09-14 20:33:25] ##   # Make sure parentObj is hier blk
[2025-09-14 20:33:25] ##   set parentType [get_property TYPE $parentObj]
[2025-09-14 20:33:25] ##   if { $parentType ne "hier" } {
[2025-09-14 20:33:25] ##      catch {common::send_gid_msg -ssname BD::TCL -id 2091 -severity "ERROR" "Parent <$parentObj> has TYPE = <$parentType>. Expected to be <hier>."}
[2025-09-14 20:33:25] ##      return
[2025-09-14 20:33:25] ##   }
[2025-09-14 20:33:25] ## 
[2025-09-14 20:33:25] ##   # Save current instance; Restore later
[2025-09-14 20:33:25] ##   set oldCurInst [current_bd_instance .]
[2025-09-14 20:33:25] ## 
[2025-09-14 20:33:25] ##   # Set parent object as current
[2025-09-14 20:33:25] ##   current_bd_instance $parentObj
[2025-09-14 20:33:25] ## 
[2025-09-14 20:33:25] ## 
[2025-09-14 20:33:25] ##   # Create interface ports
[2025-09-14 20:33:25] ##   set ddr4_sdram_c0 [ create_bd_intf_port -mode Master -vlnv xilinx.com:interface:ddr4_rtl:1.0 ddr4_sdram_c0 ]
[2025-09-14 20:33:25] ## 
[2025-09-14 20:33:25] ##   set default_300mhz_clk0 [ create_bd_intf_port -mode Slave -vlnv xilinx.com:interface:diff_clock_rtl:1.0 default_300mhz_clk0 ]
[2025-09-14 20:33:25] ##   set_property -dict [ list \
[2025-09-14 20:33:25] 
[2025-09-14 20:33:25] ##    CONFIG.FREQ_HZ {300000000} \
[2025-09-14 20:33:25] ##    ] $default_300mhz_clk0
[2025-09-14 20:33:25] ****** Vivado v2022.2 (64-bit)
[2025-09-14 20:33:25] ## 
[2025-09-14 20:33:25] ##   set pci_express_x16 [ create_bd_intf_port -mode Master -vlnv xilinx.com:interface:pcie_7x_mgt_rtl:1.0 pci_express_x16 ]
[2025-09-14 20:33:25]   **** SW Build 3671981 on Fri Oct 14 04:59:54 MDT 2022
[2025-09-14 20:33:25] ## 
[2025-09-14 20:33:25]   **** IP Build 3669848 on Fri Oct 14 08:30:02 MDT 2022
[2025-09-14 20:33:25] ##   set pcie_refclk [ create_bd_intf_port -mode Slave -vlnv xilinx.com:interface:diff_clock_rtl:1.0 pcie_refclk ]
[2025-09-14 20:33:25] ##   set_property -dict [ list \
[2025-09-14 20:33:25]     ** Copyright 1986-2022 Xilinx, Inc. All Rights Reserved.
[2025-09-14 20:33:25] ##    CONFIG.FREQ_HZ {100000000} \
[2025-09-14 20:33:25] 
[2025-09-14 20:33:25] ##    ] $pcie_refclk
[2025-09-14 20:33:25] ## 
[2025-09-14 20:33:25] source ./scripts/main.tcl
[2025-09-14 20:33:25] ## 
[2025-09-14 20:33:25] # set root_dir [pwd]
[2025-09-14 20:33:25] ##   # Create ports
[2025-09-14 20:33:25] ##   set pcie_perstn [ create_bd_port -dir I -type rst pcie_perstn ]
[2025-09-14 20:33:25] # set vivado_version [version -short]
[2025-09-14 20:33:25] ##   set_property -dict [ list \
[2025-09-14 20:33:25] # proc retrieveVersionedFile {filename version} {
[2025-09-14 20:33:25] ##    CONFIG.POLARITY {ACTIVE_LOW} \
[2025-09-14 20:33:25] ##  ] $pcie_perstn
[2025-09-14 20:33:25] #   set first [file rootname $filename]
[2025-09-14 20:33:25] ##   set resetn [ create_bd_port -dir I -type rst resetn ]
[2025-09-14 20:33:25] ##   set_property -dict [ list \
[2025-09-14 20:33:25] #   set last [file extension $filename]
[2025-09-14 20:33:25] ##    CONFIG.POLARITY {ACTIVE_LOW} \
[2025-09-14 20:33:25] #   if {[file exists ${first}_${version}${last}]} {
[2025-09-14 20:33:25] ##  ] $resetn
[2025-09-14 20:33:25] ## 
[2025-09-14 20:33:25] #     return ${first}_${version}${last}
[2025-09-14 20:33:25] ##   # Create instance: axi_clock_converter_0, and set properties
[2025-09-14 20:33:25] #   }
[2025-09-14 20:33:25] ##   set axi_clock_converter_0 [ create_bd_cell -type ip -vlnv xilinx.com:ip:axi_clock_converter:2.1 axi_clock_converter_0 ]
[2025-09-14 20:33:25] ## 
[2025-09-14 20:33:25] #   return $filename
[2025-09-14 20:33:25] ##   # Create instance: axi_clock_converter_1, and set properties
[2025-09-14 20:33:25] # }
[2025-09-14 20:33:25] ##   set axi_clock_converter_1 [ create_bd_cell -type ip -vlnv xilinx.com:ip:axi_clock_converter:2.1 axi_clock_converter_1 ]
[2025-09-14 20:33:25] ## 
[2025-09-14 20:33:25] # if {![file exists [set sourceFile [retrieveVersionedFile ${root_dir}/scripts/platform_env.tcl $vivado_version]]]} {
[2025-09-14 20:33:25] ##   # Create instance: axi_dwidth_converter_0, and set properties
[2025-09-14 20:33:25] #     puts "ERROR: could not find $sourceFile"
[2025-09-14 20:33:25] ##   set axi_dwidth_converter_0 [ create_bd_cell -type ip -vlnv xilinx.com:ip:axi_dwidth_converter:2.1 axi_dwidth_converter_0 ]
[2025-09-14 20:33:25] ##   set_property -dict [list \
[2025-09-14 20:33:25] #     exit 1
[2025-09-14 20:33:25] ##     CONFIG.ACLK_ASYNC {1} \
[2025-09-14 20:33:25] # }
[2025-09-14 20:33:25] ##     CONFIG.FIFO_MODE {2} \
[2025-09-14 20:33:25] ##     CONFIG.MI_DATA_WIDTH {512} \
[2025-09-14 20:33:25] # source $sourceFile
[2025-09-14 20:33:25] ##     CONFIG.SI_DATA_WIDTH {64} \
[2025-09-14 20:33:25] ## set jobs 12
[2025-09-14 20:33:25] ##     CONFIG.SI_ID_WIDTH {16} \
[2025-09-14 20:33:25] ##   ] $axi_dwidth_converter_0
[2025-09-14 20:33:25] ## set board_part xilinx.com:au250:part0:1.3
[2025-09-14 20:33:25] ## 
[2025-09-14 20:33:25] ## set part xcu250-figd2104-2L-e
[2025-09-14 20:33:25] ## 
[2025-09-14 20:33:25] ##   # Create instance: axi_tieoff_master_0, and set properties
[2025-09-14 20:33:25] # foreach path [list ${root_dir}/vivado_proj/firesim.bit] {
[2025-09-14 20:33:25] ##   set block_name axi_tieoff_master
[2025-09-14 20:33:25] #     if {[file exists ${path}]} {
[2025-09-14 20:33:25] ##   set block_cell_name axi_tieoff_master_0
[2025-09-14 20:33:25] ##   if { [catch {set axi_tieoff_master_0 [create_bd_cell -type module -reference $block_name $block_cell_name] } errmsg] } {
[2025-09-14 20:33:25] #         file delete -force -- ${path}
[2025-09-14 20:33:25] ##      catch {common::send_gid_msg -ssname BD::TCL -id 2095 -severity "ERROR" "Unable to add referenced block <$block_name>. Please add the files for ${block_name}'s definition into the project."}
[2025-09-14 20:33:25] #     }
[2025-09-14 20:33:25] ##      return 1
[2025-09-14 20:33:25] ##    } elseif { $axi_tieoff_master_0 eq "" } {
[2025-09-14 20:33:25] # }
[2025-09-14 20:33:25] ##      catch {common::send_gid_msg -ssname BD::TCL -id 2096 -severity "ERROR" "Unable to referenced block <$block_name>. Please add the files for ${block_name}'s definition into the project."}
[2025-09-14 20:33:25] # create_project -force firesim ${root_dir}/vivado_proj -part $part
[2025-09-14 20:33:25] ##      return 1
[2025-09-14 20:33:25] ##    }
[2025-09-14 20:33:25] ##   
[2025-09-14 20:33:25] ##   # Create instance: clk_wiz_0, and set properties
[2025-09-14 20:33:25] ##   set clk_wiz_0 [ create_bd_cell -type ip -vlnv xilinx.com:ip:clk_wiz:6.0 clk_wiz_0 ]
[2025-09-14 20:33:25] ##   set_property -dict [list \
[2025-09-14 20:33:25] ##     CONFIG.CLKOUT1_REQUESTED_OUT_FREQ $firesim_freq \
[2025-09-14 20:33:25] ##     CONFIG.USE_LOCKED {false} \
[2025-09-14 20:33:25] ##   ] $clk_wiz_0
[2025-09-14 20:33:25] ## 
[2025-09-14 20:33:25] ## 
[2025-09-14 20:33:25] ##   # Create instance: ddr4_0, and set properties
[2025-09-14 20:33:25] ##   set ddr4_0 [ create_bd_cell -type ip -vlnv xilinx.com:ip:ddr4:2.2 ddr4_0 ]
[2025-09-14 20:33:25] ##   set_property -dict [list \
[2025-09-14 20:33:25] ##     CONFIG.ADDN_UI_CLKOUT1_FREQ_HZ {100} \
[2025-09-14 20:33:25] ##     CONFIG.C0.DDR4_AUTO_AP_COL_A3 {true} \
[2025-09-14 20:33:25] ##     CONFIG.C0.DDR4_AxiAddressWidth {34} \
[2025-09-14 20:33:25] ##     CONFIG.C0.DDR4_EN_PARITY {true} \
[2025-09-14 20:33:25] ##     CONFIG.C0.DDR4_MCS_ECC {false} \
[2025-09-14 20:33:25] ##     CONFIG.C0.DDR4_Mem_Add_Map {ROW_COLUMN_BANK_INTLV} \
[2025-09-14 20:33:25] 
[2025-09-14 20:33:25] ##     CONFIG.C0_CLOCK_BOARD_INTERFACE {default_300mhz_clk0} \
[2025-09-14 20:33:25] ****** Vivado v2022.2 (64-bit)
[2025-09-14 20:33:25] ##     CONFIG.C0_DDR4_BOARD_INTERFACE {ddr4_sdram_c0} \
[2025-09-14 20:33:25] ##     CONFIG.Debug_Signal {Disable} \
[2025-09-14 20:33:25]   **** SW Build 3671981 on Fri Oct 14 04:59:54 MDT 2022
[2025-09-14 20:33:25] ##     CONFIG.RESET_BOARD_INTERFACE {resetn} \
[2025-09-14 20:33:25]   **** IP Build 3669848 on Fri Oct 14 08:30:02 MDT 2022
[2025-09-14 20:33:25] ##   ] $ddr4_0
[2025-09-14 20:33:25] ## 
[2025-09-14 20:33:25]     ** Copyright 1986-2022 Xilinx, Inc. All Rights Reserved.
[2025-09-14 20:33:25] ## 
[2025-09-14 20:33:25] 
[2025-09-14 20:33:25] ##   # Create instance: firesim_wrapper_0, and set properties
[2025-09-14 20:33:25] ##   set block_name firesim_wrapper
[2025-09-14 20:33:25] source ./scripts/main.tcl
[2025-09-14 20:33:25] ##   set block_cell_name firesim_wrapper_0
[2025-09-14 20:33:25] # set root_dir [pwd]
[2025-09-14 20:33:25] ##   if { [catch {set firesim_wrapper_0 [create_bd_cell -type module -reference $block_name $block_cell_name] } errmsg] } {
[2025-09-14 20:33:25] ##      catch {common::send_gid_msg -ssname BD::TCL -id 2095 -severity "ERROR" "Unable to add referenced block <$block_name>. Please add the files for ${block_name}'s definition into the project."}
[2025-09-14 20:33:25] # set vivado_version [version -short]
[2025-09-14 20:33:25] ##      return 1
[2025-09-14 20:33:25] # proc retrieveVersionedFile {filename version} {
[2025-09-14 20:33:25] ##    } elseif { $firesim_wrapper_0 eq "" } {
[2025-09-14 20:33:25] ##      catch {common::send_gid_msg -ssname BD::TCL -id 2096 -severity "ERROR" "Unable to referenced block <$block_name>. Please add the files for ${block_name}'s definition into the project."}
[2025-09-14 20:33:25] #   set first [file rootname $filename]
[2025-09-14 20:33:25] ##      return 1
[2025-09-14 20:33:25] #   set last [file extension $filename]
[2025-09-14 20:33:25] ##    }
[2025-09-14 20:33:25] ##   
[2025-09-14 20:33:25] #   if {[file exists ${first}_${version}${last}]} {
[2025-09-14 20:33:25] ##   # Create instance: proc_sys_reset_0, and set properties
[2025-09-14 20:33:25] #     return ${first}_${version}${last}
[2025-09-14 20:33:25] ##   set proc_sys_reset_0 [ create_bd_cell -type ip -vlnv xilinx.com:ip:proc_sys_reset:5.0 proc_sys_reset_0 ]
[2025-09-14 20:33:25] ## 
[2025-09-14 20:33:25] #   }
[2025-09-14 20:33:25] ##   # Create instance: proc_sys_reset_1, and set properties
[2025-09-14 20:33:25] #   return $filename
[2025-09-14 20:33:25] ##   set proc_sys_reset_1 [ create_bd_cell -type ip -vlnv xilinx.com:ip:proc_sys_reset:5.0 proc_sys_reset_1 ]
[2025-09-14 20:33:25] ## 
[2025-09-14 20:33:25] # }
[2025-09-14 20:33:25] ##   # Create instance: resetn_inv_0, and set properties
[2025-09-14 20:33:25] # if {![file exists [set sourceFile [retrieveVersionedFile ${root_dir}/scripts/platform_env.tcl $vivado_version]]]} {
[2025-09-14 20:33:25] ##   set resetn_inv_0 [ create_bd_cell -type ip -vlnv xilinx.com:ip:util_vector_logic:2.0 resetn_inv_0 ]
[2025-09-14 20:33:25] ##   set_property -dict [list \
[2025-09-14 20:33:25] #     puts "ERROR: could not find $sourceFile"
[2025-09-14 20:33:25] ##     CONFIG.C_OPERATION {not} \
[2025-09-14 20:33:25] #     exit 1
[2025-09-14 20:33:25] ##     CONFIG.C_SIZE {1} \
[2025-09-14 20:33:25] # }
[2025-09-14 20:33:25] ##   ] $resetn_inv_0
[2025-09-14 20:33:25] ## 
[2025-09-14 20:33:25] # source $sourceFile
[2025-09-14 20:33:25] ## 
[2025-09-14 20:33:25] ## set jobs 12
[2025-09-14 20:33:25] ##   # Create instance: util_ds_buf, and set properties
[2025-09-14 20:33:25] ##   set util_ds_buf [ create_bd_cell -type ip -vlnv xilinx.com:ip:util_ds_buf:2.2 util_ds_buf ]
[2025-09-14 20:33:25] ## set board_part xilinx.com:au250:part0:1.3
[2025-09-14 20:33:25] ##   set_property -dict [list \
[2025-09-14 20:33:25] ## set part xcu250-figd2104-2L-e
[2025-09-14 20:33:25] ##     CONFIG.DIFF_CLK_IN_BOARD_INTERFACE {pcie_refclk} \
[2025-09-14 20:33:25] ##     CONFIG.USE_BOARD_FLOW {true} \
[2025-09-14 20:33:25] # foreach path [list ${root_dir}/vivado_proj/firesim.bit] {
[2025-09-14 20:33:25] ##   ] $util_ds_buf
[2025-09-14 20:33:25] #     if {[file exists ${path}]} {
[2025-09-14 20:33:25] ## 
[2025-09-14 20:33:25] ## 
[2025-09-14 20:33:25] #         file delete -force -- ${path}
[2025-09-14 20:33:25] ##   # Create instance: xdma_0, and set properties
[2025-09-14 20:33:25] #     }
[2025-09-14 20:33:25] ##   set xdma_0 [ create_bd_cell -type ip -vlnv xilinx.com:ip:xdma:4.1 xdma_0 ]
[2025-09-14 20:33:25] ##   set_property -dict [list \
[2025-09-14 20:33:25] # }
[2025-09-14 20:33:25] ##     CONFIG.PCIE_BOARD_INTERFACE {pci_express_x16} \
[2025-09-14 20:33:25] # create_project -force firesim ${root_dir}/vivado_proj -part $part
[2025-09-14 20:33:25] ##     CONFIG.SYS_RST_N_BOARD_INTERFACE {pcie_perstn} \
[2025-09-14 20:33:25] ##     CONFIG.axilite_master_en {true} \
[2025-09-14 20:33:25] ##     CONFIG.axilite_master_size {32} \
[2025-09-14 20:33:25] ##     CONFIG.xdma_axi_intf_mm {AXI_Memory_Mapped} \
[2025-09-14 20:33:25] ##     CONFIG.xdma_rnum_chnl {4} \
[2025-09-14 20:33:25] ##     CONFIG.xdma_wnum_chnl {4} \
[2025-09-14 20:33:25] ##   ] $xdma_0
[2025-09-14 20:33:25] ## 
[2025-09-14 20:33:25] ## 
[2025-09-14 20:33:25] ##   # Create instance: xlconstant_0, and set properties
[2025-09-14 20:33:25] ##   set xlconstant_0 [ create_bd_cell -type ip -vlnv xilinx.com:ip:xlconstant:1.1 xlconstant_0 ]
[2025-09-14 20:33:25] ##   set_property CONFIG.CONST_VAL {0} $xlconstant_0
[2025-09-14 20:33:25] ## 
[2025-09-14 20:33:25] ## 
[2025-09-14 20:33:25] ##   # Create interface connections
[2025-09-14 20:33:25] ##   connect_bd_intf_net -intf_net axi_clock_converter_0_M_AXI [get_bd_intf_pins axi_clock_converter_0/M_AXI] [get_bd_intf_pins firesim_wrapper_0/S_AXI_DMA]
[2025-09-14 20:33:25] ##   connect_bd_intf_net -intf_net axi_clock_converter_1_M_AXI [get_bd_intf_pins axi_clock_converter_1/M_AXI] [get_bd_intf_pins firesim_wrapper_0/S_AXI_CTRL]
[2025-09-14 20:33:25] ##   connect_bd_intf_net -intf_net axi_dwidth_converter_0_M_AXI [get_bd_intf_pins axi_dwidth_converter_0/M_AXI] [get_bd_intf_pins ddr4_0/C0_DDR4_S_AXI]
[2025-09-14 20:33:25] ##   connect_bd_intf_net -intf_net axi_tieoff_master_0_TIEOFF_M_AXI_CTRL_0 [get_bd_intf_pins axi_tieoff_master_0/TIEOFF_M_AXI_CTRL_0] [get_bd_intf_pins ddr4_0/C0_DDR4_S_AXI_CTRL]
[2025-09-14 20:33:25] ##   connect_bd_intf_net -intf_net ddr4_0_C0_DDR4 [get_bd_intf_ports ddr4_sdram_c0] [get_bd_intf_pins ddr4_0/C0_DDR4]
[2025-09-14 20:33:25] ##   connect_bd_intf_net -intf_net default_300mhz_clk0_1 [get_bd_intf_ports default_300mhz_clk0] [get_bd_intf_pins ddr4_0/C0_SYS_CLK]
[2025-09-14 20:33:25] ##   connect_bd_intf_net -intf_net firesim_wrapper_0_M_AXI_DDR0 [get_bd_intf_pins axi_dwidth_converter_0/S_AXI] [get_bd_intf_pins firesim_wrapper_0/M_AXI_DDR0]
[2025-09-14 20:33:25] ##   connect_bd_intf_net -intf_net pcie_refclk_1 [get_bd_intf_ports pcie_refclk] [get_bd_intf_pins util_ds_buf/CLK_IN_D]
[2025-09-14 20:33:25] ##   connect_bd_intf_net -intf_net xdma_0_M_AXI [get_bd_intf_pins axi_clock_converter_0/S_AXI] [get_bd_intf_pins xdma_0/M_AXI]
[2025-09-14 20:33:25] ##   connect_bd_intf_net -intf_net xdma_0_M_AXI_LITE [get_bd_intf_pins axi_clock_converter_1/S_AXI] [get_bd_intf_pins xdma_0/M_AXI_LITE]
[2025-09-14 20:33:25] ##   connect_bd_intf_net -intf_net xdma_0_pcie_mgt [get_bd_intf_ports pci_express_x16] [get_bd_intf_pins xdma_0/pcie_mgt]
[2025-09-14 20:33:25] ## 
[2025-09-14 20:33:25] ##   # Create port connections
[2025-09-14 20:33:25] ##   connect_bd_net -net ddr4_0_c0_ddr4_ui_clk [get_bd_pins axi_dwidth_converter_0/m_axi_aclk] [get_bd_pins clk_wiz_0/clk_in1] [get_bd_pins ddr4_0/c0_ddr4_ui_clk] [get_bd_pins proc_sys_reset_1/slowest_sync_clk]
[2025-09-14 20:33:25] ##   connect_bd_net -net pcie_perstn_1 [get_bd_ports pcie_perstn] [get_bd_pins xdma_0/sys_rst_n]
[2025-09-14 20:33:25] ##   connect_bd_net -net proc_sys_reset_0_interconnect_aresetn [get_bd_pins axi_clock_converter_0/m_axi_aresetn] [get_bd_pins axi_clock_converter_1/m_axi_aresetn] [get_bd_pins axi_dwidth_converter_0/s_axi_aresetn] [get_bd_pins firesim_wrapper_0/sys_reset_n] [get_bd_pins proc_sys_reset_0/interconnect_aresetn]
[2025-09-14 20:33:25] ##   connect_bd_net -net resetn_1 [get_bd_ports resetn] [get_bd_pins proc_sys_reset_0/ext_reset_in] [get_bd_pins proc_sys_reset_1/ext_reset_in] [get_bd_pins resetn_inv_0/Op1]
[2025-09-14 20:33:25] ##   connect_bd_net -net resetn_inv_0_Res [get_bd_pins clk_wiz_0/reset] [get_bd_pins ddr4_0/sys_rst] [get_bd_pins resetn_inv_0/Res]
[2025-09-14 20:33:25] ##   connect_bd_net -net rst_ddr4_0_300M_interconnect_aresetn [get_bd_pins axi_dwidth_converter_0/m_axi_aresetn] [get_bd_pins ddr4_0/c0_ddr4_aresetn] [get_bd_pins proc_sys_reset_1/interconnect_aresetn]
[2025-09-14 20:33:25] ##   connect_bd_net -net sys_clk_30 [get_bd_pins axi_clock_converter_0/m_axi_aclk] [get_bd_pins axi_clock_converter_1/m_axi_aclk] [get_bd_pins axi_dwidth_converter_0/s_axi_aclk] [get_bd_pins clk_wiz_0/clk_out1] [get_bd_pins firesim_wrapper_0/sys_clk_30] [get_bd_pins proc_sys_reset_0/slowest_sync_clk]
[2025-09-14 20:33:25] ##   connect_bd_net -net util_ds_buf_IBUF_DS_ODIV2 [get_bd_pins util_ds_buf/IBUF_DS_ODIV2] [get_bd_pins xdma_0/sys_clk]
[2025-09-14 20:33:25] ##   connect_bd_net -net util_ds_buf_IBUF_OUT [get_bd_pins util_ds_buf/IBUF_OUT] [get_bd_pins xdma_0/sys_clk_gt]
[2025-09-14 20:33:25] ##   connect_bd_net -net xdma_0_axi_aclk [get_bd_pins axi_clock_converter_0/s_axi_aclk] [get_bd_pins axi_clock_converter_1/s_axi_aclk] [get_bd_pins xdma_0/axi_aclk]
[2025-09-14 20:33:25] ##   connect_bd_net -net xdma_0_axi_aresetn [get_bd_pins axi_clock_converter_0/s_axi_aresetn] [get_bd_pins axi_clock_converter_1/s_axi_aresetn] [get_bd_pins xdma_0/axi_aresetn]
[2025-09-14 20:33:25] ##   connect_bd_net -net xlconstant_0_dout [get_bd_pins xdma_0/usr_irq_req] [get_bd_pins xlconstant_0/dout]
[2025-09-14 20:33:25] ## 
[2025-09-14 20:33:25] ##   # Create address segments
[2025-09-14 20:33:25] ## 
[2025-09-14 20:33:25] ##   # Restore current instance
[2025-09-14 20:33:25] ##   current_bd_instance $oldCurInst
[2025-09-14 20:33:25] ## 
[2025-09-14 20:33:25] ##   validate_bd_design
[2025-09-14 20:33:25] ##   save_bd_design
[2025-09-14 20:33:25] ## }
[2025-09-14 20:33:25] ## create_root_design "" $desired_host_frequency
[2025-09-14 20:33:25] INFO: [IP_Flow 19-5107] Inferred bus interface 'TIEOFF_M_AXI_CTRL_0' of definition 'xilinx.com:interface:aximm:1.0' (from X_INTERFACE_INFO parameter from HDL file).
[2025-09-14 20:33:25] INFO: [IP_Flow 19-5107] Inferred bus interface 'TIEOFF_M_AXI_CTRL_0' of definition 'xilinx.com:interface:aximm:1.0' (from 'X_INTERFACE_INFO' attribute).
[2025-09-14 20:33:25] INFO: [IP_Flow 19-4728] Bus Interface 'TIEOFF_M_AXI_CTRL_0': Added interface parameter 'ADDR_WIDTH' with value '32'.
[2025-09-14 20:33:25] INFO: [IP_Flow 19-4728] Bus Interface 'TIEOFF_M_AXI_CTRL_0': Added interface parameter 'ARUSER_WIDTH' with value '0'.
[2025-09-14 20:33:25] INFO: [IP_Flow 19-4728] Bus Interface 'TIEOFF_M_AXI_CTRL_0': Added interface parameter 'AWUSER_WIDTH' with value '0'.
[2025-09-14 20:33:25] ## if { $bCheckIPsPassed != 1 } {
[2025-09-14 20:33:25] INFO: [IP_Flow 19-4728] Bus Interface 'TIEOFF_M_AXI_CTRL_0': Added interface parameter 'BUSER_WIDTH' with value '0'.
[2025-09-14 20:33:25] ##   common::send_gid_msg -ssname BD::TCL -id 2023 -severity "WARNING" "Will not continue with creation of design due to the error(s) above."
[2025-09-14 20:33:25] INFO: [IP_Flow 19-4728] Bus Interface 'TIEOFF_M_AXI_CTRL_0': Added interface parameter 'DATA_WIDTH' with value '32'.
[2025-09-14 20:33:25] ##   return 3
[2025-09-14 20:33:25] INFO: [IP_Flow 19-4728] Bus Interface 'TIEOFF_M_AXI_CTRL_0': Added interface parameter 'HAS_BRESP' with value '1'.
[2025-09-14 20:33:25] ## }
[2025-09-14 20:33:25] INFO: [IP_Flow 19-4728] Bus Interface 'TIEOFF_M_AXI_CTRL_0': Added interface parameter 'HAS_BURST' with value '0'.
[2025-09-14 20:33:25] ## proc create_root_design { parentCell firesim_freq } {
[2025-09-14 20:33:25] INFO: [IP_Flow 19-4728] Bus Interface 'TIEOFF_M_AXI_CTRL_0': Added interface parameter 'HAS_CACHE' with value '0'.
[2025-09-14 20:33:25] ## 
[2025-09-14 20:33:25] INFO: [IP_Flow 19-4728] Bus Interface 'TIEOFF_M_AXI_CTRL_0': Added interface parameter 'HAS_LOCK' with value '0'.
[2025-09-14 20:33:25] INFO: [IP_Flow 19-4728] Bus Interface 'TIEOFF_M_AXI_CTRL_0': Added interface parameter 'HAS_PROT' with value '0'.
[2025-09-14 20:33:25] ##   variable script_folder
[2025-09-14 20:33:25] ##   variable design_name
[2025-09-14 20:33:25] INFO: [IP_Flow 19-4728] Bus Interface 'TIEOFF_M_AXI_CTRL_0': Added interface parameter 'HAS_QOS' with value '0'.
[2025-09-14 20:33:25] INFO: [IP_Flow 19-4728] Bus Interface 'TIEOFF_M_AXI_CTRL_0': Added interface parameter 'HAS_REGION' with value '0'.
[2025-09-14 20:33:25] ## 
[2025-09-14 20:33:25] ##   if { $parentCell eq "" } {
[2025-09-14 20:33:25] INFO: [IP_Flow 19-4728] Bus Interface 'TIEOFF_M_AXI_CTRL_0': Added interface parameter 'HAS_RRESP' with value '1'.
[2025-09-14 20:33:25] INFO: [IP_Flow 19-4728] Bus Interface 'TIEOFF_M_AXI_CTRL_0': Added interface parameter 'HAS_WSTRB' with value '0'.
[2025-09-14 20:33:25] ##      set parentCell [get_bd_cells /]
[2025-09-14 20:33:25] ##   }
[2025-09-14 20:33:25] INFO: [IP_Flow 19-4728] Bus Interface 'TIEOFF_M_AXI_CTRL_0': Added interface parameter 'ID_WIDTH' with value '0'.
[2025-09-14 20:33:25] INFO: [IP_Flow 19-4728] Bus Interface 'TIEOFF_M_AXI_CTRL_0': Added interface parameter 'INSERT_VIP' with value '0'.
[2025-09-14 20:33:25] ## 
[2025-09-14 20:33:25] ##   # Get object for parentCell
[2025-09-14 20:33:25] INFO: [IP_Flow 19-4728] Bus Interface 'TIEOFF_M_AXI_CTRL_0': Added interface parameter 'MAX_BURST_LENGTH' with value '1'.
[2025-09-14 20:33:25] INFO: [IP_Flow 19-4728] Bus Interface 'TIEOFF_M_AXI_CTRL_0': Added interface parameter 'NUM_READ_OUTSTANDING' with value '1'.
[2025-09-14 20:33:25] ##   set parentObj [get_bd_cells $parentCell]
[2025-09-14 20:33:25] ##   if { $parentObj == "" } {
[2025-09-14 20:33:25] INFO: [IP_Flow 19-4728] Bus Interface 'TIEOFF_M_AXI_CTRL_0': Added interface parameter 'NUM_READ_THREADS' with value '1'.
[2025-09-14 20:33:25] INFO: [IP_Flow 19-4728] Bus Interface 'TIEOFF_M_AXI_CTRL_0': Added interface parameter 'NUM_WRITE_OUTSTANDING' with value '1'.
[2025-09-14 20:33:25] ##      catch {common::send_gid_msg -ssname BD::TCL -id 2090 -severity "ERROR" "Unable to find parent cell <$parentCell>!"}
[2025-09-14 20:33:25] ##      return
[2025-09-14 20:33:25] INFO: [IP_Flow 19-4728] Bus Interface 'TIEOFF_M_AXI_CTRL_0': Added interface parameter 'NUM_WRITE_THREADS' with value '1'.
[2025-09-14 20:33:25] INFO: [IP_Flow 19-4728] Bus Interface 'TIEOFF_M_AXI_CTRL_0': Added interface parameter 'FREQ_HZ' with value '300000000'.
[2025-09-14 20:33:25] ##   }
[2025-09-14 20:33:25] ## 
[2025-09-14 20:33:25] INFO: [IP_Flow 19-4728] Bus Interface 'TIEOFF_M_AXI_CTRL_0': Added interface parameter 'PHASE' with value '0.0'.
[2025-09-14 20:33:25] INFO: [IP_Flow 19-4728] Bus Interface 'TIEOFF_M_AXI_CTRL_0': Added interface parameter 'PROTOCOL' with value 'AXI4LITE'.
[2025-09-14 20:33:25] ##   # Make sure parentObj is hier blk
[2025-09-14 20:33:25] ##   set parentType [get_property TYPE $parentObj]
[2025-09-14 20:33:25] INFO: [IP_Flow 19-4728] Bus Interface 'TIEOFF_M_AXI_CTRL_0': Added interface parameter 'READ_WRITE_MODE' with value 'READ_WRITE'.
[2025-09-14 20:33:25] INFO: [IP_Flow 19-4728] Bus Interface 'TIEOFF_M_AXI_CTRL_0': Added interface parameter 'RUSER_BITS_PER_BYTE' with value '0'.
[2025-09-14 20:33:25] ## if { $bCheckIPsPassed != 1 } {
[2025-09-14 20:33:25] ##   if { $parentType ne "hier" } {
[2025-09-14 20:33:25] ##      catch {common::send_gid_msg -ssname BD::TCL -id 2091 -severity "ERROR" "Parent <$parentObj> has TYPE = <$parentType>. Expected to be <hier>."}
[2025-09-14 20:33:25] ##   common::send_gid_msg -ssname BD::TCL -id 2023 -severity "WARNING" "Will not continue with creation of design due to the error(s) above."
[2025-09-14 20:33:25] INFO: [IP_Flow 19-4728] Bus Interface 'TIEOFF_M_AXI_CTRL_0': Added interface parameter 'RUSER_WIDTH' with value '0'.
[2025-09-14 20:33:25] INFO: [IP_Flow 19-4728] Bus Interface 'TIEOFF_M_AXI_CTRL_0': Added interface parameter 'SUPPORTS_NARROW_BURST' with value '0'.
[2025-09-14 20:33:25] ##      return
[2025-09-14 20:33:25] ##   return 3
[2025-09-14 20:33:25] ##   }
[2025-09-14 20:33:25] ## }
[2025-09-14 20:33:25] INFO: [IP_Flow 19-4728] Bus Interface 'TIEOFF_M_AXI_CTRL_0': Added interface parameter 'WUSER_BITS_PER_BYTE' with value '0'.
[2025-09-14 20:33:25] INFO: [IP_Flow 19-4728] Bus Interface 'TIEOFF_M_AXI_CTRL_0': Added interface parameter 'WUSER_WIDTH' with value '0'.
[2025-09-14 20:33:25] ## 
[2025-09-14 20:33:25] ## proc create_root_design { parentCell firesim_freq } {
[2025-09-14 20:33:25] ##   # Save current instance; Restore later
[2025-09-14 20:33:25] INFO: [IP_Flow 19-7067] Note that bus interface 'TIEOFF_M_AXI_CTRL_0' has a fixed FREQ_HZ of '300000000'. This value will be respected whenever this IP is instantiated in IP Integrator.
[2025-09-14 20:33:25] ## 
[2025-09-14 20:33:25] ##   set oldCurInst [current_bd_instance .]
[2025-09-14 20:33:25] INFO: [IP_Flow 19-234] Refreshing IP repositories
[2025-09-14 20:33:25] ##   variable script_folder
[2025-09-14 20:33:25] ## 
[2025-09-14 20:33:25] INFO: [IP_Flow 19-1704] No user IP repositories specified
[2025-09-14 20:33:25] ##   variable design_name
[2025-09-14 20:33:25] ##   # Set parent object as current
[2025-09-14 20:33:25] ## 
[2025-09-14 20:33:25] ##   current_bd_instance $parentObj
[2025-09-14 20:33:25] ##   if { $parentCell eq "" } {
[2025-09-14 20:33:25] ## 
[2025-09-14 20:33:25] ##      set parentCell [get_bd_cells /]
[2025-09-14 20:33:25] ## 
[2025-09-14 20:33:25] ##   }
[2025-09-14 20:33:25] ##   # Create interface ports
[2025-09-14 20:33:25] ## 
[2025-09-14 20:33:25] ##   set ddr4_sdram_c0 [ create_bd_intf_port -mode Master -vlnv xilinx.com:interface:ddr4_rtl:1.0 ddr4_sdram_c0 ]
[2025-09-14 20:33:25] ##   # Get object for parentCell
[2025-09-14 20:33:25] ## 
[2025-09-14 20:33:25] ##   set parentObj [get_bd_cells $parentCell]
[2025-09-14 20:33:26] ##   set default_300mhz_clk0 [ create_bd_intf_port -mode Slave -vlnv xilinx.com:interface:diff_clock_rtl:1.0 default_300mhz_clk0 ]
[2025-09-14 20:33:26] ##   if { $parentObj == "" } {
[2025-09-14 20:33:26] ##   set_property -dict [ list \
[2025-09-14 20:33:26] ##      catch {common::send_gid_msg -ssname BD::TCL -id 2090 -severity "ERROR" "Unable to find parent cell <$parentCell>!"}
[2025-09-14 20:33:26] ##    CONFIG.FREQ_HZ {300000000} \
[2025-09-14 20:33:26] ##      return
[2025-09-14 20:33:26] ##    ] $default_300mhz_clk0
[2025-09-14 20:33:26] ##   }
[2025-09-14 20:33:26] create_project: Time (s): cpu = 00:00:05 ; elapsed = 00:00:06 . Memory (MB): peak = 1702.012 ; gain = 97.992 ; free physical = 758147 ; free virtual = 761502
[2025-09-14 20:33:26] ## 
[2025-09-14 20:33:26] ## 
[2025-09-14 20:33:26] ##   set pci_express_x16 [ create_bd_intf_port -mode Master -vlnv xilinx.com:interface:pcie_7x_mgt_rtl:1.0 pci_express_x16 ]
[2025-09-14 20:33:26] # set_property board_part $board_part [current_project]
[2025-09-14 20:33:26] ##   # Make sure parentObj is hier blk
[2025-09-14 20:33:26] ## 
[2025-09-14 20:33:26] # foreach addFile [list ${root_dir}/design/axi_tieoff_master.v ${root_dir}/design/firesim_wrapper.v ${root_dir}/design/firesim_top.sv ${root_dir}/design/firesim_defines.vh] {
[2025-09-14 20:33:26] ##   set parentType [get_property TYPE $parentObj]
[2025-09-14 20:33:26] ##   set pcie_refclk [ create_bd_intf_port -mode Slave -vlnv xilinx.com:interface:diff_clock_rtl:1.0 pcie_refclk ]
[2025-09-14 20:33:26] ##   if { $parentType ne "hier" } {
[2025-09-14 20:33:26] #   set addFile [retrieveVersionedFile $addFile $vivado_version]
[2025-09-14 20:33:26] ##   set_property -dict [ list \
[2025-09-14 20:33:26] ##      catch {common::send_gid_msg -ssname BD::TCL -id 2091 -severity "ERROR" "Parent <$parentObj> has TYPE = <$parentType>. Expected to be <hier>."}
[2025-09-14 20:33:26] ##    CONFIG.FREQ_HZ {100000000} \
[2025-09-14 20:33:26] #   if {![file exists $addFile]} {
[2025-09-14 20:33:26] ##      return
[2025-09-14 20:33:26] ##    ] $pcie_refclk
[2025-09-14 20:33:26] ##   }
[2025-09-14 20:33:26] #     puts "ERROR: could not find file $addFile"
[2025-09-14 20:33:26] ## 
[2025-09-14 20:33:26] ## 
[2025-09-14 20:33:26] ## 
[2025-09-14 20:33:26] #     exit 1
[2025-09-14 20:33:26] ##   # Save current instance; Restore later
[2025-09-14 20:33:26] ##   # Create ports
[2025-09-14 20:33:26] #   }
[2025-09-14 20:33:26] ##   set oldCurInst [current_bd_instance .]
[2025-09-14 20:33:26] ##   set pcie_perstn [ create_bd_port -dir I -type rst pcie_perstn ]
[2025-09-14 20:33:26] ## 
[2025-09-14 20:33:26] #   add_files $addFile
[2025-09-14 20:33:26] ##   set_property -dict [ list \
[2025-09-14 20:33:26] ##   # Set parent object as current
[2025-09-14 20:33:26] ##    CONFIG.POLARITY {ACTIVE_LOW} \
[2025-09-14 20:33:26] #   if {[file extension $addFile] == ".vh"} {
[2025-09-14 20:33:26] ##   current_bd_instance $parentObj
[2025-09-14 20:33:26] ##  ] $pcie_perstn
[2025-09-14 20:33:26] ## 
[2025-09-14 20:33:26] #     set_property IS_GLOBAL_INCLUDE 1 [get_files $addFile]
[2025-09-14 20:33:26] ##   set resetn [ create_bd_port -dir I -type rst resetn ]
[2025-09-14 20:33:26] ## 
[2025-09-14 20:33:26] ##   set_property -dict [ list \
[2025-09-14 20:33:26] #   }
[2025-09-14 20:33:26] ##   # Create interface ports
[2025-09-14 20:33:26] ##    CONFIG.POLARITY {ACTIVE_LOW} \
[2025-09-14 20:33:26] ##   set ddr4_sdram_c0 [ create_bd_intf_port -mode Master -vlnv xilinx.com:interface:ddr4_rtl:1.0 ddr4_sdram_c0 ]
[2025-09-14 20:33:26] # }
[2025-09-14 20:33:26] ##  ] $resetn
[2025-09-14 20:33:26] ## 
[2025-09-14 20:33:26] # if {[file exists [set sourceFile [retrieveVersionedFile ${root_dir}/scripts/firesim_env.tcl $vivado_version]]]} {
[2025-09-14 20:33:26] ## 
[2025-09-14 20:33:26] ##   set default_300mhz_clk0 [ create_bd_intf_port -mode Slave -vlnv xilinx.com:interface:diff_clock_rtl:1.0 default_300mhz_clk0 ]
[2025-09-14 20:33:26] ##   # Create instance: axi_clock_converter_0, and set properties
[2025-09-14 20:33:26] #   source $sourceFile
[2025-09-14 20:33:26] ##   set_property -dict [ list \
[2025-09-14 20:33:26] ##   set axi_clock_converter_0 [ create_bd_cell -type ip -vlnv xilinx.com:ip:axi_clock_converter:2.1 axi_clock_converter_0 ]
[2025-09-14 20:33:26] ##    CONFIG.FREQ_HZ {300000000} \
[2025-09-14 20:33:26] # }
[2025-09-14 20:33:26] ## 
[2025-09-14 20:33:26] ##    ] $default_300mhz_clk0
[2025-09-14 20:33:26] ##   # Create instance: axi_clock_converter_1, and set properties
[2025-09-14 20:33:26] ## set desired_host_frequency 25
[2025-09-14 20:33:26] ## 
[2025-09-14 20:33:26] ##   set axi_clock_converter_1 [ create_bd_cell -type ip -vlnv xilinx.com:ip:axi_clock_converter:2.1 axi_clock_converter_1 ]
[2025-09-14 20:33:26] ##   set pci_express_x16 [ create_bd_intf_port -mode Master -vlnv xilinx.com:interface:pcie_7x_mgt_rtl:1.0 pci_express_x16 ]
[2025-09-14 20:33:26] ## set strategy "TIMING"
[2025-09-14 20:33:26] ## 
[2025-09-14 20:33:26] ## 
[2025-09-14 20:33:26] ##   # Create instance: axi_dwidth_converter_0, and set properties
[2025-09-14 20:33:26] # if {![file exists [set sourceFile [retrieveVersionedFile ${root_dir}/scripts/create_bd.tcl $vivado_version]]]} {
[2025-09-14 20:33:26] ##   set pcie_refclk [ create_bd_intf_port -mode Slave -vlnv xilinx.com:interface:diff_clock_rtl:1.0 pcie_refclk ]
[2025-09-14 20:33:26] ##   set axi_dwidth_converter_0 [ create_bd_cell -type ip -vlnv xilinx.com:ip:axi_dwidth_converter:2.1 axi_dwidth_converter_0 ]
[2025-09-14 20:33:26] ##   set_property -dict [ list \
[2025-09-14 20:33:26] #   puts "ERROR: could not find $sourceFile"
[2025-09-14 20:33:26] ##   set_property -dict [list \
[2025-09-14 20:33:26] ##    CONFIG.FREQ_HZ {100000000} \
[2025-09-14 20:33:26] #   exit 1
[2025-09-14 20:33:26] ##     CONFIG.ACLK_ASYNC {1} \
[2025-09-14 20:33:26] ##    ] $pcie_refclk
[2025-09-14 20:33:26] ##     CONFIG.FIFO_MODE {2} \
[2025-09-14 20:33:26] # }
[2025-09-14 20:33:26] ## 
[2025-09-14 20:33:26] ##     CONFIG.MI_DATA_WIDTH {512} \
[2025-09-14 20:33:26] ## 
[2025-09-14 20:33:26] # source $sourceFile
[2025-09-14 20:33:26] ##     CONFIG.SI_DATA_WIDTH {64} \
[2025-09-14 20:33:26] ##   # Create ports
[2025-09-14 20:33:26] ##     CONFIG.SI_ID_WIDTH {16} \
[2025-09-14 20:33:26] ## namespace eval _tcl {
[2025-09-14 20:33:26] ##   set pcie_perstn [ create_bd_port -dir I -type rst pcie_perstn ]
[2025-09-14 20:33:26] ##   ] $axi_dwidth_converter_0
[2025-09-14 20:33:26] ##   set_property -dict [ list \
[2025-09-14 20:33:26] ## proc get_script_folder {} {
[2025-09-14 20:33:26] ## 
[2025-09-14 20:33:26] ##    CONFIG.POLARITY {ACTIVE_LOW} \
[2025-09-14 20:33:26] ## 
[2025-09-14 20:33:26] ##    set script_path [file normalize [info script]]
[2025-09-14 20:33:26] ##  ] $pcie_perstn
[2025-09-14 20:33:26] ##   # Create instance: axi_tieoff_master_0, and set properties
[2025-09-14 20:33:26] ##   set resetn [ create_bd_port -dir I -type rst resetn ]
[2025-09-14 20:33:26] ##    set script_folder [file dirname $script_path]
[2025-09-14 20:33:26] ##   set block_name axi_tieoff_master
[2025-09-14 20:33:26] ##   set_property -dict [ list \
[2025-09-14 20:33:26] ##    return $script_folder
[2025-09-14 20:33:26] ##   set block_cell_name axi_tieoff_master_0
[2025-09-14 20:33:26] ##    CONFIG.POLARITY {ACTIVE_LOW} \
[2025-09-14 20:33:26] ##   if { [catch {set axi_tieoff_master_0 [create_bd_cell -type module -reference $block_name $block_cell_name] } errmsg] } {
[2025-09-14 20:33:26] ## }
[2025-09-14 20:33:26] ##  ] $resetn
[2025-09-14 20:33:26] ##      catch {common::send_gid_msg -ssname BD::TCL -id 2095 -severity "ERROR" "Unable to add referenced block <$block_name>. Please add the files for ${block_name}'s definition into the project."}
[2025-09-14 20:33:26] ## 
[2025-09-14 20:33:26] ## }
[2025-09-14 20:33:26] ##      return 1
[2025-09-14 20:33:26] ##   # Create instance: axi_clock_converter_0, and set properties
[2025-09-14 20:33:26] ##    } elseif { $axi_tieoff_master_0 eq "" } {
[2025-09-14 20:33:26] ## variable script_folder
[2025-09-14 20:33:26] ##   set axi_clock_converter_0 [ create_bd_cell -type ip -vlnv xilinx.com:ip:axi_clock_converter:2.1 axi_clock_converter_0 ]
[2025-09-14 20:33:26] ##      catch {common::send_gid_msg -ssname BD::TCL -id 2096 -severity "ERROR" "Unable to referenced block <$block_name>. Please add the files for ${block_name}'s definition into the project."}
[2025-09-14 20:33:26] ## 
[2025-09-14 20:33:26] ## set script_folder [_tcl::get_script_folder]
[2025-09-14 20:33:26] ##      return 1
[2025-09-14 20:33:26] ##   # Create instance: axi_clock_converter_1, and set properties
[2025-09-14 20:33:26] ## set scripts_vivado_version 2022.2
[2025-09-14 20:33:26] ##    }
[2025-09-14 20:33:26] ##   set axi_clock_converter_1 [ create_bd_cell -type ip -vlnv xilinx.com:ip:axi_clock_converter:2.1 axi_clock_converter_1 ]
[2025-09-14 20:33:26] ##   
[2025-09-14 20:33:26] ## set current_vivado_version [version -short]
[2025-09-14 20:33:26] ## 
[2025-09-14 20:33:26] ##   # Create instance: clk_wiz_0, and set properties
[2025-09-14 20:33:26] ##   # Create instance: axi_dwidth_converter_0, and set properties
[2025-09-14 20:33:26] ## if { [string first $scripts_vivado_version $current_vivado_version] == -1 } {
[2025-09-14 20:33:26] ##   set clk_wiz_0 [ create_bd_cell -type ip -vlnv xilinx.com:ip:clk_wiz:6.0 clk_wiz_0 ]
[2025-09-14 20:33:26] ##   set axi_dwidth_converter_0 [ create_bd_cell -type ip -vlnv xilinx.com:ip:axi_dwidth_converter:2.1 axi_dwidth_converter_0 ]
[2025-09-14 20:33:26] ##    puts ""
[2025-09-14 20:33:26] ##   set_property -dict [list \
[2025-09-14 20:33:26] ##   set_property -dict [list \
[2025-09-14 20:33:26] ##     CONFIG.CLKOUT1_REQUESTED_OUT_FREQ $firesim_freq \
[2025-09-14 20:33:26] ##    catch {common::send_gid_msg -ssname BD::TCL -id 2041 -severity "ERROR" "This script was generated using Vivado <$scripts_vivado_version> and is being run in <$current_vivado_version> of Vivado. Please run the script in Vivado <$scripts_vivado_version> then open the design in Vivado <$current_vivado_version>. Upgrade the design by running \"Tools => Report => Report IP Status...\", then run write_bd_tcl to create an updated script."}
[2025-09-14 20:33:26] ##     CONFIG.ACLK_ASYNC {1} \
[2025-09-14 20:33:26] ##     CONFIG.USE_LOCKED {false} \
[2025-09-14 20:33:26] ##     CONFIG.FIFO_MODE {2} \
[2025-09-14 20:33:26] ## 
[2025-09-14 20:33:26] ##   ] $clk_wiz_0
[2025-09-14 20:33:26] ##     CONFIG.MI_DATA_WIDTH {512} \
[2025-09-14 20:33:26] ## 
[2025-09-14 20:33:26] ##    return 1
[2025-09-14 20:33:26] ##     CONFIG.SI_DATA_WIDTH {64} \
[2025-09-14 20:33:26] ## 
[2025-09-14 20:33:26] ## }
[2025-09-14 20:33:26] ##     CONFIG.SI_ID_WIDTH {16} \
[2025-09-14 20:33:26] ##   # Create instance: ddr4_0, and set properties
[2025-09-14 20:33:26] ##   ] $axi_dwidth_converter_0
[2025-09-14 20:33:26] ## variable design_name
[2025-09-14 20:33:26] ##   set ddr4_0 [ create_bd_cell -type ip -vlnv xilinx.com:ip:ddr4:2.2 ddr4_0 ]
[2025-09-14 20:33:26] ## 
[2025-09-14 20:33:26] ##   set_property -dict [list \
[2025-09-14 20:33:26] ## set design_name design_1
[2025-09-14 20:33:26] ## 
[2025-09-14 20:33:26] ##     CONFIG.ADDN_UI_CLKOUT1_FREQ_HZ {100} \
[2025-09-14 20:33:26] ## set errMsg ""
[2025-09-14 20:33:26] ##   # Create instance: axi_tieoff_master_0, and set properties
[2025-09-14 20:33:26] ##     CONFIG.C0.DDR4_AUTO_AP_COL_A3 {true} \
[2025-09-14 20:33:26] ##   set block_name axi_tieoff_master
[2025-09-14 20:33:26] ##     CONFIG.C0.DDR4_AxiAddressWidth {34} \
[2025-09-14 20:33:26] ## set nRet 0
[2025-09-14 20:33:26] ##   set block_cell_name axi_tieoff_master_0
[2025-09-14 20:33:26] ##     CONFIG.C0.DDR4_EN_PARITY {true} \
[2025-09-14 20:33:26] ##   if { [catch {set axi_tieoff_master_0 [create_bd_cell -type module -reference $block_name $block_cell_name] } errmsg] } {
[2025-09-14 20:33:26] ##     CONFIG.C0.DDR4_MCS_ECC {false} \
[2025-09-14 20:33:26] ##      catch {common::send_gid_msg -ssname BD::TCL -id 2095 -severity "ERROR" "Unable to add referenced block <$block_name>. Please add the files for ${block_name}'s definition into the project."}
[2025-09-14 20:33:26] ##     CONFIG.C0.DDR4_Mem_Add_Map {ROW_COLUMN_BANK_INTLV} \
[2025-09-14 20:33:26] ##      return 1
[2025-09-14 20:33:26] ##     CONFIG.C0_CLOCK_BOARD_INTERFACE {default_300mhz_clk0} \
[2025-09-14 20:33:26] ##    } elseif { $axi_tieoff_master_0 eq "" } {
[2025-09-14 20:33:26] ##     CONFIG.C0_DDR4_BOARD_INTERFACE {ddr4_sdram_c0} \
[2025-09-14 20:33:26] ##      catch {common::send_gid_msg -ssname BD::TCL -id 2096 -severity "ERROR" "Unable to referenced block <$block_name>. Please add the files for ${block_name}'s definition into the project."}
[2025-09-14 20:33:26] ##     CONFIG.Debug_Signal {Disable} \
[2025-09-14 20:33:26] ##      return 1
[2025-09-14 20:33:26] ##     CONFIG.RESET_BOARD_INTERFACE {resetn} \
[2025-09-14 20:33:26] ##    }
[2025-09-14 20:33:26] ##   ] $ddr4_0
[2025-09-14 20:33:26] ##   
[2025-09-14 20:33:26] ## 
[2025-09-14 20:33:26] ##   # Create instance: clk_wiz_0, and set properties
[2025-09-14 20:33:26] ## 
[2025-09-14 20:33:26] ##   set clk_wiz_0 [ create_bd_cell -type ip -vlnv xilinx.com:ip:clk_wiz:6.0 clk_wiz_0 ]
[2025-09-14 20:33:26] ##   # Create instance: firesim_wrapper_0, and set properties
[2025-09-14 20:33:26] ##   set_property -dict [list \
[2025-09-14 20:33:26] ##   set block_name firesim_wrapper
[2025-09-14 20:33:26] ##     CONFIG.CLKOUT1_REQUESTED_OUT_FREQ $firesim_freq \
[2025-09-14 20:33:26] ##   set block_cell_name firesim_wrapper_0
[2025-09-14 20:33:26] ##     CONFIG.USE_LOCKED {false} \
[2025-09-14 20:33:26] ##   if { [catch {set firesim_wrapper_0 [create_bd_cell -type module -reference $block_name $block_cell_name] } errmsg] } {
[2025-09-14 20:33:26] ##   ] $clk_wiz_0
[2025-09-14 20:33:26] ##      catch {common::send_gid_msg -ssname BD::TCL -id 2095 -severity "ERROR" "Unable to add referenced block <$block_name>. Please add the files for ${block_name}'s definition into the project."}
[2025-09-14 20:33:26] ## 
[2025-09-14 20:33:26] ##      return 1
[2025-09-14 20:33:26] ## 
[2025-09-14 20:33:26] ##    } elseif { $firesim_wrapper_0 eq "" } {
[2025-09-14 20:33:26] ##   # Create instance: ddr4_0, and set properties
[2025-09-14 20:33:26] ##      catch {common::send_gid_msg -ssname BD::TCL -id 2096 -severity "ERROR" "Unable to referenced block <$block_name>. Please add the files for ${block_name}'s definition into the project."}
[2025-09-14 20:33:26] ##   set ddr4_0 [ create_bd_cell -type ip -vlnv xilinx.com:ip:ddr4:2.2 ddr4_0 ]
[2025-09-14 20:33:26] ##      return 1
[2025-09-14 20:33:26] ##   set_property -dict [list \
[2025-09-14 20:33:26] ##    }
[2025-09-14 20:33:26] ##     CONFIG.ADDN_UI_CLKOUT1_FREQ_HZ {100} \
[2025-09-14 20:33:26] ##   
[2025-09-14 20:33:26] ##     CONFIG.C0.DDR4_AUTO_AP_COL_A3 {true} \
[2025-09-14 20:33:26] ##   # Create instance: proc_sys_reset_0, and set properties
[2025-09-14 20:33:26] ##     CONFIG.C0.DDR4_AxiAddressWidth {34} \
[2025-09-14 20:33:26] ##   set proc_sys_reset_0 [ create_bd_cell -type ip -vlnv xilinx.com:ip:proc_sys_reset:5.0 proc_sys_reset_0 ]
[2025-09-14 20:33:26] ##     CONFIG.C0.DDR4_EN_PARITY {true} \
[2025-09-14 20:33:26] ## 
[2025-09-14 20:33:26] ##     CONFIG.C0.DDR4_MCS_ECC {false} \
[2025-09-14 20:33:26] ##   # Create instance: proc_sys_reset_1, and set properties
[2025-09-14 20:33:26] ##     CONFIG.C0.DDR4_Mem_Add_Map {ROW_COLUMN_BANK_INTLV} \
[2025-09-14 20:33:26] ##   set proc_sys_reset_1 [ create_bd_cell -type ip -vlnv xilinx.com:ip:proc_sys_reset:5.0 proc_sys_reset_1 ]
[2025-09-14 20:33:26] ##     CONFIG.C0_CLOCK_BOARD_INTERFACE {default_300mhz_clk0} \
[2025-09-14 20:33:26] ## 
[2025-09-14 20:33:26] ##     CONFIG.C0_DDR4_BOARD_INTERFACE {ddr4_sdram_c0} \
[2025-09-14 20:33:26] ##   # Create instance: resetn_inv_0, and set properties
[2025-09-14 20:33:26] ##     CONFIG.Debug_Signal {Disable} \
[2025-09-14 20:33:26] ##   set resetn_inv_0 [ create_bd_cell -type ip -vlnv xilinx.com:ip:util_vector_logic:2.0 resetn_inv_0 ]
[2025-09-14 20:33:26] ##     CONFIG.RESET_BOARD_INTERFACE {resetn} \
[2025-09-14 20:33:26] ##   set_property -dict [list \
[2025-09-14 20:33:26] ##   ] $ddr4_0
[2025-09-14 20:33:26] ##     CONFIG.C_OPERATION {not} \
[2025-09-14 20:33:26] ## 
[2025-09-14 20:33:26] ##     CONFIG.C_SIZE {1} \
[2025-09-14 20:33:26] ## 
[2025-09-14 20:33:26] ##   ] $resetn_inv_0
[2025-09-14 20:33:26] ##   # Create instance: firesim_wrapper_0, and set properties
[2025-09-14 20:33:26] ## 
[2025-09-14 20:33:26] ##   set block_name firesim_wrapper
[2025-09-14 20:33:26] ## 
[2025-09-14 20:33:26] ##   set block_cell_name firesim_wrapper_0
[2025-09-14 20:33:26] ##   # Create instance: util_ds_buf, and set properties
[2025-09-14 20:33:26] ##   if { [catch {set firesim_wrapper_0 [create_bd_cell -type module -reference $block_name $block_cell_name] } errmsg] } {
[2025-09-14 20:33:26] ##   set util_ds_buf [ create_bd_cell -type ip -vlnv xilinx.com:ip:util_ds_buf:2.2 util_ds_buf ]
[2025-09-14 20:33:26] ##      catch {common::send_gid_msg -ssname BD::TCL -id 2095 -severity "ERROR" "Unable to add referenced block <$block_name>. Please add the files for ${block_name}'s definition into the project."}
[2025-09-14 20:33:26] ##   set_property -dict [list \
[2025-09-14 20:33:26] ##      return 1
[2025-09-14 20:33:26] ##     CONFIG.DIFF_CLK_IN_BOARD_INTERFACE {pcie_refclk} \
[2025-09-14 20:33:26] ##    } elseif { $firesim_wrapper_0 eq "" } {
[2025-09-14 20:33:26] ##     CONFIG.USE_BOARD_FLOW {true} \
[2025-09-14 20:33:26] ##      catch {common::send_gid_msg -ssname BD::TCL -id 2096 -severity "ERROR" "Unable to referenced block <$block_name>. Please add the files for ${block_name}'s definition into the project."}
[2025-09-14 20:33:26] ##   ] $util_ds_buf
[2025-09-14 20:33:26] ##      return 1
[2025-09-14 20:33:26] ## set cur_design [current_bd_design -quiet]
[2025-09-14 20:33:26] ## 
[2025-09-14 20:33:26] ##    }
[2025-09-14 20:33:26] ## 
[2025-09-14 20:33:26] ## set list_cells [get_bd_cells -quiet]
[2025-09-14 20:33:26] ##   
[2025-09-14 20:33:26] ##   # Create instance: xdma_0, and set properties
[2025-09-14 20:33:26] ## if { ${design_name} eq "" } {
[2025-09-14 20:33:26] ##   # Create instance: proc_sys_reset_0, and set properties
[2025-09-14 20:33:26] ##   set xdma_0 [ create_bd_cell -type ip -vlnv xilinx.com:ip:xdma:4.1 xdma_0 ]
[2025-09-14 20:33:26] ##   set proc_sys_reset_0 [ create_bd_cell -type ip -vlnv xilinx.com:ip:proc_sys_reset:5.0 proc_sys_reset_0 ]
[2025-09-14 20:33:26] ##   set_property -dict [list \
[2025-09-14 20:33:26] ##    # USE CASES:
[2025-09-14 20:33:26] ## 
[2025-09-14 20:33:26] ##     CONFIG.PCIE_BOARD_INTERFACE {pci_express_x16} \
[2025-09-14 20:33:26] ##    #    1) Design_name not set
[2025-09-14 20:33:26] ##   # Create instance: proc_sys_reset_1, and set properties
[2025-09-14 20:33:26] ##     CONFIG.SYS_RST_N_BOARD_INTERFACE {pcie_perstn} \
[2025-09-14 20:33:26] ##   set proc_sys_reset_1 [ create_bd_cell -type ip -vlnv xilinx.com:ip:proc_sys_reset:5.0 proc_sys_reset_1 ]
[2025-09-14 20:33:26] ## 
[2025-09-14 20:33:26] ##     CONFIG.axilite_master_en {true} \
[2025-09-14 20:33:26] ## 
[2025-09-14 20:33:26] ##     CONFIG.axilite_master_size {32} \
[2025-09-14 20:33:26] ##    set errMsg "Please set the variable <design_name> to a non-empty value."
[2025-09-14 20:33:26] ##   # Create instance: resetn_inv_0, and set properties
[2025-09-14 20:33:26] ##     CONFIG.xdma_axi_intf_mm {AXI_Memory_Mapped} \
[2025-09-14 20:33:26] ##    set nRet 1
[2025-09-14 20:33:26] ##   set resetn_inv_0 [ create_bd_cell -type ip -vlnv xilinx.com:ip:util_vector_logic:2.0 resetn_inv_0 ]
[2025-09-14 20:33:26] ##     CONFIG.xdma_rnum_chnl {4} \
[2025-09-14 20:33:26] ##   set_property -dict [list \
[2025-09-14 20:33:26] ## 
[2025-09-14 20:33:26] ##     CONFIG.xdma_wnum_chnl {4} \
[2025-09-14 20:33:26] ##     CONFIG.C_OPERATION {not} \
[2025-09-14 20:33:26] ##   ] $xdma_0
[2025-09-14 20:33:26] ## } elseif { ${cur_design} ne "" && ${list_cells} eq "" } {
[2025-09-14 20:33:26] ##     CONFIG.C_SIZE {1} \
[2025-09-14 20:33:26] ## 
[2025-09-14 20:33:26] ##    # USE CASES:
[2025-09-14 20:33:26] ##   ] $resetn_inv_0
[2025-09-14 20:33:26] ## 
[2025-09-14 20:33:26] ## 
[2025-09-14 20:33:26] ##    #    2): Current design opened AND is empty AND names same.
[2025-09-14 20:33:26] ##   # Create instance: xlconstant_0, and set properties
[2025-09-14 20:33:26] ## 
[2025-09-14 20:33:26] ##   set xlconstant_0 [ create_bd_cell -type ip -vlnv xilinx.com:ip:xlconstant:1.1 xlconstant_0 ]
[2025-09-14 20:33:26] ##    #    3): Current design opened AND is empty AND names diff; design_name NOT in project.
[2025-09-14 20:33:26] ##   # Create instance: util_ds_buf, and set properties
[2025-09-14 20:33:26] ##   set_property CONFIG.CONST_VAL {0} $xlconstant_0
[2025-09-14 20:33:26] ##   set util_ds_buf [ create_bd_cell -type ip -vlnv xilinx.com:ip:util_ds_buf:2.2 util_ds_buf ]
[2025-09-14 20:33:26] ##    #    4): Current design opened AND is empty AND names diff; design_name exists in project.
[2025-09-14 20:33:26] ## 
[2025-09-14 20:33:26] ##   set_property -dict [list \
[2025-09-14 20:33:26] ## 
[2025-09-14 20:33:26] ## 
[2025-09-14 20:33:26] ##     CONFIG.DIFF_CLK_IN_BOARD_INTERFACE {pcie_refclk} \
[2025-09-14 20:33:26] ##   # Create interface connections
[2025-09-14 20:33:26] ##    if { $cur_design ne $design_name } {
[2025-09-14 20:33:26] ##     CONFIG.USE_BOARD_FLOW {true} \
[2025-09-14 20:33:26] ##   connect_bd_intf_net -intf_net axi_clock_converter_0_M_AXI [get_bd_intf_pins axi_clock_converter_0/M_AXI] [get_bd_intf_pins firesim_wrapper_0/S_AXI_DMA]
[2025-09-14 20:33:26] ##   connect_bd_intf_net -intf_net axi_clock_converter_1_M_AXI [get_bd_intf_pins axi_clock_converter_1/M_AXI] [get_bd_intf_pins firesim_wrapper_0/S_AXI_CTRL]
[2025-09-14 20:33:26] ##       common::send_gid_msg -ssname BD::TCL -id 2001 -severity "INFO" "Changing value of <design_name> from <$design_name> to <$cur_design> since current design is empty."
[2025-09-14 20:33:26] ##   ] $util_ds_buf
[2025-09-14 20:33:26] ## 
[2025-09-14 20:33:26] ##   connect_bd_intf_net -intf_net axi_dwidth_converter_0_M_AXI [get_bd_intf_pins axi_dwidth_converter_0/M_AXI] [get_bd_intf_pins ddr4_0/C0_DDR4_S_AXI]
[2025-09-14 20:33:26] ##       set design_name [get_property NAME $cur_design]
[2025-09-14 20:33:26] ## 
[2025-09-14 20:33:26] ##   connect_bd_intf_net -intf_net axi_tieoff_master_0_TIEOFF_M_AXI_CTRL_0 [get_bd_intf_pins axi_tieoff_master_0/TIEOFF_M_AXI_CTRL_0] [get_bd_intf_pins ddr4_0/C0_DDR4_S_AXI_CTRL]
[2025-09-14 20:33:26] ##    }
[2025-09-14 20:33:26] ##   # Create instance: xdma_0, and set properties
[2025-09-14 20:33:26] ##   connect_bd_intf_net -intf_net ddr4_0_C0_DDR4 [get_bd_intf_ports ddr4_sdram_c0] [get_bd_intf_pins ddr4_0/C0_DDR4]
[2025-09-14 20:33:26] ##   connect_bd_intf_net -intf_net default_300mhz_clk0_1 [get_bd_intf_ports default_300mhz_clk0] [get_bd_intf_pins ddr4_0/C0_SYS_CLK]
[2025-09-14 20:33:26] ##   set xdma_0 [ create_bd_cell -type ip -vlnv xilinx.com:ip:xdma:4.1 xdma_0 ]
[2025-09-14 20:33:26] ##    common::send_gid_msg -ssname BD::TCL -id 2002 -severity "INFO" "Constructing design in IPI design <$cur_design>..."
[2025-09-14 20:33:26] ##   connect_bd_intf_net -intf_net firesim_wrapper_0_M_AXI_DDR0 [get_bd_intf_pins axi_dwidth_converter_0/S_AXI] [get_bd_intf_pins firesim_wrapper_0/M_AXI_DDR0]
[2025-09-14 20:33:26] ##   set_property -dict [list \
[2025-09-14 20:33:26] ## 
[2025-09-14 20:33:26] ##     CONFIG.PCIE_BOARD_INTERFACE {pci_express_x16} \
[2025-09-14 20:33:26] ##   connect_bd_intf_net -intf_net pcie_refclk_1 [get_bd_intf_ports pcie_refclk] [get_bd_intf_pins util_ds_buf/CLK_IN_D]
[2025-09-14 20:33:26] ## } elseif { ${cur_design} ne "" && $list_cells ne "" && $cur_design eq $design_name } {
[2025-09-14 20:33:26] ##     CONFIG.SYS_RST_N_BOARD_INTERFACE {pcie_perstn} \
[2025-09-14 20:33:26] ##   connect_bd_intf_net -intf_net xdma_0_M_AXI [get_bd_intf_pins axi_clock_converter_0/S_AXI] [get_bd_intf_pins xdma_0/M_AXI]
[2025-09-14 20:33:26] ##     CONFIG.axilite_master_en {true} \
[2025-09-14 20:33:26] ##    # USE CASES:
[2025-09-14 20:33:26] ##   connect_bd_intf_net -intf_net xdma_0_M_AXI_LITE [get_bd_intf_pins axi_clock_converter_1/S_AXI] [get_bd_intf_pins xdma_0/M_AXI_LITE]
[2025-09-14 20:33:26] ##     CONFIG.axilite_master_size {32} \
[2025-09-14 20:33:26] ##   connect_bd_intf_net -intf_net xdma_0_pcie_mgt [get_bd_intf_ports pci_express_x16] [get_bd_intf_pins xdma_0/pcie_mgt]
[2025-09-14 20:33:26] ##    #    5) Current design opened AND has components AND same names.
[2025-09-14 20:33:26] ##     CONFIG.xdma_axi_intf_mm {AXI_Memory_Mapped} \
[2025-09-14 20:33:26] ## 
[2025-09-14 20:33:26] ## 
[2025-09-14 20:33:26] ##     CONFIG.xdma_rnum_chnl {4} \
[2025-09-14 20:33:26] ##   # Create port connections
[2025-09-14 20:33:26] ##     CONFIG.xdma_wnum_chnl {4} \
[2025-09-14 20:33:26] ##   connect_bd_net -net ddr4_0_c0_ddr4_ui_clk [get_bd_pins axi_dwidth_converter_0/m_axi_aclk] [get_bd_pins clk_wiz_0/clk_in1] [get_bd_pins ddr4_0/c0_ddr4_ui_clk] [get_bd_pins proc_sys_reset_1/slowest_sync_clk]
[2025-09-14 20:33:26] ##    set errMsg "Design <$design_name> already exists in your project, please set the variable <design_name> to another value."
[2025-09-14 20:33:26] ##   ] $xdma_0
[2025-09-14 20:33:26] ##   connect_bd_net -net pcie_perstn_1 [get_bd_ports pcie_perstn] [get_bd_pins xdma_0/sys_rst_n]
[2025-09-14 20:33:26] ##    set nRet 1
[2025-09-14 20:33:26] ## 
[2025-09-14 20:33:26] ##   connect_bd_net -net proc_sys_reset_0_interconnect_aresetn [get_bd_pins axi_clock_converter_0/m_axi_aresetn] [get_bd_pins axi_clock_converter_1/m_axi_aresetn] [get_bd_pins axi_dwidth_converter_0/s_axi_aresetn] [get_bd_pins firesim_wrapper_0/sys_reset_n] [get_bd_pins proc_sys_reset_0/interconnect_aresetn]
[2025-09-14 20:33:26] ## 
[2025-09-14 20:33:26] ##   connect_bd_net -net resetn_1 [get_bd_ports resetn] [get_bd_pins proc_sys_reset_0/ext_reset_in] [get_bd_pins proc_sys_reset_1/ext_reset_in] [get_bd_pins resetn_inv_0/Op1]
[2025-09-14 20:33:26] ## } elseif { [get_files -quiet ${design_name}.bd] ne "" } {
[2025-09-14 20:33:26] ##   # Create instance: xlconstant_0, and set properties
[2025-09-14 20:33:26] ##   connect_bd_net -net resetn_inv_0_Res [get_bd_pins clk_wiz_0/reset] [get_bd_pins ddr4_0/sys_rst] [get_bd_pins resetn_inv_0/Res]
[2025-09-14 20:33:26] ##    # USE CASES: 
[2025-09-14 20:33:26] ##   set xlconstant_0 [ create_bd_cell -type ip -vlnv xilinx.com:ip:xlconstant:1.1 xlconstant_0 ]
[2025-09-14 20:33:26] ##   connect_bd_net -net rst_ddr4_0_300M_interconnect_aresetn [get_bd_pins axi_dwidth_converter_0/m_axi_aresetn] [get_bd_pins ddr4_0/c0_ddr4_aresetn] [get_bd_pins proc_sys_reset_1/interconnect_aresetn]
[2025-09-14 20:33:26] ##    #    6) Current opened design, has components, but diff names, design_name exists in project.
[2025-09-14 20:33:26] ##   set_property CONFIG.CONST_VAL {0} $xlconstant_0
[2025-09-14 20:33:26] ##   connect_bd_net -net sys_clk_30 [get_bd_pins axi_clock_converter_0/m_axi_aclk] [get_bd_pins axi_clock_converter_1/m_axi_aclk] [get_bd_pins axi_dwidth_converter_0/s_axi_aclk] [get_bd_pins clk_wiz_0/clk_out1] [get_bd_pins firesim_wrapper_0/sys_clk_30] [get_bd_pins proc_sys_reset_0/slowest_sync_clk]
[2025-09-14 20:33:26] ## 
[2025-09-14 20:33:26] ##   connect_bd_net -net util_ds_buf_IBUF_DS_ODIV2 [get_bd_pins util_ds_buf/IBUF_DS_ODIV2] [get_bd_pins xdma_0/sys_clk]
[2025-09-14 20:33:26] ##    #    7) No opened design, design_name exists in project.
[2025-09-14 20:33:26] ## 
[2025-09-14 20:33:26] ##   connect_bd_net -net util_ds_buf_IBUF_OUT [get_bd_pins util_ds_buf/IBUF_OUT] [get_bd_pins xdma_0/sys_clk_gt]
[2025-09-14 20:33:26] ## 
[2025-09-14 20:33:26] ##   # Create interface connections
[2025-09-14 20:33:26] ##   connect_bd_net -net xdma_0_axi_aclk [get_bd_pins axi_clock_converter_0/s_axi_aclk] [get_bd_pins axi_clock_converter_1/s_axi_aclk] [get_bd_pins xdma_0/axi_aclk]
[2025-09-14 20:33:26] ##    set errMsg "Design <$design_name> already exists in your project, please set the variable <design_name> to another value."
[2025-09-14 20:33:26] ##   connect_bd_intf_net -intf_net axi_clock_converter_0_M_AXI [get_bd_intf_pins axi_clock_converter_0/M_AXI] [get_bd_intf_pins firesim_wrapper_0/S_AXI_DMA]
[2025-09-14 20:33:26] ##   connect_bd_net -net xdma_0_axi_aresetn [get_bd_pins axi_clock_converter_0/s_axi_aresetn] [get_bd_pins axi_clock_converter_1/s_axi_aresetn] [get_bd_pins xdma_0/axi_aresetn]
[2025-09-14 20:33:26] ##   connect_bd_intf_net -intf_net axi_clock_converter_1_M_AXI [get_bd_intf_pins axi_clock_converter_1/M_AXI] [get_bd_intf_pins firesim_wrapper_0/S_AXI_CTRL]
[2025-09-14 20:33:26] ##   connect_bd_net -net xlconstant_0_dout [get_bd_pins xdma_0/usr_irq_req] [get_bd_pins xlconstant_0/dout]
[2025-09-14 20:33:26] ##    set nRet 2
[2025-09-14 20:33:26] ##   connect_bd_intf_net -intf_net axi_dwidth_converter_0_M_AXI [get_bd_intf_pins axi_dwidth_converter_0/M_AXI] [get_bd_intf_pins ddr4_0/C0_DDR4_S_AXI]
[2025-09-14 20:33:26] ## 
[2025-09-14 20:33:26] ## 
[2025-09-14 20:33:26] ##   connect_bd_intf_net -intf_net axi_tieoff_master_0_TIEOFF_M_AXI_CTRL_0 [get_bd_intf_pins axi_tieoff_master_0/TIEOFF_M_AXI_CTRL_0] [get_bd_intf_pins ddr4_0/C0_DDR4_S_AXI_CTRL]
[2025-09-14 20:33:26] ##   # Create address segments
[2025-09-14 20:33:26] ##   connect_bd_intf_net -intf_net ddr4_0_C0_DDR4 [get_bd_intf_ports ddr4_sdram_c0] [get_bd_intf_pins ddr4_0/C0_DDR4]
[2025-09-14 20:33:26] ## } else {
[2025-09-14 20:33:26] ## 
[2025-09-14 20:33:26] ##   connect_bd_intf_net -intf_net default_300mhz_clk0_1 [get_bd_intf_ports default_300mhz_clk0] [get_bd_intf_pins ddr4_0/C0_SYS_CLK]
[2025-09-14 20:33:26] ##   # Restore current instance
[2025-09-14 20:33:26] ##    # USE CASES:
[2025-09-14 20:33:26] ##   connect_bd_intf_net -intf_net firesim_wrapper_0_M_AXI_DDR0 [get_bd_intf_pins axi_dwidth_converter_0/S_AXI] [get_bd_intf_pins firesim_wrapper_0/M_AXI_DDR0]
[2025-09-14 20:33:26] ##   current_bd_instance $oldCurInst
[2025-09-14 20:33:26] ##    #    8) No opened design, design_name not in project.
[2025-09-14 20:33:26] ## if { $bCheckIPsPassed != 1 } {
[2025-09-14 20:33:26] ##   connect_bd_intf_net -intf_net pcie_refclk_1 [get_bd_intf_ports pcie_refclk] [get_bd_intf_pins util_ds_buf/CLK_IN_D]
[2025-09-14 20:33:26] ## 
[2025-09-14 20:33:26] ##   common::send_gid_msg -ssname BD::TCL -id 2023 -severity "WARNING" "Will not continue with creation of design due to the error(s) above."
[2025-09-14 20:33:26] ##   connect_bd_intf_net -intf_net xdma_0_M_AXI [get_bd_intf_pins axi_clock_converter_0/S_AXI] [get_bd_intf_pins xdma_0/M_AXI]
[2025-09-14 20:33:26] ##    #    9) Current opened design, has components, but diff names, design_name not in project.
[2025-09-14 20:33:26] ##   validate_bd_design
[2025-09-14 20:33:26] ##   connect_bd_intf_net -intf_net xdma_0_M_AXI_LITE [get_bd_intf_pins axi_clock_converter_1/S_AXI] [get_bd_intf_pins xdma_0/M_AXI_LITE]
[2025-09-14 20:33:26] ##   return 3
[2025-09-14 20:33:26] ##   save_bd_design
[2025-09-14 20:33:26] ## 
[2025-09-14 20:33:26] ## }
[2025-09-14 20:33:26] ##   connect_bd_intf_net -intf_net xdma_0_pcie_mgt [get_bd_intf_ports pci_express_x16] [get_bd_intf_pins xdma_0/pcie_mgt]
[2025-09-14 20:33:26] ## }
[2025-09-14 20:33:26] ##    common::send_gid_msg -ssname BD::TCL -id 2003 -severity "INFO" "Currently there is no design <$design_name> in project, so creating one..."
[2025-09-14 20:33:26] ## 
[2025-09-14 20:33:26] ## proc create_root_design { parentCell firesim_freq } {
[2025-09-14 20:33:26] ## create_root_design "" $desired_host_frequency
[2025-09-14 20:33:26] ## 
[2025-09-14 20:33:26] ##   # Create port connections
[2025-09-14 20:33:26] INFO: [IP_Flow 19-5107] Inferred bus interface 'TIEOFF_M_AXI_CTRL_0' of definition 'xilinx.com:interface:aximm:1.0' (from X_INTERFACE_INFO parameter from HDL file).
[2025-09-14 20:33:26] ## 
[2025-09-14 20:33:26] ##   connect_bd_net -net ddr4_0_c0_ddr4_ui_clk [get_bd_pins axi_dwidth_converter_0/m_axi_aclk] [get_bd_pins clk_wiz_0/clk_in1] [get_bd_pins ddr4_0/c0_ddr4_ui_clk] [get_bd_pins proc_sys_reset_1/slowest_sync_clk]
[2025-09-14 20:33:26] ##   variable script_folder
[2025-09-14 20:33:26] INFO: [IP_Flow 19-5107] Inferred bus interface 'TIEOFF_M_AXI_CTRL_0' of definition 'xilinx.com:interface:aximm:1.0' (from 'X_INTERFACE_INFO' attribute).
[2025-09-14 20:33:26] ##    create_bd_design $design_name
[2025-09-14 20:33:26] ##   variable design_name
[2025-09-14 20:33:26] ##   connect_bd_net -net pcie_perstn_1 [get_bd_ports pcie_perstn] [get_bd_pins xdma_0/sys_rst_n]
[2025-09-14 20:33:26] INFO: [IP_Flow 19-4728] Bus Interface 'TIEOFF_M_AXI_CTRL_0': Added interface parameter 'ADDR_WIDTH' with value '32'.
[2025-09-14 20:33:26] ## 
[2025-09-14 20:33:26] INFO: [IP_Flow 19-4728] Bus Interface 'TIEOFF_M_AXI_CTRL_0': Added interface parameter 'ARUSER_WIDTH' with value '0'.
[2025-09-14 20:33:26] ##   connect_bd_net -net proc_sys_reset_0_interconnect_aresetn [get_bd_pins axi_clock_converter_0/m_axi_aresetn] [get_bd_pins axi_clock_converter_1/m_axi_aresetn] [get_bd_pins axi_dwidth_converter_0/s_axi_aresetn] [get_bd_pins firesim_wrapper_0/sys_reset_n] [get_bd_pins proc_sys_reset_0/interconnect_aresetn]
[2025-09-14 20:33:26] ## 
[2025-09-14 20:33:26] ##   if { $parentCell eq "" } {
[2025-09-14 20:33:26] ##   connect_bd_net -net resetn_1 [get_bd_ports resetn] [get_bd_pins proc_sys_reset_0/ext_reset_in] [get_bd_pins proc_sys_reset_1/ext_reset_in] [get_bd_pins resetn_inv_0/Op1]
[2025-09-14 20:33:26] INFO: [IP_Flow 19-4728] Bus Interface 'TIEOFF_M_AXI_CTRL_0': Added interface parameter 'AWUSER_WIDTH' with value '0'.
[2025-09-14 20:33:26] ##    common::send_gid_msg -ssname BD::TCL -id 2004 -severity "INFO" "Making design <$design_name> as current_bd_design."
[2025-09-14 20:33:26] INFO: [IP_Flow 19-4728] Bus Interface 'TIEOFF_M_AXI_CTRL_0': Added interface parameter 'BUSER_WIDTH' with value '0'.
[2025-09-14 20:33:26] ##   connect_bd_net -net resetn_inv_0_Res [get_bd_pins clk_wiz_0/reset] [get_bd_pins ddr4_0/sys_rst] [get_bd_pins resetn_inv_0/Res]
[2025-09-14 20:33:26] ##      set parentCell [get_bd_cells /]
[2025-09-14 20:33:26] ##    current_bd_design $design_name
[2025-09-14 20:33:26] INFO: [IP_Flow 19-4728] Bus Interface 'TIEOFF_M_AXI_CTRL_0': Added interface parameter 'DATA_WIDTH' with value '32'.
[2025-09-14 20:33:26] ##   }
[2025-09-14 20:33:26] ##   connect_bd_net -net rst_ddr4_0_300M_interconnect_aresetn [get_bd_pins axi_dwidth_converter_0/m_axi_aresetn] [get_bd_pins ddr4_0/c0_ddr4_aresetn] [get_bd_pins proc_sys_reset_1/interconnect_aresetn]
[2025-09-14 20:33:26] INFO: [IP_Flow 19-4728] Bus Interface 'TIEOFF_M_AXI_CTRL_0': Added interface parameter 'HAS_BRESP' with value '1'.
[2025-09-14 20:33:26] ## 
[2025-09-14 20:33:26] ## 
[2025-09-14 20:33:26] ##   connect_bd_net -net sys_clk_30 [get_bd_pins axi_clock_converter_0/m_axi_aclk] [get_bd_pins axi_clock_converter_1/m_axi_aclk] [get_bd_pins axi_dwidth_converter_0/s_axi_aclk] [get_bd_pins clk_wiz_0/clk_out1] [get_bd_pins firesim_wrapper_0/sys_clk_30] [get_bd_pins proc_sys_reset_0/slowest_sync_clk]
[2025-09-14 20:33:26] INFO: [IP_Flow 19-4728] Bus Interface 'TIEOFF_M_AXI_CTRL_0': Added interface parameter 'HAS_BURST' with value '0'.
[2025-09-14 20:33:26] ##   # Get object for parentCell
[2025-09-14 20:33:26] ##   connect_bd_net -net util_ds_buf_IBUF_DS_ODIV2 [get_bd_pins util_ds_buf/IBUF_DS_ODIV2] [get_bd_pins xdma_0/sys_clk]
[2025-09-14 20:33:26] ## }
[2025-09-14 20:33:26] INFO: [IP_Flow 19-4728] Bus Interface 'TIEOFF_M_AXI_CTRL_0': Added interface parameter 'HAS_CACHE' with value '0'.
[2025-09-14 20:33:26] ##   set parentObj [get_bd_cells $parentCell]
[2025-09-14 20:33:26] ##   connect_bd_net -net util_ds_buf_IBUF_OUT [get_bd_pins util_ds_buf/IBUF_OUT] [get_bd_pins xdma_0/sys_clk_gt]
[2025-09-14 20:33:26] INFO: [BD::TCL 103-2003] Currently there is no design <design_1> in project, so creating one...
[2025-09-14 20:33:26] INFO: [IP_Flow 19-4728] Bus Interface 'TIEOFF_M_AXI_CTRL_0': Added interface parameter 'HAS_LOCK' with value '0'.
[2025-09-14 20:33:26] ##   if { $parentObj == "" } {
[2025-09-14 20:33:26] ##   connect_bd_net -net xdma_0_axi_aclk [get_bd_pins axi_clock_converter_0/s_axi_aclk] [get_bd_pins axi_clock_converter_1/s_axi_aclk] [get_bd_pins xdma_0/axi_aclk]
[2025-09-14 20:33:26] INFO: [IP_Flow 19-4728] Bus Interface 'TIEOFF_M_AXI_CTRL_0': Added interface parameter 'HAS_PROT' with value '0'.
[2025-09-14 20:33:26] ##      catch {common::send_gid_msg -ssname BD::TCL -id 2090 -severity "ERROR" "Unable to find parent cell <$parentCell>!"}
[2025-09-14 20:33:26] ##   connect_bd_net -net xdma_0_axi_aresetn [get_bd_pins axi_clock_converter_0/s_axi_aresetn] [get_bd_pins axi_clock_converter_1/s_axi_aresetn] [get_bd_pins xdma_0/axi_aresetn]
[2025-09-14 20:33:26] INFO: [IP_Flow 19-4728] Bus Interface 'TIEOFF_M_AXI_CTRL_0': Added interface parameter 'HAS_QOS' with value '0'.
[2025-09-14 20:33:26] ##      return
[2025-09-14 20:33:26] ##   connect_bd_net -net xlconstant_0_dout [get_bd_pins xdma_0/usr_irq_req] [get_bd_pins xlconstant_0/dout]
[2025-09-14 20:33:26] ## if { $bCheckIPsPassed != 1 } {
[2025-09-14 20:33:26] INFO: [IP_Flow 19-4728] Bus Interface 'TIEOFF_M_AXI_CTRL_0': Added interface parameter 'HAS_REGION' with value '0'.
[2025-09-14 20:33:26] ##   }
[2025-09-14 20:33:26] ## 
[2025-09-14 20:33:26] ##   common::send_gid_msg -ssname BD::TCL -id 2023 -severity "WARNING" "Will not continue with creation of design due to the error(s) above."
[2025-09-14 20:33:26] INFO: [IP_Flow 19-4728] Bus Interface 'TIEOFF_M_AXI_CTRL_0': Added interface parameter 'HAS_RRESP' with value '1'.
[2025-09-14 20:33:26] ## 
[2025-09-14 20:33:26] ##   # Create address segments
[2025-09-14 20:33:26] ##   return 3
[2025-09-14 20:33:26] INFO: [IP_Flow 19-4728] Bus Interface 'TIEOFF_M_AXI_CTRL_0': Added interface parameter 'HAS_WSTRB' with value '0'.
[2025-09-14 20:33:26] ##   # Make sure parentObj is hier blk
[2025-09-14 20:33:26] ## 
[2025-09-14 20:33:26] ## }
[2025-09-14 20:33:26] INFO: [IP_Flow 19-4728] Bus Interface 'TIEOFF_M_AXI_CTRL_0': Added interface parameter 'ID_WIDTH' with value '0'.
[2025-09-14 20:33:26] ##   set parentType [get_property TYPE $parentObj]
[2025-09-14 20:33:26] ##   # Restore current instance
[2025-09-14 20:33:26] ## proc create_root_design { parentCell firesim_freq } {
[2025-09-14 20:33:26] INFO: [IP_Flow 19-4728] Bus Interface 'TIEOFF_M_AXI_CTRL_0': Added interface parameter 'INSERT_VIP' with value '0'.
[2025-09-14 20:33:26] ##   if { $parentType ne "hier" } {
[2025-09-14 20:33:26] ##   current_bd_instance $oldCurInst
[2025-09-14 20:33:26] ## 
[2025-09-14 20:33:26] INFO: [IP_Flow 19-4728] Bus Interface 'TIEOFF_M_AXI_CTRL_0': Added interface parameter 'MAX_BURST_LENGTH' with value '1'.
[2025-09-14 20:33:26] ##      catch {common::send_gid_msg -ssname BD::TCL -id 2091 -severity "ERROR" "Parent <$parentObj> has TYPE = <$parentType>. Expected to be <hier>."}
[2025-09-14 20:33:26] ## 
[2025-09-14 20:33:26] ##   variable script_folder
[2025-09-14 20:33:26] INFO: [IP_Flow 19-4728] Bus Interface 'TIEOFF_M_AXI_CTRL_0': Added interface parameter 'NUM_READ_OUTSTANDING' with value '1'.
[2025-09-14 20:33:26] ##      return
[2025-09-14 20:33:26] ##   validate_bd_design
[2025-09-14 20:33:26] ##   variable design_name
[2025-09-14 20:33:26] create_project: Time (s): cpu = 00:00:05 ; elapsed = 00:00:06 . Memory (MB): peak = 1701.773 ; gain = 94.992 ; free physical = 184867 ; free virtual = 186633
[2025-09-14 20:33:26] INFO: [IP_Flow 19-4728] Bus Interface 'TIEOFF_M_AXI_CTRL_0': Added interface parameter 'NUM_READ_THREADS' with value '1'.
[2025-09-14 20:33:26] ##   }
[2025-09-14 20:33:26] ##   save_bd_design
[2025-09-14 20:33:26] ## 
[2025-09-14 20:33:26] INFO: [IP_Flow 19-4728] Bus Interface 'TIEOFF_M_AXI_CTRL_0': Added interface parameter 'NUM_WRITE_OUTSTANDING' with value '1'.
[2025-09-14 20:33:26] ## 
[2025-09-14 20:33:26] # set_property board_part $board_part [current_project]
[2025-09-14 20:33:26] ## }
[2025-09-14 20:33:26] ##   if { $parentCell eq "" } {
[2025-09-14 20:33:26] INFO: [IP_Flow 19-4728] Bus Interface 'TIEOFF_M_AXI_CTRL_0': Added interface parameter 'NUM_WRITE_THREADS' with value '1'.
[2025-09-14 20:33:26] ##   # Save current instance; Restore later
[2025-09-14 20:33:26] ## create_root_design "" $desired_host_frequency
[2025-09-14 20:33:26] # foreach addFile [list ${root_dir}/design/axi_tieoff_master.v ${root_dir}/design/firesim_wrapper.v ${root_dir}/design/firesim_top.sv ${root_dir}/design/firesim_defines.vh] {
[2025-09-14 20:33:26] ##      set parentCell [get_bd_cells /]
[2025-09-14 20:33:26] INFO: [IP_Flow 19-4728] Bus Interface 'TIEOFF_M_AXI_CTRL_0': Added interface parameter 'FREQ_HZ' with value '300000000'.
[2025-09-14 20:33:26] ##   set oldCurInst [current_bd_instance .]
[2025-09-14 20:33:26] INFO: [IP_Flow 19-5107] Inferred bus interface 'TIEOFF_M_AXI_CTRL_0' of definition 'xilinx.com:interface:aximm:1.0' (from X_INTERFACE_INFO parameter from HDL file).
[2025-09-14 20:33:26] ##   }
[2025-09-14 20:33:26] #   set addFile [retrieveVersionedFile $addFile $vivado_version]
[2025-09-14 20:33:26] INFO: [IP_Flow 19-4728] Bus Interface 'TIEOFF_M_AXI_CTRL_0': Added interface parameter 'PHASE' with value '0.0'.
[2025-09-14 20:33:26] ## 
[2025-09-14 20:33:26] INFO: [IP_Flow 19-5107] Inferred bus interface 'TIEOFF_M_AXI_CTRL_0' of definition 'xilinx.com:interface:aximm:1.0' (from 'X_INTERFACE_INFO' attribute).
[2025-09-14 20:33:26] ## 
[2025-09-14 20:33:26] INFO: [IP_Flow 19-4728] Bus Interface 'TIEOFF_M_AXI_CTRL_0': Added interface parameter 'PROTOCOL' with value 'AXI4LITE'.
[2025-09-14 20:33:26] #   if {![file exists $addFile]} {
[2025-09-14 20:33:26] ##   # Set parent object as current
[2025-09-14 20:33:26] INFO: [IP_Flow 19-4728] Bus Interface 'TIEOFF_M_AXI_CTRL_0': Added interface parameter 'ADDR_WIDTH' with value '32'.
[2025-09-14 20:33:26] ##   # Get object for parentCell
[2025-09-14 20:33:26] INFO: [IP_Flow 19-4728] Bus Interface 'TIEOFF_M_AXI_CTRL_0': Added interface parameter 'READ_WRITE_MODE' with value 'READ_WRITE'.
[2025-09-14 20:33:26] ##   current_bd_instance $parentObj
[2025-09-14 20:33:26] #     puts "ERROR: could not find file $addFile"
[2025-09-14 20:33:26] INFO: [IP_Flow 19-4728] Bus Interface 'TIEOFF_M_AXI_CTRL_0': Added interface parameter 'ARUSER_WIDTH' with value '0'.
[2025-09-14 20:33:26] ##   set parentObj [get_bd_cells $parentCell]
[2025-09-14 20:33:26] INFO: [IP_Flow 19-4728] Bus Interface 'TIEOFF_M_AXI_CTRL_0': Added interface parameter 'RUSER_BITS_PER_BYTE' with value '0'.
[2025-09-14 20:33:26] ## 
[2025-09-14 20:33:26] INFO: [IP_Flow 19-4728] Bus Interface 'TIEOFF_M_AXI_CTRL_0': Added interface parameter 'AWUSER_WIDTH' with value '0'.
[2025-09-14 20:33:26] #     exit 1
[2025-09-14 20:33:26] ##   if { $parentObj == "" } {
[2025-09-14 20:33:26] INFO: [IP_Flow 19-4728] Bus Interface 'TIEOFF_M_AXI_CTRL_0': Added interface parameter 'RUSER_WIDTH' with value '0'.
[2025-09-14 20:33:26] ## 
[2025-09-14 20:33:26] INFO: [IP_Flow 19-4728] Bus Interface 'TIEOFF_M_AXI_CTRL_0': Added interface parameter 'BUSER_WIDTH' with value '0'.
[2025-09-14 20:33:26] ##      catch {common::send_gid_msg -ssname BD::TCL -id 2090 -severity "ERROR" "Unable to find parent cell <$parentCell>!"}
[2025-09-14 20:33:26] #   }
[2025-09-14 20:33:26] INFO: [IP_Flow 19-4728] Bus Interface 'TIEOFF_M_AXI_CTRL_0': Added interface parameter 'SUPPORTS_NARROW_BURST' with value '0'.
[2025-09-14 20:33:26] ##   # Create interface ports
[2025-09-14 20:33:26] INFO: [IP_Flow 19-4728] Bus Interface 'TIEOFF_M_AXI_CTRL_0': Added interface parameter 'DATA_WIDTH' with value '32'.
[2025-09-14 20:33:26] ##      return
[2025-09-14 20:33:26] #   add_files $addFile
[2025-09-14 20:33:26] INFO: [IP_Flow 19-4728] Bus Interface 'TIEOFF_M_AXI_CTRL_0': Added interface parameter 'WUSER_BITS_PER_BYTE' with value '0'.
[2025-09-14 20:33:26] ##   set ddr4_sdram_c0 [ create_bd_intf_port -mode Master -vlnv xilinx.com:interface:ddr4_rtl:1.0 ddr4_sdram_c0 ]
[2025-09-14 20:33:26] INFO: [IP_Flow 19-4728] Bus Interface 'TIEOFF_M_AXI_CTRL_0': Added interface parameter 'HAS_BRESP' with value '1'.
[2025-09-14 20:33:26] ##   }
[2025-09-14 20:33:26] INFO: [IP_Flow 19-4728] Bus Interface 'TIEOFF_M_AXI_CTRL_0': Added interface parameter 'WUSER_WIDTH' with value '0'.
[2025-09-14 20:33:26] ## 
[2025-09-14 20:33:26] #   if {[file extension $addFile] == ".vh"} {
[2025-09-14 20:33:26] INFO: [IP_Flow 19-4728] Bus Interface 'TIEOFF_M_AXI_CTRL_0': Added interface parameter 'HAS_BURST' with value '0'.
[2025-09-14 20:33:26] ## 
[2025-09-14 20:33:26] INFO: [IP_Flow 19-7067] Note that bus interface 'TIEOFF_M_AXI_CTRL_0' has a fixed FREQ_HZ of '300000000'. This value will be respected whenever this IP is instantiated in IP Integrator.
[2025-09-14 20:33:26] ##   set default_300mhz_clk0 [ create_bd_intf_port -mode Slave -vlnv xilinx.com:interface:diff_clock_rtl:1.0 default_300mhz_clk0 ]
[2025-09-14 20:33:26] #     set_property IS_GLOBAL_INCLUDE 1 [get_files $addFile]
[2025-09-14 20:33:26] INFO: [IP_Flow 19-4728] Bus Interface 'TIEOFF_M_AXI_CTRL_0': Added interface parameter 'HAS_CACHE' with value '0'.
[2025-09-14 20:33:26] ##   # Make sure parentObj is hier blk
[2025-09-14 20:33:26] INFO: [IP_Flow 19-234] Refreshing IP repositories
[2025-09-14 20:33:26] ##   set_property -dict [ list \
[2025-09-14 20:33:26] INFO: [IP_Flow 19-4728] Bus Interface 'TIEOFF_M_AXI_CTRL_0': Added interface parameter 'HAS_LOCK' with value '0'.
[2025-09-14 20:33:26] ##   set parentType [get_property TYPE $parentObj]
[2025-09-14 20:33:26] #   }
[2025-09-14 20:33:26] INFO: [IP_Flow 19-1704] No user IP repositories specified
[2025-09-14 20:33:26] ##    CONFIG.FREQ_HZ {300000000} \
[2025-09-14 20:33:26] INFO: [IP_Flow 19-4728] Bus Interface 'TIEOFF_M_AXI_CTRL_0': Added interface parameter 'HAS_PROT' with value '0'.
[2025-09-14 20:33:26] ##   if { $parentType ne "hier" } {
[2025-09-14 20:33:26] ##    ] $default_300mhz_clk0
[2025-09-14 20:33:26] # }
[2025-09-14 20:33:26] INFO: [IP_Flow 19-4728] Bus Interface 'TIEOFF_M_AXI_CTRL_0': Added interface parameter 'HAS_QOS' with value '0'.
[2025-09-14 20:33:26] ##      catch {common::send_gid_msg -ssname BD::TCL -id 2091 -severity "ERROR" "Parent <$parentObj> has TYPE = <$parentType>. Expected to be <hier>."}
[2025-09-14 20:33:26] ## 
[2025-09-14 20:33:26] # if {[file exists [set sourceFile [retrieveVersionedFile ${root_dir}/scripts/firesim_env.tcl $vivado_version]]]} {
[2025-09-14 20:33:26] INFO: [IP_Flow 19-4728] Bus Interface 'TIEOFF_M_AXI_CTRL_0': Added interface parameter 'HAS_REGION' with value '0'.
[2025-09-14 20:33:26] ##      return
[2025-09-14 20:33:26] ##   set pci_express_x16 [ create_bd_intf_port -mode Master -vlnv xilinx.com:interface:pcie_7x_mgt_rtl:1.0 pci_express_x16 ]
[2025-09-14 20:33:26] #   source $sourceFile
[2025-09-14 20:33:26] INFO: [IP_Flow 19-4728] Bus Interface 'TIEOFF_M_AXI_CTRL_0': Added interface parameter 'HAS_RRESP' with value '1'.
[2025-09-14 20:33:26] ##   }
[2025-09-14 20:33:26] ## 
[2025-09-14 20:33:26] INFO: [IP_Flow 19-4728] Bus Interface 'TIEOFF_M_AXI_CTRL_0': Added interface parameter 'HAS_WSTRB' with value '0'.
[2025-09-14 20:33:26] ## 
[2025-09-14 20:33:26] # }
[2025-09-14 20:33:26] ##   set pcie_refclk [ create_bd_intf_port -mode Slave -vlnv xilinx.com:interface:diff_clock_rtl:1.0 pcie_refclk ]
[2025-09-14 20:33:26] INFO: [IP_Flow 19-4728] Bus Interface 'TIEOFF_M_AXI_CTRL_0': Added interface parameter 'ID_WIDTH' with value '0'.
[2025-09-14 20:33:26] ##   # Save current instance; Restore later
[2025-09-14 20:33:26] ##   set_property -dict [ list \
[2025-09-14 20:33:26] ## set desired_host_frequency 25
[2025-09-14 20:33:26] INFO: [IP_Flow 19-4728] Bus Interface 'TIEOFF_M_AXI_CTRL_0': Added interface parameter 'INSERT_VIP' with value '0'.
[2025-09-14 20:33:26] ##   set oldCurInst [current_bd_instance .]
[2025-09-14 20:33:26] ##    CONFIG.FREQ_HZ {100000000} \
[2025-09-14 20:33:26] ## set strategy "TIMING"
[2025-09-14 20:33:26] INFO: [IP_Flow 19-4728] Bus Interface 'TIEOFF_M_AXI_CTRL_0': Added interface parameter 'MAX_BURST_LENGTH' with value '1'.
[2025-09-14 20:33:26] ## 
[2025-09-14 20:33:26] ##    ] $pcie_refclk
[2025-09-14 20:33:26] # if {![file exists [set sourceFile [retrieveVersionedFile ${root_dir}/scripts/create_bd.tcl $vivado_version]]]} {
[2025-09-14 20:33:26] INFO: [IP_Flow 19-4728] Bus Interface 'TIEOFF_M_AXI_CTRL_0': Added interface parameter 'NUM_READ_OUTSTANDING' with value '1'.
[2025-09-14 20:33:26] ##   # Set parent object as current
[2025-09-14 20:33:26] ## 
[2025-09-14 20:33:26] INFO: [IP_Flow 19-4728] Bus Interface 'TIEOFF_M_AXI_CTRL_0': Added interface parameter 'NUM_READ_THREADS' with value '1'.
[2025-09-14 20:33:26] ##   current_bd_instance $parentObj
[2025-09-14 20:33:26] #   puts "ERROR: could not find $sourceFile"
[2025-09-14 20:33:26] ## 
[2025-09-14 20:33:26] INFO: [IP_Flow 19-4728] Bus Interface 'TIEOFF_M_AXI_CTRL_0': Added interface parameter 'NUM_WRITE_OUTSTANDING' with value '1'.
[2025-09-14 20:33:26] ## 
[2025-09-14 20:33:26] ##   # Create ports
[2025-09-14 20:33:26] #   exit 1
[2025-09-14 20:33:26] INFO: [IP_Flow 19-4728] Bus Interface 'TIEOFF_M_AXI_CTRL_0': Added interface parameter 'NUM_WRITE_THREADS' with value '1'.
[2025-09-14 20:33:26] ## 
[2025-09-14 20:33:26] ##   set pcie_perstn [ create_bd_port -dir I -type rst pcie_perstn ]
[2025-09-14 20:33:26] # }
[2025-09-14 20:33:26] INFO: [IP_Flow 19-4728] Bus Interface 'TIEOFF_M_AXI_CTRL_0': Added interface parameter 'FREQ_HZ' with value '300000000'.
[2025-09-14 20:33:26] ##   # Create interface ports
[2025-09-14 20:33:26] ##   set_property -dict [ list \
[2025-09-14 20:33:26] # source $sourceFile
[2025-09-14 20:33:26] INFO: [IP_Flow 19-4728] Bus Interface 'TIEOFF_M_AXI_CTRL_0': Added interface parameter 'PHASE' with value '0.0'.
[2025-09-14 20:33:26] ##   set ddr4_sdram_c0 [ create_bd_intf_port -mode Master -vlnv xilinx.com:interface:ddr4_rtl:1.0 ddr4_sdram_c0 ]
[2025-09-14 20:33:26] ##    CONFIG.POLARITY {ACTIVE_LOW} \
[2025-09-14 20:33:26] INFO: [IP_Flow 19-4728] Bus Interface 'TIEOFF_M_AXI_CTRL_0': Added interface parameter 'PROTOCOL' with value 'AXI4LITE'.
[2025-09-14 20:33:26] ## 
[2025-09-14 20:33:26] ## namespace eval _tcl {
[2025-09-14 20:33:26] ##  ] $pcie_perstn
[2025-09-14 20:33:26] INFO: [IP_Flow 19-4728] Bus Interface 'TIEOFF_M_AXI_CTRL_0': Added interface parameter 'READ_WRITE_MODE' with value 'READ_WRITE'.
[2025-09-14 20:33:26] ##   set default_300mhz_clk0 [ create_bd_intf_port -mode Slave -vlnv xilinx.com:interface:diff_clock_rtl:1.0 default_300mhz_clk0 ]
[2025-09-14 20:33:26] ##   set resetn [ create_bd_port -dir I -type rst resetn ]
[2025-09-14 20:33:26] ## proc get_script_folder {} {
[2025-09-14 20:33:26] INFO: [IP_Flow 19-4728] Bus Interface 'TIEOFF_M_AXI_CTRL_0': Added interface parameter 'RUSER_BITS_PER_BYTE' with value '0'.
[2025-09-14 20:33:26] ##   set_property -dict [ list \
[2025-09-14 20:33:26] ##   set_property -dict [ list \
[2025-09-14 20:33:26] ##    set script_path [file normalize [info script]]
[2025-09-14 20:33:26] INFO: [IP_Flow 19-4728] Bus Interface 'TIEOFF_M_AXI_CTRL_0': Added interface parameter 'RUSER_WIDTH' with value '0'.
[2025-09-14 20:33:26] ##    CONFIG.FREQ_HZ {300000000} \
[2025-09-14 20:33:26] ##    CONFIG.POLARITY {ACTIVE_LOW} \
[2025-09-14 20:33:26] ##    set script_folder [file dirname $script_path]
[2025-09-14 20:33:26] INFO: [IP_Flow 19-4728] Bus Interface 'TIEOFF_M_AXI_CTRL_0': Added interface parameter 'SUPPORTS_NARROW_BURST' with value '0'.
[2025-09-14 20:33:26] ##    ] $default_300mhz_clk0
[2025-09-14 20:33:26] ##  ] $resetn
[2025-09-14 20:33:26] INFO: [IP_Flow 19-4728] Bus Interface 'TIEOFF_M_AXI_CTRL_0': Added interface parameter 'WUSER_BITS_PER_BYTE' with value '0'.
[2025-09-14 20:33:26] ## 
[2025-09-14 20:33:26] ##    return $script_folder
[2025-09-14 20:33:26] ## 
[2025-09-14 20:33:26] INFO: [IP_Flow 19-4728] Bus Interface 'TIEOFF_M_AXI_CTRL_0': Added interface parameter 'WUSER_WIDTH' with value '0'.
[2025-09-14 20:33:26] ##   set pci_express_x16 [ create_bd_intf_port -mode Master -vlnv xilinx.com:interface:pcie_7x_mgt_rtl:1.0 pci_express_x16 ]
[2025-09-14 20:33:26] ##   # Create instance: axi_clock_converter_0, and set properties
[2025-09-14 20:33:26] ## }
[2025-09-14 20:33:26] INFO: [IP_Flow 19-7067] Note that bus interface 'TIEOFF_M_AXI_CTRL_0' has a fixed FREQ_HZ of '300000000'. This value will be respected whenever this IP is instantiated in IP Integrator.
[2025-09-14 20:33:26] ## 
[2025-09-14 20:33:26] ##   set axi_clock_converter_0 [ create_bd_cell -type ip -vlnv xilinx.com:ip:axi_clock_converter:2.1 axi_clock_converter_0 ]
[2025-09-14 20:33:26] ## }
[2025-09-14 20:33:26] INFO: [IP_Flow 19-234] Refreshing IP repositories
[2025-09-14 20:33:26] ##   set pcie_refclk [ create_bd_intf_port -mode Slave -vlnv xilinx.com:interface:diff_clock_rtl:1.0 pcie_refclk ]
[2025-09-14 20:33:26] ## 
[2025-09-14 20:33:26] ## variable script_folder
[2025-09-14 20:33:26] INFO: [IP_Flow 19-1704] No user IP repositories specified
[2025-09-14 20:33:26] ##   set_property -dict [ list \
[2025-09-14 20:33:26] ##   # Create instance: axi_clock_converter_1, and set properties
[2025-09-14 20:33:26] ##    CONFIG.FREQ_HZ {100000000} \
[2025-09-14 20:33:26] ## set script_folder [_tcl::get_script_folder]
[2025-09-14 20:33:26] ##   set axi_clock_converter_1 [ create_bd_cell -type ip -vlnv xilinx.com:ip:axi_clock_converter:2.1 axi_clock_converter_1 ]
[2025-09-14 20:33:26] ##    ] $pcie_refclk
[2025-09-14 20:33:26] ## 
[2025-09-14 20:33:26] ## set scripts_vivado_version 2022.2
[2025-09-14 20:33:26] ## 
[2025-09-14 20:33:26] ##   # Create instance: axi_dwidth_converter_0, and set properties
[2025-09-14 20:33:26] ## set current_vivado_version [version -short]
[2025-09-14 20:33:26] ## 
[2025-09-14 20:33:26] ##   set axi_dwidth_converter_0 [ create_bd_cell -type ip -vlnv xilinx.com:ip:axi_dwidth_converter:2.1 axi_dwidth_converter_0 ]
[2025-09-14 20:33:26] ## if { [string first $scripts_vivado_version $current_vivado_version] == -1 } {
[2025-09-14 20:33:26] ##   # Create ports
[2025-09-14 20:33:26] ##   set_property -dict [list \
[2025-09-14 20:33:26] ##   set pcie_perstn [ create_bd_port -dir I -type rst pcie_perstn ]
[2025-09-14 20:33:26] ##    puts ""
[2025-09-14 20:33:26] ##     CONFIG.ACLK_ASYNC {1} \
[2025-09-14 20:33:26] ##   set_property -dict [ list \
[2025-09-14 20:33:26] ##    catch {common::send_gid_msg -ssname BD::TCL -id 2041 -severity "ERROR" "This script was generated using Vivado <$scripts_vivado_version> and is being run in <$current_vivado_version> of Vivado. Please run the script in Vivado <$scripts_vivado_version> then open the design in Vivado <$current_vivado_version>. Upgrade the design by running \"Tools => Report => Report IP Status...\", then run write_bd_tcl to create an updated script."}
[2025-09-14 20:33:26] ##     CONFIG.FIFO_MODE {2} \
[2025-09-14 20:33:26] ##    CONFIG.POLARITY {ACTIVE_LOW} \
[2025-09-14 20:33:26] ##     CONFIG.MI_DATA_WIDTH {512} \
[2025-09-14 20:33:26] ## 
[2025-09-14 20:33:26] ##  ] $pcie_perstn
[2025-09-14 20:33:26] ##     CONFIG.SI_DATA_WIDTH {64} \
[2025-09-14 20:33:26] ##    return 1
[2025-09-14 20:33:26] ##   set resetn [ create_bd_port -dir I -type rst resetn ]
[2025-09-14 20:33:26] ##     CONFIG.SI_ID_WIDTH {16} \
[2025-09-14 20:33:26] ##   set_property -dict [ list \
[2025-09-14 20:33:26] ## }
[2025-09-14 20:33:26] ##   ] $axi_dwidth_converter_0
[2025-09-14 20:33:26] ##    CONFIG.POLARITY {ACTIVE_LOW} \
[2025-09-14 20:33:26] ## variable design_name
[2025-09-14 20:33:26] ## 
[2025-09-14 20:33:26] ##  ] $resetn
[2025-09-14 20:33:26] ## 
[2025-09-14 20:33:26] ## set design_name design_1
[2025-09-14 20:33:26] ## 
[2025-09-14 20:33:26] ##   # Create instance: axi_tieoff_master_0, and set properties
[2025-09-14 20:33:26] ## set errMsg ""
[2025-09-14 20:33:26] ##   # Create instance: axi_clock_converter_0, and set properties
[2025-09-14 20:33:26] ##   set block_name axi_tieoff_master
[2025-09-14 20:33:26] ## set nRet 0
[2025-09-14 20:33:26] ##   set axi_clock_converter_0 [ create_bd_cell -type ip -vlnv xilinx.com:ip:axi_clock_converter:2.1 axi_clock_converter_0 ]
[2025-09-14 20:33:26] ##   set block_cell_name axi_tieoff_master_0
[2025-09-14 20:33:26] ## 
[2025-09-14 20:33:26] ##   if { [catch {set axi_tieoff_master_0 [create_bd_cell -type module -reference $block_name $block_cell_name] } errmsg] } {
[2025-09-14 20:33:26] ##   # Create instance: axi_clock_converter_1, and set properties
[2025-09-14 20:33:26] ##      catch {common::send_gid_msg -ssname BD::TCL -id 2095 -severity "ERROR" "Unable to add referenced block <$block_name>. Please add the files for ${block_name}'s definition into the project."}
[2025-09-14 20:33:26] ##   set axi_clock_converter_1 [ create_bd_cell -type ip -vlnv xilinx.com:ip:axi_clock_converter:2.1 axi_clock_converter_1 ]
[2025-09-14 20:33:26] ##      return 1
[2025-09-14 20:33:26] ## 
[2025-09-14 20:33:26] ##    } elseif { $axi_tieoff_master_0 eq "" } {
[2025-09-14 20:33:26] ##   # Create instance: axi_dwidth_converter_0, and set properties
[2025-09-14 20:33:26] ##      catch {common::send_gid_msg -ssname BD::TCL -id 2096 -severity "ERROR" "Unable to referenced block <$block_name>. Please add the files for ${block_name}'s definition into the project."}
[2025-09-14 20:33:26] ##   set axi_dwidth_converter_0 [ create_bd_cell -type ip -vlnv xilinx.com:ip:axi_dwidth_converter:2.1 axi_dwidth_converter_0 ]
[2025-09-14 20:33:26] ##      return 1
[2025-09-14 20:33:26] ##   set_property -dict [list \
[2025-09-14 20:33:26] ##    }
[2025-09-14 20:33:26] ##     CONFIG.ACLK_ASYNC {1} \
[2025-09-14 20:33:26] ##   
[2025-09-14 20:33:26] ##     CONFIG.FIFO_MODE {2} \
[2025-09-14 20:33:26] ##   # Create instance: clk_wiz_0, and set properties
[2025-09-14 20:33:26] ##     CONFIG.MI_DATA_WIDTH {512} \
[2025-09-14 20:33:26] ##   set clk_wiz_0 [ create_bd_cell -type ip -vlnv xilinx.com:ip:clk_wiz:6.0 clk_wiz_0 ]
[2025-09-14 20:33:26] ##     CONFIG.SI_DATA_WIDTH {64} \
[2025-09-14 20:33:26] ##   set_property -dict [list \
[2025-09-14 20:33:26] ##     CONFIG.SI_ID_WIDTH {16} \
[2025-09-14 20:33:26] ##     CONFIG.CLKOUT1_REQUESTED_OUT_FREQ $firesim_freq \
[2025-09-14 20:33:26] ##   ] $axi_dwidth_converter_0
[2025-09-14 20:33:26] ##     CONFIG.USE_LOCKED {false} \
[2025-09-14 20:33:26] ## 
[2025-09-14 20:33:26] ##   ] $clk_wiz_0
[2025-09-14 20:33:26] ## 
[2025-09-14 20:33:26] ## 
[2025-09-14 20:33:26] ##   # Create instance: axi_tieoff_master_0, and set properties
[2025-09-14 20:33:26] ## 
[2025-09-14 20:33:26] ##   set block_name axi_tieoff_master
[2025-09-14 20:33:26] ##   # Create instance: ddr4_0, and set properties
[2025-09-14 20:33:26] ##   set block_cell_name axi_tieoff_master_0
[2025-09-14 20:33:26] ##   set ddr4_0 [ create_bd_cell -type ip -vlnv xilinx.com:ip:ddr4:2.2 ddr4_0 ]
[2025-09-14 20:33:26] ##   if { [catch {set axi_tieoff_master_0 [create_bd_cell -type module -reference $block_name $block_cell_name] } errmsg] } {
[2025-09-14 20:33:26] ##   set_property -dict [list \
[2025-09-14 20:33:26] ##      catch {common::send_gid_msg -ssname BD::TCL -id 2095 -severity "ERROR" "Unable to add referenced block <$block_name>. Please add the files for ${block_name}'s definition into the project."}
[2025-09-14 20:33:26] ##     CONFIG.ADDN_UI_CLKOUT1_FREQ_HZ {100} \
[2025-09-14 20:33:26] ##      return 1
[2025-09-14 20:33:26] ##     CONFIG.C0.DDR4_AUTO_AP_COL_A3 {true} \
[2025-09-14 20:33:26] ##    } elseif { $axi_tieoff_master_0 eq "" } {
[2025-09-14 20:33:26] ##     CONFIG.C0.DDR4_AxiAddressWidth {34} \
[2025-09-14 20:33:26] ##      catch {common::send_gid_msg -ssname BD::TCL -id 2096 -severity "ERROR" "Unable to referenced block <$block_name>. Please add the files for ${block_name}'s definition into the project."}
[2025-09-14 20:33:26] ##     CONFIG.C0.DDR4_EN_PARITY {true} \
[2025-09-14 20:33:26] ##      return 1
[2025-09-14 20:33:26] ##     CONFIG.C0.DDR4_MCS_ECC {false} \
[2025-09-14 20:33:26] ##    }
[2025-09-14 20:33:26] ##     CONFIG.C0.DDR4_Mem_Add_Map {ROW_COLUMN_BANK_INTLV} \
[2025-09-14 20:33:26] ##   
[2025-09-14 20:33:26] ##     CONFIG.C0_CLOCK_BOARD_INTERFACE {default_300mhz_clk0} \
[2025-09-14 20:33:26] ##   # Create instance: clk_wiz_0, and set properties
[2025-09-14 20:33:26] ##     CONFIG.C0_DDR4_BOARD_INTERFACE {ddr4_sdram_c0} \
[2025-09-14 20:33:26] ##   set clk_wiz_0 [ create_bd_cell -type ip -vlnv xilinx.com:ip:clk_wiz:6.0 clk_wiz_0 ]
[2025-09-14 20:33:26] ##     CONFIG.Debug_Signal {Disable} \
[2025-09-14 20:33:26] ##   set_property -dict [list \
[2025-09-14 20:33:26] ##     CONFIG.RESET_BOARD_INTERFACE {resetn} \
[2025-09-14 20:33:26] ##     CONFIG.CLKOUT1_REQUESTED_OUT_FREQ $firesim_freq \
[2025-09-14 20:33:26] ##   ] $ddr4_0
[2025-09-14 20:33:26] ##     CONFIG.USE_LOCKED {false} \
[2025-09-14 20:33:26] ## 
[2025-09-14 20:33:26] ##   ] $clk_wiz_0
[2025-09-14 20:33:26] ## 
[2025-09-14 20:33:26] ## 
[2025-09-14 20:33:26] ##   # Create instance: firesim_wrapper_0, and set properties
[2025-09-14 20:33:26] ## 
[2025-09-14 20:33:26] ##   set block_name firesim_wrapper
[2025-09-14 20:33:26] ##   # Create instance: ddr4_0, and set properties
[2025-09-14 20:33:26] ##   set block_cell_name firesim_wrapper_0
[2025-09-14 20:33:26] ##   set ddr4_0 [ create_bd_cell -type ip -vlnv xilinx.com:ip:ddr4:2.2 ddr4_0 ]
[2025-09-14 20:33:26] ##   if { [catch {set firesim_wrapper_0 [create_bd_cell -type module -reference $block_name $block_cell_name] } errmsg] } {
[2025-09-14 20:33:26] ##   set_property -dict [list \
[2025-09-14 20:33:26] ##      catch {common::send_gid_msg -ssname BD::TCL -id 2095 -severity "ERROR" "Unable to add referenced block <$block_name>. Please add the files for ${block_name}'s definition into the project."}
[2025-09-14 20:33:27] ##     CONFIG.ADDN_UI_CLKOUT1_FREQ_HZ {100} \
[2025-09-14 20:33:27] ##      return 1
[2025-09-14 20:33:27] ##     CONFIG.C0.DDR4_AUTO_AP_COL_A3 {true} \
[2025-09-14 20:33:27] ##    } elseif { $firesim_wrapper_0 eq "" } {
[2025-09-14 20:33:27] ##     CONFIG.C0.DDR4_AxiAddressWidth {34} \
[2025-09-14 20:33:27] ##      catch {common::send_gid_msg -ssname BD::TCL -id 2096 -severity "ERROR" "Unable to referenced block <$block_name>. Please add the files for ${block_name}'s definition into the project."}
[2025-09-14 20:33:27] ##     CONFIG.C0.DDR4_EN_PARITY {true} \
[2025-09-14 20:33:27] ##      return 1
[2025-09-14 20:33:27] ##     CONFIG.C0.DDR4_MCS_ECC {false} \
[2025-09-14 20:33:27] ##    }
[2025-09-14 20:33:27] ##     CONFIG.C0.DDR4_Mem_Add_Map {ROW_COLUMN_BANK_INTLV} \
[2025-09-14 20:33:27] ##   
[2025-09-14 20:33:27] ##     CONFIG.C0_CLOCK_BOARD_INTERFACE {default_300mhz_clk0} \
[2025-09-14 20:33:27] ##   # Create instance: proc_sys_reset_0, and set properties
[2025-09-14 20:33:27] ## set cur_design [current_bd_design -quiet]
[2025-09-14 20:33:27] ##     CONFIG.C0_DDR4_BOARD_INTERFACE {ddr4_sdram_c0} \
[2025-09-14 20:33:27] ##   set proc_sys_reset_0 [ create_bd_cell -type ip -vlnv xilinx.com:ip:proc_sys_reset:5.0 proc_sys_reset_0 ]
[2025-09-14 20:33:27] ## set list_cells [get_bd_cells -quiet]
[2025-09-14 20:33:27] ##     CONFIG.Debug_Signal {Disable} \
[2025-09-14 20:33:27] ## 
[2025-09-14 20:33:27] ##     CONFIG.RESET_BOARD_INTERFACE {resetn} \
[2025-09-14 20:33:27] ## if { ${design_name} eq "" } {
[2025-09-14 20:33:27] ##   # Create instance: proc_sys_reset_1, and set properties
[2025-09-14 20:33:27] ##   ] $ddr4_0
[2025-09-14 20:33:27] ##   set proc_sys_reset_1 [ create_bd_cell -type ip -vlnv xilinx.com:ip:proc_sys_reset:5.0 proc_sys_reset_1 ]
[2025-09-14 20:33:27] ##    # USE CASES:
[2025-09-14 20:33:27] ## 
[2025-09-14 20:33:27] ## 
[2025-09-14 20:33:27] ##    #    1) Design_name not set
[2025-09-14 20:33:27] ## 
[2025-09-14 20:33:27] ##   # Create instance: resetn_inv_0, and set properties
[2025-09-14 20:33:27] ## 
[2025-09-14 20:33:27] ##   # Create instance: firesim_wrapper_0, and set properties
[2025-09-14 20:33:27] ##   set resetn_inv_0 [ create_bd_cell -type ip -vlnv xilinx.com:ip:util_vector_logic:2.0 resetn_inv_0 ]
[2025-09-14 20:33:27] ##   set block_name firesim_wrapper
[2025-09-14 20:33:27] ##    set errMsg "Please set the variable <design_name> to a non-empty value."
[2025-09-14 20:33:27] ##   set_property -dict [list \
[2025-09-14 20:33:27] ##   set block_cell_name firesim_wrapper_0
[2025-09-14 20:33:27] ##     CONFIG.C_OPERATION {not} \
[2025-09-14 20:33:27] ##    set nRet 1
[2025-09-14 20:33:27] ##   if { [catch {set firesim_wrapper_0 [create_bd_cell -type module -reference $block_name $block_cell_name] } errmsg] } {
[2025-09-14 20:33:27] ##     CONFIG.C_SIZE {1} \
[2025-09-14 20:33:27] ## 
[2025-09-14 20:33:27] ##      catch {common::send_gid_msg -ssname BD::TCL -id 2095 -severity "ERROR" "Unable to add referenced block <$block_name>. Please add the files for ${block_name}'s definition into the project."}
[2025-09-14 20:33:27] ##   ] $resetn_inv_0
[2025-09-14 20:33:27] ## } elseif { ${cur_design} ne "" && ${list_cells} eq "" } {
[2025-09-14 20:33:27] ##      return 1
[2025-09-14 20:33:27] ## 
[2025-09-14 20:33:27] ##    } elseif { $firesim_wrapper_0 eq "" } {
[2025-09-14 20:33:27] ##    # USE CASES:
[2025-09-14 20:33:27] ## 
[2025-09-14 20:33:27] ##      catch {common::send_gid_msg -ssname BD::TCL -id 2096 -severity "ERROR" "Unable to referenced block <$block_name>. Please add the files for ${block_name}'s definition into the project."}
[2025-09-14 20:33:27] ##    #    2): Current design opened AND is empty AND names same.
[2025-09-14 20:33:27] ##   # Create instance: util_ds_buf, and set properties
[2025-09-14 20:33:27] ##      return 1
[2025-09-14 20:33:27] ##   set util_ds_buf [ create_bd_cell -type ip -vlnv xilinx.com:ip:util_ds_buf:2.2 util_ds_buf ]
[2025-09-14 20:33:27] ##    #    3): Current design opened AND is empty AND names diff; design_name NOT in project.
[2025-09-14 20:33:27] ##    }
[2025-09-14 20:33:27] ##   set_property -dict [list \
[2025-09-14 20:33:27] ##    #    4): Current design opened AND is empty AND names diff; design_name exists in project.
[2025-09-14 20:33:27] ##   
[2025-09-14 20:33:27] ##     CONFIG.DIFF_CLK_IN_BOARD_INTERFACE {pcie_refclk} \
[2025-09-14 20:33:27] ## 
[2025-09-14 20:33:27] ##   # Create instance: proc_sys_reset_0, and set properties
[2025-09-14 20:33:27] ##     CONFIG.USE_BOARD_FLOW {true} \
[2025-09-14 20:33:27] ##   set proc_sys_reset_0 [ create_bd_cell -type ip -vlnv xilinx.com:ip:proc_sys_reset:5.0 proc_sys_reset_0 ]
[2025-09-14 20:33:27] ##    if { $cur_design ne $design_name } {
[2025-09-14 20:33:27] ##   ] $util_ds_buf
[2025-09-14 20:33:27] ## 
[2025-09-14 20:33:27] ## 
[2025-09-14 20:33:27] ##       common::send_gid_msg -ssname BD::TCL -id 2001 -severity "INFO" "Changing value of <design_name> from <$design_name> to <$cur_design> since current design is empty."
[2025-09-14 20:33:27] ##   # Create instance: proc_sys_reset_1, and set properties
[2025-09-14 20:33:27] ## 
[2025-09-14 20:33:27] ##       set design_name [get_property NAME $cur_design]
[2025-09-14 20:33:27] ##   set proc_sys_reset_1 [ create_bd_cell -type ip -vlnv xilinx.com:ip:proc_sys_reset:5.0 proc_sys_reset_1 ]
[2025-09-14 20:33:27] ##   # Create instance: xdma_0, and set properties
[2025-09-14 20:33:27] ##    }
[2025-09-14 20:33:27] ## 
[2025-09-14 20:33:27] ##   set xdma_0 [ create_bd_cell -type ip -vlnv xilinx.com:ip:xdma:4.1 xdma_0 ]
[2025-09-14 20:33:27] ##   # Create instance: resetn_inv_0, and set properties
[2025-09-14 20:33:27] ##    common::send_gid_msg -ssname BD::TCL -id 2002 -severity "INFO" "Constructing design in IPI design <$cur_design>..."
[2025-09-14 20:33:27] ##   set_property -dict [list \
[2025-09-14 20:33:27] ##   set resetn_inv_0 [ create_bd_cell -type ip -vlnv xilinx.com:ip:util_vector_logic:2.0 resetn_inv_0 ]
[2025-09-14 20:33:27] ## 
[2025-09-14 20:33:27] ##     CONFIG.PCIE_BOARD_INTERFACE {pci_express_x16} \
[2025-09-14 20:33:27] ##   set_property -dict [list \
[2025-09-14 20:33:27] ##     CONFIG.SYS_RST_N_BOARD_INTERFACE {pcie_perstn} \
[2025-09-14 20:33:27] ## } elseif { ${cur_design} ne "" && $list_cells ne "" && $cur_design eq $design_name } {
[2025-09-14 20:33:27] ##     CONFIG.C_OPERATION {not} \
[2025-09-14 20:33:27] ##     CONFIG.axilite_master_en {true} \
[2025-09-14 20:33:27] ##    # USE CASES:
[2025-09-14 20:33:27] ##     CONFIG.C_SIZE {1} \
[2025-09-14 20:33:27] ##     CONFIG.axilite_master_size {32} \
[2025-09-14 20:33:27] ##    #    5) Current design opened AND has components AND same names.
[2025-09-14 20:33:27] ##   ] $resetn_inv_0
[2025-09-14 20:33:27] ##     CONFIG.xdma_axi_intf_mm {AXI_Memory_Mapped} \
[2025-09-14 20:33:27] ## 
[2025-09-14 20:33:27] ## 
[2025-09-14 20:33:27] ##     CONFIG.xdma_rnum_chnl {4} \
[2025-09-14 20:33:27] ## 
[2025-09-14 20:33:27] ##     CONFIG.xdma_wnum_chnl {4} \
[2025-09-14 20:33:27] ##    set errMsg "Design <$design_name> already exists in your project, please set the variable <design_name> to another value."
[2025-09-14 20:33:27] ##   # Create instance: util_ds_buf, and set properties
[2025-09-14 20:33:27] ##   ] $xdma_0
[2025-09-14 20:33:27] ##    set nRet 1
[2025-09-14 20:33:27] ##   set util_ds_buf [ create_bd_cell -type ip -vlnv xilinx.com:ip:util_ds_buf:2.2 util_ds_buf ]
[2025-09-14 20:33:27] ## 
[2025-09-14 20:33:27] ## } elseif { [get_files -quiet ${design_name}.bd] ne "" } {
[2025-09-14 20:33:27] ##   set_property -dict [list \
[2025-09-14 20:33:27] ## 
[2025-09-14 20:33:27] ##     CONFIG.DIFF_CLK_IN_BOARD_INTERFACE {pcie_refclk} \
[2025-09-14 20:33:27] ##    # USE CASES: 
[2025-09-14 20:33:27] ##   # Create instance: xlconstant_0, and set properties
[2025-09-14 20:33:27] ##     CONFIG.USE_BOARD_FLOW {true} \
[2025-09-14 20:33:27] ##   set xlconstant_0 [ create_bd_cell -type ip -vlnv xilinx.com:ip:xlconstant:1.1 xlconstant_0 ]
[2025-09-14 20:33:27] ##    #    6) Current opened design, has components, but diff names, design_name exists in project.
[2025-09-14 20:33:27] ##   ] $util_ds_buf
[2025-09-14 20:33:27] ##   set_property CONFIG.CONST_VAL {0} $xlconstant_0
[2025-09-14 20:33:27] ##    #    7) No opened design, design_name exists in project.
[2025-09-14 20:33:27] ## 
[2025-09-14 20:33:27] ## 
[2025-09-14 20:33:27] ## 
[2025-09-14 20:33:27] ## 
[2025-09-14 20:33:27] ## 
[2025-09-14 20:33:27] ##   # Create instance: xdma_0, and set properties
[2025-09-14 20:33:27] ##    set errMsg "Design <$design_name> already exists in your project, please set the variable <design_name> to another value."
[2025-09-14 20:33:27] ##   # Create interface connections
[2025-09-14 20:33:27] ##   set xdma_0 [ create_bd_cell -type ip -vlnv xilinx.com:ip:xdma:4.1 xdma_0 ]
[2025-09-14 20:33:27] ##   connect_bd_intf_net -intf_net axi_clock_converter_0_M_AXI [get_bd_intf_pins axi_clock_converter_0/M_AXI] [get_bd_intf_pins firesim_wrapper_0/S_AXI_DMA]
[2025-09-14 20:33:27] ##    set nRet 2
[2025-09-14 20:33:27] ##   set_property -dict [list \
[2025-09-14 20:33:27] ##   connect_bd_intf_net -intf_net axi_clock_converter_1_M_AXI [get_bd_intf_pins axi_clock_converter_1/M_AXI] [get_bd_intf_pins firesim_wrapper_0/S_AXI_CTRL]
[2025-09-14 20:33:27] ## 
[2025-09-14 20:33:27] ##     CONFIG.PCIE_BOARD_INTERFACE {pci_express_x16} \
[2025-09-14 20:33:27] ##   connect_bd_intf_net -intf_net axi_dwidth_converter_0_M_AXI [get_bd_intf_pins axi_dwidth_converter_0/M_AXI] [get_bd_intf_pins ddr4_0/C0_DDR4_S_AXI]
[2025-09-14 20:33:27] ## } else {
[2025-09-14 20:33:27] ##     CONFIG.SYS_RST_N_BOARD_INTERFACE {pcie_perstn} \
[2025-09-14 20:33:27] ##   connect_bd_intf_net -intf_net axi_tieoff_master_0_TIEOFF_M_AXI_CTRL_0 [get_bd_intf_pins axi_tieoff_master_0/TIEOFF_M_AXI_CTRL_0] [get_bd_intf_pins ddr4_0/C0_DDR4_S_AXI_CTRL]
[2025-09-14 20:33:27] ##     CONFIG.axilite_master_en {true} \
[2025-09-14 20:33:27] ##    # USE CASES:
[2025-09-14 20:33:27] ##   connect_bd_intf_net -intf_net ddr4_0_C0_DDR4 [get_bd_intf_ports ddr4_sdram_c0] [get_bd_intf_pins ddr4_0/C0_DDR4]
[2025-09-14 20:33:27] ##     CONFIG.axilite_master_size {32} \
[2025-09-14 20:33:27] ##    #    8) No opened design, design_name not in project.
[2025-09-14 20:33:27] ##   connect_bd_intf_net -intf_net default_300mhz_clk0_1 [get_bd_intf_ports default_300mhz_clk0] [get_bd_intf_pins ddr4_0/C0_SYS_CLK]
[2025-09-14 20:33:27] ##     CONFIG.xdma_axi_intf_mm {AXI_Memory_Mapped} \
[2025-09-14 20:33:27] ##   connect_bd_intf_net -intf_net firesim_wrapper_0_M_AXI_DDR0 [get_bd_intf_pins axi_dwidth_converter_0/S_AXI] [get_bd_intf_pins firesim_wrapper_0/M_AXI_DDR0]
[2025-09-14 20:33:27] ##    #    9) Current opened design, has components, but diff names, design_name not in project.
[2025-09-14 20:33:27] ##     CONFIG.xdma_rnum_chnl {4} \
[2025-09-14 20:33:27] ##   connect_bd_intf_net -intf_net pcie_refclk_1 [get_bd_intf_ports pcie_refclk] [get_bd_intf_pins util_ds_buf/CLK_IN_D]
[2025-09-14 20:33:27] ## 
[2025-09-14 20:33:27] ##     CONFIG.xdma_wnum_chnl {4} \
[2025-09-14 20:33:27] ##   connect_bd_intf_net -intf_net xdma_0_M_AXI [get_bd_intf_pins axi_clock_converter_0/S_AXI] [get_bd_intf_pins xdma_0/M_AXI]
[2025-09-14 20:33:27] ##   ] $xdma_0
[2025-09-14 20:33:27] ##    common::send_gid_msg -ssname BD::TCL -id 2003 -severity "INFO" "Currently there is no design <$design_name> in project, so creating one..."
[2025-09-14 20:33:27] ##   connect_bd_intf_net -intf_net xdma_0_M_AXI_LITE [get_bd_intf_pins axi_clock_converter_1/S_AXI] [get_bd_intf_pins xdma_0/M_AXI_LITE]
[2025-09-14 20:33:27] ## 
[2025-09-14 20:33:27] ## 
[2025-09-14 20:33:27] ##   connect_bd_intf_net -intf_net xdma_0_pcie_mgt [get_bd_intf_ports pci_express_x16] [get_bd_intf_pins xdma_0/pcie_mgt]
[2025-09-14 20:33:27] ## 
[2025-09-14 20:33:27] ##    create_bd_design $design_name
[2025-09-14 20:33:27] ## 
[2025-09-14 20:33:27] ##   # Create instance: xlconstant_0, and set properties
[2025-09-14 20:33:27] ##   # Create port connections
[2025-09-14 20:33:27] ## 
[2025-09-14 20:33:27] ##   set xlconstant_0 [ create_bd_cell -type ip -vlnv xilinx.com:ip:xlconstant:1.1 xlconstant_0 ]
[2025-09-14 20:33:27] ##   connect_bd_net -net ddr4_0_c0_ddr4_ui_clk [get_bd_pins axi_dwidth_converter_0/m_axi_aclk] [get_bd_pins clk_wiz_0/clk_in1] [get_bd_pins ddr4_0/c0_ddr4_ui_clk] [get_bd_pins proc_sys_reset_1/slowest_sync_clk]
[2025-09-14 20:33:27] ##    common::send_gid_msg -ssname BD::TCL -id 2004 -severity "INFO" "Making design <$design_name> as current_bd_design."
[2025-09-14 20:33:27] ##   set_property CONFIG.CONST_VAL {0} $xlconstant_0
[2025-09-14 20:33:27] ##   connect_bd_net -net pcie_perstn_1 [get_bd_ports pcie_perstn] [get_bd_pins xdma_0/sys_rst_n]
[2025-09-14 20:33:27] ## 
[2025-09-14 20:33:27] ##    current_bd_design $design_name
[2025-09-14 20:33:27] ##   connect_bd_net -net proc_sys_reset_0_interconnect_aresetn [get_bd_pins axi_clock_converter_0/m_axi_aresetn] [get_bd_pins axi_clock_converter_1/m_axi_aresetn] [get_bd_pins axi_dwidth_converter_0/s_axi_aresetn] [get_bd_pins firesim_wrapper_0/sys_reset_n] [get_bd_pins proc_sys_reset_0/interconnect_aresetn]
[2025-09-14 20:33:27] ## 
[2025-09-14 20:33:27] ## 
[2025-09-14 20:33:27] ##   connect_bd_net -net resetn_1 [get_bd_ports resetn] [get_bd_pins proc_sys_reset_0/ext_reset_in] [get_bd_pins proc_sys_reset_1/ext_reset_in] [get_bd_pins resetn_inv_0/Op1]
[2025-09-14 20:33:27] ##   # Create interface connections
[2025-09-14 20:33:27] ## }
[2025-09-14 20:33:27] ##   connect_bd_net -net resetn_inv_0_Res [get_bd_pins clk_wiz_0/reset] [get_bd_pins ddr4_0/sys_rst] [get_bd_pins resetn_inv_0/Res]
[2025-09-14 20:33:27] ##   connect_bd_intf_net -intf_net axi_clock_converter_0_M_AXI [get_bd_intf_pins axi_clock_converter_0/M_AXI] [get_bd_intf_pins firesim_wrapper_0/S_AXI_DMA]
[2025-09-14 20:33:27] ##   connect_bd_net -net rst_ddr4_0_300M_interconnect_aresetn [get_bd_pins axi_dwidth_converter_0/m_axi_aresetn] [get_bd_pins ddr4_0/c0_ddr4_aresetn] [get_bd_pins proc_sys_reset_1/interconnect_aresetn]
[2025-09-14 20:33:27] INFO: [BD::TCL 103-2003] Currently there is no design <design_1> in project, so creating one...
[2025-09-14 20:33:27] ##   connect_bd_intf_net -intf_net axi_clock_converter_1_M_AXI [get_bd_intf_pins axi_clock_converter_1/M_AXI] [get_bd_intf_pins firesim_wrapper_0/S_AXI_CTRL]
[2025-09-14 20:33:27] ##   connect_bd_net -net sys_clk_30 [get_bd_pins axi_clock_converter_0/m_axi_aclk] [get_bd_pins axi_clock_converter_1/m_axi_aclk] [get_bd_pins axi_dwidth_converter_0/s_axi_aclk] [get_bd_pins clk_wiz_0/clk_out1] [get_bd_pins firesim_wrapper_0/sys_clk_30] [get_bd_pins proc_sys_reset_0/slowest_sync_clk]
[2025-09-14 20:33:27] ##   connect_bd_intf_net -intf_net axi_dwidth_converter_0_M_AXI [get_bd_intf_pins axi_dwidth_converter_0/M_AXI] [get_bd_intf_pins ddr4_0/C0_DDR4_S_AXI]
[2025-09-14 20:33:27] ##   connect_bd_net -net util_ds_buf_IBUF_DS_ODIV2 [get_bd_pins util_ds_buf/IBUF_DS_ODIV2] [get_bd_pins xdma_0/sys_clk]
[2025-09-14 20:33:27] ##   connect_bd_intf_net -intf_net axi_tieoff_master_0_TIEOFF_M_AXI_CTRL_0 [get_bd_intf_pins axi_tieoff_master_0/TIEOFF_M_AXI_CTRL_0] [get_bd_intf_pins ddr4_0/C0_DDR4_S_AXI_CTRL]
[2025-09-14 20:33:27] ##   connect_bd_net -net util_ds_buf_IBUF_OUT [get_bd_pins util_ds_buf/IBUF_OUT] [get_bd_pins xdma_0/sys_clk_gt]
[2025-09-14 20:33:27] ##   connect_bd_intf_net -intf_net ddr4_0_C0_DDR4 [get_bd_intf_ports ddr4_sdram_c0] [get_bd_intf_pins ddr4_0/C0_DDR4]
[2025-09-14 20:33:27] ##   connect_bd_net -net xdma_0_axi_aclk [get_bd_pins axi_clock_converter_0/s_axi_aclk] [get_bd_pins axi_clock_converter_1/s_axi_aclk] [get_bd_pins xdma_0/axi_aclk]
[2025-09-14 20:33:27] ##   connect_bd_intf_net -intf_net default_300mhz_clk0_1 [get_bd_intf_ports default_300mhz_clk0] [get_bd_intf_pins ddr4_0/C0_SYS_CLK]
[2025-09-14 20:33:27] ##   connect_bd_net -net xdma_0_axi_aresetn [get_bd_pins axi_clock_converter_0/s_axi_aresetn] [get_bd_pins axi_clock_converter_1/s_axi_aresetn] [get_bd_pins xdma_0/axi_aresetn]
[2025-09-14 20:33:27] ##   connect_bd_intf_net -intf_net firesim_wrapper_0_M_AXI_DDR0 [get_bd_intf_pins axi_dwidth_converter_0/S_AXI] [get_bd_intf_pins firesim_wrapper_0/M_AXI_DDR0]
[2025-09-14 20:33:27] ##   connect_bd_net -net xlconstant_0_dout [get_bd_pins xdma_0/usr_irq_req] [get_bd_pins xlconstant_0/dout]
[2025-09-14 20:33:27] ##   connect_bd_intf_net -intf_net pcie_refclk_1 [get_bd_intf_ports pcie_refclk] [get_bd_intf_pins util_ds_buf/CLK_IN_D]
[2025-09-14 20:33:27] ## 
[2025-09-14 20:33:27] ##   connect_bd_intf_net -intf_net xdma_0_M_AXI [get_bd_intf_pins axi_clock_converter_0/S_AXI] [get_bd_intf_pins xdma_0/M_AXI]
[2025-09-14 20:33:27] ##   # Create address segments
[2025-09-14 20:33:27] ##   connect_bd_intf_net -intf_net xdma_0_M_AXI_LITE [get_bd_intf_pins axi_clock_converter_1/S_AXI] [get_bd_intf_pins xdma_0/M_AXI_LITE]
[2025-09-14 20:33:27] ## 
[2025-09-14 20:33:27] ##   connect_bd_intf_net -intf_net xdma_0_pcie_mgt [get_bd_intf_ports pci_express_x16] [get_bd_intf_pins xdma_0/pcie_mgt]
[2025-09-14 20:33:27] ##   # Restore current instance
[2025-09-14 20:33:27] ## 
[2025-09-14 20:33:27] ##   current_bd_instance $oldCurInst
[2025-09-14 20:33:27] ##   # Create port connections
[2025-09-14 20:33:27] ## 
[2025-09-14 20:33:27] ##   connect_bd_net -net ddr4_0_c0_ddr4_ui_clk [get_bd_pins axi_dwidth_converter_0/m_axi_aclk] [get_bd_pins clk_wiz_0/clk_in1] [get_bd_pins ddr4_0/c0_ddr4_ui_clk] [get_bd_pins proc_sys_reset_1/slowest_sync_clk]
[2025-09-14 20:33:27] ##   validate_bd_design
[2025-09-14 20:33:27] ##   connect_bd_net -net pcie_perstn_1 [get_bd_ports pcie_perstn] [get_bd_pins xdma_0/sys_rst_n]
[2025-09-14 20:33:27] ##   save_bd_design
[2025-09-14 20:33:27] ##   connect_bd_net -net proc_sys_reset_0_interconnect_aresetn [get_bd_pins axi_clock_converter_0/m_axi_aresetn] [get_bd_pins axi_clock_converter_1/m_axi_aresetn] [get_bd_pins axi_dwidth_converter_0/s_axi_aresetn] [get_bd_pins firesim_wrapper_0/sys_reset_n] [get_bd_pins proc_sys_reset_0/interconnect_aresetn]
[2025-09-14 20:33:27] ## }
[2025-09-14 20:33:27] ##   connect_bd_net -net resetn_1 [get_bd_ports resetn] [get_bd_pins proc_sys_reset_0/ext_reset_in] [get_bd_pins proc_sys_reset_1/ext_reset_in] [get_bd_pins resetn_inv_0/Op1]
[2025-09-14 20:33:27] ## create_root_design "" $desired_host_frequency
[2025-09-14 20:33:27] ##   connect_bd_net -net resetn_inv_0_Res [get_bd_pins clk_wiz_0/reset] [get_bd_pins ddr4_0/sys_rst] [get_bd_pins resetn_inv_0/Res]
[2025-09-14 20:33:27] ##   connect_bd_net -net rst_ddr4_0_300M_interconnect_aresetn [get_bd_pins axi_dwidth_converter_0/m_axi_aresetn] [get_bd_pins ddr4_0/c0_ddr4_aresetn] [get_bd_pins proc_sys_reset_1/interconnect_aresetn]
[2025-09-14 20:33:27] ##   connect_bd_net -net sys_clk_30 [get_bd_pins axi_clock_converter_0/m_axi_aclk] [get_bd_pins axi_clock_converter_1/m_axi_aclk] [get_bd_pins axi_dwidth_converter_0/s_axi_aclk] [get_bd_pins clk_wiz_0/clk_out1] [get_bd_pins firesim_wrapper_0/sys_clk_30] [get_bd_pins proc_sys_reset_0/slowest_sync_clk]
[2025-09-14 20:33:27] ##   connect_bd_net -net util_ds_buf_IBUF_DS_ODIV2 [get_bd_pins util_ds_buf/IBUF_DS_ODIV2] [get_bd_pins xdma_0/sys_clk]
[2025-09-14 20:33:27] ##   connect_bd_net -net util_ds_buf_IBUF_OUT [get_bd_pins util_ds_buf/IBUF_OUT] [get_bd_pins xdma_0/sys_clk_gt]
[2025-09-14 20:33:27] ##   connect_bd_net -net xdma_0_axi_aclk [get_bd_pins axi_clock_converter_0/s_axi_aclk] [get_bd_pins axi_clock_converter_1/s_axi_aclk] [get_bd_pins xdma_0/axi_aclk]
[2025-09-14 20:33:27] ##   connect_bd_net -net xdma_0_axi_aresetn [get_bd_pins axi_clock_converter_0/s_axi_aresetn] [get_bd_pins axi_clock_converter_1/s_axi_aresetn] [get_bd_pins xdma_0/axi_aresetn]
[2025-09-14 20:33:27] ##   connect_bd_net -net xlconstant_0_dout [get_bd_pins xdma_0/usr_irq_req] [get_bd_pins xlconstant_0/dout]
[2025-09-14 20:33:27] ## 
[2025-09-14 20:33:27] ##   # Create address segments
[2025-09-14 20:33:27] ## 
[2025-09-14 20:33:27] ##   # Restore current instance
[2025-09-14 20:33:27] ##   current_bd_instance $oldCurInst
[2025-09-14 20:33:27] ## 
[2025-09-14 20:33:27] ##   validate_bd_design
[2025-09-14 20:33:27] ##   save_bd_design
[2025-09-14 20:33:27] ## }
[2025-09-14 20:33:27] ## create_root_design "" $desired_host_frequency
[2025-09-14 20:33:27] Wrote  : </cluster/home/eirikwit/vortex-gpgpu/chipyard/sims/firesim/sim/generated-src/alveo/FireSim-FireSimV2S1C-BaseF1Config1Mem_F25MHz/u250/vivado_proj/firesim.srcs/sources_1/bd/design_1/design_1.bd> 
[2025-09-14 20:33:27] INFO: [BD::TCL 103-2004] Making design <design_1> as current_bd_design.
[2025-09-14 20:33:27] ## common::send_gid_msg -ssname BD::TCL -id 2005 -severity "INFO" "Currently the variable <design_name> is equal to \"$design_name\"."
[2025-09-14 20:33:27] INFO: [BD::TCL 103-2005] Currently the variable <design_name> is equal to "design_1".
[2025-09-14 20:33:27] ## if { $nRet != 0 } {
[2025-09-14 20:33:27] ##    catch {common::send_gid_msg -ssname BD::TCL -id 2006 -severity "ERROR" $errMsg}
[2025-09-14 20:33:27] ##    return $nRet
[2025-09-14 20:33:27] ## }
[2025-09-14 20:33:27] ## set bCheckIPsPassed 1
[2025-09-14 20:33:27] ## set bCheckIPs 1
[2025-09-14 20:33:27] ## if { $bCheckIPs == 1 } {
[2025-09-14 20:33:27] ##    set list_check_ips "\ 
[2025-09-14 20:33:27] ## xilinx.com:ip:axi_clock_converter:2.1\
[2025-09-14 20:33:27] ## xilinx.com:ip:axi_dwidth_converter:2.1\
[2025-09-14 20:33:27] ## xilinx.com:ip:clk_wiz:6.0\
[2025-09-14 20:33:27] ## xilinx.com:ip:ddr4:2.2\
[2025-09-14 20:33:27] ## xilinx.com:ip:proc_sys_reset:5.0\
[2025-09-14 20:33:27] ## xilinx.com:ip:util_vector_logic:2.0\
[2025-09-14 20:33:27] ## xilinx.com:ip:util_ds_buf:2.2\
[2025-09-14 20:33:27] ## xilinx.com:ip:xdma:4.1\
[2025-09-14 20:33:27] ## xilinx.com:ip:xlconstant:1.1\
[2025-09-14 20:33:27] ## "
[2025-09-14 20:33:27] ## 
[2025-09-14 20:33:27] ##    set list_ips_missing ""
[2025-09-14 20:33:27] ##    common::send_gid_msg -ssname BD::TCL -id 2011 -severity "INFO" "Checking if the following IPs exist in the project's IP catalog: $list_check_ips ."
[2025-09-14 20:33:27] ## 
[2025-09-14 20:33:27] ##    foreach ip_vlnv $list_check_ips {
[2025-09-14 20:33:27] ##       set ip_obj [get_ipdefs -all $ip_vlnv]
[2025-09-14 20:33:27] ##       if { $ip_obj eq "" } {
[2025-09-14 20:33:27] ##          lappend list_ips_missing $ip_vlnv
[2025-09-14 20:33:27] ##       }
[2025-09-14 20:33:27] ##    }
[2025-09-14 20:33:27] ## 
[2025-09-14 20:33:27] ##    if { $list_ips_missing ne "" } {
[2025-09-14 20:33:27] ##       catch {common::send_gid_msg -ssname BD::TCL -id 2012 -severity "ERROR" "The following IPs are not found in the IP Catalog:\n  $list_ips_missing\n\nResolution: Please add the repository containing the IP(s) to the project." }
[2025-09-14 20:33:27] ##       set bCheckIPsPassed 0
[2025-09-14 20:33:27] ##    }
[2025-09-14 20:33:27] ## 
[2025-09-14 20:33:27] ## }
[2025-09-14 20:33:27] INFO: [BD::TCL 103-2011] Checking if the following IPs exist in the project's IP catalog:  
[2025-09-14 20:33:27] xilinx.com:ip:axi_clock_converter:2.1 xilinx.com:ip:axi_dwidth_converter:2.1 xilinx.com:ip:clk_wiz:6.0 xilinx.com:ip:ddr4:2.2 xilinx.com:ip:proc_sys_reset:5.0 xilinx.com:ip:util_vector_logic:2.0 xilinx.com:ip:util_ds_buf:2.2 xilinx.com:ip:xdma:4.1 xilinx.com:ip:xlconstant:1.1  .
[2025-09-14 20:33:27] ## set bCheckModules 1
[2025-09-14 20:33:27] ## if { $bCheckModules == 1 } {
[2025-09-14 20:33:27] ##    set list_check_mods "\ 
[2025-09-14 20:33:27] ## axi_tieoff_master\
[2025-09-14 20:33:27] ## firesim_wrapper\
[2025-09-14 20:33:27] ## "
[2025-09-14 20:33:27] ## 
[2025-09-14 20:33:27] ##    set list_mods_missing ""
[2025-09-14 20:33:27] ##    common::send_gid_msg -ssname BD::TCL -id 2020 -severity "INFO" "Checking if the following modules exist in the project's sources: $list_check_mods ."
[2025-09-14 20:33:27] ## 
[2025-09-14 20:33:27] ##    foreach mod_vlnv $list_check_mods {
[2025-09-14 20:33:27] ##       if { [can_resolve_reference $mod_vlnv] == 0 } {
[2025-09-14 20:33:27] ##          lappend list_mods_missing $mod_vlnv
[2025-09-14 20:33:27] ##       }
[2025-09-14 20:33:27] ##    }
[2025-09-14 20:33:27] ## 
[2025-09-14 20:33:27] ##    if { $list_mods_missing ne "" } {
[2025-09-14 20:33:27] ##       catch {common::send_gid_msg -ssname BD::TCL -id 2021 -severity "ERROR" "The following module(s) are not found in the project: $list_mods_missing" }
[2025-09-14 20:33:27] ##       common::send_gid_msg -ssname BD::TCL -id 2022 -severity "INFO" "Please add source files for the missing module(s) above."
[2025-09-14 20:33:27] ##       set bCheckIPsPassed 0
[2025-09-14 20:33:27] ##    }
[2025-09-14 20:33:27] ## }
[2025-09-14 20:33:27] INFO: [BD::TCL 103-2020] Checking if the following modules exist in the project's sources:  
[2025-09-14 20:33:27] axi_tieoff_master firesim_wrapper  .
[2025-09-14 20:33:28] Wrote  : </cluster/home/eirikwit/vortex-gpgpu/chipyard/sims/firesim/sim/generated-src/alveo/FireSim-FireSimV2S1C-BaseF1Config1Mem_F25MHz/u250/vivado_proj/firesim.srcs/sources_1/bd/design_1/design_1.bd> 
[2025-09-14 20:33:28] INFO: [BD::TCL 103-2004] Making design <design_1> as current_bd_design.
[2025-09-14 20:33:28] ## common::send_gid_msg -ssname BD::TCL -id 2005 -severity "INFO" "Currently the variable <design_name> is equal to \"$design_name\"."
[2025-09-14 20:33:28] INFO: [BD::TCL 103-2005] Currently the variable <design_name> is equal to "design_1".
[2025-09-14 20:33:28] ## if { $nRet != 0 } {
[2025-09-14 20:33:28] ##    catch {common::send_gid_msg -ssname BD::TCL -id 2006 -severity "ERROR" $errMsg}
[2025-09-14 20:33:28] ##    return $nRet
[2025-09-14 20:33:28] ## }
[2025-09-14 20:33:28] ## set bCheckIPsPassed 1
[2025-09-14 20:33:28] ## set bCheckIPs 1
[2025-09-14 20:33:28] ## if { $bCheckIPs == 1 } {
[2025-09-14 20:33:28] ##    set list_check_ips "\ 
[2025-09-14 20:33:28] ## xilinx.com:ip:axi_clock_converter:2.1\
[2025-09-14 20:33:28] ## xilinx.com:ip:axi_dwidth_converter:2.1\
[2025-09-14 20:33:28] ## xilinx.com:ip:clk_wiz:6.0\
[2025-09-14 20:33:28] ## xilinx.com:ip:ddr4:2.2\
[2025-09-14 20:33:28] ## xilinx.com:ip:proc_sys_reset:5.0\
[2025-09-14 20:33:28] ## xilinx.com:ip:util_vector_logic:2.0\
[2025-09-14 20:33:28] ## xilinx.com:ip:util_ds_buf:2.2\
[2025-09-14 20:33:28] ## xilinx.com:ip:xdma:4.1\
[2025-09-14 20:33:28] ## xilinx.com:ip:xlconstant:1.1\
[2025-09-14 20:33:28] ## "
[2025-09-14 20:33:28] ## 
[2025-09-14 20:33:28] ##    set list_ips_missing ""
[2025-09-14 20:33:28] ##    common::send_gid_msg -ssname BD::TCL -id 2011 -severity "INFO" "Checking if the following IPs exist in the project's IP catalog: $list_check_ips ."
[2025-09-14 20:33:28] ## 
[2025-09-14 20:33:28] ##    foreach ip_vlnv $list_check_ips {
[2025-09-14 20:33:28] ##       set ip_obj [get_ipdefs -all $ip_vlnv]
[2025-09-14 20:33:28] ##       if { $ip_obj eq "" } {
[2025-09-14 20:33:28] ##          lappend list_ips_missing $ip_vlnv
[2025-09-14 20:33:28] ##       }
[2025-09-14 20:33:28] ##    }
[2025-09-14 20:33:28] ## 
[2025-09-14 20:33:28] ##    if { $list_ips_missing ne "" } {
[2025-09-14 20:33:28] ##       catch {common::send_gid_msg -ssname BD::TCL -id 2012 -severity "ERROR" "The following IPs are not found in the IP Catalog:\n  $list_ips_missing\n\nResolution: Please add the repository containing the IP(s) to the project." }
[2025-09-14 20:33:28] ##       set bCheckIPsPassed 0
[2025-09-14 20:33:28] ##    }
[2025-09-14 20:33:28] ## 
[2025-09-14 20:33:28] ## }
[2025-09-14 20:33:28] INFO: [BD::TCL 103-2011] Checking if the following IPs exist in the project's IP catalog:  
[2025-09-14 20:33:28] xilinx.com:ip:axi_clock_converter:2.1 xilinx.com:ip:axi_dwidth_converter:2.1 xilinx.com:ip:clk_wiz:6.0 xilinx.com:ip:ddr4:2.2 xilinx.com:ip:proc_sys_reset:5.0 xilinx.com:ip:util_vector_logic:2.0 xilinx.com:ip:util_ds_buf:2.2 xilinx.com:ip:xdma:4.1 xilinx.com:ip:xlconstant:1.1  .
[2025-09-14 20:33:28] ## set bCheckModules 1
[2025-09-14 20:33:28] ## if { $bCheckModules == 1 } {
[2025-09-14 20:33:28] ##    set list_check_mods "\ 
[2025-09-14 20:33:28] ## axi_tieoff_master\
[2025-09-14 20:33:28] ## firesim_wrapper\
[2025-09-14 20:33:28] ## "
[2025-09-14 20:33:28] ## 
[2025-09-14 20:33:28] ##    set list_mods_missing ""
[2025-09-14 20:33:28] ##    common::send_gid_msg -ssname BD::TCL -id 2020 -severity "INFO" "Checking if the following modules exist in the project's sources: $list_check_mods ."
[2025-09-14 20:33:28] ## 
[2025-09-14 20:33:28] ##    foreach mod_vlnv $list_check_mods {
[2025-09-14 20:33:28] ##       if { [can_resolve_reference $mod_vlnv] == 0 } {
[2025-09-14 20:33:28] ##          lappend list_mods_missing $mod_vlnv
[2025-09-14 20:33:28] ##       }
[2025-09-14 20:33:28] ##    }
[2025-09-14 20:33:28] ## 
[2025-09-14 20:33:28] ##    if { $list_mods_missing ne "" } {
[2025-09-14 20:33:28] ##       catch {common::send_gid_msg -ssname BD::TCL -id 2021 -severity "ERROR" "The following module(s) are not found in the project: $list_mods_missing" }
[2025-09-14 20:33:28] ##       common::send_gid_msg -ssname BD::TCL -id 2022 -severity "INFO" "Please add source files for the missing module(s) above."
[2025-09-14 20:33:28] ##       set bCheckIPsPassed 0
[2025-09-14 20:33:28] ##    }
[2025-09-14 20:33:28] ## }
[2025-09-14 20:33:28] INFO: [BD::TCL 103-2020] Checking if the following modules exist in the project's sources:  
[2025-09-14 20:33:28] axi_tieoff_master firesim_wrapper  .
[2025-09-14 20:33:32] ## if { $bCheckIPsPassed != 1 } {
[2025-09-14 20:33:32] ##   common::send_gid_msg -ssname BD::TCL -id 2023 -severity "WARNING" "Will not continue with creation of design due to the error(s) above."
[2025-09-14 20:33:32] ##   return 3
[2025-09-14 20:33:32] ## }
[2025-09-14 20:33:32] ## proc create_root_design { parentCell firesim_freq } {
[2025-09-14 20:33:32] ## 
[2025-09-14 20:33:32] ##   variable script_folder
[2025-09-14 20:33:32] ##   variable design_name
[2025-09-14 20:33:32] ## 
[2025-09-14 20:33:32] ##   if { $parentCell eq "" } {
[2025-09-14 20:33:32] ##      set parentCell [get_bd_cells /]
[2025-09-14 20:33:32] ##   }
[2025-09-14 20:33:32] ## 
[2025-09-14 20:33:32] ##   # Get object for parentCell
[2025-09-14 20:33:32] ##   set parentObj [get_bd_cells $parentCell]
[2025-09-14 20:33:32] ##   if { $parentObj == "" } {
[2025-09-14 20:33:32] ##      catch {common::send_gid_msg -ssname BD::TCL -id 2090 -severity "ERROR" "Unable to find parent cell <$parentCell>!"}
[2025-09-14 20:33:32] ##      return
[2025-09-14 20:33:32] ##   }
[2025-09-14 20:33:32] ## 
[2025-09-14 20:33:32] ##   # Make sure parentObj is hier blk
[2025-09-14 20:33:32] ##   set parentType [get_property TYPE $parentObj]
[2025-09-14 20:33:32] ##   if { $parentType ne "hier" } {
[2025-09-14 20:33:32] ##      catch {common::send_gid_msg -ssname BD::TCL -id 2091 -severity "ERROR" "Parent <$parentObj> has TYPE = <$parentType>. Expected to be <hier>."}
[2025-09-14 20:33:32] ##      return
[2025-09-14 20:33:32] ##   }
[2025-09-14 20:33:32] ## 
[2025-09-14 20:33:32] ##   # Save current instance; Restore later
[2025-09-14 20:33:32] ##   set oldCurInst [current_bd_instance .]
[2025-09-14 20:33:32] ## 
[2025-09-14 20:33:32] ##   # Set parent object as current
[2025-09-14 20:33:32] ##   current_bd_instance $parentObj
[2025-09-14 20:33:32] ## 
[2025-09-14 20:33:32] ## 
[2025-09-14 20:33:32] ##   # Create interface ports
[2025-09-14 20:33:32] ##   set ddr4_sdram_c0 [ create_bd_intf_port -mode Master -vlnv xilinx.com:interface:ddr4_rtl:1.0 ddr4_sdram_c0 ]
[2025-09-14 20:33:32] ## 
[2025-09-14 20:33:32] ##   set default_300mhz_clk0 [ create_bd_intf_port -mode Slave -vlnv xilinx.com:interface:diff_clock_rtl:1.0 default_300mhz_clk0 ]
[2025-09-14 20:33:32] ##   set_property -dict [ list \
[2025-09-14 20:33:32] ##    CONFIG.FREQ_HZ {300000000} \
[2025-09-14 20:33:32] ##    ] $default_300mhz_clk0
[2025-09-14 20:33:32] ## 
[2025-09-14 20:33:32] ##   set pci_express_x16 [ create_bd_intf_port -mode Master -vlnv xilinx.com:interface:pcie_7x_mgt_rtl:1.0 pci_express_x16 ]
[2025-09-14 20:33:32] ## 
[2025-09-14 20:33:32] ##   set pcie_refclk [ create_bd_intf_port -mode Slave -vlnv xilinx.com:interface:diff_clock_rtl:1.0 pcie_refclk ]
[2025-09-14 20:33:32] ##   set_property -dict [ list \
[2025-09-14 20:33:32] ##    CONFIG.FREQ_HZ {100000000} \
[2025-09-14 20:33:32] ##    ] $pcie_refclk
[2025-09-14 20:33:32] ## 
[2025-09-14 20:33:32] ## 
[2025-09-14 20:33:32] ##   # Create ports
[2025-09-14 20:33:32] ##   set pcie_perstn [ create_bd_port -dir I -type rst pcie_perstn ]
[2025-09-14 20:33:32] ##   set_property -dict [ list \
[2025-09-14 20:33:32] ##    CONFIG.POLARITY {ACTIVE_LOW} \
[2025-09-14 20:33:32] ##  ] $pcie_perstn
[2025-09-14 20:33:32] ##   set resetn [ create_bd_port -dir I -type rst resetn ]
[2025-09-14 20:33:32] ##   set_property -dict [ list \
[2025-09-14 20:33:32] ##    CONFIG.POLARITY {ACTIVE_LOW} \
[2025-09-14 20:33:32] ##  ] $resetn
[2025-09-14 20:33:32] ## 
[2025-09-14 20:33:32] ##   # Create instance: axi_clock_converter_0, and set properties
[2025-09-14 20:33:32] ##   set axi_clock_converter_0 [ create_bd_cell -type ip -vlnv xilinx.com:ip:axi_clock_converter:2.1 axi_clock_converter_0 ]
[2025-09-14 20:33:32] ## 
[2025-09-14 20:33:32] ##   # Create instance: axi_clock_converter_1, and set properties
[2025-09-14 20:33:32] ##   set axi_clock_converter_1 [ create_bd_cell -type ip -vlnv xilinx.com:ip:axi_clock_converter:2.1 axi_clock_converter_1 ]
[2025-09-14 20:33:32] ## 
[2025-09-14 20:33:32] ##   # Create instance: axi_dwidth_converter_0, and set properties
[2025-09-14 20:33:32] ##   set axi_dwidth_converter_0 [ create_bd_cell -type ip -vlnv xilinx.com:ip:axi_dwidth_converter:2.1 axi_dwidth_converter_0 ]
[2025-09-14 20:33:32] ##   set_property -dict [list \
[2025-09-14 20:33:32] ##     CONFIG.ACLK_ASYNC {1} \
[2025-09-14 20:33:32] ##     CONFIG.FIFO_MODE {2} \
[2025-09-14 20:33:32] ##     CONFIG.MI_DATA_WIDTH {512} \
[2025-09-14 20:33:32] ##     CONFIG.SI_DATA_WIDTH {64} \
[2025-09-14 20:33:32] ##     CONFIG.SI_ID_WIDTH {16} \
[2025-09-14 20:33:32] ##   ] $axi_dwidth_converter_0
[2025-09-14 20:33:32] ## 
[2025-09-14 20:33:32] ## 
[2025-09-14 20:33:32] ##   # Create instance: axi_tieoff_master_0, and set properties
[2025-09-14 20:33:32] ##   set block_name axi_tieoff_master
[2025-09-14 20:33:32] ##   set block_cell_name axi_tieoff_master_0
[2025-09-14 20:33:32] create_project: Time (s): cpu = 00:00:07 ; elapsed = 00:00:07 . Memory (MB): peak = 1701.621 ; gain = 95.992 ; free physical = 154791 ; free virtual = 156912
[2025-09-14 20:33:32] ##   if { [catch {set axi_tieoff_master_0 [create_bd_cell -type module -reference $block_name $block_cell_name] } errmsg] } {
[2025-09-14 20:33:32] # set_property board_part $board_part [current_project]
[2025-09-14 20:33:32] ##      catch {common::send_gid_msg -ssname BD::TCL -id 2095 -severity "ERROR" "Unable to add referenced block <$block_name>. Please add the files for ${block_name}'s definition into the project."}
[2025-09-14 20:33:32] # foreach addFile [list ${root_dir}/design/axi_tieoff_master.v ${root_dir}/design/firesim_wrapper.v ${root_dir}/design/firesim_top.sv ${root_dir}/design/firesim_defines.vh] {
[2025-09-14 20:33:32] ##      return 1
[2025-09-14 20:33:32] #   set addFile [retrieveVersionedFile $addFile $vivado_version]
[2025-09-14 20:33:32] ##    } elseif { $axi_tieoff_master_0 eq "" } {
[2025-09-14 20:33:32] ## if { $bCheckIPsPassed != 1 } {
[2025-09-14 20:33:32] #   if {![file exists $addFile]} {
[2025-09-14 20:33:32] ##      catch {common::send_gid_msg -ssname BD::TCL -id 2096 -severity "ERROR" "Unable to referenced block <$block_name>. Please add the files for ${block_name}'s definition into the project."}
[2025-09-14 20:33:32] ##   common::send_gid_msg -ssname BD::TCL -id 2023 -severity "WARNING" "Will not continue with creation of design due to the error(s) above."
[2025-09-14 20:33:32] ##      return 1
[2025-09-14 20:33:32] #     puts "ERROR: could not find file $addFile"
[2025-09-14 20:33:32] ##   return 3
[2025-09-14 20:33:32] ##    }
[2025-09-14 20:33:32] #     exit 1
[2025-09-14 20:33:32] ## }
[2025-09-14 20:33:32] ##   
[2025-09-14 20:33:32] ## proc create_root_design { parentCell firesim_freq } {
[2025-09-14 20:33:32] #   }
[2025-09-14 20:33:32] ##   # Create instance: clk_wiz_0, and set properties
[2025-09-14 20:33:32] ## 
[2025-09-14 20:33:32] #   add_files $addFile
[2025-09-14 20:33:32] ##   set clk_wiz_0 [ create_bd_cell -type ip -vlnv xilinx.com:ip:clk_wiz:6.0 clk_wiz_0 ]
[2025-09-14 20:33:32] ##   variable script_folder
[2025-09-14 20:33:32] #   if {[file extension $addFile] == ".vh"} {
[2025-09-14 20:33:32] ##   set_property -dict [list \
[2025-09-14 20:33:32] ##   variable design_name
[2025-09-14 20:33:32] #     set_property IS_GLOBAL_INCLUDE 1 [get_files $addFile]
[2025-09-14 20:33:32] ##     CONFIG.CLKOUT1_REQUESTED_OUT_FREQ $firesim_freq \
[2025-09-14 20:33:32] ## 
[2025-09-14 20:33:32] ##     CONFIG.USE_LOCKED {false} \
[2025-09-14 20:33:32] ##   if { $parentCell eq "" } {
[2025-09-14 20:33:32] #   }
[2025-09-14 20:33:32] ##      set parentCell [get_bd_cells /]
[2025-09-14 20:33:32] ##   ] $clk_wiz_0
[2025-09-14 20:33:32] # }
[2025-09-14 20:33:32] ##   }
[2025-09-14 20:33:32] ## 
[2025-09-14 20:33:32] # if {[file exists [set sourceFile [retrieveVersionedFile ${root_dir}/scripts/firesim_env.tcl $vivado_version]]]} {
[2025-09-14 20:33:32] ## 
[2025-09-14 20:33:32] ## 
[2025-09-14 20:33:32] #   source $sourceFile
[2025-09-14 20:33:32] ##   # Get object for parentCell
[2025-09-14 20:33:32] ##   # Create instance: ddr4_0, and set properties
[2025-09-14 20:33:32] ##   set parentObj [get_bd_cells $parentCell]
[2025-09-14 20:33:32] # }
[2025-09-14 20:33:32] ##   set ddr4_0 [ create_bd_cell -type ip -vlnv xilinx.com:ip:ddr4:2.2 ddr4_0 ]
[2025-09-14 20:33:32] ##   if { $parentObj == "" } {
[2025-09-14 20:33:32] ## set desired_host_frequency 25
[2025-09-14 20:33:32] ##   set_property -dict [list \
[2025-09-14 20:33:32] ##      catch {common::send_gid_msg -ssname BD::TCL -id 2090 -severity "ERROR" "Unable to find parent cell <$parentCell>!"}
[2025-09-14 20:33:32] ##     CONFIG.ADDN_UI_CLKOUT1_FREQ_HZ {100} \
[2025-09-14 20:33:32] ## set strategy "TIMING"
[2025-09-14 20:33:32] ##      return
[2025-09-14 20:33:32] ##     CONFIG.C0.DDR4_AUTO_AP_COL_A3 {true} \
[2025-09-14 20:33:32] # if {![file exists [set sourceFile [retrieveVersionedFile ${root_dir}/scripts/create_bd.tcl $vivado_version]]]} {
[2025-09-14 20:33:32] ##   }
[2025-09-14 20:33:32] ##     CONFIG.C0.DDR4_AxiAddressWidth {34} \
[2025-09-14 20:33:32] #   puts "ERROR: could not find $sourceFile"
[2025-09-14 20:33:32] ## 
[2025-09-14 20:33:32] ##     CONFIG.C0.DDR4_EN_PARITY {true} \
[2025-09-14 20:33:32] ##   # Make sure parentObj is hier blk
[2025-09-14 20:33:32] #   exit 1
[2025-09-14 20:33:32] ##   set parentType [get_property TYPE $parentObj]
[2025-09-14 20:33:32] ##     CONFIG.C0.DDR4_MCS_ECC {false} \
[2025-09-14 20:33:32] # }
[2025-09-14 20:33:32] ##   if { $parentType ne "hier" } {
[2025-09-14 20:33:32] ##     CONFIG.C0.DDR4_Mem_Add_Map {ROW_COLUMN_BANK_INTLV} \
[2025-09-14 20:33:32] # source $sourceFile
[2025-09-14 20:33:32] ##      catch {common::send_gid_msg -ssname BD::TCL -id 2091 -severity "ERROR" "Parent <$parentObj> has TYPE = <$parentType>. Expected to be <hier>."}
[2025-09-14 20:33:32] ##     CONFIG.C0_CLOCK_BOARD_INTERFACE {default_300mhz_clk0} \
[2025-09-14 20:33:32] ## namespace eval _tcl {
[2025-09-14 20:33:32] ##      return
[2025-09-14 20:33:32] ##     CONFIG.C0_DDR4_BOARD_INTERFACE {ddr4_sdram_c0} \
[2025-09-14 20:33:32] ##   }
[2025-09-14 20:33:32] ## proc get_script_folder {} {
[2025-09-14 20:33:32] ##     CONFIG.Debug_Signal {Disable} \
[2025-09-14 20:33:32] ## 
[2025-09-14 20:33:32] ##     CONFIG.RESET_BOARD_INTERFACE {resetn} \
[2025-09-14 20:33:32] ##    set script_path [file normalize [info script]]
[2025-09-14 20:33:32] ##   # Save current instance; Restore later
[2025-09-14 20:33:32] ##   ] $ddr4_0
[2025-09-14 20:33:32] ##    set script_folder [file dirname $script_path]
[2025-09-14 20:33:32] ##   set oldCurInst [current_bd_instance .]
[2025-09-14 20:33:32] ## 
[2025-09-14 20:33:32] ##    return $script_folder
[2025-09-14 20:33:32] ## 
[2025-09-14 20:33:32] ## 
[2025-09-14 20:33:32] ##   # Set parent object as current
[2025-09-14 20:33:32] ## }
[2025-09-14 20:33:32] ##   # Create instance: firesim_wrapper_0, and set properties
[2025-09-14 20:33:32] ##   current_bd_instance $parentObj
[2025-09-14 20:33:32] ## }
[2025-09-14 20:33:32] ##   set block_name firesim_wrapper
[2025-09-14 20:33:32] ## 
[2025-09-14 20:33:32] ## variable script_folder
[2025-09-14 20:33:32] ## 
[2025-09-14 20:33:32] ##   set block_cell_name firesim_wrapper_0
[2025-09-14 20:33:32] ## set script_folder [_tcl::get_script_folder]
[2025-09-14 20:33:32] ##   # Create interface ports
[2025-09-14 20:33:32] ##   if { [catch {set firesim_wrapper_0 [create_bd_cell -type module -reference $block_name $block_cell_name] } errmsg] } {
[2025-09-14 20:33:32] ## set scripts_vivado_version 2022.2
[2025-09-14 20:33:32] ##   set ddr4_sdram_c0 [ create_bd_intf_port -mode Master -vlnv xilinx.com:interface:ddr4_rtl:1.0 ddr4_sdram_c0 ]
[2025-09-14 20:33:32] ##      catch {common::send_gid_msg -ssname BD::TCL -id 2095 -severity "ERROR" "Unable to add referenced block <$block_name>. Please add the files for ${block_name}'s definition into the project."}
[2025-09-14 20:33:32] ## 
[2025-09-14 20:33:32] ## set current_vivado_version [version -short]
[2025-09-14 20:33:32] ##      return 1
[2025-09-14 20:33:32] ##   set default_300mhz_clk0 [ create_bd_intf_port -mode Slave -vlnv xilinx.com:interface:diff_clock_rtl:1.0 default_300mhz_clk0 ]
[2025-09-14 20:33:32] ##    } elseif { $firesim_wrapper_0 eq "" } {
[2025-09-14 20:33:32] ## if { [string first $scripts_vivado_version $current_vivado_version] == -1 } {
[2025-09-14 20:33:32] ##   set_property -dict [ list \
[2025-09-14 20:33:32] ##      catch {common::send_gid_msg -ssname BD::TCL -id 2096 -severity "ERROR" "Unable to referenced block <$block_name>. Please add the files for ${block_name}'s definition into the project."}
[2025-09-14 20:33:32] ##    puts ""
[2025-09-14 20:33:32] ##    CONFIG.FREQ_HZ {300000000} \
[2025-09-14 20:33:32] ##      return 1
[2025-09-14 20:33:32] ##    ] $default_300mhz_clk0
[2025-09-14 20:33:32] ##    catch {common::send_gid_msg -ssname BD::TCL -id 2041 -severity "ERROR" "This script was generated using Vivado <$scripts_vivado_version> and is being run in <$current_vivado_version> of Vivado. Please run the script in Vivado <$scripts_vivado_version> then open the design in Vivado <$current_vivado_version>. Upgrade the design by running \"Tools => Report => Report IP Status...\", then run write_bd_tcl to create an updated script."}
[2025-09-14 20:33:32] ##    }
[2025-09-14 20:33:32] ## 
[2025-09-14 20:33:32] ## 
[2025-09-14 20:33:32] ##   
[2025-09-14 20:33:32] ##   set pci_express_x16 [ create_bd_intf_port -mode Master -vlnv xilinx.com:interface:pcie_7x_mgt_rtl:1.0 pci_express_x16 ]
[2025-09-14 20:33:32] ##    return 1
[2025-09-14 20:33:32] ## 
[2025-09-14 20:33:32] ##   # Create instance: proc_sys_reset_0, and set properties
[2025-09-14 20:33:32] ## }
[2025-09-14 20:33:32] ##   set pcie_refclk [ create_bd_intf_port -mode Slave -vlnv xilinx.com:interface:diff_clock_rtl:1.0 pcie_refclk ]
[2025-09-14 20:33:32] ##   set proc_sys_reset_0 [ create_bd_cell -type ip -vlnv xilinx.com:ip:proc_sys_reset:5.0 proc_sys_reset_0 ]
[2025-09-14 20:33:32] ##   set_property -dict [ list \
[2025-09-14 20:33:32] ## variable design_name
[2025-09-14 20:33:32] ## 
[2025-09-14 20:33:32] ##    CONFIG.FREQ_HZ {100000000} \
[2025-09-14 20:33:32] ## set design_name design_1
[2025-09-14 20:33:32] ##   # Create instance: proc_sys_reset_1, and set properties
[2025-09-14 20:33:32] ##    ] $pcie_refclk
[2025-09-14 20:33:32] ## set errMsg ""
[2025-09-14 20:33:32] ##   set proc_sys_reset_1 [ create_bd_cell -type ip -vlnv xilinx.com:ip:proc_sys_reset:5.0 proc_sys_reset_1 ]
[2025-09-14 20:33:32] ## 
[2025-09-14 20:33:32] ## 
[2025-09-14 20:33:32] ## set nRet 0
[2025-09-14 20:33:32] ## 
[2025-09-14 20:33:32] ##   # Create instance: resetn_inv_0, and set properties
[2025-09-14 20:33:32] ##   # Create ports
[2025-09-14 20:33:32] ##   set resetn_inv_0 [ create_bd_cell -type ip -vlnv xilinx.com:ip:util_vector_logic:2.0 resetn_inv_0 ]
[2025-09-14 20:33:32] ##   set pcie_perstn [ create_bd_port -dir I -type rst pcie_perstn ]
[2025-09-14 20:33:32] ##   set_property -dict [ list \
[2025-09-14 20:33:32] ##   set_property -dict [list \
[2025-09-14 20:33:32] ##    CONFIG.POLARITY {ACTIVE_LOW} \
[2025-09-14 20:33:32] ##     CONFIG.C_OPERATION {not} \
[2025-09-14 20:33:32] create_project: Time (s): cpu = 00:00:07 ; elapsed = 00:00:07 . Memory (MB): peak = 1701.824 ; gain = 96.992 ; free physical = 184209 ; free virtual = 186358
[2025-09-14 20:33:32] ##  ] $pcie_perstn
[2025-09-14 20:33:32] ##     CONFIG.C_SIZE {1} \
[2025-09-14 20:33:32] ##   set resetn [ create_bd_port -dir I -type rst resetn ]
[2025-09-14 20:33:32] # set_property board_part $board_part [current_project]
[2025-09-14 20:33:32] ##   ] $resetn_inv_0
[2025-09-14 20:33:32] ##   set_property -dict [ list \
[2025-09-14 20:33:32] # foreach addFile [list ${root_dir}/design/axi_tieoff_master.v ${root_dir}/design/firesim_wrapper.v ${root_dir}/design/firesim_top.sv ${root_dir}/design/firesim_defines.vh] {
[2025-09-14 20:33:32] ## 
[2025-09-14 20:33:32] ##    CONFIG.POLARITY {ACTIVE_LOW} \
[2025-09-14 20:33:32] ## 
[2025-09-14 20:33:32] #   set addFile [retrieveVersionedFile $addFile $vivado_version]
[2025-09-14 20:33:32] ##  ] $resetn
[2025-09-14 20:33:32] ##   # Create instance: util_ds_buf, and set properties
[2025-09-14 20:33:32] #   if {![file exists $addFile]} {
[2025-09-14 20:33:32] ## 
[2025-09-14 20:33:32] ##   set util_ds_buf [ create_bd_cell -type ip -vlnv xilinx.com:ip:util_ds_buf:2.2 util_ds_buf ]
[2025-09-14 20:33:32] ##   # Create instance: axi_clock_converter_0, and set properties
[2025-09-14 20:33:32] #     puts "ERROR: could not find file $addFile"
[2025-09-14 20:33:32] ##   set_property -dict [list \
[2025-09-14 20:33:32] ##   set axi_clock_converter_0 [ create_bd_cell -type ip -vlnv xilinx.com:ip:axi_clock_converter:2.1 axi_clock_converter_0 ]
[2025-09-14 20:33:32] #     exit 1
[2025-09-14 20:33:32] ##     CONFIG.DIFF_CLK_IN_BOARD_INTERFACE {pcie_refclk} \
[2025-09-14 20:33:32] ## 
[2025-09-14 20:33:32] #   }
[2025-09-14 20:33:32] ##     CONFIG.USE_BOARD_FLOW {true} \
[2025-09-14 20:33:32] ##   # Create instance: axi_clock_converter_1, and set properties
[2025-09-14 20:33:32] #   add_files $addFile
[2025-09-14 20:33:32] ##   ] $util_ds_buf
[2025-09-14 20:33:32] ##   set axi_clock_converter_1 [ create_bd_cell -type ip -vlnv xilinx.com:ip:axi_clock_converter:2.1 axi_clock_converter_1 ]
[2025-09-14 20:33:32] #   if {[file extension $addFile] == ".vh"} {
[2025-09-14 20:33:32] ## 
[2025-09-14 20:33:32] ## 
[2025-09-14 20:33:32] ##   # Create instance: axi_dwidth_converter_0, and set properties
[2025-09-14 20:33:32] ## 
[2025-09-14 20:33:32] #     set_property IS_GLOBAL_INCLUDE 1 [get_files $addFile]
[2025-09-14 20:33:32] ##   # Create instance: xdma_0, and set properties
[2025-09-14 20:33:32] ##   set axi_dwidth_converter_0 [ create_bd_cell -type ip -vlnv xilinx.com:ip:axi_dwidth_converter:2.1 axi_dwidth_converter_0 ]
[2025-09-14 20:33:32] #   }
[2025-09-14 20:33:32] ##   set xdma_0 [ create_bd_cell -type ip -vlnv xilinx.com:ip:xdma:4.1 xdma_0 ]
[2025-09-14 20:33:32] ##   set_property -dict [list \
[2025-09-14 20:33:32] # }
[2025-09-14 20:33:32] ##     CONFIG.ACLK_ASYNC {1} \
[2025-09-14 20:33:32] ##   set_property -dict [list \
[2025-09-14 20:33:32] # if {[file exists [set sourceFile [retrieveVersionedFile ${root_dir}/scripts/firesim_env.tcl $vivado_version]]]} {
[2025-09-14 20:33:32] ##     CONFIG.FIFO_MODE {2} \
[2025-09-14 20:33:32] ##     CONFIG.PCIE_BOARD_INTERFACE {pci_express_x16} \
[2025-09-14 20:33:32] #   source $sourceFile
[2025-09-14 20:33:32] ##     CONFIG.MI_DATA_WIDTH {512} \
[2025-09-14 20:33:32] ##     CONFIG.SYS_RST_N_BOARD_INTERFACE {pcie_perstn} \
[2025-09-14 20:33:32] ##     CONFIG.SI_DATA_WIDTH {64} \
[2025-09-14 20:33:32] # }
[2025-09-14 20:33:32] ##     CONFIG.axilite_master_en {true} \
[2025-09-14 20:33:32] ## set cur_design [current_bd_design -quiet]
[2025-09-14 20:33:32] ##     CONFIG.SI_ID_WIDTH {16} \
[2025-09-14 20:33:32] ## set desired_host_frequency 25
[2025-09-14 20:33:32] ##     CONFIG.axilite_master_size {32} \
[2025-09-14 20:33:32] ##   ] $axi_dwidth_converter_0
[2025-09-14 20:33:32] ## set list_cells [get_bd_cells -quiet]
[2025-09-14 20:33:32] ##     CONFIG.xdma_axi_intf_mm {AXI_Memory_Mapped} \
[2025-09-14 20:33:32] ## set strategy "TIMING"
[2025-09-14 20:33:32] ## 
[2025-09-14 20:33:32] ## if { ${design_name} eq "" } {
[2025-09-14 20:33:32] ##     CONFIG.xdma_rnum_chnl {4} \
[2025-09-14 20:33:32] # if {![file exists [set sourceFile [retrieveVersionedFile ${root_dir}/scripts/create_bd.tcl $vivado_version]]]} {
[2025-09-14 20:33:32] ## 
[2025-09-14 20:33:32] ##    # USE CASES:
[2025-09-14 20:33:32] ##     CONFIG.xdma_wnum_chnl {4} \
[2025-09-14 20:33:32] ##   # Create instance: axi_tieoff_master_0, and set properties
[2025-09-14 20:33:32] #   puts "ERROR: could not find $sourceFile"
[2025-09-14 20:33:32] ##    #    1) Design_name not set
[2025-09-14 20:33:32] ##   ] $xdma_0
[2025-09-14 20:33:32] ##   set block_name axi_tieoff_master
[2025-09-14 20:33:32] #   exit 1
[2025-09-14 20:33:32] ## 
[2025-09-14 20:33:32] ##   set block_cell_name axi_tieoff_master_0
[2025-09-14 20:33:32] ## 
[2025-09-14 20:33:32] # }
[2025-09-14 20:33:32] ## 
[2025-09-14 20:33:32] ##   if { [catch {set axi_tieoff_master_0 [create_bd_cell -type module -reference $block_name $block_cell_name] } errmsg] } {
[2025-09-14 20:33:32] ##    set errMsg "Please set the variable <design_name> to a non-empty value."
[2025-09-14 20:33:32] # source $sourceFile
[2025-09-14 20:33:32] ##   # Create instance: xlconstant_0, and set properties
[2025-09-14 20:33:32] ##      catch {common::send_gid_msg -ssname BD::TCL -id 2095 -severity "ERROR" "Unable to add referenced block <$block_name>. Please add the files for ${block_name}'s definition into the project."}
[2025-09-14 20:33:32] ##    set nRet 1
[2025-09-14 20:33:32] ## namespace eval _tcl {
[2025-09-14 20:33:32] ##      return 1
[2025-09-14 20:33:32] ##   set xlconstant_0 [ create_bd_cell -type ip -vlnv xilinx.com:ip:xlconstant:1.1 xlconstant_0 ]
[2025-09-14 20:33:32] ## 
[2025-09-14 20:33:32] ##    } elseif { $axi_tieoff_master_0 eq "" } {
[2025-09-14 20:33:32] ## proc get_script_folder {} {
[2025-09-14 20:33:32] ##   set_property CONFIG.CONST_VAL {0} $xlconstant_0
[2025-09-14 20:33:32] ## } elseif { ${cur_design} ne "" && ${list_cells} eq "" } {
[2025-09-14 20:33:32] ##      catch {common::send_gid_msg -ssname BD::TCL -id 2096 -severity "ERROR" "Unable to referenced block <$block_name>. Please add the files for ${block_name}'s definition into the project."}
[2025-09-14 20:33:32] ## 
[2025-09-14 20:33:32] ##    set script_path [file normalize [info script]]
[2025-09-14 20:33:32] ##      return 1
[2025-09-14 20:33:32] ##    # USE CASES:
[2025-09-14 20:33:32] ## 
[2025-09-14 20:33:32] ##    set script_folder [file dirname $script_path]
[2025-09-14 20:33:32] ##    }
[2025-09-14 20:33:32] ##    #    2): Current design opened AND is empty AND names same.
[2025-09-14 20:33:32] ##   # Create interface connections
[2025-09-14 20:33:33] ##    return $script_folder
[2025-09-14 20:33:33] ##   
[2025-09-14 20:33:33] ##    #    3): Current design opened AND is empty AND names diff; design_name NOT in project.
[2025-09-14 20:33:33] ##   connect_bd_intf_net -intf_net axi_clock_converter_0_M_AXI [get_bd_intf_pins axi_clock_converter_0/M_AXI] [get_bd_intf_pins firesim_wrapper_0/S_AXI_DMA]
[2025-09-14 20:33:33] ##   # Create instance: clk_wiz_0, and set properties
[2025-09-14 20:33:33] ## }
[2025-09-14 20:33:33] ##   connect_bd_intf_net -intf_net axi_clock_converter_1_M_AXI [get_bd_intf_pins axi_clock_converter_1/M_AXI] [get_bd_intf_pins firesim_wrapper_0/S_AXI_CTRL]
[2025-09-14 20:33:33] ##    #    4): Current design opened AND is empty AND names diff; design_name exists in project.
[2025-09-14 20:33:33] ##   set clk_wiz_0 [ create_bd_cell -type ip -vlnv xilinx.com:ip:clk_wiz:6.0 clk_wiz_0 ]
[2025-09-14 20:33:33] ## }
[2025-09-14 20:33:33] ##   connect_bd_intf_net -intf_net axi_dwidth_converter_0_M_AXI [get_bd_intf_pins axi_dwidth_converter_0/M_AXI] [get_bd_intf_pins ddr4_0/C0_DDR4_S_AXI]
[2025-09-14 20:33:33] ##   set_property -dict [list \
[2025-09-14 20:33:33] ## 
[2025-09-14 20:33:33] ## variable script_folder
[2025-09-14 20:33:33] ##   connect_bd_intf_net -intf_net axi_tieoff_master_0_TIEOFF_M_AXI_CTRL_0 [get_bd_intf_pins axi_tieoff_master_0/TIEOFF_M_AXI_CTRL_0] [get_bd_intf_pins ddr4_0/C0_DDR4_S_AXI_CTRL]
[2025-09-14 20:33:33] ##     CONFIG.CLKOUT1_REQUESTED_OUT_FREQ $firesim_freq \
[2025-09-14 20:33:33] ##    if { $cur_design ne $design_name } {
[2025-09-14 20:33:33] ## set script_folder [_tcl::get_script_folder]
[2025-09-14 20:33:33] ##   connect_bd_intf_net -intf_net ddr4_0_C0_DDR4 [get_bd_intf_ports ddr4_sdram_c0] [get_bd_intf_pins ddr4_0/C0_DDR4]
[2025-09-14 20:33:33] ##     CONFIG.USE_LOCKED {false} \
[2025-09-14 20:33:33] ##       common::send_gid_msg -ssname BD::TCL -id 2001 -severity "INFO" "Changing value of <design_name> from <$design_name> to <$cur_design> since current design is empty."
[2025-09-14 20:33:33] ## set scripts_vivado_version 2022.2
[2025-09-14 20:33:33] ##   connect_bd_intf_net -intf_net default_300mhz_clk0_1 [get_bd_intf_ports default_300mhz_clk0] [get_bd_intf_pins ddr4_0/C0_SYS_CLK]
[2025-09-14 20:33:33] ##   ] $clk_wiz_0
[2025-09-14 20:33:33] ##       set design_name [get_property NAME $cur_design]
[2025-09-14 20:33:33] ##   connect_bd_intf_net -intf_net firesim_wrapper_0_M_AXI_DDR0 [get_bd_intf_pins axi_dwidth_converter_0/S_AXI] [get_bd_intf_pins firesim_wrapper_0/M_AXI_DDR0]
[2025-09-14 20:33:33] ## 
[2025-09-14 20:33:33] ## set current_vivado_version [version -short]
[2025-09-14 20:33:33] ##    }
[2025-09-14 20:33:33] ## 
[2025-09-14 20:33:33] ##   connect_bd_intf_net -intf_net pcie_refclk_1 [get_bd_intf_ports pcie_refclk] [get_bd_intf_pins util_ds_buf/CLK_IN_D]
[2025-09-14 20:33:33] ## if { [string first $scripts_vivado_version $current_vivado_version] == -1 } {
[2025-09-14 20:33:33] ##   # Create instance: ddr4_0, and set properties
[2025-09-14 20:33:33] ##   connect_bd_intf_net -intf_net xdma_0_M_AXI [get_bd_intf_pins axi_clock_converter_0/S_AXI] [get_bd_intf_pins xdma_0/M_AXI]
[2025-09-14 20:33:33] ##    common::send_gid_msg -ssname BD::TCL -id 2002 -severity "INFO" "Constructing design in IPI design <$cur_design>..."
[2025-09-14 20:33:33] ##    puts ""
[2025-09-14 20:33:33] ##   set ddr4_0 [ create_bd_cell -type ip -vlnv xilinx.com:ip:ddr4:2.2 ddr4_0 ]
[2025-09-14 20:33:33] ##   connect_bd_intf_net -intf_net xdma_0_M_AXI_LITE [get_bd_intf_pins axi_clock_converter_1/S_AXI] [get_bd_intf_pins xdma_0/M_AXI_LITE]
[2025-09-14 20:33:33] ## 
[2025-09-14 20:33:33] ##    catch {common::send_gid_msg -ssname BD::TCL -id 2041 -severity "ERROR" "This script was generated using Vivado <$scripts_vivado_version> and is being run in <$current_vivado_version> of Vivado. Please run the script in Vivado <$scripts_vivado_version> then open the design in Vivado <$current_vivado_version>. Upgrade the design by running \"Tools => Report => Report IP Status...\", then run write_bd_tcl to create an updated script."}
[2025-09-14 20:33:33] ##   set_property -dict [list \
[2025-09-14 20:33:33] ##   connect_bd_intf_net -intf_net xdma_0_pcie_mgt [get_bd_intf_ports pci_express_x16] [get_bd_intf_pins xdma_0/pcie_mgt]
[2025-09-14 20:33:33] ## } elseif { ${cur_design} ne "" && $list_cells ne "" && $cur_design eq $design_name } {
[2025-09-14 20:33:33] ##     CONFIG.ADDN_UI_CLKOUT1_FREQ_HZ {100} \
[2025-09-14 20:33:33] ## 
[2025-09-14 20:33:33] ## 
[2025-09-14 20:33:33] ##    # USE CASES:
[2025-09-14 20:33:33] ##     CONFIG.C0.DDR4_AUTO_AP_COL_A3 {true} \
[2025-09-14 20:33:33] ##    return 1
[2025-09-14 20:33:33] ##   # Create port connections
[2025-09-14 20:33:33] ##     CONFIG.C0.DDR4_AxiAddressWidth {34} \
[2025-09-14 20:33:33] ##    #    5) Current design opened AND has components AND same names.
[2025-09-14 20:33:33] ##   connect_bd_net -net ddr4_0_c0_ddr4_ui_clk [get_bd_pins axi_dwidth_converter_0/m_axi_aclk] [get_bd_pins clk_wiz_0/clk_in1] [get_bd_pins ddr4_0/c0_ddr4_ui_clk] [get_bd_pins proc_sys_reset_1/slowest_sync_clk]
[2025-09-14 20:33:33] ## }
[2025-09-14 20:33:33] ##     CONFIG.C0.DDR4_EN_PARITY {true} \
[2025-09-14 20:33:33] ## 
[2025-09-14 20:33:33] ##   connect_bd_net -net pcie_perstn_1 [get_bd_ports pcie_perstn] [get_bd_pins xdma_0/sys_rst_n]
[2025-09-14 20:33:33] ## variable design_name
[2025-09-14 20:33:33] ##     CONFIG.C0.DDR4_MCS_ECC {false} \
[2025-09-14 20:33:33] ##   connect_bd_net -net proc_sys_reset_0_interconnect_aresetn [get_bd_pins axi_clock_converter_0/m_axi_aresetn] [get_bd_pins axi_clock_converter_1/m_axi_aresetn] [get_bd_pins axi_dwidth_converter_0/s_axi_aresetn] [get_bd_pins firesim_wrapper_0/sys_reset_n] [get_bd_pins proc_sys_reset_0/interconnect_aresetn]
[2025-09-14 20:33:33] ##    set errMsg "Design <$design_name> already exists in your project, please set the variable <design_name> to another value."
[2025-09-14 20:33:33] ## set design_name design_1
[2025-09-14 20:33:33] ##     CONFIG.C0.DDR4_Mem_Add_Map {ROW_COLUMN_BANK_INTLV} \
[2025-09-14 20:33:33] ##   connect_bd_net -net resetn_1 [get_bd_ports resetn] [get_bd_pins proc_sys_reset_0/ext_reset_in] [get_bd_pins proc_sys_reset_1/ext_reset_in] [get_bd_pins resetn_inv_0/Op1]
[2025-09-14 20:33:33] ##    set nRet 1
[2025-09-14 20:33:33] ##     CONFIG.C0_CLOCK_BOARD_INTERFACE {default_300mhz_clk0} \
[2025-09-14 20:33:33] ## set errMsg ""
[2025-09-14 20:33:33] ##   connect_bd_net -net resetn_inv_0_Res [get_bd_pins clk_wiz_0/reset] [get_bd_pins ddr4_0/sys_rst] [get_bd_pins resetn_inv_0/Res]
[2025-09-14 20:33:33] ## } elseif { [get_files -quiet ${design_name}.bd] ne "" } {
[2025-09-14 20:33:33] ##     CONFIG.C0_DDR4_BOARD_INTERFACE {ddr4_sdram_c0} \
[2025-09-14 20:33:33] ## set nRet 0
[2025-09-14 20:33:33] ##   connect_bd_net -net rst_ddr4_0_300M_interconnect_aresetn [get_bd_pins axi_dwidth_converter_0/m_axi_aresetn] [get_bd_pins ddr4_0/c0_ddr4_aresetn] [get_bd_pins proc_sys_reset_1/interconnect_aresetn]
[2025-09-14 20:33:33] ##     CONFIG.Debug_Signal {Disable} \
[2025-09-14 20:33:33] ##    # USE CASES: 
[2025-09-14 20:33:33] ##   connect_bd_net -net sys_clk_30 [get_bd_pins axi_clock_converter_0/m_axi_aclk] [get_bd_pins axi_clock_converter_1/m_axi_aclk] [get_bd_pins axi_dwidth_converter_0/s_axi_aclk] [get_bd_pins clk_wiz_0/clk_out1] [get_bd_pins firesim_wrapper_0/sys_clk_30] [get_bd_pins proc_sys_reset_0/slowest_sync_clk]
[2025-09-14 20:33:33] ##     CONFIG.RESET_BOARD_INTERFACE {resetn} \
[2025-09-14 20:33:33] ##    #    6) Current opened design, has components, but diff names, design_name exists in project.
[2025-09-14 20:33:33] ##   connect_bd_net -net util_ds_buf_IBUF_DS_ODIV2 [get_bd_pins util_ds_buf/IBUF_DS_ODIV2] [get_bd_pins xdma_0/sys_clk]
[2025-09-14 20:33:33] ##   ] $ddr4_0
[2025-09-14 20:33:33] ##   connect_bd_net -net util_ds_buf_IBUF_OUT [get_bd_pins util_ds_buf/IBUF_OUT] [get_bd_pins xdma_0/sys_clk_gt]
[2025-09-14 20:33:33] ##    #    7) No opened design, design_name exists in project.
[2025-09-14 20:33:33] ## 
[2025-09-14 20:33:33] ##   connect_bd_net -net xdma_0_axi_aclk [get_bd_pins axi_clock_converter_0/s_axi_aclk] [get_bd_pins axi_clock_converter_1/s_axi_aclk] [get_bd_pins xdma_0/axi_aclk]
[2025-09-14 20:33:33] ## 
[2025-09-14 20:33:33] ## 
[2025-09-14 20:33:33] ##   connect_bd_net -net xdma_0_axi_aresetn [get_bd_pins axi_clock_converter_0/s_axi_aresetn] [get_bd_pins axi_clock_converter_1/s_axi_aresetn] [get_bd_pins xdma_0/axi_aresetn]
[2025-09-14 20:33:33] ##    set errMsg "Design <$design_name> already exists in your project, please set the variable <design_name> to another value."
[2025-09-14 20:33:33] ##   # Create instance: firesim_wrapper_0, and set properties
[2025-09-14 20:33:33] ##   connect_bd_net -net xlconstant_0_dout [get_bd_pins xdma_0/usr_irq_req] [get_bd_pins xlconstant_0/dout]
[2025-09-14 20:33:33] ##   set block_name firesim_wrapper
[2025-09-14 20:33:33] ##    set nRet 2
[2025-09-14 20:33:33] ## 
[2025-09-14 20:33:33] ##   set block_cell_name firesim_wrapper_0
[2025-09-14 20:33:33] ## 
[2025-09-14 20:33:33] ##   # Create address segments
[2025-09-14 20:33:33] ##   if { [catch {set firesim_wrapper_0 [create_bd_cell -type module -reference $block_name $block_cell_name] } errmsg] } {
[2025-09-14 20:33:33] ## } else {
[2025-09-14 20:33:33] ## 
[2025-09-14 20:33:33] ##      catch {common::send_gid_msg -ssname BD::TCL -id 2095 -severity "ERROR" "Unable to add referenced block <$block_name>. Please add the files for ${block_name}'s definition into the project."}
[2025-09-14 20:33:33] ##   # Restore current instance
[2025-09-14 20:33:33] ##    # USE CASES:
[2025-09-14 20:33:33] ##      return 1
[2025-09-14 20:33:33] ##   current_bd_instance $oldCurInst
[2025-09-14 20:33:33] ##    #    8) No opened design, design_name not in project.
[2025-09-14 20:33:33] ##    } elseif { $firesim_wrapper_0 eq "" } {
[2025-09-14 20:33:33] ## 
[2025-09-14 20:33:33] ##      catch {common::send_gid_msg -ssname BD::TCL -id 2096 -severity "ERROR" "Unable to referenced block <$block_name>. Please add the files for ${block_name}'s definition into the project."}
[2025-09-14 20:33:33] ##    #    9) Current opened design, has components, but diff names, design_name not in project.
[2025-09-14 20:33:33] ##   validate_bd_design
[2025-09-14 20:33:33] ##      return 1
[2025-09-14 20:33:33] ## 
[2025-09-14 20:33:33] ##   save_bd_design
[2025-09-14 20:33:33] ##    }
[2025-09-14 20:33:33] ## }
[2025-09-14 20:33:33] ##    common::send_gid_msg -ssname BD::TCL -id 2003 -severity "INFO" "Currently there is no design <$design_name> in project, so creating one..."
[2025-09-14 20:33:33] ##   
[2025-09-14 20:33:33] ## create_root_design "" $desired_host_frequency
[2025-09-14 20:33:33] ## 
[2025-09-14 20:33:33] ##   # Create instance: proc_sys_reset_0, and set properties
[2025-09-14 20:33:33] ##   set proc_sys_reset_0 [ create_bd_cell -type ip -vlnv xilinx.com:ip:proc_sys_reset:5.0 proc_sys_reset_0 ]
[2025-09-14 20:33:33] ##    create_bd_design $design_name
[2025-09-14 20:33:33] ## 
[2025-09-14 20:33:33] ## 
[2025-09-14 20:33:33] ##   # Create instance: proc_sys_reset_1, and set properties
[2025-09-14 20:33:33] ##    common::send_gid_msg -ssname BD::TCL -id 2004 -severity "INFO" "Making design <$design_name> as current_bd_design."
[2025-09-14 20:33:33] ##   set proc_sys_reset_1 [ create_bd_cell -type ip -vlnv xilinx.com:ip:proc_sys_reset:5.0 proc_sys_reset_1 ]
[2025-09-14 20:33:33] ##    current_bd_design $design_name
[2025-09-14 20:33:33] ## 
[2025-09-14 20:33:33] ## 
[2025-09-14 20:33:33] ##   # Create instance: resetn_inv_0, and set properties
[2025-09-14 20:33:33] ## }
[2025-09-14 20:33:33] ##   set resetn_inv_0 [ create_bd_cell -type ip -vlnv xilinx.com:ip:util_vector_logic:2.0 resetn_inv_0 ]
[2025-09-14 20:33:33] ##   set_property -dict [list \
[2025-09-14 20:33:33] INFO: [BD::TCL 103-2003] Currently there is no design <design_1> in project, so creating one...
[2025-09-14 20:33:33] ##     CONFIG.C_OPERATION {not} \
[2025-09-14 20:33:33] ##     CONFIG.C_SIZE {1} \
[2025-09-14 20:33:33] ##   ] $resetn_inv_0
[2025-09-14 20:33:33] ## 
[2025-09-14 20:33:33] ## 
[2025-09-14 20:33:33] ##   # Create instance: util_ds_buf, and set properties
[2025-09-14 20:33:33] ##   set util_ds_buf [ create_bd_cell -type ip -vlnv xilinx.com:ip:util_ds_buf:2.2 util_ds_buf ]
[2025-09-14 20:33:33] ##   set_property -dict [list \
[2025-09-14 20:33:33] ##     CONFIG.DIFF_CLK_IN_BOARD_INTERFACE {pcie_refclk} \
[2025-09-14 20:33:33] ## set cur_design [current_bd_design -quiet]
[2025-09-14 20:33:33] ##     CONFIG.USE_BOARD_FLOW {true} \
[2025-09-14 20:33:33] ## set list_cells [get_bd_cells -quiet]
[2025-09-14 20:33:33] ##   ] $util_ds_buf
[2025-09-14 20:33:33] ## if { ${design_name} eq "" } {
[2025-09-14 20:33:33] ## 
[2025-09-14 20:33:33] ## 
[2025-09-14 20:33:33] ##    # USE CASES:
[2025-09-14 20:33:33] ##   # Create instance: xdma_0, and set properties
[2025-09-14 20:33:33] ##    #    1) Design_name not set
[2025-09-14 20:33:33] ##   set xdma_0 [ create_bd_cell -type ip -vlnv xilinx.com:ip:xdma:4.1 xdma_0 ]
[2025-09-14 20:33:33] ## 
[2025-09-14 20:33:33] ##   set_property -dict [list \
[2025-09-14 20:33:33] ##     CONFIG.PCIE_BOARD_INTERFACE {pci_express_x16} \
[2025-09-14 20:33:33] ##    set errMsg "Please set the variable <design_name> to a non-empty value."
[2025-09-14 20:33:33] ##     CONFIG.SYS_RST_N_BOARD_INTERFACE {pcie_perstn} \
[2025-09-14 20:33:33] ##    set nRet 1
[2025-09-14 20:33:33] ##     CONFIG.axilite_master_en {true} \
[2025-09-14 20:33:33] ## 
[2025-09-14 20:33:33] ##     CONFIG.axilite_master_size {32} \
[2025-09-14 20:33:33] ## } elseif { ${cur_design} ne "" && ${list_cells} eq "" } {
[2025-09-14 20:33:33] ##     CONFIG.xdma_axi_intf_mm {AXI_Memory_Mapped} \
[2025-09-14 20:33:33] ##    # USE CASES:
[2025-09-14 20:33:33] ##     CONFIG.xdma_rnum_chnl {4} \
[2025-09-14 20:33:33] ##     CONFIG.xdma_wnum_chnl {4} \
[2025-09-14 20:33:33] ##    #    2): Current design opened AND is empty AND names same.
[2025-09-14 20:33:33] ##   ] $xdma_0
[2025-09-14 20:33:33] ##    #    3): Current design opened AND is empty AND names diff; design_name NOT in project.
[2025-09-14 20:33:33] ## 
[2025-09-14 20:33:33] ##    #    4): Current design opened AND is empty AND names diff; design_name exists in project.
[2025-09-14 20:33:33] ## 
[2025-09-14 20:33:33] ## 
[2025-09-14 20:33:33] ##   # Create instance: xlconstant_0, and set properties
[2025-09-14 20:33:33] ##    if { $cur_design ne $design_name } {
[2025-09-14 20:33:33] ##   set xlconstant_0 [ create_bd_cell -type ip -vlnv xilinx.com:ip:xlconstant:1.1 xlconstant_0 ]
[2025-09-14 20:33:33] ##       common::send_gid_msg -ssname BD::TCL -id 2001 -severity "INFO" "Changing value of <design_name> from <$design_name> to <$cur_design> since current design is empty."
[2025-09-14 20:33:33] ##   set_property CONFIG.CONST_VAL {0} $xlconstant_0
[2025-09-14 20:33:33] ##       set design_name [get_property NAME $cur_design]
[2025-09-14 20:33:33] ## 
[2025-09-14 20:33:33] ## 
[2025-09-14 20:33:33] ##    }
[2025-09-14 20:33:33] ##   # Create interface connections
[2025-09-14 20:33:33] ##    common::send_gid_msg -ssname BD::TCL -id 2002 -severity "INFO" "Constructing design in IPI design <$cur_design>..."
[2025-09-14 20:33:33] ##   connect_bd_intf_net -intf_net axi_clock_converter_0_M_AXI [get_bd_intf_pins axi_clock_converter_0/M_AXI] [get_bd_intf_pins firesim_wrapper_0/S_AXI_DMA]
[2025-09-14 20:33:33] ## 
[2025-09-14 20:33:33] ##   connect_bd_intf_net -intf_net axi_clock_converter_1_M_AXI [get_bd_intf_pins axi_clock_converter_1/M_AXI] [get_bd_intf_pins firesim_wrapper_0/S_AXI_CTRL]
[2025-09-14 20:33:33] ## } elseif { ${cur_design} ne "" && $list_cells ne "" && $cur_design eq $design_name } {
[2025-09-14 20:33:33] ##   connect_bd_intf_net -intf_net axi_dwidth_converter_0_M_AXI [get_bd_intf_pins axi_dwidth_converter_0/M_AXI] [get_bd_intf_pins ddr4_0/C0_DDR4_S_AXI]
[2025-09-14 20:33:33] ##    # USE CASES:
[2025-09-14 20:33:33] ##   connect_bd_intf_net -intf_net axi_tieoff_master_0_TIEOFF_M_AXI_CTRL_0 [get_bd_intf_pins axi_tieoff_master_0/TIEOFF_M_AXI_CTRL_0] [get_bd_intf_pins ddr4_0/C0_DDR4_S_AXI_CTRL]
[2025-09-14 20:33:33] ##   connect_bd_intf_net -intf_net ddr4_0_C0_DDR4 [get_bd_intf_ports ddr4_sdram_c0] [get_bd_intf_pins ddr4_0/C0_DDR4]
[2025-09-14 20:33:33] ##    #    5) Current design opened AND has components AND same names.
[2025-09-14 20:33:33] ##   connect_bd_intf_net -intf_net default_300mhz_clk0_1 [get_bd_intf_ports default_300mhz_clk0] [get_bd_intf_pins ddr4_0/C0_SYS_CLK]
[2025-09-14 20:33:33] ## 
[2025-09-14 20:33:33] ##   connect_bd_intf_net -intf_net firesim_wrapper_0_M_AXI_DDR0 [get_bd_intf_pins axi_dwidth_converter_0/S_AXI] [get_bd_intf_pins firesim_wrapper_0/M_AXI_DDR0]
[2025-09-14 20:33:33] ##    set errMsg "Design <$design_name> already exists in your project, please set the variable <design_name> to another value."
[2025-09-14 20:33:33] ##   connect_bd_intf_net -intf_net pcie_refclk_1 [get_bd_intf_ports pcie_refclk] [get_bd_intf_pins util_ds_buf/CLK_IN_D]
[2025-09-14 20:33:33] ##    set nRet 1
[2025-09-14 20:33:33] ##   connect_bd_intf_net -intf_net xdma_0_M_AXI [get_bd_intf_pins axi_clock_converter_0/S_AXI] [get_bd_intf_pins xdma_0/M_AXI]
[2025-09-14 20:33:33] ## } elseif { [get_files -quiet ${design_name}.bd] ne "" } {
[2025-09-14 20:33:33] ##   connect_bd_intf_net -intf_net xdma_0_M_AXI_LITE [get_bd_intf_pins axi_clock_converter_1/S_AXI] [get_bd_intf_pins xdma_0/M_AXI_LITE]
[2025-09-14 20:33:33] ##   connect_bd_intf_net -intf_net xdma_0_pcie_mgt [get_bd_intf_ports pci_express_x16] [get_bd_intf_pins xdma_0/pcie_mgt]
[2025-09-14 20:33:33] ##    # USE CASES: 
[2025-09-14 20:33:33] ## 
[2025-09-14 20:33:33] ##    #    6) Current opened design, has components, but diff names, design_name exists in project.
[2025-09-14 20:33:33] ##   # Create port connections
[2025-09-14 20:33:33] ##    #    7) No opened design, design_name exists in project.
[2025-09-14 20:33:33] ##   connect_bd_net -net ddr4_0_c0_ddr4_ui_clk [get_bd_pins axi_dwidth_converter_0/m_axi_aclk] [get_bd_pins clk_wiz_0/clk_in1] [get_bd_pins ddr4_0/c0_ddr4_ui_clk] [get_bd_pins proc_sys_reset_1/slowest_sync_clk]
[2025-09-14 20:33:33] ## 
[2025-09-14 20:33:33] ##   connect_bd_net -net pcie_perstn_1 [get_bd_ports pcie_perstn] [get_bd_pins xdma_0/sys_rst_n]
[2025-09-14 20:33:33] ##    set errMsg "Design <$design_name> already exists in your project, please set the variable <design_name> to another value."
[2025-09-14 20:33:33] ##   connect_bd_net -net proc_sys_reset_0_interconnect_aresetn [get_bd_pins axi_clock_converter_0/m_axi_aresetn] [get_bd_pins axi_clock_converter_1/m_axi_aresetn] [get_bd_pins axi_dwidth_converter_0/s_axi_aresetn] [get_bd_pins firesim_wrapper_0/sys_reset_n] [get_bd_pins proc_sys_reset_0/interconnect_aresetn]
[2025-09-14 20:33:33] ##   connect_bd_net -net resetn_1 [get_bd_ports resetn] [get_bd_pins proc_sys_reset_0/ext_reset_in] [get_bd_pins proc_sys_reset_1/ext_reset_in] [get_bd_pins resetn_inv_0/Op1]
[2025-09-14 20:33:33] ##    set nRet 2
[2025-09-14 20:33:33] ##   connect_bd_net -net resetn_inv_0_Res [get_bd_pins clk_wiz_0/reset] [get_bd_pins ddr4_0/sys_rst] [get_bd_pins resetn_inv_0/Res]
[2025-09-14 20:33:33] ## 
[2025-09-14 20:33:33] ##   connect_bd_net -net rst_ddr4_0_300M_interconnect_aresetn [get_bd_pins axi_dwidth_converter_0/m_axi_aresetn] [get_bd_pins ddr4_0/c0_ddr4_aresetn] [get_bd_pins proc_sys_reset_1/interconnect_aresetn]
[2025-09-14 20:33:33] ## } else {
[2025-09-14 20:33:33] ##   connect_bd_net -net sys_clk_30 [get_bd_pins axi_clock_converter_0/m_axi_aclk] [get_bd_pins axi_clock_converter_1/m_axi_aclk] [get_bd_pins axi_dwidth_converter_0/s_axi_aclk] [get_bd_pins clk_wiz_0/clk_out1] [get_bd_pins firesim_wrapper_0/sys_clk_30] [get_bd_pins proc_sys_reset_0/slowest_sync_clk]
[2025-09-14 20:33:33] ##    # USE CASES:
[2025-09-14 20:33:33] ##   connect_bd_net -net util_ds_buf_IBUF_DS_ODIV2 [get_bd_pins util_ds_buf/IBUF_DS_ODIV2] [get_bd_pins xdma_0/sys_clk]
[2025-09-14 20:33:33] ##    #    8) No opened design, design_name not in project.
[2025-09-14 20:33:33] ##   connect_bd_net -net util_ds_buf_IBUF_OUT [get_bd_pins util_ds_buf/IBUF_OUT] [get_bd_pins xdma_0/sys_clk_gt]
[2025-09-14 20:33:33] ##   connect_bd_net -net xdma_0_axi_aclk [get_bd_pins axi_clock_converter_0/s_axi_aclk] [get_bd_pins axi_clock_converter_1/s_axi_aclk] [get_bd_pins xdma_0/axi_aclk]
[2025-09-14 20:33:33] ##    #    9) Current opened design, has components, but diff names, design_name not in project.
[2025-09-14 20:33:33] ##   connect_bd_net -net xdma_0_axi_aresetn [get_bd_pins axi_clock_converter_0/s_axi_aresetn] [get_bd_pins axi_clock_converter_1/s_axi_aresetn] [get_bd_pins xdma_0/axi_aresetn]
[2025-09-14 20:33:33] ## 
[2025-09-14 20:33:33] ##   connect_bd_net -net xlconstant_0_dout [get_bd_pins xdma_0/usr_irq_req] [get_bd_pins xlconstant_0/dout]
[2025-09-14 20:33:33] ##    common::send_gid_msg -ssname BD::TCL -id 2003 -severity "INFO" "Currently there is no design <$design_name> in project, so creating one..."
[2025-09-14 20:33:33] ## 
[2025-09-14 20:33:33] ## 
[2025-09-14 20:33:33] ##   # Create address segments
[2025-09-14 20:33:33] ##    create_bd_design $design_name
[2025-09-14 20:33:33] ## 
[2025-09-14 20:33:33] ## 
[2025-09-14 20:33:33] ##   # Restore current instance
[2025-09-14 20:33:33] ##   current_bd_instance $oldCurInst
[2025-09-14 20:33:33] ##    common::send_gid_msg -ssname BD::TCL -id 2004 -severity "INFO" "Making design <$design_name> as current_bd_design."
[2025-09-14 20:33:33] ## 
[2025-09-14 20:33:33] ##    current_bd_design $design_name
[2025-09-14 20:33:33] ##   validate_bd_design
[2025-09-14 20:33:33] ## 
[2025-09-14 20:33:33] ##   save_bd_design
[2025-09-14 20:33:33] ## }
[2025-09-14 20:33:33] ## }
[2025-09-14 20:33:33] INFO: [BD::TCL 103-2003] Currently there is no design <design_1> in project, so creating one...
[2025-09-14 20:33:33] ## create_root_design "" $desired_host_frequency
[2025-09-14 20:33:34] Wrote  : </cluster/home/eirikwit/vortex-gpgpu/chipyard/sims/firesim/sim/generated-src/alveo/FireSim-FireSimV2S1C-BaseF1Config1Mem_F25MHz/u250/vivado_proj/firesim.srcs/sources_1/bd/design_1/design_1.bd> 
[2025-09-14 20:33:34] INFO: [BD::TCL 103-2004] Making design <design_1> as current_bd_design.
[2025-09-14 20:33:34] ## common::send_gid_msg -ssname BD::TCL -id 2005 -severity "INFO" "Currently the variable <design_name> is equal to \"$design_name\"."
[2025-09-14 20:33:34] INFO: [BD::TCL 103-2005] Currently the variable <design_name> is equal to "design_1".
[2025-09-14 20:33:34] ## if { $nRet != 0 } {
[2025-09-14 20:33:34] ##    catch {common::send_gid_msg -ssname BD::TCL -id 2006 -severity "ERROR" $errMsg}
[2025-09-14 20:33:34] ##    return $nRet
[2025-09-14 20:33:34] ## }
[2025-09-14 20:33:34] ## set bCheckIPsPassed 1
[2025-09-14 20:33:34] ## set bCheckIPs 1
[2025-09-14 20:33:34] ## if { $bCheckIPs == 1 } {
[2025-09-14 20:33:34] ##    set list_check_ips "\ 
[2025-09-14 20:33:34] ## xilinx.com:ip:axi_clock_converter:2.1\
[2025-09-14 20:33:34] ## xilinx.com:ip:axi_dwidth_converter:2.1\
[2025-09-14 20:33:34] ## xilinx.com:ip:clk_wiz:6.0\
[2025-09-14 20:33:34] ## xilinx.com:ip:ddr4:2.2\
[2025-09-14 20:33:34] ## xilinx.com:ip:proc_sys_reset:5.0\
[2025-09-14 20:33:34] ## xilinx.com:ip:util_vector_logic:2.0\
[2025-09-14 20:33:34] ## xilinx.com:ip:util_ds_buf:2.2\
[2025-09-14 20:33:34] ## xilinx.com:ip:xdma:4.1\
[2025-09-14 20:33:34] ## xilinx.com:ip:xlconstant:1.1\
[2025-09-14 20:33:34] ## "
[2025-09-14 20:33:34] ## 
[2025-09-14 20:33:34] ##    set list_ips_missing ""
[2025-09-14 20:33:34] ##    common::send_gid_msg -ssname BD::TCL -id 2011 -severity "INFO" "Checking if the following IPs exist in the project's IP catalog: $list_check_ips ."
[2025-09-14 20:33:34] ## 
[2025-09-14 20:33:34] ##    foreach ip_vlnv $list_check_ips {
[2025-09-14 20:33:34] ##       set ip_obj [get_ipdefs -all $ip_vlnv]
[2025-09-14 20:33:34] ##       if { $ip_obj eq "" } {
[2025-09-14 20:33:34] ##          lappend list_ips_missing $ip_vlnv
[2025-09-14 20:33:34] ##       }
[2025-09-14 20:33:34] ##    }
[2025-09-14 20:33:34] ## 
[2025-09-14 20:33:34] ##    if { $list_ips_missing ne "" } {
[2025-09-14 20:33:34] ##       catch {common::send_gid_msg -ssname BD::TCL -id 2012 -severity "ERROR" "The following IPs are not found in the IP Catalog:\n  $list_ips_missing\n\nResolution: Please add the repository containing the IP(s) to the project." }
[2025-09-14 20:33:34] ##       set bCheckIPsPassed 0
[2025-09-14 20:33:34] ##    }
[2025-09-14 20:33:34] ## 
[2025-09-14 20:33:34] ## }
[2025-09-14 20:33:34] INFO: [BD::TCL 103-2011] Checking if the following IPs exist in the project's IP catalog:  
[2025-09-14 20:33:34] xilinx.com:ip:axi_clock_converter:2.1 xilinx.com:ip:axi_dwidth_converter:2.1 xilinx.com:ip:clk_wiz:6.0 xilinx.com:ip:ddr4:2.2 xilinx.com:ip:proc_sys_reset:5.0 xilinx.com:ip:util_vector_logic:2.0 xilinx.com:ip:util_ds_buf:2.2 xilinx.com:ip:xdma:4.1 xilinx.com:ip:xlconstant:1.1  .
[2025-09-14 20:33:34] ## set bCheckModules 1
[2025-09-14 20:33:34] ## if { $bCheckModules == 1 } {
[2025-09-14 20:33:34] ##    set list_check_mods "\ 
[2025-09-14 20:33:34] ## axi_tieoff_master\
[2025-09-14 20:33:34] ## firesim_wrapper\
[2025-09-14 20:33:34] ## "
[2025-09-14 20:33:34] ## 
[2025-09-14 20:33:34] ##    set list_mods_missing ""
[2025-09-14 20:33:34] ##    common::send_gid_msg -ssname BD::TCL -id 2020 -severity "INFO" "Checking if the following modules exist in the project's sources: $list_check_mods ."
[2025-09-14 20:33:34] ## 
[2025-09-14 20:33:34] ##    foreach mod_vlnv $list_check_mods {
[2025-09-14 20:33:34] ##       if { [can_resolve_reference $mod_vlnv] == 0 } {
[2025-09-14 20:33:34] ##          lappend list_mods_missing $mod_vlnv
[2025-09-14 20:33:34] ##       }
[2025-09-14 20:33:34] ##    }
[2025-09-14 20:33:34] ## 
[2025-09-14 20:33:34] ##    if { $list_mods_missing ne "" } {
[2025-09-14 20:33:34] ##       catch {common::send_gid_msg -ssname BD::TCL -id 2021 -severity "ERROR" "The following module(s) are not found in the project: $list_mods_missing" }
[2025-09-14 20:33:34] ##       common::send_gid_msg -ssname BD::TCL -id 2022 -severity "INFO" "Please add source files for the missing module(s) above."
[2025-09-14 20:33:34] ##       set bCheckIPsPassed 0
[2025-09-14 20:33:34] ##    }
[2025-09-14 20:33:34] ## }
[2025-09-14 20:33:34] INFO: [BD::TCL 103-2020] Checking if the following modules exist in the project's sources:  
[2025-09-14 20:33:34] axi_tieoff_master firesim_wrapper  .
[2025-09-14 20:33:34] Wrote  : </cluster/home/eirikwit/vortex-gpgpu/chipyard/sims/firesim/sim/generated-src/alveo/FireSim-FireSimV2S1C-BaseF1Config1Mem_F25MHz/u250/vivado_proj/firesim.srcs/sources_1/bd/design_1/design_1.bd> 
[2025-09-14 20:33:34] INFO: [BD::TCL 103-2004] Making design <design_1> as current_bd_design.
[2025-09-14 20:33:34] ## common::send_gid_msg -ssname BD::TCL -id 2005 -severity "INFO" "Currently the variable <design_name> is equal to \"$design_name\"."
[2025-09-14 20:33:34] INFO: [BD::TCL 103-2005] Currently the variable <design_name> is equal to "design_1".
[2025-09-14 20:33:34] ## if { $nRet != 0 } {
[2025-09-14 20:33:34] ##    catch {common::send_gid_msg -ssname BD::TCL -id 2006 -severity "ERROR" $errMsg}
[2025-09-14 20:33:34] ##    return $nRet
[2025-09-14 20:33:34] ## }
[2025-09-14 20:33:34] ## set bCheckIPsPassed 1
[2025-09-14 20:33:34] ## set bCheckIPs 1
[2025-09-14 20:33:34] ## if { $bCheckIPs == 1 } {
[2025-09-14 20:33:34] ##    set list_check_ips "\ 
[2025-09-14 20:33:34] ## xilinx.com:ip:axi_clock_converter:2.1\
[2025-09-14 20:33:34] ## xilinx.com:ip:axi_dwidth_converter:2.1\
[2025-09-14 20:33:34] ## xilinx.com:ip:clk_wiz:6.0\
[2025-09-14 20:33:34] ## xilinx.com:ip:ddr4:2.2\
[2025-09-14 20:33:34] ## xilinx.com:ip:proc_sys_reset:5.0\
[2025-09-14 20:33:34] ## xilinx.com:ip:util_vector_logic:2.0\
[2025-09-14 20:33:34] ## xilinx.com:ip:util_ds_buf:2.2\
[2025-09-14 20:33:34] ## xilinx.com:ip:xdma:4.1\
[2025-09-14 20:33:34] ## xilinx.com:ip:xlconstant:1.1\
[2025-09-14 20:33:34] ## "
[2025-09-14 20:33:34] ## 
[2025-09-14 20:33:34] ##    set list_ips_missing ""
[2025-09-14 20:33:34] ##    common::send_gid_msg -ssname BD::TCL -id 2011 -severity "INFO" "Checking if the following IPs exist in the project's IP catalog: $list_check_ips ."
[2025-09-14 20:33:34] ## 
[2025-09-14 20:33:34] ##    foreach ip_vlnv $list_check_ips {
[2025-09-14 20:33:34] ##       set ip_obj [get_ipdefs -all $ip_vlnv]
[2025-09-14 20:33:34] ##       if { $ip_obj eq "" } {
[2025-09-14 20:33:34] ##          lappend list_ips_missing $ip_vlnv
[2025-09-14 20:33:34] ##       }
[2025-09-14 20:33:34] ##    }
[2025-09-14 20:33:34] ## 
[2025-09-14 20:33:34] ##    if { $list_ips_missing ne "" } {
[2025-09-14 20:33:34] ##       catch {common::send_gid_msg -ssname BD::TCL -id 2012 -severity "ERROR" "The following IPs are not found in the IP Catalog:\n  $list_ips_missing\n\nResolution: Please add the repository containing the IP(s) to the project." }
[2025-09-14 20:33:34] ##       set bCheckIPsPassed 0
[2025-09-14 20:33:34] ##    }
[2025-09-14 20:33:34] ## 
[2025-09-14 20:33:34] ## }
[2025-09-14 20:33:34] INFO: [BD::TCL 103-2011] Checking if the following IPs exist in the project's IP catalog:  
[2025-09-14 20:33:34] xilinx.com:ip:axi_clock_converter:2.1 xilinx.com:ip:axi_dwidth_converter:2.1 xilinx.com:ip:clk_wiz:6.0 xilinx.com:ip:ddr4:2.2 xilinx.com:ip:proc_sys_reset:5.0 xilinx.com:ip:util_vector_logic:2.0 xilinx.com:ip:util_ds_buf:2.2 xilinx.com:ip:xdma:4.1 xilinx.com:ip:xlconstant:1.1  .
[2025-09-14 20:33:34] ## set bCheckModules 1
[2025-09-14 20:33:34] ## if { $bCheckModules == 1 } {
[2025-09-14 20:33:35] ##    set list_check_mods "\ 
[2025-09-14 20:33:35] ## axi_tieoff_master\
[2025-09-14 20:33:35] ## firesim_wrapper\
[2025-09-14 20:33:35] ## "
[2025-09-14 20:33:35] ## 
[2025-09-14 20:33:35] ##    set list_mods_missing ""
[2025-09-14 20:33:35] ##    common::send_gid_msg -ssname BD::TCL -id 2020 -severity "INFO" "Checking if the following modules exist in the project's sources: $list_check_mods ."
[2025-09-14 20:33:35] ## 
[2025-09-14 20:33:35] ##    foreach mod_vlnv $list_check_mods {
[2025-09-14 20:33:35] ##       if { [can_resolve_reference $mod_vlnv] == 0 } {
[2025-09-14 20:33:35] ##          lappend list_mods_missing $mod_vlnv
[2025-09-14 20:33:35] ##       }
[2025-09-14 20:33:35] ##    }
[2025-09-14 20:33:35] ## 
[2025-09-14 20:33:35] ##    if { $list_mods_missing ne "" } {
[2025-09-14 20:33:35] ##       catch {common::send_gid_msg -ssname BD::TCL -id 2021 -severity "ERROR" "The following module(s) are not found in the project: $list_mods_missing" }
[2025-09-14 20:33:35] ##       common::send_gid_msg -ssname BD::TCL -id 2022 -severity "INFO" "Please add source files for the missing module(s) above."
[2025-09-14 20:33:35] ##       set bCheckIPsPassed 0
[2025-09-14 20:33:35] ##    }
[2025-09-14 20:33:35] ## }
[2025-09-14 20:33:35] INFO: [BD::TCL 103-2020] Checking if the following modules exist in the project's sources:  
[2025-09-14 20:33:35] axi_tieoff_master firesim_wrapper  .
[2025-09-14 20:33:38] create_bd_cell: Time (s): cpu = 00:00:13 ; elapsed = 00:00:16 . Memory (MB): peak = 3002.273 ; gain = 1144.945 ; free physical = 173198 ; free virtual = 177833
[2025-09-14 20:33:38] INFO: [Device 21-403] Loading part xcu250-figd2104-2L-e
[2025-09-14 20:33:39] can_resolve_reference: Time (s): cpu = 00:00:05 ; elapsed = 00:00:05 . Memory (MB): peak = 1816.266 ; gain = 2.004 ; free physical = 154638 ; free virtual = 156817
[2025-09-14 20:33:39] ## if { $bCheckIPsPassed != 1 } {
[2025-09-14 20:33:39] ##   common::send_gid_msg -ssname BD::TCL -id 2023 -severity "WARNING" "Will not continue with creation of design due to the error(s) above."
[2025-09-14 20:33:39] create_bd_cell: Time (s): cpu = 00:00:11 ; elapsed = 00:00:14 . Memory (MB): peak = 3002.582 ; gain = 1144.414 ; free physical = 244500 ; free virtual = 247577
[2025-09-14 20:33:39] ##   return 3
[2025-09-14 20:33:39] ## }
[2025-09-14 20:33:39] ## proc create_root_design { parentCell firesim_freq } {
[2025-09-14 20:33:39] ## 
[2025-09-14 20:33:39] ##   variable script_folder
[2025-09-14 20:33:39] ##   variable design_name
[2025-09-14 20:33:39] ## 
[2025-09-14 20:33:39] ##   if { $parentCell eq "" } {
[2025-09-14 20:33:39] ##      set parentCell [get_bd_cells /]
[2025-09-14 20:33:39] ##   }
[2025-09-14 20:33:39] ## 
[2025-09-14 20:33:39] ##   # Get object for parentCell
[2025-09-14 20:33:39] ##   set parentObj [get_bd_cells $parentCell]
[2025-09-14 20:33:39] ##   if { $parentObj == "" } {
[2025-09-14 20:33:39] ##      catch {common::send_gid_msg -ssname BD::TCL -id 2090 -severity "ERROR" "Unable to find parent cell <$parentCell>!"}
[2025-09-14 20:33:39] ##      return
[2025-09-14 20:33:39] ##   }
[2025-09-14 20:33:39] ## 
[2025-09-14 20:33:39] ##   # Make sure parentObj is hier blk
[2025-09-14 20:33:39] ##   set parentType [get_property TYPE $parentObj]
[2025-09-14 20:33:39] ##   if { $parentType ne "hier" } {
[2025-09-14 20:33:39] ##      catch {common::send_gid_msg -ssname BD::TCL -id 2091 -severity "ERROR" "Parent <$parentObj> has TYPE = <$parentType>. Expected to be <hier>."}
[2025-09-14 20:33:39] ##      return
[2025-09-14 20:33:39] ##   }
[2025-09-14 20:33:39] ## 
[2025-09-14 20:33:39] ##   # Save current instance; Restore later
[2025-09-14 20:33:39] ##   set oldCurInst [current_bd_instance .]
[2025-09-14 20:33:39] ## 
[2025-09-14 20:33:39] ##   # Set parent object as current
[2025-09-14 20:33:39] ##   current_bd_instance $parentObj
[2025-09-14 20:33:39] ## 
[2025-09-14 20:33:39] ## 
[2025-09-14 20:33:39] ##   # Create interface ports
[2025-09-14 20:33:39] ##   set ddr4_sdram_c0 [ create_bd_intf_port -mode Master -vlnv xilinx.com:interface:ddr4_rtl:1.0 ddr4_sdram_c0 ]
[2025-09-14 20:33:39] ## 
[2025-09-14 20:33:39] ##   set default_300mhz_clk0 [ create_bd_intf_port -mode Slave -vlnv xilinx.com:interface:diff_clock_rtl:1.0 default_300mhz_clk0 ]
[2025-09-14 20:33:39] ##   set_property -dict [ list \
[2025-09-14 20:33:39] INFO: [Device 21-403] Loading part xcu250-figd2104-2L-e
[2025-09-14 20:33:39] ##    CONFIG.FREQ_HZ {300000000} \
[2025-09-14 20:33:39] ##    ] $default_300mhz_clk0
[2025-09-14 20:33:39] ## 
[2025-09-14 20:33:39] ##   set pci_express_x16 [ create_bd_intf_port -mode Master -vlnv xilinx.com:interface:pcie_7x_mgt_rtl:1.0 pci_express_x16 ]
[2025-09-14 20:33:39] ## 
[2025-09-14 20:33:39] ##   set pcie_refclk [ create_bd_intf_port -mode Slave -vlnv xilinx.com:interface:diff_clock_rtl:1.0 pcie_refclk ]
[2025-09-14 20:33:39] ##   set_property -dict [ list \
[2025-09-14 20:33:39] ##    CONFIG.FREQ_HZ {100000000} \
[2025-09-14 20:33:39] ##    ] $pcie_refclk
[2025-09-14 20:33:39] ## 
[2025-09-14 20:33:39] ## 
[2025-09-14 20:33:39] ##   # Create ports
[2025-09-14 20:33:39] ##   set pcie_perstn [ create_bd_port -dir I -type rst pcie_perstn ]
[2025-09-14 20:33:39] ##   set_property -dict [ list \
[2025-09-14 20:33:39] ##    CONFIG.POLARITY {ACTIVE_LOW} \
[2025-09-14 20:33:39] ##  ] $pcie_perstn
[2025-09-14 20:33:39] ##   set resetn [ create_bd_port -dir I -type rst resetn ]
[2025-09-14 20:33:39] ##   set_property -dict [ list \
[2025-09-14 20:33:39] ##    CONFIG.POLARITY {ACTIVE_LOW} \
[2025-09-14 20:33:39] ##  ] $resetn
[2025-09-14 20:33:39] ## 
[2025-09-14 20:33:39] ##   # Create instance: axi_clock_converter_0, and set properties
[2025-09-14 20:33:39] ##   set axi_clock_converter_0 [ create_bd_cell -type ip -vlnv xilinx.com:ip:axi_clock_converter:2.1 axi_clock_converter_0 ]
[2025-09-14 20:33:39] ## 
[2025-09-14 20:33:39] ##   # Create instance: axi_clock_converter_1, and set properties
[2025-09-14 20:33:39] ##   set axi_clock_converter_1 [ create_bd_cell -type ip -vlnv xilinx.com:ip:axi_clock_converter:2.1 axi_clock_converter_1 ]
[2025-09-14 20:33:39] ## 
[2025-09-14 20:33:39] ##   # Create instance: axi_dwidth_converter_0, and set properties
[2025-09-14 20:33:39] ##   set axi_dwidth_converter_0 [ create_bd_cell -type ip -vlnv xilinx.com:ip:axi_dwidth_converter:2.1 axi_dwidth_converter_0 ]
[2025-09-14 20:33:40] ##   set_property -dict [list \
[2025-09-14 20:33:40] ##     CONFIG.ACLK_ASYNC {1} \
[2025-09-14 20:33:40] ##     CONFIG.FIFO_MODE {2} \
[2025-09-14 20:33:40] ##     CONFIG.MI_DATA_WIDTH {512} \
[2025-09-14 20:33:40] ##     CONFIG.SI_DATA_WIDTH {64} \
[2025-09-14 20:33:40] ##     CONFIG.SI_ID_WIDTH {16} \
[2025-09-14 20:33:40] ##   ] $axi_dwidth_converter_0
[2025-09-14 20:33:40] ## 
[2025-09-14 20:33:40] ## 
[2025-09-14 20:33:40] ##   # Create instance: axi_tieoff_master_0, and set properties
[2025-09-14 20:33:40] ##   set block_name axi_tieoff_master
[2025-09-14 20:33:40] ##   set block_cell_name axi_tieoff_master_0
[2025-09-14 20:33:40] ##   if { [catch {set axi_tieoff_master_0 [create_bd_cell -type module -reference $block_name $block_cell_name] } errmsg] } {
[2025-09-14 20:33:40] ##      catch {common::send_gid_msg -ssname BD::TCL -id 2095 -severity "ERROR" "Unable to add referenced block <$block_name>. Please add the files for ${block_name}'s definition into the project."}
[2025-09-14 20:33:40] ##      return 1
[2025-09-14 20:33:40] ##    } elseif { $axi_tieoff_master_0 eq "" } {
[2025-09-14 20:33:40] ##      catch {common::send_gid_msg -ssname BD::TCL -id 2096 -severity "ERROR" "Unable to referenced block <$block_name>. Please add the files for ${block_name}'s definition into the project."}
[2025-09-14 20:33:40] ##      return 1
[2025-09-14 20:33:40] ##    }
[2025-09-14 20:33:40] ##   
[2025-09-14 20:33:40] ##   # Create instance: clk_wiz_0, and set properties
[2025-09-14 20:33:40] ##   set clk_wiz_0 [ create_bd_cell -type ip -vlnv xilinx.com:ip:clk_wiz:6.0 clk_wiz_0 ]
[2025-09-14 20:33:40] ##   set_property -dict [list \
[2025-09-14 20:33:40] ##     CONFIG.CLKOUT1_REQUESTED_OUT_FREQ $firesim_freq \
[2025-09-14 20:33:40] ##     CONFIG.USE_LOCKED {false} \
[2025-09-14 20:33:40] ##   ] $clk_wiz_0
[2025-09-14 20:33:40] create_bd_cell: Time (s): cpu = 00:00:11 ; elapsed = 00:00:14 . Memory (MB): peak = 3002.582 ; gain = 1144.414 ; free physical = 247407 ; free virtual = 249830
[2025-09-14 20:33:40] ## 
[2025-09-14 20:33:40] ## 
[2025-09-14 20:33:40] can_resolve_reference: Time (s): cpu = 00:00:05 ; elapsed = 00:00:05 . Memory (MB): peak = 1816.469 ; gain = 2.004 ; free physical = 184089 ; free virtual = 186296
[2025-09-14 20:33:40] ##   # Create instance: ddr4_0, and set properties
[2025-09-14 20:33:40] ## if { $bCheckIPsPassed != 1 } {
[2025-09-14 20:33:40] ##   set ddr4_0 [ create_bd_cell -type ip -vlnv xilinx.com:ip:ddr4:2.2 ddr4_0 ]
[2025-09-14 20:33:40] ##   common::send_gid_msg -ssname BD::TCL -id 2023 -severity "WARNING" "Will not continue with creation of design due to the error(s) above."
[2025-09-14 20:33:40] ##   set_property -dict [list \
[2025-09-14 20:33:40] ##   return 3
[2025-09-14 20:33:40] ##     CONFIG.ADDN_UI_CLKOUT1_FREQ_HZ {100} \
[2025-09-14 20:33:40] ## }
[2025-09-14 20:33:40] ##     CONFIG.C0.DDR4_AUTO_AP_COL_A3 {true} \
[2025-09-14 20:33:40] ## proc create_root_design { parentCell firesim_freq } {
[2025-09-14 20:33:40] ##     CONFIG.C0.DDR4_AxiAddressWidth {34} \
[2025-09-14 20:33:40] ## 
[2025-09-14 20:33:40] ##     CONFIG.C0.DDR4_EN_PARITY {true} \
[2025-09-14 20:33:40] ##   variable script_folder
[2025-09-14 20:33:40] ##     CONFIG.C0.DDR4_MCS_ECC {false} \
[2025-09-14 20:33:40] ##   variable design_name
[2025-09-14 20:33:40] ##     CONFIG.C0.DDR4_Mem_Add_Map {ROW_COLUMN_BANK_INTLV} \
[2025-09-14 20:33:40] ## 
[2025-09-14 20:33:40] ##     CONFIG.C0_CLOCK_BOARD_INTERFACE {default_300mhz_clk0} \
[2025-09-14 20:33:40] ##   if { $parentCell eq "" } {
[2025-09-14 20:33:40] ##     CONFIG.C0_DDR4_BOARD_INTERFACE {ddr4_sdram_c0} \
[2025-09-14 20:33:40] ##      set parentCell [get_bd_cells /]
[2025-09-14 20:33:40] ##     CONFIG.Debug_Signal {Disable} \
[2025-09-14 20:33:40] ##   }
[2025-09-14 20:33:40] ##     CONFIG.RESET_BOARD_INTERFACE {resetn} \
[2025-09-14 20:33:40] ## 
[2025-09-14 20:33:40] ##   ] $ddr4_0
[2025-09-14 20:33:40] ##   # Get object for parentCell
[2025-09-14 20:33:40] ## 
[2025-09-14 20:33:40] ##   set parentObj [get_bd_cells $parentCell]
[2025-09-14 20:33:40] ## 
[2025-09-14 20:33:40] ##   if { $parentObj == "" } {
[2025-09-14 20:33:40] ##   # Create instance: firesim_wrapper_0, and set properties
[2025-09-14 20:33:40] ##      catch {common::send_gid_msg -ssname BD::TCL -id 2090 -severity "ERROR" "Unable to find parent cell <$parentCell>!"}
[2025-09-14 20:33:40] ##   set block_name firesim_wrapper
[2025-09-14 20:33:40] ##      return
[2025-09-14 20:33:40] ##   set block_cell_name firesim_wrapper_0
[2025-09-14 20:33:40] ##   }
[2025-09-14 20:33:40] ##   if { [catch {set firesim_wrapper_0 [create_bd_cell -type module -reference $block_name $block_cell_name] } errmsg] } {
[2025-09-14 20:33:40] ## 
[2025-09-14 20:33:40] ##      catch {common::send_gid_msg -ssname BD::TCL -id 2095 -severity "ERROR" "Unable to add referenced block <$block_name>. Please add the files for ${block_name}'s definition into the project."}
[2025-09-14 20:33:40] ##   # Make sure parentObj is hier blk
[2025-09-14 20:33:40] ##      return 1
[2025-09-14 20:33:40] ##   set parentType [get_property TYPE $parentObj]
[2025-09-14 20:33:40] ##    } elseif { $firesim_wrapper_0 eq "" } {
[2025-09-14 20:33:40] ##   if { $parentType ne "hier" } {
[2025-09-14 20:33:40] ##      catch {common::send_gid_msg -ssname BD::TCL -id 2096 -severity "ERROR" "Unable to referenced block <$block_name>. Please add the files for ${block_name}'s definition into the project."}
[2025-09-14 20:33:40] ##      catch {common::send_gid_msg -ssname BD::TCL -id 2091 -severity "ERROR" "Parent <$parentObj> has TYPE = <$parentType>. Expected to be <hier>."}
[2025-09-14 20:33:40] ##      return 1
[2025-09-14 20:33:40] ##      return
[2025-09-14 20:33:40] ##    }
[2025-09-14 20:33:40] ##   }
[2025-09-14 20:33:40] ##   
[2025-09-14 20:33:40] ## 
[2025-09-14 20:33:40] ##   # Create instance: proc_sys_reset_0, and set properties
[2025-09-14 20:33:40] ##   # Save current instance; Restore later
[2025-09-14 20:33:40] ##   set proc_sys_reset_0 [ create_bd_cell -type ip -vlnv xilinx.com:ip:proc_sys_reset:5.0 proc_sys_reset_0 ]
[2025-09-14 20:33:40] ##   set oldCurInst [current_bd_instance .]
[2025-09-14 20:33:40] ## 
[2025-09-14 20:33:40] ## 
[2025-09-14 20:33:40] ##   # Create instance: proc_sys_reset_1, and set properties
[2025-09-14 20:33:40] ##   # Set parent object as current
[2025-09-14 20:33:40] ##   set proc_sys_reset_1 [ create_bd_cell -type ip -vlnv xilinx.com:ip:proc_sys_reset:5.0 proc_sys_reset_1 ]
[2025-09-14 20:33:40] ##   current_bd_instance $parentObj
[2025-09-14 20:33:40] ## 
[2025-09-14 20:33:40] ## 
[2025-09-14 20:33:40] ##   # Create instance: resetn_inv_0, and set properties
[2025-09-14 20:33:40] ## 
[2025-09-14 20:33:40] INFO: [Device 21-403] Loading part xcu250-figd2104-2L-e
[2025-09-14 20:33:40] ##   set resetn_inv_0 [ create_bd_cell -type ip -vlnv xilinx.com:ip:util_vector_logic:2.0 resetn_inv_0 ]
[2025-09-14 20:33:40] ##   # Create interface ports
[2025-09-14 20:33:40] create_bd_cell: Time (s): cpu = 00:00:11 ; elapsed = 00:00:14 . Memory (MB): peak = 3002.473 ; gain = 1171.938 ; free physical = 242056 ; free virtual = 244369
[2025-09-14 20:33:40] ##   set_property -dict [list \
[2025-09-14 20:33:40] ##   set ddr4_sdram_c0 [ create_bd_intf_port -mode Master -vlnv xilinx.com:interface:ddr4_rtl:1.0 ddr4_sdram_c0 ]
[2025-09-14 20:33:40] ##     CONFIG.C_OPERATION {not} \
[2025-09-14 20:33:40] ## 
[2025-09-14 20:33:40] ##     CONFIG.C_SIZE {1} \
[2025-09-14 20:33:40] ##   set default_300mhz_clk0 [ create_bd_intf_port -mode Slave -vlnv xilinx.com:interface:diff_clock_rtl:1.0 default_300mhz_clk0 ]
[2025-09-14 20:33:40] ##   ] $resetn_inv_0
[2025-09-14 20:33:40] ##   set_property -dict [ list \
[2025-09-14 20:33:40] ## 
[2025-09-14 20:33:40] ##    CONFIG.FREQ_HZ {300000000} \
[2025-09-14 20:33:40] ## 
[2025-09-14 20:33:40] ##    ] $default_300mhz_clk0
[2025-09-14 20:33:40] ##   # Create instance: util_ds_buf, and set properties
[2025-09-14 20:33:40] ## 
[2025-09-14 20:33:40] ##   set util_ds_buf [ create_bd_cell -type ip -vlnv xilinx.com:ip:util_ds_buf:2.2 util_ds_buf ]
[2025-09-14 20:33:40] ##   set pci_express_x16 [ create_bd_intf_port -mode Master -vlnv xilinx.com:interface:pcie_7x_mgt_rtl:1.0 pci_express_x16 ]
[2025-09-14 20:33:40] ##   set_property -dict [list \
[2025-09-14 20:33:40] ## 
[2025-09-14 20:33:40] ##     CONFIG.DIFF_CLK_IN_BOARD_INTERFACE {pcie_refclk} \
[2025-09-14 20:33:40] ##   set pcie_refclk [ create_bd_intf_port -mode Slave -vlnv xilinx.com:interface:diff_clock_rtl:1.0 pcie_refclk ]
[2025-09-14 20:33:40] ##     CONFIG.USE_BOARD_FLOW {true} \
[2025-09-14 20:33:40] ##   set_property -dict [ list \
[2025-09-14 20:33:40] ##   ] $util_ds_buf
[2025-09-14 20:33:40] ##    CONFIG.FREQ_HZ {100000000} \
[2025-09-14 20:33:40] ## 
[2025-09-14 20:33:40] ##    ] $pcie_refclk
[2025-09-14 20:33:40] ## 
[2025-09-14 20:33:40] ## 
[2025-09-14 20:33:40] ##   # Create instance: xdma_0, and set properties
[2025-09-14 20:33:40] ## 
[2025-09-14 20:33:40] ##   set xdma_0 [ create_bd_cell -type ip -vlnv xilinx.com:ip:xdma:4.1 xdma_0 ]
[2025-09-14 20:33:40] ##   # Create ports
[2025-09-14 20:33:40] ##   set_property -dict [list \
[2025-09-14 20:33:40] ##   set pcie_perstn [ create_bd_port -dir I -type rst pcie_perstn ]
[2025-09-14 20:33:40] ##     CONFIG.PCIE_BOARD_INTERFACE {pci_express_x16} \
[2025-09-14 20:33:40] ##   set_property -dict [ list \
[2025-09-14 20:33:40] ##     CONFIG.SYS_RST_N_BOARD_INTERFACE {pcie_perstn} \
[2025-09-14 20:33:40] ##    CONFIG.POLARITY {ACTIVE_LOW} \
[2025-09-14 20:33:40] ##     CONFIG.axilite_master_en {true} \
[2025-09-14 20:33:40] ##  ] $pcie_perstn
[2025-09-14 20:33:40] ##     CONFIG.axilite_master_size {32} \
[2025-09-14 20:33:40] ##   set resetn [ create_bd_port -dir I -type rst resetn ]
[2025-09-14 20:33:40] ##     CONFIG.xdma_axi_intf_mm {AXI_Memory_Mapped} \
[2025-09-14 20:33:40] ##   set_property -dict [ list \
[2025-09-14 20:33:40] ##    CONFIG.POLARITY {ACTIVE_LOW} \
[2025-09-14 20:33:40] ##     CONFIG.xdma_rnum_chnl {4} \
[2025-09-14 20:33:40] ##     CONFIG.xdma_wnum_chnl {4} \
[2025-09-14 20:33:40] ##  ] $resetn
[2025-09-14 20:33:40] ## 
[2025-09-14 20:33:40] ##   ] $xdma_0
[2025-09-14 20:33:40] ## 
[2025-09-14 20:33:40] ##   # Create instance: axi_clock_converter_0, and set properties
[2025-09-14 20:33:40] ##   set axi_clock_converter_0 [ create_bd_cell -type ip -vlnv xilinx.com:ip:axi_clock_converter:2.1 axi_clock_converter_0 ]
[2025-09-14 20:33:40] ## 
[2025-09-14 20:33:40] ##   # Create instance: xlconstant_0, and set properties
[2025-09-14 20:33:40] ## 
[2025-09-14 20:33:40] ##   # Create instance: axi_clock_converter_1, and set properties
[2025-09-14 20:33:40] ##   set xlconstant_0 [ create_bd_cell -type ip -vlnv xilinx.com:ip:xlconstant:1.1 xlconstant_0 ]
[2025-09-14 20:33:40] ##   set axi_clock_converter_1 [ create_bd_cell -type ip -vlnv xilinx.com:ip:axi_clock_converter:2.1 axi_clock_converter_1 ]
[2025-09-14 20:33:40] ##   set_property CONFIG.CONST_VAL {0} $xlconstant_0
[2025-09-14 20:33:40] ## 
[2025-09-14 20:33:40] ## 
[2025-09-14 20:33:40] ##   # Create instance: axi_dwidth_converter_0, and set properties
[2025-09-14 20:33:40] ## 
[2025-09-14 20:33:40] ##   set axi_dwidth_converter_0 [ create_bd_cell -type ip -vlnv xilinx.com:ip:axi_dwidth_converter:2.1 axi_dwidth_converter_0 ]
[2025-09-14 20:33:40] ##   # Create interface connections
[2025-09-14 20:33:40] ##   set_property -dict [list \
[2025-09-14 20:33:40] ##   connect_bd_intf_net -intf_net axi_clock_converter_0_M_AXI [get_bd_intf_pins axi_clock_converter_0/M_AXI] [get_bd_intf_pins firesim_wrapper_0/S_AXI_DMA]
[2025-09-14 20:33:40] ##     CONFIG.ACLK_ASYNC {1} \
[2025-09-14 20:33:40] ##   connect_bd_intf_net -intf_net axi_clock_converter_1_M_AXI [get_bd_intf_pins axi_clock_converter_1/M_AXI] [get_bd_intf_pins firesim_wrapper_0/S_AXI_CTRL]
[2025-09-14 20:33:40] ##     CONFIG.FIFO_MODE {2} \
[2025-09-14 20:33:40] ##   connect_bd_intf_net -intf_net axi_dwidth_converter_0_M_AXI [get_bd_intf_pins axi_dwidth_converter_0/M_AXI] [get_bd_intf_pins ddr4_0/C0_DDR4_S_AXI]
[2025-09-14 20:33:40] ##     CONFIG.MI_DATA_WIDTH {512} \
[2025-09-14 20:33:40] INFO: [Device 21-403] Loading part xcu250-figd2104-2L-e
[2025-09-14 20:33:40] ##   connect_bd_intf_net -intf_net axi_tieoff_master_0_TIEOFF_M_AXI_CTRL_0 [get_bd_intf_pins axi_tieoff_master_0/TIEOFF_M_AXI_CTRL_0] [get_bd_intf_pins ddr4_0/C0_DDR4_S_AXI_CTRL]
[2025-09-14 20:33:40] ##     CONFIG.SI_DATA_WIDTH {64} \
[2025-09-14 20:33:40] ##   connect_bd_intf_net -intf_net ddr4_0_C0_DDR4 [get_bd_intf_ports ddr4_sdram_c0] [get_bd_intf_pins ddr4_0/C0_DDR4]
[2025-09-14 20:33:40] ##     CONFIG.SI_ID_WIDTH {16} \
[2025-09-14 20:33:40] ##   connect_bd_intf_net -intf_net default_300mhz_clk0_1 [get_bd_intf_ports default_300mhz_clk0] [get_bd_intf_pins ddr4_0/C0_SYS_CLK]
[2025-09-14 20:33:40] ##   ] $axi_dwidth_converter_0
[2025-09-14 20:33:40] ##   connect_bd_intf_net -intf_net firesim_wrapper_0_M_AXI_DDR0 [get_bd_intf_pins axi_dwidth_converter_0/S_AXI] [get_bd_intf_pins firesim_wrapper_0/M_AXI_DDR0]
[2025-09-14 20:33:40] ## 
[2025-09-14 20:33:40] ##   connect_bd_intf_net -intf_net pcie_refclk_1 [get_bd_intf_ports pcie_refclk] [get_bd_intf_pins util_ds_buf/CLK_IN_D]
[2025-09-14 20:33:40] ## 
[2025-09-14 20:33:40] ##   connect_bd_intf_net -intf_net xdma_0_M_AXI [get_bd_intf_pins axi_clock_converter_0/S_AXI] [get_bd_intf_pins xdma_0/M_AXI]
[2025-09-14 20:33:40] ##   # Create instance: axi_tieoff_master_0, and set properties
[2025-09-14 20:33:40] ##   connect_bd_intf_net -intf_net xdma_0_M_AXI_LITE [get_bd_intf_pins axi_clock_converter_1/S_AXI] [get_bd_intf_pins xdma_0/M_AXI_LITE]
[2025-09-14 20:33:40] ##   set block_name axi_tieoff_master
[2025-09-14 20:33:40] ##   connect_bd_intf_net -intf_net xdma_0_pcie_mgt [get_bd_intf_ports pci_express_x16] [get_bd_intf_pins xdma_0/pcie_mgt]
[2025-09-14 20:33:40] ##   set block_cell_name axi_tieoff_master_0
[2025-09-14 20:33:40] ## 
[2025-09-14 20:33:40] ##   if { [catch {set axi_tieoff_master_0 [create_bd_cell -type module -reference $block_name $block_cell_name] } errmsg] } {
[2025-09-14 20:33:40] ##   # Create port connections
[2025-09-14 20:33:40] ##      catch {common::send_gid_msg -ssname BD::TCL -id 2095 -severity "ERROR" "Unable to add referenced block <$block_name>. Please add the files for ${block_name}'s definition into the project."}
[2025-09-14 20:33:40] ##   connect_bd_net -net ddr4_0_c0_ddr4_ui_clk [get_bd_pins axi_dwidth_converter_0/m_axi_aclk] [get_bd_pins clk_wiz_0/clk_in1] [get_bd_pins ddr4_0/c0_ddr4_ui_clk] [get_bd_pins proc_sys_reset_1/slowest_sync_clk]
[2025-09-14 20:33:40] ##      return 1
[2025-09-14 20:33:40] ##   connect_bd_net -net pcie_perstn_1 [get_bd_ports pcie_perstn] [get_bd_pins xdma_0/sys_rst_n]
[2025-09-14 20:33:40] ##    } elseif { $axi_tieoff_master_0 eq "" } {
[2025-09-14 20:33:40] ##   connect_bd_net -net proc_sys_reset_0_interconnect_aresetn [get_bd_pins axi_clock_converter_0/m_axi_aresetn] [get_bd_pins axi_clock_converter_1/m_axi_aresetn] [get_bd_pins axi_dwidth_converter_0/s_axi_aresetn] [get_bd_pins firesim_wrapper_0/sys_reset_n] [get_bd_pins proc_sys_reset_0/interconnect_aresetn]
[2025-09-14 20:33:40] ##      catch {common::send_gid_msg -ssname BD::TCL -id 2096 -severity "ERROR" "Unable to referenced block <$block_name>. Please add the files for ${block_name}'s definition into the project."}
[2025-09-14 20:33:40] ##   connect_bd_net -net resetn_1 [get_bd_ports resetn] [get_bd_pins proc_sys_reset_0/ext_reset_in] [get_bd_pins proc_sys_reset_1/ext_reset_in] [get_bd_pins resetn_inv_0/Op1]
[2025-09-14 20:33:40] ##      return 1
[2025-09-14 20:33:40] ##   connect_bd_net -net resetn_inv_0_Res [get_bd_pins clk_wiz_0/reset] [get_bd_pins ddr4_0/sys_rst] [get_bd_pins resetn_inv_0/Res]
[2025-09-14 20:33:40] ##    }
[2025-09-14 20:33:40] ##   connect_bd_net -net rst_ddr4_0_300M_interconnect_aresetn [get_bd_pins axi_dwidth_converter_0/m_axi_aresetn] [get_bd_pins ddr4_0/c0_ddr4_aresetn] [get_bd_pins proc_sys_reset_1/interconnect_aresetn]
[2025-09-14 20:33:40] ##   
[2025-09-14 20:33:40] ##   connect_bd_net -net sys_clk_30 [get_bd_pins axi_clock_converter_0/m_axi_aclk] [get_bd_pins axi_clock_converter_1/m_axi_aclk] [get_bd_pins axi_dwidth_converter_0/s_axi_aclk] [get_bd_pins clk_wiz_0/clk_out1] [get_bd_pins firesim_wrapper_0/sys_clk_30] [get_bd_pins proc_sys_reset_0/slowest_sync_clk]
[2025-09-14 20:33:40] ##   # Create instance: clk_wiz_0, and set properties
[2025-09-14 20:33:40] ##   connect_bd_net -net util_ds_buf_IBUF_DS_ODIV2 [get_bd_pins util_ds_buf/IBUF_DS_ODIV2] [get_bd_pins xdma_0/sys_clk]
[2025-09-14 20:33:40] ##   set clk_wiz_0 [ create_bd_cell -type ip -vlnv xilinx.com:ip:clk_wiz:6.0 clk_wiz_0 ]
[2025-09-14 20:33:40] ##   connect_bd_net -net util_ds_buf_IBUF_OUT [get_bd_pins util_ds_buf/IBUF_OUT] [get_bd_pins xdma_0/sys_clk_gt]
[2025-09-14 20:33:40] ##   set_property -dict [list \
[2025-09-14 20:33:40] ##   connect_bd_net -net xdma_0_axi_aclk [get_bd_pins axi_clock_converter_0/s_axi_aclk] [get_bd_pins axi_clock_converter_1/s_axi_aclk] [get_bd_pins xdma_0/axi_aclk]
[2025-09-14 20:33:40] ##     CONFIG.CLKOUT1_REQUESTED_OUT_FREQ $firesim_freq \
[2025-09-14 20:33:40] ##   connect_bd_net -net xdma_0_axi_aresetn [get_bd_pins axi_clock_converter_0/s_axi_aresetn] [get_bd_pins axi_clock_converter_1/s_axi_aresetn] [get_bd_pins xdma_0/axi_aresetn]
[2025-09-14 20:33:40] ##     CONFIG.USE_LOCKED {false} \
[2025-09-14 20:33:40] ##   connect_bd_net -net xlconstant_0_dout [get_bd_pins xdma_0/usr_irq_req] [get_bd_pins xlconstant_0/dout]
[2025-09-14 20:33:40] ##   ] $clk_wiz_0
[2025-09-14 20:33:40] ## 
[2025-09-14 20:33:40] ## 
[2025-09-14 20:33:40] ##   # Create address segments
[2025-09-14 20:33:40] ## 
[2025-09-14 20:33:40] ## 
[2025-09-14 20:33:40] ##   # Create instance: ddr4_0, and set properties
[2025-09-14 20:33:40] ##   # Restore current instance
[2025-09-14 20:33:40] ##   set ddr4_0 [ create_bd_cell -type ip -vlnv xilinx.com:ip:ddr4:2.2 ddr4_0 ]
[2025-09-14 20:33:40] ##   current_bd_instance $oldCurInst
[2025-09-14 20:33:40] ##   set_property -dict [list \
[2025-09-14 20:33:40] ## 
[2025-09-14 20:33:40] ##     CONFIG.ADDN_UI_CLKOUT1_FREQ_HZ {100} \
[2025-09-14 20:33:40] ##   validate_bd_design
[2025-09-14 20:33:40] ##     CONFIG.C0.DDR4_AUTO_AP_COL_A3 {true} \
[2025-09-14 20:33:40] ##   save_bd_design
[2025-09-14 20:33:40] ##     CONFIG.C0.DDR4_AxiAddressWidth {34} \
[2025-09-14 20:33:40] ## }
[2025-09-14 20:33:40] ##     CONFIG.C0.DDR4_EN_PARITY {true} \
[2025-09-14 20:33:40] ## create_root_design "" $desired_host_frequency
[2025-09-14 20:33:40] ##     CONFIG.C0.DDR4_MCS_ECC {false} \
[2025-09-14 20:33:40] ##     CONFIG.C0.DDR4_Mem_Add_Map {ROW_COLUMN_BANK_INTLV} \
[2025-09-14 20:33:40] ##     CONFIG.C0_CLOCK_BOARD_INTERFACE {default_300mhz_clk0} \
[2025-09-14 20:33:40] ##     CONFIG.C0_DDR4_BOARD_INTERFACE {ddr4_sdram_c0} \
[2025-09-14 20:33:40] ##     CONFIG.Debug_Signal {Disable} \
[2025-09-14 20:33:40] ##     CONFIG.RESET_BOARD_INTERFACE {resetn} \
[2025-09-14 20:33:40] ##   ] $ddr4_0
[2025-09-14 20:33:40] ## 
[2025-09-14 20:33:40] ## 
[2025-09-14 20:33:40] ##   # Create instance: firesim_wrapper_0, and set properties
[2025-09-14 20:33:40] ##   set block_name firesim_wrapper
[2025-09-14 20:33:40] ##   set block_cell_name firesim_wrapper_0
[2025-09-14 20:33:40] ##   if { [catch {set firesim_wrapper_0 [create_bd_cell -type module -reference $block_name $block_cell_name] } errmsg] } {
[2025-09-14 20:33:40] ##      catch {common::send_gid_msg -ssname BD::TCL -id 2095 -severity "ERROR" "Unable to add referenced block <$block_name>. Please add the files for ${block_name}'s definition into the project."}
[2025-09-14 20:33:40] ##      return 1
[2025-09-14 20:33:40] ##    } elseif { $firesim_wrapper_0 eq "" } {
[2025-09-14 20:33:40] create_bd_cell: Time (s): cpu = 00:00:11 ; elapsed = 00:00:14 . Memory (MB): peak = 3003.465 ; gain = 1145.297 ; free physical = 245573 ; free virtual = 248875
[2025-09-14 20:33:40] ##      catch {common::send_gid_msg -ssname BD::TCL -id 2096 -severity "ERROR" "Unable to referenced block <$block_name>. Please add the files for ${block_name}'s definition into the project."}
[2025-09-14 20:33:40] ##      return 1
[2025-09-14 20:33:40] ##    }
[2025-09-14 20:33:40] ##   
[2025-09-14 20:33:40] ##   # Create instance: proc_sys_reset_0, and set properties
[2025-09-14 20:33:40] ##   set proc_sys_reset_0 [ create_bd_cell -type ip -vlnv xilinx.com:ip:proc_sys_reset:5.0 proc_sys_reset_0 ]
[2025-09-14 20:33:40] ## 
[2025-09-14 20:33:40] ##   # Create instance: proc_sys_reset_1, and set properties
[2025-09-14 20:33:40] ##   set proc_sys_reset_1 [ create_bd_cell -type ip -vlnv xilinx.com:ip:proc_sys_reset:5.0 proc_sys_reset_1 ]
[2025-09-14 20:33:40] ## 
[2025-09-14 20:33:40] ##   # Create instance: resetn_inv_0, and set properties
[2025-09-14 20:33:40] ##   set resetn_inv_0 [ create_bd_cell -type ip -vlnv xilinx.com:ip:util_vector_logic:2.0 resetn_inv_0 ]
[2025-09-14 20:33:40] ##   set_property -dict [list \
[2025-09-14 20:33:40] ##     CONFIG.C_OPERATION {not} \
[2025-09-14 20:33:40] ##     CONFIG.C_SIZE {1} \
[2025-09-14 20:33:40] ##   ] $resetn_inv_0
[2025-09-14 20:33:40] ## 
[2025-09-14 20:33:40] ## 
[2025-09-14 20:33:40] ##   # Create instance: util_ds_buf, and set properties
[2025-09-14 20:33:40] ##   set util_ds_buf [ create_bd_cell -type ip -vlnv xilinx.com:ip:util_ds_buf:2.2 util_ds_buf ]
[2025-09-14 20:33:40] ##   set_property -dict [list \
[2025-09-14 20:33:40] ##     CONFIG.DIFF_CLK_IN_BOARD_INTERFACE {pcie_refclk} \
[2025-09-14 20:33:40] ##     CONFIG.USE_BOARD_FLOW {true} \
[2025-09-14 20:33:40] ##   ] $util_ds_buf
[2025-09-14 20:33:40] ## 
[2025-09-14 20:33:40] create_bd_cell: Time (s): cpu = 00:00:11 ; elapsed = 00:00:14 . Memory (MB): peak = 3002.207 ; gain = 1143.914 ; free physical = 246831 ; free virtual = 249262
[2025-09-14 20:33:40] ## 
[2025-09-14 20:33:40] ##   # Create instance: xdma_0, and set properties
[2025-09-14 20:33:40] ##   set xdma_0 [ create_bd_cell -type ip -vlnv xilinx.com:ip:xdma:4.1 xdma_0 ]
[2025-09-14 20:33:40] ##   set_property -dict [list \
[2025-09-14 20:33:40] ##     CONFIG.PCIE_BOARD_INTERFACE {pci_express_x16} \
[2025-09-14 20:33:40] ##     CONFIG.SYS_RST_N_BOARD_INTERFACE {pcie_perstn} \
[2025-09-14 20:33:41] ##     CONFIG.axilite_master_en {true} \
[2025-09-14 20:33:41] ##     CONFIG.axilite_master_size {32} \
[2025-09-14 20:33:41] ##     CONFIG.xdma_axi_intf_mm {AXI_Memory_Mapped} \
[2025-09-14 20:33:41] ##     CONFIG.xdma_rnum_chnl {4} \
[2025-09-14 20:33:41] ##     CONFIG.xdma_wnum_chnl {4} \
[2025-09-14 20:33:41] INFO: [Device 21-403] Loading part xcu250-figd2104-2L-e
[2025-09-14 20:33:41] ##   ] $xdma_0
[2025-09-14 20:33:41] ## 
[2025-09-14 20:33:41] ## 
[2025-09-14 20:33:41] ##   # Create instance: xlconstant_0, and set properties
[2025-09-14 20:33:41] ##   set xlconstant_0 [ create_bd_cell -type ip -vlnv xilinx.com:ip:xlconstant:1.1 xlconstant_0 ]
[2025-09-14 20:33:41] ##   set_property CONFIG.CONST_VAL {0} $xlconstant_0
[2025-09-14 20:33:41] ## 
[2025-09-14 20:33:41] ## 
[2025-09-14 20:33:41] ##   # Create interface connections
[2025-09-14 20:33:41] ##   connect_bd_intf_net -intf_net axi_clock_converter_0_M_AXI [get_bd_intf_pins axi_clock_converter_0/M_AXI] [get_bd_intf_pins firesim_wrapper_0/S_AXI_DMA]
[2025-09-14 20:33:41] ##   connect_bd_intf_net -intf_net axi_clock_converter_1_M_AXI [get_bd_intf_pins axi_clock_converter_1/M_AXI] [get_bd_intf_pins firesim_wrapper_0/S_AXI_CTRL]
[2025-09-14 20:33:41] ##   connect_bd_intf_net -intf_net axi_dwidth_converter_0_M_AXI [get_bd_intf_pins axi_dwidth_converter_0/M_AXI] [get_bd_intf_pins ddr4_0/C0_DDR4_S_AXI]
[2025-09-14 20:33:41] ##   connect_bd_intf_net -intf_net axi_tieoff_master_0_TIEOFF_M_AXI_CTRL_0 [get_bd_intf_pins axi_tieoff_master_0/TIEOFF_M_AXI_CTRL_0] [get_bd_intf_pins ddr4_0/C0_DDR4_S_AXI_CTRL]
[2025-09-14 20:33:41] ##   connect_bd_intf_net -intf_net ddr4_0_C0_DDR4 [get_bd_intf_ports ddr4_sdram_c0] [get_bd_intf_pins ddr4_0/C0_DDR4]
[2025-09-14 20:33:41] ##   connect_bd_intf_net -intf_net default_300mhz_clk0_1 [get_bd_intf_ports default_300mhz_clk0] [get_bd_intf_pins ddr4_0/C0_SYS_CLK]
[2025-09-14 20:33:41] ##   connect_bd_intf_net -intf_net firesim_wrapper_0_M_AXI_DDR0 [get_bd_intf_pins axi_dwidth_converter_0/S_AXI] [get_bd_intf_pins firesim_wrapper_0/M_AXI_DDR0]
[2025-09-14 20:33:41] ##   connect_bd_intf_net -intf_net pcie_refclk_1 [get_bd_intf_ports pcie_refclk] [get_bd_intf_pins util_ds_buf/CLK_IN_D]
[2025-09-14 20:33:41] ##   connect_bd_intf_net -intf_net xdma_0_M_AXI [get_bd_intf_pins axi_clock_converter_0/S_AXI] [get_bd_intf_pins xdma_0/M_AXI]
[2025-09-14 20:33:41] ##   connect_bd_intf_net -intf_net xdma_0_M_AXI_LITE [get_bd_intf_pins axi_clock_converter_1/S_AXI] [get_bd_intf_pins xdma_0/M_AXI_LITE]
[2025-09-14 20:33:41] ##   connect_bd_intf_net -intf_net xdma_0_pcie_mgt [get_bd_intf_ports pci_express_x16] [get_bd_intf_pins xdma_0/pcie_mgt]
[2025-09-14 20:33:41] ## 
[2025-09-14 20:33:41] ##   # Create port connections
[2025-09-14 20:33:41] ##   connect_bd_net -net ddr4_0_c0_ddr4_ui_clk [get_bd_pins axi_dwidth_converter_0/m_axi_aclk] [get_bd_pins clk_wiz_0/clk_in1] [get_bd_pins ddr4_0/c0_ddr4_ui_clk] [get_bd_pins proc_sys_reset_1/slowest_sync_clk]
[2025-09-14 20:33:41] ##   connect_bd_net -net pcie_perstn_1 [get_bd_ports pcie_perstn] [get_bd_pins xdma_0/sys_rst_n]
[2025-09-14 20:33:41] ##   connect_bd_net -net proc_sys_reset_0_interconnect_aresetn [get_bd_pins axi_clock_converter_0/m_axi_aresetn] [get_bd_pins axi_clock_converter_1/m_axi_aresetn] [get_bd_pins axi_dwidth_converter_0/s_axi_aresetn] [get_bd_pins firesim_wrapper_0/sys_reset_n] [get_bd_pins proc_sys_reset_0/interconnect_aresetn]
[2025-09-14 20:33:41] ##   connect_bd_net -net resetn_1 [get_bd_ports resetn] [get_bd_pins proc_sys_reset_0/ext_reset_in] [get_bd_pins proc_sys_reset_1/ext_reset_in] [get_bd_pins resetn_inv_0/Op1]
[2025-09-14 20:33:41] INFO: [Device 21-403] Loading part xcu250-figd2104-2L-e
[2025-09-14 20:33:41] ##   connect_bd_net -net resetn_inv_0_Res [get_bd_pins clk_wiz_0/reset] [get_bd_pins ddr4_0/sys_rst] [get_bd_pins resetn_inv_0/Res]
[2025-09-14 20:33:41] ##   connect_bd_net -net rst_ddr4_0_300M_interconnect_aresetn [get_bd_pins axi_dwidth_converter_0/m_axi_aresetn] [get_bd_pins ddr4_0/c0_ddr4_aresetn] [get_bd_pins proc_sys_reset_1/interconnect_aresetn]
[2025-09-14 20:33:41] ##   connect_bd_net -net sys_clk_30 [get_bd_pins axi_clock_converter_0/m_axi_aclk] [get_bd_pins axi_clock_converter_1/m_axi_aclk] [get_bd_pins axi_dwidth_converter_0/s_axi_aclk] [get_bd_pins clk_wiz_0/clk_out1] [get_bd_pins firesim_wrapper_0/sys_clk_30] [get_bd_pins proc_sys_reset_0/slowest_sync_clk]
[2025-09-14 20:33:41] ##   connect_bd_net -net util_ds_buf_IBUF_DS_ODIV2 [get_bd_pins util_ds_buf/IBUF_DS_ODIV2] [get_bd_pins xdma_0/sys_clk]
[2025-09-14 20:33:41] ##   connect_bd_net -net util_ds_buf_IBUF_OUT [get_bd_pins util_ds_buf/IBUF_OUT] [get_bd_pins xdma_0/sys_clk_gt]
[2025-09-14 20:33:41] ##   connect_bd_net -net xdma_0_axi_aclk [get_bd_pins axi_clock_converter_0/s_axi_aclk] [get_bd_pins axi_clock_converter_1/s_axi_aclk] [get_bd_pins xdma_0/axi_aclk]
[2025-09-14 20:33:41] ##   connect_bd_net -net xdma_0_axi_aresetn [get_bd_pins axi_clock_converter_0/s_axi_aresetn] [get_bd_pins axi_clock_converter_1/s_axi_aresetn] [get_bd_pins xdma_0/axi_aresetn]
[2025-09-14 20:33:41] ##   connect_bd_net -net xlconstant_0_dout [get_bd_pins xdma_0/usr_irq_req] [get_bd_pins xlconstant_0/dout]
[2025-09-14 20:33:41] ## 
[2025-09-14 20:33:41] ##   # Create address segments
[2025-09-14 20:33:41] ## 
[2025-09-14 20:33:41] ##   # Restore current instance
[2025-09-14 20:33:41] ##   current_bd_instance $oldCurInst
[2025-09-14 20:33:41] ## 
[2025-09-14 20:33:41] ##   validate_bd_design
[2025-09-14 20:33:41] ##   save_bd_design
[2025-09-14 20:33:41] ## }
[2025-09-14 20:33:41] ## create_root_design "" $desired_host_frequency
[2025-09-14 20:33:48] create_bd_cell: Time (s): cpu = 00:00:12 ; elapsed = 00:00:16 . Memory (MB): peak = 3003.438 ; gain = 1145.297 ; free physical = 756597 ; free virtual = 760143
[2025-09-14 20:33:48] create_bd_cell: Time (s): cpu = 00:00:12 ; elapsed = 00:00:15 . Memory (MB): peak = 3002.238 ; gain = 1143.914 ; free physical = 183334 ; free virtual = 185291
[2025-09-14 20:33:48] INFO: [Device 21-403] Loading part xcu250-figd2104-2L-e
[2025-09-14 20:33:48] INFO: [Device 21-403] Loading part xcu250-figd2104-2L-e
[2025-09-14 20:33:59] create_bd_cell: Time (s): cpu = 00:00:15 ; elapsed = 00:00:19 . Memory (MB): peak = 3002.211 ; gain = 1143.914 ; free physical = 153317 ; free virtual = 155628
[2025-09-14 20:33:59] INFO: [Device 21-403] Loading part xcu250-figd2104-2L-e
[2025-09-14 20:33:59] create_bd_cell: Time (s): cpu = 00:00:15 ; elapsed = 00:00:19 . Memory (MB): peak = 3002.867 ; gain = 1144.945 ; free physical = 182753 ; free virtual = 185092
[2025-09-14 20:33:59] INFO: [Device 21-403] Loading part xcu250-figd2104-2L-e
[2025-09-14 20:34:06] WARNING: [BD 5-699] No address segments matched 'get_bd_addr_segs -of_object /ilmb_cntlr/SLMB/Mem'
[2025-09-14 20:34:06] WARNING: [BD 5-699] No address segments matched 'get_bd_addr_segs -of_object /second_ilmb_cntlr/SLMB/Mem'
[2025-09-14 20:34:06] WARNING: [BD 5-699] No address segments matched 'get_bd_addr_segs -of_object /dlmb_cntlr/SLMB/Mem'
[2025-09-14 20:34:06] WARNING: [BD 5-699] No address segments matched 'get_bd_addr_segs -of_object /second_dlmb_cntlr/SLMB/Mem'
[2025-09-14 20:34:06] WARNING: [BD 5-699] No address segments matched 'get_bd_addr_segs -of_object /iomodule_0/SLMB/Reg'
[2025-09-14 20:34:06] WARNING: [BD 5-699] No address segments matched 'get_bd_addr_segs -of_object /iomodule_0/SLMB/IO'
[2025-09-14 20:34:07] create_bd_cell: Time (s): cpu = 00:00:25 ; elapsed = 00:00:29 . Memory (MB): peak = 3430.734 ; gain = 428.461 ; free physical = 172769 ; free virtual = 177404
[2025-09-14 20:34:13] WARNING: [BD 5-699] No address segments matched 'get_bd_addr_segs -of_object /ilmb_cntlr/SLMB/Mem'
[2025-09-14 20:34:13] WARNING: [BD 5-699] No address segments matched 'get_bd_addr_segs -of_object /second_ilmb_cntlr/SLMB/Mem'
[2025-09-14 20:34:13] WARNING: [BD 5-699] No address segments matched 'get_bd_addr_segs -of_object /dlmb_cntlr/SLMB/Mem'
[2025-09-14 20:34:13] WARNING: [BD 5-699] No address segments matched 'get_bd_addr_segs -of_object /second_dlmb_cntlr/SLMB/Mem'
[2025-09-14 20:34:13] WARNING: [BD 5-699] No address segments matched 'get_bd_addr_segs -of_object /iomodule_0/SLMB/Reg'
[2025-09-14 20:34:13] WARNING: [BD 5-699] No address segments matched 'get_bd_addr_segs -of_object /iomodule_0/SLMB/IO'
[2025-09-14 20:34:14] INFO: [IP_Flow 19-5107] Inferred bus interface 'S_AXI_CTRL' of definition 'xilinx.com:interface:aximm:1.0' (from X_INTERFACE_INFO parameter from HDL file).
[2025-09-14 20:34:14] INFO: [IP_Flow 19-5107] Inferred bus interface 'S_AXI_CTRL' of definition 'xilinx.com:interface:aximm:1.0' (from 'X_INTERFACE_INFO' attribute).
[2025-09-14 20:34:14] INFO: [IP_Flow 19-5107] Inferred bus interface 'S_AXI_DMA' of definition 'xilinx.com:interface:aximm:1.0' (from X_INTERFACE_INFO parameter from HDL file).
[2025-09-14 20:34:14] INFO: [IP_Flow 19-5107] Inferred bus interface 'S_AXI_DMA' of definition 'xilinx.com:interface:aximm:1.0' (from 'X_INTERFACE_INFO' attribute).
[2025-09-14 20:34:14] INFO: [IP_Flow 19-5107] Inferred bus interface 'M_AXI_DDR0' of definition 'xilinx.com:interface:aximm:1.0' (from X_INTERFACE_INFO parameter from HDL file).
[2025-09-14 20:34:14] INFO: [IP_Flow 19-5107] Inferred bus interface 'M_AXI_DDR0' of definition 'xilinx.com:interface:aximm:1.0' (from 'X_INTERFACE_INFO' attribute).
[2025-09-14 20:34:14] INFO: [IP_Flow 19-5107] Inferred bus interface 'CLK.SYS_CLK_30' of definition 'xilinx.com:signal:clock:1.0' (from X_INTERFACE_INFO parameter from HDL file).
[2025-09-14 20:34:14] INFO: [IP_Flow 19-5107] Inferred bus interface 'CLK.SYS_CLK_30' of definition 'xilinx.com:signal:clock:1.0' (from 'X_INTERFACE_INFO' attribute).
[2025-09-14 20:34:14] INFO: [IP_Flow 19-5107] Inferred bus interface 'RST.SYS_RESET_N' of definition 'xilinx.com:signal:reset:1.0' (from X_INTERFACE_INFO parameter from HDL file).
[2025-09-14 20:34:14] INFO: [IP_Flow 19-5107] Inferred bus interface 'RST.SYS_RESET_N' of definition 'xilinx.com:signal:reset:1.0' (from 'X_INTERFACE_INFO' attribute).
[2025-09-14 20:34:14] INFO: [IP_Flow 19-4728] Bus Interface 'S_AXI_CTRL': Added interface parameter 'ADDR_WIDTH' with value '32'.
[2025-09-14 20:34:14] INFO: [IP_Flow 19-4728] Bus Interface 'S_AXI_CTRL': Added interface parameter 'ARUSER_WIDTH' with value '0'.
[2025-09-14 20:34:14] INFO: [IP_Flow 19-4728] Bus Interface 'S_AXI_CTRL': Added interface parameter 'AWUSER_WIDTH' with value '0'.
[2025-09-14 20:34:15] INFO: [IP_Flow 19-4728] Bus Interface 'S_AXI_CTRL': Added interface parameter 'BUSER_WIDTH' with value '0'.
[2025-09-14 20:34:15] INFO: [IP_Flow 19-4728] Bus Interface 'S_AXI_CTRL': Added interface parameter 'CLK_DOMAIN' with value 'design_1_clk_wiz_0_0_clk_out1'.
[2025-09-14 20:34:15] INFO: [IP_Flow 19-4728] Bus Interface 'S_AXI_CTRL': Added interface parameter 'DATA_WIDTH' with value '32'.
[2025-09-14 20:34:15] INFO: [IP_Flow 19-4728] Bus Interface 'S_AXI_CTRL': Added interface parameter 'HAS_BRESP' with value '1'.
[2025-09-14 20:34:15] INFO: [IP_Flow 19-4728] Bus Interface 'S_AXI_CTRL': Added interface parameter 'HAS_BURST' with value '0'.
[2025-09-14 20:34:15] INFO: [IP_Flow 19-4728] Bus Interface 'S_AXI_CTRL': Added interface parameter 'HAS_CACHE' with value '0'.
[2025-09-14 20:34:15] INFO: [IP_Flow 19-4728] Bus Interface 'S_AXI_CTRL': Added interface parameter 'HAS_LOCK' with value '0'.
[2025-09-14 20:34:15] INFO: [IP_Flow 19-4728] Bus Interface 'S_AXI_CTRL': Added interface parameter 'HAS_PROT' with value '1'.
[2025-09-14 20:34:15] INFO: [IP_Flow 19-4728] Bus Interface 'S_AXI_CTRL': Added interface parameter 'HAS_QOS' with value '0'.
[2025-09-14 20:34:15] INFO: [IP_Flow 19-4728] Bus Interface 'S_AXI_CTRL': Added interface parameter 'HAS_REGION' with value '0'.
[2025-09-14 20:34:15] INFO: [IP_Flow 19-4728] Bus Interface 'S_AXI_CTRL': Added interface parameter 'HAS_RRESP' with value '1'.
[2025-09-14 20:34:15] INFO: [IP_Flow 19-4728] Bus Interface 'S_AXI_CTRL': Added interface parameter 'HAS_WSTRB' with value '1'.
[2025-09-14 20:34:15] INFO: [IP_Flow 19-4728] Bus Interface 'S_AXI_CTRL': Added interface parameter 'ID_WIDTH' with value '0'.
[2025-09-14 20:34:15] INFO: [IP_Flow 19-4728] Bus Interface 'S_AXI_CTRL': Added interface parameter 'INSERT_VIP' with value '0'.
[2025-09-14 20:34:15] INFO: [IP_Flow 19-4728] Bus Interface 'S_AXI_CTRL': Added interface parameter 'MAX_BURST_LENGTH' with value '1'.
[2025-09-14 20:34:15] INFO: [IP_Flow 19-4728] Bus Interface 'S_AXI_CTRL': Added interface parameter 'NUM_READ_OUTSTANDING' with value '1'.
[2025-09-14 20:34:15] INFO: [IP_Flow 19-4728] Bus Interface 'S_AXI_CTRL': Added interface parameter 'NUM_READ_THREADS' with value '1'.
[2025-09-14 20:34:15] INFO: [IP_Flow 19-4728] Bus Interface 'S_AXI_CTRL': Added interface parameter 'NUM_WRITE_OUTSTANDING' with value '1'.
[2025-09-14 20:34:15] INFO: [IP_Flow 19-4728] Bus Interface 'S_AXI_CTRL': Added interface parameter 'NUM_WRITE_THREADS' with value '1'.
[2025-09-14 20:34:15] INFO: [IP_Flow 19-4728] Bus Interface 'S_AXI_CTRL': Added interface parameter 'PHASE' with value '0'.
[2025-09-14 20:34:15] INFO: [IP_Flow 19-4728] Bus Interface 'S_AXI_CTRL': Added interface parameter 'PROTOCOL' with value 'AXI4LITE'.
[2025-09-14 20:34:15] INFO: [IP_Flow 19-4728] Bus Interface 'S_AXI_CTRL': Added interface parameter 'READ_WRITE_MODE' with value 'READ_WRITE'.
[2025-09-14 20:34:15] INFO: [IP_Flow 19-4728] Bus Interface 'S_AXI_CTRL': Added interface parameter 'RUSER_BITS_PER_BYTE' with value '0'.
[2025-09-14 20:34:15] INFO: [IP_Flow 19-4728] Bus Interface 'S_AXI_CTRL': Added interface parameter 'RUSER_WIDTH' with value '0'.
[2025-09-14 20:34:15] INFO: [IP_Flow 19-4728] Bus Interface 'S_AXI_CTRL': Added interface parameter 'SUPPORTS_NARROW_BURST' with value '0'.
[2025-09-14 20:34:15] INFO: [IP_Flow 19-4728] Bus Interface 'S_AXI_CTRL': Added interface parameter 'WUSER_BITS_PER_BYTE' with value '0'.
[2025-09-14 20:34:15] INFO: [IP_Flow 19-4728] Bus Interface 'S_AXI_CTRL': Added interface parameter 'WUSER_WIDTH' with value '0'.
[2025-09-14 20:34:15] INFO: [IP_Flow 19-4728] Bus Interface 'S_AXI_DMA': Added interface parameter 'ADDR_WIDTH' with value '64'.
[2025-09-14 20:34:15] INFO: [IP_Flow 19-4728] Bus Interface 'S_AXI_DMA': Added interface parameter 'ARUSER_WIDTH' with value '0'.
[2025-09-14 20:34:15] INFO: [IP_Flow 19-4728] Bus Interface 'S_AXI_DMA': Added interface parameter 'AWUSER_WIDTH' with value '0'.
[2025-09-14 20:34:15] INFO: [IP_Flow 19-4728] Bus Interface 'S_AXI_DMA': Added interface parameter 'BUSER_WIDTH' with value '0'.
[2025-09-14 20:34:15] INFO: [IP_Flow 19-4728] Bus Interface 'S_AXI_DMA': Added interface parameter 'CLK_DOMAIN' with value 'design_1_clk_wiz_0_0_clk_out1'.
[2025-09-14 20:34:15] INFO: [IP_Flow 19-4728] Bus Interface 'S_AXI_DMA': Added interface parameter 'DATA_WIDTH' with value '512'.
[2025-09-14 20:34:15] INFO: [IP_Flow 19-4728] Bus Interface 'S_AXI_DMA': Added interface parameter 'HAS_BRESP' with value '1'.
[2025-09-14 20:34:15] INFO: [IP_Flow 19-4728] Bus Interface 'S_AXI_DMA': Added interface parameter 'HAS_BURST' with value '0'.
[2025-09-14 20:34:15] INFO: [IP_Flow 19-4728] Bus Interface 'S_AXI_DMA': Added interface parameter 'HAS_CACHE' with value '1'.
[2025-09-14 20:34:15] INFO: [IP_Flow 19-4728] Bus Interface 'S_AXI_DMA': Added interface parameter 'HAS_LOCK' with value '1'.
[2025-09-14 20:34:15] INFO: [IP_Flow 19-4728] Bus Interface 'S_AXI_DMA': Added interface parameter 'HAS_PROT' with value '1'.
[2025-09-14 20:34:15] INFO: [IP_Flow 19-4728] Bus Interface 'S_AXI_DMA': Added interface parameter 'HAS_QOS' with value '0'.
[2025-09-14 20:34:15] INFO: [IP_Flow 19-4728] Bus Interface 'S_AXI_DMA': Added interface parameter 'HAS_REGION' with value '0'.
[2025-09-14 20:34:15] INFO: [IP_Flow 19-4728] Bus Interface 'S_AXI_DMA': Added interface parameter 'HAS_RRESP' with value '1'.
[2025-09-14 20:34:15] INFO: [IP_Flow 19-4728] Bus Interface 'S_AXI_DMA': Added interface parameter 'HAS_WSTRB' with value '1'.
[2025-09-14 20:34:15] INFO: [IP_Flow 19-4728] Bus Interface 'S_AXI_DMA': Added interface parameter 'ID_WIDTH' with value '4'.
[2025-09-14 20:34:15] INFO: [IP_Flow 19-4728] Bus Interface 'S_AXI_DMA': Added interface parameter 'INSERT_VIP' with value '0'.
[2025-09-14 20:34:15] INFO: [IP_Flow 19-4728] Bus Interface 'S_AXI_DMA': Added interface parameter 'MAX_BURST_LENGTH' with value '256'.
[2025-09-14 20:34:15] INFO: [IP_Flow 19-4728] Bus Interface 'S_AXI_DMA': Added interface parameter 'NUM_READ_OUTSTANDING' with value '32'.
[2025-09-14 20:34:15] INFO: [IP_Flow 19-4728] Bus Interface 'S_AXI_DMA': Added interface parameter 'NUM_READ_THREADS' with value '4'.
[2025-09-14 20:34:15] INFO: [IP_Flow 19-4728] Bus Interface 'S_AXI_DMA': Added interface parameter 'NUM_WRITE_OUTSTANDING' with value '16'.
[2025-09-14 20:34:15] INFO: [IP_Flow 19-4728] Bus Interface 'S_AXI_DMA': Added interface parameter 'NUM_WRITE_THREADS' with value '4'.
[2025-09-14 20:34:15] INFO: [IP_Flow 19-4728] Bus Interface 'S_AXI_DMA': Added interface parameter 'PHASE' with value '0'.
[2025-09-14 20:34:15] INFO: [IP_Flow 19-4728] Bus Interface 'S_AXI_DMA': Added interface parameter 'PROTOCOL' with value 'AXI4'.
[2025-09-14 20:34:15] INFO: [IP_Flow 19-4728] Bus Interface 'S_AXI_DMA': Added interface parameter 'READ_WRITE_MODE' with value 'READ_WRITE'.
[2025-09-14 20:34:15] INFO: [IP_Flow 19-4728] Bus Interface 'S_AXI_DMA': Added interface parameter 'RUSER_BITS_PER_BYTE' with value '0'.
[2025-09-14 20:34:15] INFO: [IP_Flow 19-4728] Bus Interface 'S_AXI_DMA': Added interface parameter 'RUSER_WIDTH' with value '0'.
[2025-09-14 20:34:15] INFO: [IP_Flow 19-4728] Bus Interface 'S_AXI_DMA': Added interface parameter 'SUPPORTS_NARROW_BURST' with value '0'.
[2025-09-14 20:34:15] INFO: [IP_Flow 19-4728] Bus Interface 'S_AXI_DMA': Added interface parameter 'WUSER_BITS_PER_BYTE' with value '0'.
[2025-09-14 20:34:15] INFO: [IP_Flow 19-4728] Bus Interface 'S_AXI_DMA': Added interface parameter 'WUSER_WIDTH' with value '0'.
[2025-09-14 20:34:15] INFO: [IP_Flow 19-4728] Bus Interface 'M_AXI_DDR0': Added interface parameter 'ADDR_WIDTH' with value '34'.
[2025-09-14 20:34:15] INFO: [IP_Flow 19-4728] Bus Interface 'M_AXI_DDR0': Added interface parameter 'ARUSER_WIDTH' with value '0'.
[2025-09-14 20:34:15] INFO: [IP_Flow 19-4728] Bus Interface 'M_AXI_DDR0': Added interface parameter 'AWUSER_WIDTH' with value '0'.
[2025-09-14 20:34:15] INFO: [IP_Flow 19-4728] Bus Interface 'M_AXI_DDR0': Added interface parameter 'BUSER_WIDTH' with value '0'.
[2025-09-14 20:34:15] INFO: [IP_Flow 19-4728] Bus Interface 'M_AXI_DDR0': Added interface parameter 'CLK_DOMAIN' with value 'design_1_clk_wiz_0_0_clk_out1'.
[2025-09-14 20:34:15] INFO: [IP_Flow 19-4728] Bus Interface 'M_AXI_DDR0': Added interface parameter 'DATA_WIDTH' with value '64'.
[2025-09-14 20:34:15] INFO: [IP_Flow 19-4728] Bus Interface 'M_AXI_DDR0': Added interface parameter 'HAS_BRESP' with value '1'.
[2025-09-14 20:34:15] INFO: [IP_Flow 19-4728] Bus Interface 'M_AXI_DDR0': Added interface parameter 'HAS_BURST' with value '1'.
[2025-09-14 20:34:15] INFO: [IP_Flow 19-4728] Bus Interface 'M_AXI_DDR0': Added interface parameter 'HAS_CACHE' with value '1'.
[2025-09-14 20:34:15] INFO: [IP_Flow 19-4728] Bus Interface 'M_AXI_DDR0': Added interface parameter 'HAS_LOCK' with value '1'.
[2025-09-14 20:34:15] INFO: [IP_Flow 19-4728] Bus Interface 'M_AXI_DDR0': Added interface parameter 'HAS_PROT' with value '1'.
[2025-09-14 20:34:15] INFO: [IP_Flow 19-4728] Bus Interface 'M_AXI_DDR0': Added interface parameter 'HAS_QOS' with value '1'.
[2025-09-14 20:34:15] INFO: [IP_Flow 19-4728] Bus Interface 'M_AXI_DDR0': Added interface parameter 'HAS_REGION' with value '1'.
[2025-09-14 20:34:15] INFO: [IP_Flow 19-4728] Bus Interface 'M_AXI_DDR0': Added interface parameter 'HAS_RRESP' with value '1'.
[2025-09-14 20:34:15] INFO: [IP_Flow 19-4728] Bus Interface 'M_AXI_DDR0': Added interface parameter 'HAS_WSTRB' with value '1'.
[2025-09-14 20:34:15] INFO: [IP_Flow 19-4728] Bus Interface 'M_AXI_DDR0': Added interface parameter 'ID_WIDTH' with value '16'.
[2025-09-14 20:34:15] INFO: [IP_Flow 19-4728] Bus Interface 'M_AXI_DDR0': Added interface parameter 'INSERT_VIP' with value '0'.
[2025-09-14 20:34:15] INFO: [IP_Flow 19-4728] Bus Interface 'M_AXI_DDR0': Added interface parameter 'MAX_BURST_LENGTH' with value '256'.
[2025-09-14 20:34:15] INFO: [IP_Flow 19-4728] Bus Interface 'M_AXI_DDR0': Added interface parameter 'NUM_READ_OUTSTANDING' with value '2'.
[2025-09-14 20:34:15] INFO: [IP_Flow 19-4728] Bus Interface 'M_AXI_DDR0': Added interface parameter 'NUM_READ_THREADS' with value '1'.
[2025-09-14 20:34:15] INFO: [IP_Flow 19-4728] Bus Interface 'M_AXI_DDR0': Added interface parameter 'NUM_WRITE_OUTSTANDING' with value '2'.
[2025-09-14 20:34:15] INFO: [IP_Flow 19-4728] Bus Interface 'M_AXI_DDR0': Added interface parameter 'NUM_WRITE_THREADS' with value '1'.
[2025-09-14 20:34:15] INFO: [IP_Flow 19-4728] Bus Interface 'M_AXI_DDR0': Added interface parameter 'PHASE' with value '0'.
[2025-09-14 20:34:15] INFO: [IP_Flow 19-4728] Bus Interface 'M_AXI_DDR0': Added interface parameter 'PROTOCOL' with value 'AXI4'.
[2025-09-14 20:34:15] INFO: [IP_Flow 19-4728] Bus Interface 'M_AXI_DDR0': Added interface parameter 'READ_WRITE_MODE' with value 'READ_WRITE'.
[2025-09-14 20:34:15] INFO: [IP_Flow 19-4728] Bus Interface 'M_AXI_DDR0': Added interface parameter 'RUSER_BITS_PER_BYTE' with value '0'.
[2025-09-14 20:34:15] INFO: [IP_Flow 19-4728] Bus Interface 'M_AXI_DDR0': Added interface parameter 'RUSER_WIDTH' with value '0'.
[2025-09-14 20:34:15] INFO: [IP_Flow 19-4728] Bus Interface 'M_AXI_DDR0': Added interface parameter 'SUPPORTS_NARROW_BURST' with value '1'.
[2025-09-14 20:34:15] INFO: [IP_Flow 19-4728] Bus Interface 'M_AXI_DDR0': Added interface parameter 'WUSER_BITS_PER_BYTE' with value '0'.
[2025-09-14 20:34:15] INFO: [IP_Flow 19-4728] Bus Interface 'M_AXI_DDR0': Added interface parameter 'WUSER_WIDTH' with value '0'.
[2025-09-14 20:34:15] INFO: [IP_Flow 19-4728] Bus Interface 'CLK.SYS_CLK_30': Added interface parameter 'ASSOCIATED_BUSIF' with value 'S_AXI_CTRL'.
[2025-09-14 20:34:15] INFO: [IP_Flow 19-4728] Bus Interface 'CLK.SYS_CLK_30': Added interface parameter 'CLK_DOMAIN' with value 'design_1_clk_wiz_0_0_clk_out1'.
[2025-09-14 20:34:15] INFO: [IP_Flow 19-4728] Bus Interface 'CLK.SYS_CLK_30': Added interface parameter 'INSERT_VIP' with value '0'.
[2025-09-14 20:34:15] INFO: [IP_Flow 19-4728] Bus Interface 'CLK.SYS_CLK_30': Added interface parameter 'PHASE' with value '0'.
[2025-09-14 20:34:15] INFO: [IP_Flow 19-4728] Bus Interface 'RST.SYS_RESET_N': Added interface parameter 'INSERT_VIP' with value '0'.
[2025-09-14 20:34:15] INFO: [IP_Flow 19-4728] Bus Interface 'RST.SYS_RESET_N': Added interface parameter 'POLARITY' with value 'ACTIVE_LOW'.
[2025-09-14 20:34:15] WARNING: [IP_Flow 19-3157] Bus Interface 'RST.SYS_RESET_N': Bus parameter POLARITY is ACTIVE_LOW but port 'sys_reset_n' is not *resetn - please double check the POLARITY setting.
[2025-09-14 20:34:15] INFO: [IP_Flow 19-234] Refreshing IP repositories
[2025-09-14 20:34:15] INFO: [IP_Flow 19-1704] No user IP repositories specified
[2025-09-14 20:34:19] WARNING: [BD 5-699] No address segments matched 'get_bd_addr_segs -of_object /ilmb_cntlr/SLMB/Mem'
[2025-09-14 20:34:19] WARNING: [BD 5-699] No address segments matched 'get_bd_addr_segs -of_object /second_ilmb_cntlr/SLMB/Mem'
[2025-09-14 20:34:19] WARNING: [BD 5-699] No address segments matched 'get_bd_addr_segs -of_object /dlmb_cntlr/SLMB/Mem'
[2025-09-14 20:34:19] WARNING: [BD 5-699] No address segments matched 'get_bd_addr_segs -of_object /second_dlmb_cntlr/SLMB/Mem'
[2025-09-14 20:34:19] WARNING: [BD 5-699] No address segments matched 'get_bd_addr_segs -of_object /iomodule_0/SLMB/Reg'
[2025-09-14 20:34:19] WARNING: [BD 5-699] No address segments matched 'get_bd_addr_segs -of_object /iomodule_0/SLMB/IO'
[2025-09-14 20:34:19] WARNING: [BD 5-699] No address segments matched 'get_bd_addr_segs -of_object /ilmb_cntlr/SLMB/Mem'
[2025-09-14 20:34:19] WARNING: [BD 5-699] No address segments matched 'get_bd_addr_segs -of_object /second_ilmb_cntlr/SLMB/Mem'
[2025-09-14 20:34:19] WARNING: [BD 5-699] No address segments matched 'get_bd_addr_segs -of_object /dlmb_cntlr/SLMB/Mem'
[2025-09-14 20:34:19] WARNING: [BD 5-699] No address segments matched 'get_bd_addr_segs -of_object /second_dlmb_cntlr/SLMB/Mem'
[2025-09-14 20:34:19] WARNING: [BD 5-699] No address segments matched 'get_bd_addr_segs -of_object /iomodule_0/SLMB/Reg'
[2025-09-14 20:34:19] WARNING: [BD 5-699] No address segments matched 'get_bd_addr_segs -of_object /iomodule_0/SLMB/IO'
[2025-09-14 20:34:20] WARNING: [BD 5-699] No address segments matched 'get_bd_addr_segs -of_object /ilmb_cntlr/SLMB/Mem'
[2025-09-14 20:34:20] WARNING: [BD 5-699] No address segments matched 'get_bd_addr_segs -of_object /second_ilmb_cntlr/SLMB/Mem'
[2025-09-14 20:34:20] WARNING: [BD 5-699] No address segments matched 'get_bd_addr_segs -of_object /dlmb_cntlr/SLMB/Mem'
[2025-09-14 20:34:20] WARNING: [BD 5-699] No address segments matched 'get_bd_addr_segs -of_object /second_dlmb_cntlr/SLMB/Mem'
[2025-09-14 20:34:20] WARNING: [BD 5-699] No address segments matched 'get_bd_addr_segs -of_object /iomodule_0/SLMB/Reg'
[2025-09-14 20:34:20] WARNING: [BD 5-699] No address segments matched 'get_bd_addr_segs -of_object /iomodule_0/SLMB/IO'
[2025-09-14 20:34:20] create_bd_cell: Time (s): cpu = 00:00:21 ; elapsed = 00:00:40 . Memory (MB): peak = 3431.012 ; gain = 428.430 ; free physical = 246453 ; free virtual = 249309
[2025-09-14 20:34:20] WARNING: [BD 5-699] No address segments matched 'get_bd_addr_segs -of_object /ilmb_cntlr/SLMB/Mem'
[2025-09-14 20:34:20] WARNING: [BD 5-699] No address segments matched 'get_bd_addr_segs -of_object /second_ilmb_cntlr/SLMB/Mem'
[2025-09-14 20:34:20] WARNING: [BD 5-699] No address segments matched 'get_bd_addr_segs -of_object /dlmb_cntlr/SLMB/Mem'
[2025-09-14 20:34:20] WARNING: [BD 5-699] No address segments matched 'get_bd_addr_segs -of_object /ilmb_cntlr/SLMB/Mem'
[2025-09-14 20:34:20] WARNING: [BD 5-699] No address segments matched 'get_bd_addr_segs -of_object /second_dlmb_cntlr/SLMB/Mem'
[2025-09-14 20:34:20] WARNING: [BD 5-699] No address segments matched 'get_bd_addr_segs -of_object /iomodule_0/SLMB/Reg'
[2025-09-14 20:34:20] WARNING: [BD 5-699] No address segments matched 'get_bd_addr_segs -of_object /iomodule_0/SLMB/IO'
[2025-09-14 20:34:20] WARNING: [BD 5-699] No address segments matched 'get_bd_addr_segs -of_object /second_ilmb_cntlr/SLMB/Mem'
[2025-09-14 20:34:20] WARNING: [BD 5-699] No address segments matched 'get_bd_addr_segs -of_object /dlmb_cntlr/SLMB/Mem'
[2025-09-14 20:34:20] WARNING: [BD 5-699] No address segments matched 'get_bd_addr_segs -of_object /second_dlmb_cntlr/SLMB/Mem'
[2025-09-14 20:34:20] WARNING: [BD 5-699] No address segments matched 'get_bd_addr_segs -of_object /iomodule_0/SLMB/Reg'
[2025-09-14 20:34:20] WARNING: [BD 5-699] No address segments matched 'get_bd_addr_segs -of_object /iomodule_0/SLMB/IO'
[2025-09-14 20:34:20] create_bd_cell: Time (s): cpu = 00:00:21 ; elapsed = 00:00:40 . Memory (MB): peak = 3427.809 ; gain = 425.336 ; free physical = 241104 ; free virtual = 243850
[2025-09-14 20:34:20] create_bd_cell: Time (s): cpu = 00:00:21 ; elapsed = 00:00:41 . Memory (MB): peak = 3431.012 ; gain = 428.430 ; free physical = 243533 ; free virtual = 247044
[2025-09-14 20:34:21] create_bd_cell: Time (s): cpu = 00:00:21 ; elapsed = 00:00:40 . Memory (MB): peak = 3426.809 ; gain = 423.344 ; free physical = 244648 ; free virtual = 248383
[2025-09-14 20:34:21] create_bd_cell: Time (s): cpu = 00:00:21 ; elapsed = 00:00:40 . Memory (MB): peak = 3426.996 ; gain = 424.789 ; free physical = 245892 ; free virtual = 248755
[2025-09-14 20:34:24] WARNING: [BD 5-699] No address segments matched 'get_bd_addr_segs -of_object /ilmb_cntlr/SLMB/Mem'
[2025-09-14 20:34:24] WARNING: [BD 5-699] No address segments matched 'get_bd_addr_segs -of_object /second_ilmb_cntlr/SLMB/Mem'
[2025-09-14 20:34:24] WARNING: [BD 5-699] No address segments matched 'get_bd_addr_segs -of_object /dlmb_cntlr/SLMB/Mem'
[2025-09-14 20:34:24] WARNING: [BD 5-699] No address segments matched 'get_bd_addr_segs -of_object /second_dlmb_cntlr/SLMB/Mem'
[2025-09-14 20:34:24] WARNING: [BD 5-699] No address segments matched 'get_bd_addr_segs -of_object /iomodule_0/SLMB/Reg'
[2025-09-14 20:34:24] WARNING: [BD 5-699] No address segments matched 'get_bd_addr_segs -of_object /iomodule_0/SLMB/IO'
[2025-09-14 20:34:25] WARNING: [BD 5-699] No address segments matched 'get_bd_addr_segs -of_object /ilmb_cntlr/SLMB/Mem'
[2025-09-14 20:34:25] WARNING: [BD 5-699] No address segments matched 'get_bd_addr_segs -of_object /second_ilmb_cntlr/SLMB/Mem'
[2025-09-14 20:34:25] WARNING: [BD 5-699] No address segments matched 'get_bd_addr_segs -of_object /dlmb_cntlr/SLMB/Mem'
[2025-09-14 20:34:25] WARNING: [BD 5-699] No address segments matched 'get_bd_addr_segs -of_object /second_dlmb_cntlr/SLMB/Mem'
[2025-09-14 20:34:25] WARNING: [BD 5-699] No address segments matched 'get_bd_addr_segs -of_object /iomodule_0/SLMB/Reg'
[2025-09-14 20:34:25] WARNING: [BD 5-699] No address segments matched 'get_bd_addr_segs -of_object /iomodule_0/SLMB/IO'
[2025-09-14 20:34:25] create_bd_cell: Time (s): cpu = 00:00:09 ; elapsed = 00:00:10 . Memory (MB): peak = 3557.055 ; gain = 114.273 ; free physical = 172643 ; free virtual = 177279
[2025-09-14 20:34:25] WARNING: [BD 5-699] No address segments matched 'get_bd_addr_segs -of_object /ilmb_cntlr/SLMB/Mem'
[2025-09-14 20:34:25] WARNING: [BD 5-699] No address segments matched 'get_bd_addr_segs -of_object /second_ilmb_cntlr/SLMB/Mem'
[2025-09-14 20:34:25] WARNING: [BD 5-699] No address segments matched 'get_bd_addr_segs -of_object /dlmb_cntlr/SLMB/Mem'
[2025-09-14 20:34:25] WARNING: [BD 5-699] No address segments matched 'get_bd_addr_segs -of_object /second_dlmb_cntlr/SLMB/Mem'
[2025-09-14 20:34:25] WARNING: [BD 5-699] No address segments matched 'get_bd_addr_segs -of_object /iomodule_0/SLMB/Reg'
[2025-09-14 20:34:25] WARNING: [BD 5-699] No address segments matched 'get_bd_addr_segs -of_object /iomodule_0/SLMB/IO'
[2025-09-14 20:34:25] WARNING: [BD 5-699] No address segments matched 'get_bd_addr_segs -of_object /ilmb_cntlr/SLMB/Mem'
[2025-09-14 20:34:25] WARNING: [BD 5-699] No address segments matched 'get_bd_addr_segs -of_object /second_ilmb_cntlr/SLMB/Mem'
[2025-09-14 20:34:25] WARNING: [BD 5-699] No address segments matched 'get_bd_addr_segs -of_object /dlmb_cntlr/SLMB/Mem'
[2025-09-14 20:34:25] WARNING: [BD 5-699] No address segments matched 'get_bd_addr_segs -of_object /second_dlmb_cntlr/SLMB/Mem'
[2025-09-14 20:34:25] WARNING: [BD 5-699] No address segments matched 'get_bd_addr_segs -of_object /iomodule_0/SLMB/Reg'
[2025-09-14 20:34:25] WARNING: [BD 5-699] No address segments matched 'get_bd_addr_segs -of_object /iomodule_0/SLMB/IO'
[2025-09-14 20:34:25] WARNING: [BD 5-699] No address segments matched 'get_bd_addr_segs -of_object /ilmb_cntlr/SLMB/Mem'
[2025-09-14 20:34:25] WARNING: [BD 5-699] No address segments matched 'get_bd_addr_segs -of_object /second_ilmb_cntlr/SLMB/Mem'
[2025-09-14 20:34:25] WARNING: [BD 5-699] No address segments matched 'get_bd_addr_segs -of_object /dlmb_cntlr/SLMB/Mem'
[2025-09-14 20:34:25] INFO: [IP_Flow 19-5107] Inferred bus interface 'S_AXI_CTRL' of definition 'xilinx.com:interface:aximm:1.0' (from X_INTERFACE_INFO parameter from HDL file).
[2025-09-14 20:34:25] WARNING: [BD 5-699] No address segments matched 'get_bd_addr_segs -of_object /second_dlmb_cntlr/SLMB/Mem'
[2025-09-14 20:34:25] INFO: [IP_Flow 19-5107] Inferred bus interface 'S_AXI_CTRL' of definition 'xilinx.com:interface:aximm:1.0' (from 'X_INTERFACE_INFO' attribute).
[2025-09-14 20:34:25] WARNING: [BD 5-699] No address segments matched 'get_bd_addr_segs -of_object /iomodule_0/SLMB/Reg'
[2025-09-14 20:34:25] INFO: [IP_Flow 19-5107] Inferred bus interface 'S_AXI_DMA' of definition 'xilinx.com:interface:aximm:1.0' (from X_INTERFACE_INFO parameter from HDL file).
[2025-09-14 20:34:25] WARNING: [BD 5-699] No address segments matched 'get_bd_addr_segs -of_object /iomodule_0/SLMB/IO'
[2025-09-14 20:34:25] INFO: [IP_Flow 19-5107] Inferred bus interface 'S_AXI_DMA' of definition 'xilinx.com:interface:aximm:1.0' (from 'X_INTERFACE_INFO' attribute).
[2025-09-14 20:34:25] INFO: [IP_Flow 19-5107] Inferred bus interface 'M_AXI_DDR0' of definition 'xilinx.com:interface:aximm:1.0' (from X_INTERFACE_INFO parameter from HDL file).
[2025-09-14 20:34:25] INFO: [IP_Flow 19-5107] Inferred bus interface 'M_AXI_DDR0' of definition 'xilinx.com:interface:aximm:1.0' (from 'X_INTERFACE_INFO' attribute).
[2025-09-14 20:34:25] INFO: [IP_Flow 19-5107] Inferred bus interface 'CLK.SYS_CLK_30' of definition 'xilinx.com:signal:clock:1.0' (from X_INTERFACE_INFO parameter from HDL file).
[2025-09-14 20:34:25] INFO: [IP_Flow 19-5107] Inferred bus interface 'CLK.SYS_CLK_30' of definition 'xilinx.com:signal:clock:1.0' (from 'X_INTERFACE_INFO' attribute).
[2025-09-14 20:34:25] INFO: [IP_Flow 19-5107] Inferred bus interface 'RST.SYS_RESET_N' of definition 'xilinx.com:signal:reset:1.0' (from X_INTERFACE_INFO parameter from HDL file).
[2025-09-14 20:34:25] INFO: [IP_Flow 19-5107] Inferred bus interface 'RST.SYS_RESET_N' of definition 'xilinx.com:signal:reset:1.0' (from 'X_INTERFACE_INFO' attribute).
[2025-09-14 20:34:25] INFO: [IP_Flow 19-4728] Bus Interface 'S_AXI_CTRL': Added interface parameter 'ADDR_WIDTH' with value '32'.
[2025-09-14 20:34:25] INFO: [IP_Flow 19-4728] Bus Interface 'S_AXI_CTRL': Added interface parameter 'ARUSER_WIDTH' with value '0'.
[2025-09-14 20:34:25] INFO: [IP_Flow 19-4728] Bus Interface 'S_AXI_CTRL': Added interface parameter 'AWUSER_WIDTH' with value '0'.
[2025-09-14 20:34:25] INFO: [IP_Flow 19-4728] Bus Interface 'S_AXI_CTRL': Added interface parameter 'BUSER_WIDTH' with value '0'.
[2025-09-14 20:34:25] INFO: [IP_Flow 19-4728] Bus Interface 'S_AXI_CTRL': Added interface parameter 'CLK_DOMAIN' with value 'design_1_clk_wiz_0_0_clk_out1'.
[2025-09-14 20:34:25] INFO: [IP_Flow 19-4728] Bus Interface 'S_AXI_CTRL': Added interface parameter 'DATA_WIDTH' with value '32'.
[2025-09-14 20:34:25] INFO: [IP_Flow 19-4728] Bus Interface 'S_AXI_CTRL': Added interface parameter 'HAS_BRESP' with value '1'.
[2025-09-14 20:34:25] INFO: [IP_Flow 19-4728] Bus Interface 'S_AXI_CTRL': Added interface parameter 'HAS_BURST' with value '0'.
[2025-09-14 20:34:25] INFO: [IP_Flow 19-4728] Bus Interface 'S_AXI_CTRL': Added interface parameter 'HAS_CACHE' with value '0'.
[2025-09-14 20:34:25] INFO: [IP_Flow 19-4728] Bus Interface 'S_AXI_CTRL': Added interface parameter 'HAS_LOCK' with value '0'.
[2025-09-14 20:34:25] INFO: [IP_Flow 19-4728] Bus Interface 'S_AXI_CTRL': Added interface parameter 'HAS_PROT' with value '1'.
[2025-09-14 20:34:25] INFO: [IP_Flow 19-4728] Bus Interface 'S_AXI_CTRL': Added interface parameter 'HAS_QOS' with value '0'.
[2025-09-14 20:34:25] INFO: [IP_Flow 19-4728] Bus Interface 'S_AXI_CTRL': Added interface parameter 'HAS_REGION' with value '0'.
[2025-09-14 20:34:25] INFO: [IP_Flow 19-4728] Bus Interface 'S_AXI_CTRL': Added interface parameter 'HAS_RRESP' with value '1'.
[2025-09-14 20:34:25] INFO: [IP_Flow 19-4728] Bus Interface 'S_AXI_CTRL': Added interface parameter 'HAS_WSTRB' with value '1'.
[2025-09-14 20:34:25] INFO: [IP_Flow 19-4728] Bus Interface 'S_AXI_CTRL': Added interface parameter 'ID_WIDTH' with value '0'.
[2025-09-14 20:34:25] INFO: [IP_Flow 19-4728] Bus Interface 'S_AXI_CTRL': Added interface parameter 'INSERT_VIP' with value '0'.
[2025-09-14 20:34:25] INFO: [IP_Flow 19-4728] Bus Interface 'S_AXI_CTRL': Added interface parameter 'MAX_BURST_LENGTH' with value '1'.
[2025-09-14 20:34:25] INFO: [IP_Flow 19-4728] Bus Interface 'S_AXI_CTRL': Added interface parameter 'NUM_READ_OUTSTANDING' with value '1'.
[2025-09-14 20:34:25] INFO: [IP_Flow 19-4728] Bus Interface 'S_AXI_CTRL': Added interface parameter 'NUM_READ_THREADS' with value '1'.
[2025-09-14 20:34:25] INFO: [IP_Flow 19-4728] Bus Interface 'S_AXI_CTRL': Added interface parameter 'NUM_WRITE_OUTSTANDING' with value '1'.
[2025-09-14 20:34:25] INFO: [IP_Flow 19-4728] Bus Interface 'S_AXI_CTRL': Added interface parameter 'NUM_WRITE_THREADS' with value '1'.
[2025-09-14 20:34:25] INFO: [IP_Flow 19-4728] Bus Interface 'S_AXI_CTRL': Added interface parameter 'PHASE' with value '0'.
[2025-09-14 20:34:25] INFO: [IP_Flow 19-4728] Bus Interface 'S_AXI_CTRL': Added interface parameter 'PROTOCOL' with value 'AXI4LITE'.
[2025-09-14 20:34:25] INFO: [IP_Flow 19-4728] Bus Interface 'S_AXI_CTRL': Added interface parameter 'READ_WRITE_MODE' with value 'READ_WRITE'.
[2025-09-14 20:34:25] INFO: [IP_Flow 19-4728] Bus Interface 'S_AXI_CTRL': Added interface parameter 'RUSER_BITS_PER_BYTE' with value '0'.
[2025-09-14 20:34:25] INFO: [IP_Flow 19-4728] Bus Interface 'S_AXI_CTRL': Added interface parameter 'RUSER_WIDTH' with value '0'.
[2025-09-14 20:34:25] INFO: [IP_Flow 19-4728] Bus Interface 'S_AXI_CTRL': Added interface parameter 'SUPPORTS_NARROW_BURST' with value '0'.
[2025-09-14 20:34:25] INFO: [IP_Flow 19-4728] Bus Interface 'S_AXI_CTRL': Added interface parameter 'WUSER_BITS_PER_BYTE' with value '0'.
[2025-09-14 20:34:25] INFO: [IP_Flow 19-4728] Bus Interface 'S_AXI_CTRL': Added interface parameter 'WUSER_WIDTH' with value '0'.
[2025-09-14 20:34:25] INFO: [IP_Flow 19-4728] Bus Interface 'S_AXI_DMA': Added interface parameter 'ADDR_WIDTH' with value '64'.
[2025-09-14 20:34:25] INFO: [IP_Flow 19-4728] Bus Interface 'S_AXI_DMA': Added interface parameter 'ARUSER_WIDTH' with value '0'.
[2025-09-14 20:34:25] INFO: [IP_Flow 19-4728] Bus Interface 'S_AXI_DMA': Added interface parameter 'AWUSER_WIDTH' with value '0'.
[2025-09-14 20:34:25] INFO: [IP_Flow 19-4728] Bus Interface 'S_AXI_DMA': Added interface parameter 'BUSER_WIDTH' with value '0'.
[2025-09-14 20:34:25] INFO: [IP_Flow 19-4728] Bus Interface 'S_AXI_DMA': Added interface parameter 'CLK_DOMAIN' with value 'design_1_clk_wiz_0_0_clk_out1'.
[2025-09-14 20:34:25] INFO: [IP_Flow 19-4728] Bus Interface 'S_AXI_DMA': Added interface parameter 'DATA_WIDTH' with value '512'.
[2025-09-14 20:34:25] INFO: [IP_Flow 19-4728] Bus Interface 'S_AXI_DMA': Added interface parameter 'HAS_BRESP' with value '1'.
[2025-09-14 20:34:25] INFO: [IP_Flow 19-4728] Bus Interface 'S_AXI_DMA': Added interface parameter 'HAS_BURST' with value '0'.
[2025-09-14 20:34:25] INFO: [IP_Flow 19-4728] Bus Interface 'S_AXI_DMA': Added interface parameter 'HAS_CACHE' with value '1'.
[2025-09-14 20:34:25] INFO: [IP_Flow 19-4728] Bus Interface 'S_AXI_DMA': Added interface parameter 'HAS_LOCK' with value '1'.
[2025-09-14 20:34:25] INFO: [IP_Flow 19-4728] Bus Interface 'S_AXI_DMA': Added interface parameter 'HAS_PROT' with value '1'.
[2025-09-14 20:34:25] INFO: [IP_Flow 19-4728] Bus Interface 'S_AXI_DMA': Added interface parameter 'HAS_QOS' with value '0'.
[2025-09-14 20:34:25] INFO: [IP_Flow 19-4728] Bus Interface 'S_AXI_DMA': Added interface parameter 'HAS_REGION' with value '0'.
[2025-09-14 20:34:25] INFO: [IP_Flow 19-4728] Bus Interface 'S_AXI_DMA': Added interface parameter 'HAS_RRESP' with value '1'.
[2025-09-14 20:34:25] INFO: [IP_Flow 19-4728] Bus Interface 'S_AXI_DMA': Added interface parameter 'HAS_WSTRB' with value '1'.
[2025-09-14 20:34:25] INFO: [IP_Flow 19-4728] Bus Interface 'S_AXI_DMA': Added interface parameter 'ID_WIDTH' with value '4'.
[2025-09-14 20:34:25] INFO: [IP_Flow 19-4728] Bus Interface 'S_AXI_DMA': Added interface parameter 'INSERT_VIP' with value '0'.
[2025-09-14 20:34:25] INFO: [IP_Flow 19-4728] Bus Interface 'S_AXI_DMA': Added interface parameter 'MAX_BURST_LENGTH' with value '256'.
[2025-09-14 20:34:25] INFO: [IP_Flow 19-4728] Bus Interface 'S_AXI_DMA': Added interface parameter 'NUM_READ_OUTSTANDING' with value '32'.
[2025-09-14 20:34:25] INFO: [IP_Flow 19-4728] Bus Interface 'S_AXI_DMA': Added interface parameter 'NUM_READ_THREADS' with value '4'.
[2025-09-14 20:34:25] INFO: [IP_Flow 19-4728] Bus Interface 'S_AXI_DMA': Added interface parameter 'NUM_WRITE_OUTSTANDING' with value '16'.
[2025-09-14 20:34:25] INFO: [IP_Flow 19-4728] Bus Interface 'S_AXI_DMA': Added interface parameter 'NUM_WRITE_THREADS' with value '4'.
[2025-09-14 20:34:25] INFO: [IP_Flow 19-4728] Bus Interface 'S_AXI_DMA': Added interface parameter 'PHASE' with value '0'.
[2025-09-14 20:34:25] INFO: [IP_Flow 19-4728] Bus Interface 'S_AXI_DMA': Added interface parameter 'PROTOCOL' with value 'AXI4'.
[2025-09-14 20:34:25] INFO: [IP_Flow 19-4728] Bus Interface 'S_AXI_DMA': Added interface parameter 'READ_WRITE_MODE' with value 'READ_WRITE'.
[2025-09-14 20:34:25] INFO: [IP_Flow 19-4728] Bus Interface 'S_AXI_DMA': Added interface parameter 'RUSER_BITS_PER_BYTE' with value '0'.
[2025-09-14 20:34:25] INFO: [IP_Flow 19-4728] Bus Interface 'S_AXI_DMA': Added interface parameter 'RUSER_WIDTH' with value '0'.
[2025-09-14 20:34:25] INFO: [IP_Flow 19-4728] Bus Interface 'S_AXI_DMA': Added interface parameter 'SUPPORTS_NARROW_BURST' with value '0'.
[2025-09-14 20:34:25] INFO: [IP_Flow 19-4728] Bus Interface 'S_AXI_DMA': Added interface parameter 'WUSER_BITS_PER_BYTE' with value '0'.
[2025-09-14 20:34:25] INFO: [IP_Flow 19-4728] Bus Interface 'S_AXI_DMA': Added interface parameter 'WUSER_WIDTH' with value '0'.
[2025-09-14 20:34:25] INFO: [IP_Flow 19-4728] Bus Interface 'M_AXI_DDR0': Added interface parameter 'ADDR_WIDTH' with value '34'.
[2025-09-14 20:34:25] INFO: [IP_Flow 19-4728] Bus Interface 'M_AXI_DDR0': Added interface parameter 'ARUSER_WIDTH' with value '0'.
[2025-09-14 20:34:25] INFO: [IP_Flow 19-4728] Bus Interface 'M_AXI_DDR0': Added interface parameter 'AWUSER_WIDTH' with value '0'.
[2025-09-14 20:34:25] INFO: [IP_Flow 19-4728] Bus Interface 'M_AXI_DDR0': Added interface parameter 'BUSER_WIDTH' with value '0'.
[2025-09-14 20:34:25] INFO: [IP_Flow 19-4728] Bus Interface 'M_AXI_DDR0': Added interface parameter 'CLK_DOMAIN' with value 'design_1_clk_wiz_0_0_clk_out1'.
[2025-09-14 20:34:25] INFO: [IP_Flow 19-4728] Bus Interface 'M_AXI_DDR0': Added interface parameter 'DATA_WIDTH' with value '64'.
[2025-09-14 20:34:26] INFO: [IP_Flow 19-4728] Bus Interface 'M_AXI_DDR0': Added interface parameter 'HAS_BRESP' with value '1'.
[2025-09-14 20:34:26] INFO: [IP_Flow 19-4728] Bus Interface 'M_AXI_DDR0': Added interface parameter 'HAS_BURST' with value '1'.
[2025-09-14 20:34:26] INFO: [IP_Flow 19-4728] Bus Interface 'M_AXI_DDR0': Added interface parameter 'HAS_CACHE' with value '1'.
[2025-09-14 20:34:26] INFO: [IP_Flow 19-4728] Bus Interface 'M_AXI_DDR0': Added interface parameter 'HAS_LOCK' with value '1'.
[2025-09-14 20:34:26] INFO: [IP_Flow 19-4728] Bus Interface 'M_AXI_DDR0': Added interface parameter 'HAS_PROT' with value '1'.
[2025-09-14 20:34:26] INFO: [IP_Flow 19-4728] Bus Interface 'M_AXI_DDR0': Added interface parameter 'HAS_QOS' with value '1'.
[2025-09-14 20:34:26] INFO: [IP_Flow 19-4728] Bus Interface 'M_AXI_DDR0': Added interface parameter 'HAS_REGION' with value '1'.
[2025-09-14 20:34:26] INFO: [IP_Flow 19-4728] Bus Interface 'M_AXI_DDR0': Added interface parameter 'HAS_RRESP' with value '1'.
[2025-09-14 20:34:26] INFO: [IP_Flow 19-4728] Bus Interface 'M_AXI_DDR0': Added interface parameter 'HAS_WSTRB' with value '1'.
[2025-09-14 20:34:26] INFO: [IP_Flow 19-4728] Bus Interface 'M_AXI_DDR0': Added interface parameter 'ID_WIDTH' with value '16'.
[2025-09-14 20:34:26] INFO: [IP_Flow 19-4728] Bus Interface 'M_AXI_DDR0': Added interface parameter 'INSERT_VIP' with value '0'.
[2025-09-14 20:34:26] INFO: [IP_Flow 19-4728] Bus Interface 'M_AXI_DDR0': Added interface parameter 'MAX_BURST_LENGTH' with value '256'.
[2025-09-14 20:34:26] INFO: [IP_Flow 19-5107] Inferred bus interface 'S_AXI_CTRL' of definition 'xilinx.com:interface:aximm:1.0' (from X_INTERFACE_INFO parameter from HDL file).
[2025-09-14 20:34:26] INFO: [IP_Flow 19-4728] Bus Interface 'M_AXI_DDR0': Added interface parameter 'NUM_READ_OUTSTANDING' with value '2'.
[2025-09-14 20:34:26] INFO: [IP_Flow 19-5107] Inferred bus interface 'S_AXI_CTRL' of definition 'xilinx.com:interface:aximm:1.0' (from 'X_INTERFACE_INFO' attribute).
[2025-09-14 20:34:26] INFO: [IP_Flow 19-4728] Bus Interface 'M_AXI_DDR0': Added interface parameter 'NUM_READ_THREADS' with value '1'.
[2025-09-14 20:34:26] INFO: [IP_Flow 19-5107] Inferred bus interface 'S_AXI_DMA' of definition 'xilinx.com:interface:aximm:1.0' (from X_INTERFACE_INFO parameter from HDL file).
[2025-09-14 20:34:26] INFO: [IP_Flow 19-4728] Bus Interface 'M_AXI_DDR0': Added interface parameter 'NUM_WRITE_OUTSTANDING' with value '2'.
[2025-09-14 20:34:26] INFO: [IP_Flow 19-5107] Inferred bus interface 'S_AXI_DMA' of definition 'xilinx.com:interface:aximm:1.0' (from 'X_INTERFACE_INFO' attribute).
[2025-09-14 20:34:26] INFO: [IP_Flow 19-4728] Bus Interface 'M_AXI_DDR0': Added interface parameter 'NUM_WRITE_THREADS' with value '1'.
[2025-09-14 20:34:26] INFO: [IP_Flow 19-5107] Inferred bus interface 'M_AXI_DDR0' of definition 'xilinx.com:interface:aximm:1.0' (from X_INTERFACE_INFO parameter from HDL file).
[2025-09-14 20:34:26] INFO: [IP_Flow 19-4728] Bus Interface 'M_AXI_DDR0': Added interface parameter 'PHASE' with value '0'.
[2025-09-14 20:34:26] INFO: [IP_Flow 19-4728] Bus Interface 'M_AXI_DDR0': Added interface parameter 'PROTOCOL' with value 'AXI4'.
[2025-09-14 20:34:26] INFO: [IP_Flow 19-5107] Inferred bus interface 'M_AXI_DDR0' of definition 'xilinx.com:interface:aximm:1.0' (from 'X_INTERFACE_INFO' attribute).
[2025-09-14 20:34:26] INFO: [IP_Flow 19-5107] Inferred bus interface 'CLK.SYS_CLK_30' of definition 'xilinx.com:signal:clock:1.0' (from X_INTERFACE_INFO parameter from HDL file).
[2025-09-14 20:34:26] INFO: [IP_Flow 19-4728] Bus Interface 'M_AXI_DDR0': Added interface parameter 'READ_WRITE_MODE' with value 'READ_WRITE'.
[2025-09-14 20:34:26] INFO: [IP_Flow 19-4728] Bus Interface 'M_AXI_DDR0': Added interface parameter 'RUSER_BITS_PER_BYTE' with value '0'.
[2025-09-14 20:34:26] INFO: [IP_Flow 19-5107] Inferred bus interface 'CLK.SYS_CLK_30' of definition 'xilinx.com:signal:clock:1.0' (from 'X_INTERFACE_INFO' attribute).
[2025-09-14 20:34:26] INFO: [IP_Flow 19-4728] Bus Interface 'M_AXI_DDR0': Added interface parameter 'RUSER_WIDTH' with value '0'.
[2025-09-14 20:34:26] INFO: [IP_Flow 19-5107] Inferred bus interface 'RST.SYS_RESET_N' of definition 'xilinx.com:signal:reset:1.0' (from X_INTERFACE_INFO parameter from HDL file).
[2025-09-14 20:34:26] INFO: [IP_Flow 19-5107] Inferred bus interface 'RST.SYS_RESET_N' of definition 'xilinx.com:signal:reset:1.0' (from 'X_INTERFACE_INFO' attribute).
[2025-09-14 20:34:26] INFO: [IP_Flow 19-4728] Bus Interface 'M_AXI_DDR0': Added interface parameter 'SUPPORTS_NARROW_BURST' with value '1'.
[2025-09-14 20:34:26] INFO: [IP_Flow 19-4728] Bus Interface 'M_AXI_DDR0': Added interface parameter 'WUSER_BITS_PER_BYTE' with value '0'.
[2025-09-14 20:34:26] INFO: [IP_Flow 19-4728] Bus Interface 'S_AXI_CTRL': Added interface parameter 'ADDR_WIDTH' with value '32'.
[2025-09-14 20:34:26] INFO: [IP_Flow 19-4728] Bus Interface 'M_AXI_DDR0': Added interface parameter 'WUSER_WIDTH' with value '0'.
[2025-09-14 20:34:26] INFO: [IP_Flow 19-4728] Bus Interface 'S_AXI_CTRL': Added interface parameter 'ARUSER_WIDTH' with value '0'.
[2025-09-14 20:34:26] INFO: [IP_Flow 19-4728] Bus Interface 'CLK.SYS_CLK_30': Added interface parameter 'ASSOCIATED_BUSIF' with value 'S_AXI_CTRL'.
[2025-09-14 20:34:26] INFO: [IP_Flow 19-4728] Bus Interface 'S_AXI_CTRL': Added interface parameter 'AWUSER_WIDTH' with value '0'.
[2025-09-14 20:34:26] INFO: [IP_Flow 19-4728] Bus Interface 'S_AXI_CTRL': Added interface parameter 'BUSER_WIDTH' with value '0'.
[2025-09-14 20:34:26] INFO: [IP_Flow 19-4728] Bus Interface 'CLK.SYS_CLK_30': Added interface parameter 'CLK_DOMAIN' with value 'design_1_clk_wiz_0_0_clk_out1'.
[2025-09-14 20:34:26] INFO: [IP_Flow 19-4728] Bus Interface 'CLK.SYS_CLK_30': Added interface parameter 'INSERT_VIP' with value '0'.
[2025-09-14 20:34:26] INFO: [IP_Flow 19-4728] Bus Interface 'S_AXI_CTRL': Added interface parameter 'CLK_DOMAIN' with value 'design_1_clk_wiz_0_0_clk_out1'.
[2025-09-14 20:34:26] INFO: [IP_Flow 19-4728] Bus Interface 'CLK.SYS_CLK_30': Added interface parameter 'PHASE' with value '0'.
[2025-09-14 20:34:26] INFO: [IP_Flow 19-4728] Bus Interface 'S_AXI_CTRL': Added interface parameter 'DATA_WIDTH' with value '32'.
[2025-09-14 20:34:26] INFO: [IP_Flow 19-4728] Bus Interface 'RST.SYS_RESET_N': Added interface parameter 'INSERT_VIP' with value '0'.
[2025-09-14 20:34:26] INFO: [IP_Flow 19-4728] Bus Interface 'S_AXI_CTRL': Added interface parameter 'HAS_BRESP' with value '1'.
[2025-09-14 20:34:26] INFO: [IP_Flow 19-4728] Bus Interface 'RST.SYS_RESET_N': Added interface parameter 'POLARITY' with value 'ACTIVE_LOW'.
[2025-09-14 20:34:26] INFO: [IP_Flow 19-4728] Bus Interface 'S_AXI_CTRL': Added interface parameter 'HAS_BURST' with value '0'.
[2025-09-14 20:34:26] WARNING: [IP_Flow 19-3157] Bus Interface 'RST.SYS_RESET_N': Bus parameter POLARITY is ACTIVE_LOW but port 'sys_reset_n' is not *resetn - please double check the POLARITY setting.
[2025-09-14 20:34:26] INFO: [IP_Flow 19-4728] Bus Interface 'S_AXI_CTRL': Added interface parameter 'HAS_CACHE' with value '0'.
[2025-09-14 20:34:26] INFO: [IP_Flow 19-234] Refreshing IP repositories
[2025-09-14 20:34:26] INFO: [IP_Flow 19-4728] Bus Interface 'S_AXI_CTRL': Added interface parameter 'HAS_LOCK' with value '0'.
[2025-09-14 20:34:26] INFO: [IP_Flow 19-1704] No user IP repositories specified
[2025-09-14 20:34:26] INFO: [IP_Flow 19-4728] Bus Interface 'S_AXI_CTRL': Added interface parameter 'HAS_PROT' with value '1'.
[2025-09-14 20:34:26] INFO: [IP_Flow 19-4728] Bus Interface 'S_AXI_CTRL': Added interface parameter 'HAS_QOS' with value '0'.
[2025-09-14 20:34:26] INFO: [IP_Flow 19-4728] Bus Interface 'S_AXI_CTRL': Added interface parameter 'HAS_REGION' with value '0'.
[2025-09-14 20:34:26] INFO: [IP_Flow 19-4728] Bus Interface 'S_AXI_CTRL': Added interface parameter 'HAS_RRESP' with value '1'.
[2025-09-14 20:34:26] INFO: [IP_Flow 19-4728] Bus Interface 'S_AXI_CTRL': Added interface parameter 'HAS_WSTRB' with value '1'.
[2025-09-14 20:34:26] INFO: [IP_Flow 19-4728] Bus Interface 'S_AXI_CTRL': Added interface parameter 'ID_WIDTH' with value '0'.
[2025-09-14 20:34:26] INFO: [IP_Flow 19-4728] Bus Interface 'S_AXI_CTRL': Added interface parameter 'INSERT_VIP' with value '0'.
[2025-09-14 20:34:26] INFO: [IP_Flow 19-4728] Bus Interface 'S_AXI_CTRL': Added interface parameter 'MAX_BURST_LENGTH' with value '1'.
[2025-09-14 20:34:26] INFO: [IP_Flow 19-4728] Bus Interface 'S_AXI_CTRL': Added interface parameter 'NUM_READ_OUTSTANDING' with value '1'.
[2025-09-14 20:34:26] INFO: [IP_Flow 19-4728] Bus Interface 'S_AXI_CTRL': Added interface parameter 'NUM_READ_THREADS' with value '1'.
[2025-09-14 20:34:26] INFO: [IP_Flow 19-4728] Bus Interface 'S_AXI_CTRL': Added interface parameter 'NUM_WRITE_OUTSTANDING' with value '1'.
[2025-09-14 20:34:26] INFO: [IP_Flow 19-4728] Bus Interface 'S_AXI_CTRL': Added interface parameter 'NUM_WRITE_THREADS' with value '1'.
[2025-09-14 20:34:26] INFO: [IP_Flow 19-4728] Bus Interface 'S_AXI_CTRL': Added interface parameter 'PHASE' with value '0'.
[2025-09-14 20:34:26] INFO: [IP_Flow 19-4728] Bus Interface 'S_AXI_CTRL': Added interface parameter 'PROTOCOL' with value 'AXI4LITE'.
[2025-09-14 20:34:26] INFO: [IP_Flow 19-4728] Bus Interface 'S_AXI_CTRL': Added interface parameter 'READ_WRITE_MODE' with value 'READ_WRITE'.
[2025-09-14 20:34:26] INFO: [IP_Flow 19-4728] Bus Interface 'S_AXI_CTRL': Added interface parameter 'RUSER_BITS_PER_BYTE' with value '0'.
[2025-09-14 20:34:26] INFO: [IP_Flow 19-4728] Bus Interface 'S_AXI_CTRL': Added interface parameter 'RUSER_WIDTH' with value '0'.
[2025-09-14 20:34:26] INFO: [IP_Flow 19-4728] Bus Interface 'S_AXI_CTRL': Added interface parameter 'SUPPORTS_NARROW_BURST' with value '0'.
[2025-09-14 20:34:26] INFO: [IP_Flow 19-4728] Bus Interface 'S_AXI_CTRL': Added interface parameter 'WUSER_BITS_PER_BYTE' with value '0'.
[2025-09-14 20:34:26] INFO: [IP_Flow 19-4728] Bus Interface 'S_AXI_CTRL': Added interface parameter 'WUSER_WIDTH' with value '0'.
[2025-09-14 20:34:26] INFO: [IP_Flow 19-4728] Bus Interface 'S_AXI_DMA': Added interface parameter 'ADDR_WIDTH' with value '64'.
[2025-09-14 20:34:26] INFO: [IP_Flow 19-4728] Bus Interface 'S_AXI_DMA': Added interface parameter 'ARUSER_WIDTH' with value '0'.
[2025-09-14 20:34:26] INFO: [IP_Flow 19-4728] Bus Interface 'S_AXI_DMA': Added interface parameter 'AWUSER_WIDTH' with value '0'.
[2025-09-14 20:34:26] INFO: [IP_Flow 19-4728] Bus Interface 'S_AXI_DMA': Added interface parameter 'BUSER_WIDTH' with value '0'.
[2025-09-14 20:34:26] INFO: [IP_Flow 19-4728] Bus Interface 'S_AXI_DMA': Added interface parameter 'CLK_DOMAIN' with value 'design_1_clk_wiz_0_0_clk_out1'.
[2025-09-14 20:34:26] INFO: [IP_Flow 19-4728] Bus Interface 'S_AXI_DMA': Added interface parameter 'DATA_WIDTH' with value '512'.
[2025-09-14 20:34:26] INFO: [IP_Flow 19-4728] Bus Interface 'S_AXI_DMA': Added interface parameter 'HAS_BRESP' with value '1'.
[2025-09-14 20:34:26] INFO: [IP_Flow 19-4728] Bus Interface 'S_AXI_DMA': Added interface parameter 'HAS_BURST' with value '0'.
[2025-09-14 20:34:26] INFO: [IP_Flow 19-4728] Bus Interface 'S_AXI_DMA': Added interface parameter 'HAS_CACHE' with value '1'.
[2025-09-14 20:34:26] INFO: [IP_Flow 19-4728] Bus Interface 'S_AXI_DMA': Added interface parameter 'HAS_LOCK' with value '1'.
[2025-09-14 20:34:26] INFO: [IP_Flow 19-4728] Bus Interface 'S_AXI_DMA': Added interface parameter 'HAS_PROT' with value '1'.
[2025-09-14 20:34:26] INFO: [IP_Flow 19-4728] Bus Interface 'S_AXI_DMA': Added interface parameter 'HAS_QOS' with value '0'.
[2025-09-14 20:34:26] INFO: [IP_Flow 19-4728] Bus Interface 'S_AXI_DMA': Added interface parameter 'HAS_REGION' with value '0'.
[2025-09-14 20:34:26] INFO: [IP_Flow 19-4728] Bus Interface 'S_AXI_DMA': Added interface parameter 'HAS_RRESP' with value '1'.
[2025-09-14 20:34:26] INFO: [IP_Flow 19-4728] Bus Interface 'S_AXI_DMA': Added interface parameter 'HAS_WSTRB' with value '1'.
[2025-09-14 20:34:26] INFO: [IP_Flow 19-4728] Bus Interface 'S_AXI_DMA': Added interface parameter 'ID_WIDTH' with value '4'.
[2025-09-14 20:34:26] INFO: [IP_Flow 19-4728] Bus Interface 'S_AXI_DMA': Added interface parameter 'INSERT_VIP' with value '0'.
[2025-09-14 20:34:26] INFO: [IP_Flow 19-4728] Bus Interface 'S_AXI_DMA': Added interface parameter 'MAX_BURST_LENGTH' with value '256'.
[2025-09-14 20:34:26] INFO: [IP_Flow 19-5107] Inferred bus interface 'S_AXI_CTRL' of definition 'xilinx.com:interface:aximm:1.0' (from X_INTERFACE_INFO parameter from HDL file).
[2025-09-14 20:34:26] INFO: [IP_Flow 19-4728] Bus Interface 'S_AXI_DMA': Added interface parameter 'NUM_READ_OUTSTANDING' with value '32'.
[2025-09-14 20:34:26] INFO: [IP_Flow 19-5107] Inferred bus interface 'S_AXI_CTRL' of definition 'xilinx.com:interface:aximm:1.0' (from 'X_INTERFACE_INFO' attribute).
[2025-09-14 20:34:26] INFO: [IP_Flow 19-4728] Bus Interface 'S_AXI_DMA': Added interface parameter 'NUM_READ_THREADS' with value '4'.
[2025-09-14 20:34:26] INFO: [IP_Flow 19-5107] Inferred bus interface 'S_AXI_DMA' of definition 'xilinx.com:interface:aximm:1.0' (from X_INTERFACE_INFO parameter from HDL file).
[2025-09-14 20:34:26] INFO: [IP_Flow 19-4728] Bus Interface 'S_AXI_DMA': Added interface parameter 'NUM_WRITE_OUTSTANDING' with value '16'.
[2025-09-14 20:34:26] INFO: [IP_Flow 19-5107] Inferred bus interface 'S_AXI_DMA' of definition 'xilinx.com:interface:aximm:1.0' (from 'X_INTERFACE_INFO' attribute).
[2025-09-14 20:34:26] INFO: [IP_Flow 19-4728] Bus Interface 'S_AXI_DMA': Added interface parameter 'NUM_WRITE_THREADS' with value '4'.
[2025-09-14 20:34:26] INFO: [IP_Flow 19-5107] Inferred bus interface 'M_AXI_DDR0' of definition 'xilinx.com:interface:aximm:1.0' (from X_INTERFACE_INFO parameter from HDL file).
[2025-09-14 20:34:26] INFO: [IP_Flow 19-4728] Bus Interface 'S_AXI_DMA': Added interface parameter 'PHASE' with value '0'.
[2025-09-14 20:34:26] INFO: [IP_Flow 19-5107] Inferred bus interface 'M_AXI_DDR0' of definition 'xilinx.com:interface:aximm:1.0' (from 'X_INTERFACE_INFO' attribute).
[2025-09-14 20:34:26] INFO: [IP_Flow 19-4728] Bus Interface 'S_AXI_DMA': Added interface parameter 'PROTOCOL' with value 'AXI4'.
[2025-09-14 20:34:26] INFO: [IP_Flow 19-5107] Inferred bus interface 'CLK.SYS_CLK_30' of definition 'xilinx.com:signal:clock:1.0' (from X_INTERFACE_INFO parameter from HDL file).
[2025-09-14 20:34:26] INFO: [IP_Flow 19-4728] Bus Interface 'S_AXI_DMA': Added interface parameter 'READ_WRITE_MODE' with value 'READ_WRITE'.
[2025-09-14 20:34:26] INFO: [IP_Flow 19-5107] Inferred bus interface 'CLK.SYS_CLK_30' of definition 'xilinx.com:signal:clock:1.0' (from 'X_INTERFACE_INFO' attribute).
[2025-09-14 20:34:26] INFO: [IP_Flow 19-4728] Bus Interface 'S_AXI_DMA': Added interface parameter 'RUSER_BITS_PER_BYTE' with value '0'.
[2025-09-14 20:34:26] INFO: [IP_Flow 19-5107] Inferred bus interface 'RST.SYS_RESET_N' of definition 'xilinx.com:signal:reset:1.0' (from X_INTERFACE_INFO parameter from HDL file).
[2025-09-14 20:34:26] INFO: [IP_Flow 19-4728] Bus Interface 'S_AXI_DMA': Added interface parameter 'RUSER_WIDTH' with value '0'.
[2025-09-14 20:34:26] INFO: [IP_Flow 19-5107] Inferred bus interface 'RST.SYS_RESET_N' of definition 'xilinx.com:signal:reset:1.0' (from 'X_INTERFACE_INFO' attribute).
[2025-09-14 20:34:26] INFO: [IP_Flow 19-4728] Bus Interface 'S_AXI_DMA': Added interface parameter 'SUPPORTS_NARROW_BURST' with value '0'.
[2025-09-14 20:34:26] INFO: [IP_Flow 19-4728] Bus Interface 'S_AXI_CTRL': Added interface parameter 'ADDR_WIDTH' with value '32'.
[2025-09-14 20:34:26] INFO: [IP_Flow 19-4728] Bus Interface 'S_AXI_DMA': Added interface parameter 'WUSER_BITS_PER_BYTE' with value '0'.
[2025-09-14 20:34:26] INFO: [IP_Flow 19-4728] Bus Interface 'S_AXI_CTRL': Added interface parameter 'ARUSER_WIDTH' with value '0'.
[2025-09-14 20:34:26] INFO: [IP_Flow 19-4728] Bus Interface 'S_AXI_DMA': Added interface parameter 'WUSER_WIDTH' with value '0'.
[2025-09-14 20:34:26] INFO: [IP_Flow 19-4728] Bus Interface 'S_AXI_CTRL': Added interface parameter 'AWUSER_WIDTH' with value '0'.
[2025-09-14 20:34:26] INFO: [IP_Flow 19-4728] Bus Interface 'M_AXI_DDR0': Added interface parameter 'ADDR_WIDTH' with value '34'.
[2025-09-14 20:34:26] INFO: [IP_Flow 19-4728] Bus Interface 'S_AXI_CTRL': Added interface parameter 'BUSER_WIDTH' with value '0'.
[2025-09-14 20:34:26] INFO: [IP_Flow 19-4728] Bus Interface 'M_AXI_DDR0': Added interface parameter 'ARUSER_WIDTH' with value '0'.
[2025-09-14 20:34:26] INFO: [IP_Flow 19-4728] Bus Interface 'S_AXI_CTRL': Added interface parameter 'CLK_DOMAIN' with value 'design_1_clk_wiz_0_0_clk_out1'.
[2025-09-14 20:34:26] INFO: [IP_Flow 19-4728] Bus Interface 'M_AXI_DDR0': Added interface parameter 'AWUSER_WIDTH' with value '0'.
[2025-09-14 20:34:26] INFO: [IP_Flow 19-4728] Bus Interface 'S_AXI_CTRL': Added interface parameter 'DATA_WIDTH' with value '32'.
[2025-09-14 20:34:26] INFO: [IP_Flow 19-4728] Bus Interface 'M_AXI_DDR0': Added interface parameter 'BUSER_WIDTH' with value '0'.
[2025-09-14 20:34:26] INFO: [IP_Flow 19-4728] Bus Interface 'S_AXI_CTRL': Added interface parameter 'HAS_BRESP' with value '1'.
[2025-09-14 20:34:26] INFO: [IP_Flow 19-4728] Bus Interface 'M_AXI_DDR0': Added interface parameter 'CLK_DOMAIN' with value 'design_1_clk_wiz_0_0_clk_out1'.
[2025-09-14 20:34:26] INFO: [IP_Flow 19-4728] Bus Interface 'S_AXI_CTRL': Added interface parameter 'HAS_BURST' with value '0'.
[2025-09-14 20:34:26] INFO: [IP_Flow 19-4728] Bus Interface 'M_AXI_DDR0': Added interface parameter 'DATA_WIDTH' with value '64'.
[2025-09-14 20:34:26] INFO: [IP_Flow 19-4728] Bus Interface 'S_AXI_CTRL': Added interface parameter 'HAS_CACHE' with value '0'.
[2025-09-14 20:34:26] INFO: [IP_Flow 19-4728] Bus Interface 'M_AXI_DDR0': Added interface parameter 'HAS_BRESP' with value '1'.
[2025-09-14 20:34:26] INFO: [IP_Flow 19-4728] Bus Interface 'S_AXI_CTRL': Added interface parameter 'HAS_LOCK' with value '0'.
[2025-09-14 20:34:26] INFO: [IP_Flow 19-4728] Bus Interface 'M_AXI_DDR0': Added interface parameter 'HAS_BURST' with value '1'.
[2025-09-14 20:34:26] INFO: [IP_Flow 19-4728] Bus Interface 'S_AXI_CTRL': Added interface parameter 'HAS_PROT' with value '1'.
[2025-09-14 20:34:26] INFO: [IP_Flow 19-4728] Bus Interface 'M_AXI_DDR0': Added interface parameter 'HAS_CACHE' with value '1'.
[2025-09-14 20:34:26] INFO: [IP_Flow 19-4728] Bus Interface 'S_AXI_CTRL': Added interface parameter 'HAS_QOS' with value '0'.
[2025-09-14 20:34:26] INFO: [IP_Flow 19-4728] Bus Interface 'M_AXI_DDR0': Added interface parameter 'HAS_LOCK' with value '1'.
[2025-09-14 20:34:26] INFO: [IP_Flow 19-4728] Bus Interface 'S_AXI_CTRL': Added interface parameter 'HAS_REGION' with value '0'.
[2025-09-14 20:34:26] INFO: [IP_Flow 19-4728] Bus Interface 'M_AXI_DDR0': Added interface parameter 'HAS_PROT' with value '1'.
[2025-09-14 20:34:26] INFO: [IP_Flow 19-4728] Bus Interface 'M_AXI_DDR0': Added interface parameter 'HAS_QOS' with value '1'.
[2025-09-14 20:34:26] INFO: [IP_Flow 19-4728] Bus Interface 'S_AXI_CTRL': Added interface parameter 'HAS_RRESP' with value '1'.
[2025-09-14 20:34:26] INFO: [IP_Flow 19-4728] Bus Interface 'S_AXI_CTRL': Added interface parameter 'HAS_WSTRB' with value '1'.
[2025-09-14 20:34:26] INFO: [IP_Flow 19-4728] Bus Interface 'M_AXI_DDR0': Added interface parameter 'HAS_REGION' with value '1'.
[2025-09-14 20:34:26] INFO: [IP_Flow 19-4728] Bus Interface 'M_AXI_DDR0': Added interface parameter 'HAS_RRESP' with value '1'.
[2025-09-14 20:34:26] INFO: [IP_Flow 19-4728] Bus Interface 'S_AXI_CTRL': Added interface parameter 'ID_WIDTH' with value '0'.
[2025-09-14 20:34:26] INFO: [IP_Flow 19-4728] Bus Interface 'S_AXI_CTRL': Added interface parameter 'INSERT_VIP' with value '0'.
[2025-09-14 20:34:26] INFO: [IP_Flow 19-4728] Bus Interface 'M_AXI_DDR0': Added interface parameter 'HAS_WSTRB' with value '1'.
[2025-09-14 20:34:26] INFO: [IP_Flow 19-4728] Bus Interface 'M_AXI_DDR0': Added interface parameter 'ID_WIDTH' with value '16'.
[2025-09-14 20:34:26] INFO: [IP_Flow 19-4728] Bus Interface 'S_AXI_CTRL': Added interface parameter 'MAX_BURST_LENGTH' with value '1'.
[2025-09-14 20:34:26] INFO: [IP_Flow 19-4728] Bus Interface 'M_AXI_DDR0': Added interface parameter 'INSERT_VIP' with value '0'.
[2025-09-14 20:34:26] INFO: [IP_Flow 19-4728] Bus Interface 'S_AXI_CTRL': Added interface parameter 'NUM_READ_OUTSTANDING' with value '1'.
[2025-09-14 20:34:26] INFO: [IP_Flow 19-4728] Bus Interface 'M_AXI_DDR0': Added interface parameter 'MAX_BURST_LENGTH' with value '256'.
[2025-09-14 20:34:26] INFO: [IP_Flow 19-4728] Bus Interface 'S_AXI_CTRL': Added interface parameter 'NUM_READ_THREADS' with value '1'.
[2025-09-14 20:34:26] INFO: [IP_Flow 19-4728] Bus Interface 'M_AXI_DDR0': Added interface parameter 'NUM_READ_OUTSTANDING' with value '2'.
[2025-09-14 20:34:26] INFO: [IP_Flow 19-4728] Bus Interface 'S_AXI_CTRL': Added interface parameter 'NUM_WRITE_OUTSTANDING' with value '1'.
[2025-09-14 20:34:26] INFO: [IP_Flow 19-4728] Bus Interface 'M_AXI_DDR0': Added interface parameter 'NUM_READ_THREADS' with value '1'.
[2025-09-14 20:34:26] INFO: [IP_Flow 19-4728] Bus Interface 'S_AXI_CTRL': Added interface parameter 'NUM_WRITE_THREADS' with value '1'.
[2025-09-14 20:34:26] INFO: [IP_Flow 19-4728] Bus Interface 'M_AXI_DDR0': Added interface parameter 'NUM_WRITE_OUTSTANDING' with value '2'.
[2025-09-14 20:34:26] INFO: [IP_Flow 19-4728] Bus Interface 'S_AXI_CTRL': Added interface parameter 'PHASE' with value '0'.
[2025-09-14 20:34:26] INFO: [IP_Flow 19-4728] Bus Interface 'M_AXI_DDR0': Added interface parameter 'NUM_WRITE_THREADS' with value '1'.
[2025-09-14 20:34:26] INFO: [IP_Flow 19-4728] Bus Interface 'S_AXI_CTRL': Added interface parameter 'PROTOCOL' with value 'AXI4LITE'.
[2025-09-14 20:34:26] INFO: [IP_Flow 19-4728] Bus Interface 'M_AXI_DDR0': Added interface parameter 'PHASE' with value '0'.
[2025-09-14 20:34:26] INFO: [IP_Flow 19-4728] Bus Interface 'S_AXI_CTRL': Added interface parameter 'READ_WRITE_MODE' with value 'READ_WRITE'.
[2025-09-14 20:34:26] INFO: [IP_Flow 19-4728] Bus Interface 'M_AXI_DDR0': Added interface parameter 'PROTOCOL' with value 'AXI4'.
[2025-09-14 20:34:26] INFO: [IP_Flow 19-4728] Bus Interface 'S_AXI_CTRL': Added interface parameter 'RUSER_BITS_PER_BYTE' with value '0'.
[2025-09-14 20:34:26] INFO: [IP_Flow 19-4728] Bus Interface 'M_AXI_DDR0': Added interface parameter 'READ_WRITE_MODE' with value 'READ_WRITE'.
[2025-09-14 20:34:26] INFO: [IP_Flow 19-4728] Bus Interface 'S_AXI_CTRL': Added interface parameter 'RUSER_WIDTH' with value '0'.
[2025-09-14 20:34:26] INFO: [IP_Flow 19-4728] Bus Interface 'M_AXI_DDR0': Added interface parameter 'RUSER_BITS_PER_BYTE' with value '0'.
[2025-09-14 20:34:26] INFO: [IP_Flow 19-4728] Bus Interface 'S_AXI_CTRL': Added interface parameter 'SUPPORTS_NARROW_BURST' with value '0'.
[2025-09-14 20:34:26] INFO: [IP_Flow 19-4728] Bus Interface 'M_AXI_DDR0': Added interface parameter 'RUSER_WIDTH' with value '0'.
[2025-09-14 20:34:26] INFO: [IP_Flow 19-4728] Bus Interface 'S_AXI_CTRL': Added interface parameter 'WUSER_BITS_PER_BYTE' with value '0'.
[2025-09-14 20:34:26] INFO: [IP_Flow 19-4728] Bus Interface 'M_AXI_DDR0': Added interface parameter 'SUPPORTS_NARROW_BURST' with value '1'.
[2025-09-14 20:34:26] INFO: [IP_Flow 19-4728] Bus Interface 'S_AXI_CTRL': Added interface parameter 'WUSER_WIDTH' with value '0'.
[2025-09-14 20:34:26] INFO: [IP_Flow 19-4728] Bus Interface 'M_AXI_DDR0': Added interface parameter 'WUSER_BITS_PER_BYTE' with value '0'.
[2025-09-14 20:34:26] INFO: [IP_Flow 19-4728] Bus Interface 'S_AXI_DMA': Added interface parameter 'ADDR_WIDTH' with value '64'.
[2025-09-14 20:34:26] INFO: [IP_Flow 19-4728] Bus Interface 'M_AXI_DDR0': Added interface parameter 'WUSER_WIDTH' with value '0'.
[2025-09-14 20:34:26] INFO: [IP_Flow 19-4728] Bus Interface 'S_AXI_DMA': Added interface parameter 'ARUSER_WIDTH' with value '0'.
[2025-09-14 20:34:26] INFO: [IP_Flow 19-4728] Bus Interface 'CLK.SYS_CLK_30': Added interface parameter 'ASSOCIATED_BUSIF' with value 'S_AXI_CTRL'.
[2025-09-14 20:34:26] INFO: [IP_Flow 19-4728] Bus Interface 'S_AXI_DMA': Added interface parameter 'AWUSER_WIDTH' with value '0'.
[2025-09-14 20:34:26] INFO: [IP_Flow 19-4728] Bus Interface 'CLK.SYS_CLK_30': Added interface parameter 'CLK_DOMAIN' with value 'design_1_clk_wiz_0_0_clk_out1'.
[2025-09-14 20:34:26] INFO: [IP_Flow 19-4728] Bus Interface 'S_AXI_DMA': Added interface parameter 'BUSER_WIDTH' with value '0'.
[2025-09-14 20:34:26] INFO: [IP_Flow 19-4728] Bus Interface 'CLK.SYS_CLK_30': Added interface parameter 'INSERT_VIP' with value '0'.
[2025-09-14 20:34:26] INFO: [IP_Flow 19-4728] Bus Interface 'S_AXI_DMA': Added interface parameter 'CLK_DOMAIN' with value 'design_1_clk_wiz_0_0_clk_out1'.
[2025-09-14 20:34:26] INFO: [IP_Flow 19-4728] Bus Interface 'CLK.SYS_CLK_30': Added interface parameter 'PHASE' with value '0'.
[2025-09-14 20:34:26] INFO: [IP_Flow 19-4728] Bus Interface 'S_AXI_DMA': Added interface parameter 'DATA_WIDTH' with value '512'.
[2025-09-14 20:34:26] INFO: [IP_Flow 19-4728] Bus Interface 'RST.SYS_RESET_N': Added interface parameter 'INSERT_VIP' with value '0'.
[2025-09-14 20:34:26] INFO: [IP_Flow 19-4728] Bus Interface 'S_AXI_DMA': Added interface parameter 'HAS_BRESP' with value '1'.
[2025-09-14 20:34:26] INFO: [IP_Flow 19-4728] Bus Interface 'RST.SYS_RESET_N': Added interface parameter 'POLARITY' with value 'ACTIVE_LOW'.
[2025-09-14 20:34:26] INFO: [IP_Flow 19-4728] Bus Interface 'S_AXI_DMA': Added interface parameter 'HAS_BURST' with value '0'.
[2025-09-14 20:34:26] WARNING: [IP_Flow 19-3157] Bus Interface 'RST.SYS_RESET_N': Bus parameter POLARITY is ACTIVE_LOW but port 'sys_reset_n' is not *resetn - please double check the POLARITY setting.
[2025-09-14 20:34:26] INFO: [IP_Flow 19-4728] Bus Interface 'S_AXI_DMA': Added interface parameter 'HAS_CACHE' with value '1'.
[2025-09-14 20:34:26] INFO: [IP_Flow 19-234] Refreshing IP repositories
[2025-09-14 20:34:26] INFO: [IP_Flow 19-4728] Bus Interface 'S_AXI_DMA': Added interface parameter 'HAS_LOCK' with value '1'.
[2025-09-14 20:34:26] INFO: [IP_Flow 19-1704] No user IP repositories specified
[2025-09-14 20:34:26] INFO: [IP_Flow 19-4728] Bus Interface 'S_AXI_DMA': Added interface parameter 'HAS_PROT' with value '1'.
[2025-09-14 20:34:26] INFO: [IP_Flow 19-4728] Bus Interface 'S_AXI_DMA': Added interface parameter 'HAS_QOS' with value '0'.
[2025-09-14 20:34:26] INFO: [IP_Flow 19-4728] Bus Interface 'S_AXI_DMA': Added interface parameter 'HAS_REGION' with value '0'.
[2025-09-14 20:34:26] INFO: [IP_Flow 19-4728] Bus Interface 'S_AXI_DMA': Added interface parameter 'HAS_RRESP' with value '1'.
[2025-09-14 20:34:26] INFO: [IP_Flow 19-4728] Bus Interface 'S_AXI_DMA': Added interface parameter 'HAS_WSTRB' with value '1'.
[2025-09-14 20:34:26] INFO: [IP_Flow 19-4728] Bus Interface 'S_AXI_DMA': Added interface parameter 'ID_WIDTH' with value '4'.
[2025-09-14 20:34:26] INFO: [IP_Flow 19-4728] Bus Interface 'S_AXI_DMA': Added interface parameter 'INSERT_VIP' with value '0'.
[2025-09-14 20:34:26] INFO: [IP_Flow 19-4728] Bus Interface 'S_AXI_DMA': Added interface parameter 'MAX_BURST_LENGTH' with value '256'.
[2025-09-14 20:34:26] INFO: [IP_Flow 19-4728] Bus Interface 'S_AXI_DMA': Added interface parameter 'NUM_READ_OUTSTANDING' with value '32'.
[2025-09-14 20:34:26] INFO: [IP_Flow 19-4728] Bus Interface 'S_AXI_DMA': Added interface parameter 'NUM_READ_THREADS' with value '4'.
[2025-09-14 20:34:26] INFO: [IP_Flow 19-4728] Bus Interface 'S_AXI_DMA': Added interface parameter 'NUM_WRITE_OUTSTANDING' with value '16'.
[2025-09-14 20:34:26] INFO: [IP_Flow 19-4728] Bus Interface 'S_AXI_DMA': Added interface parameter 'NUM_WRITE_THREADS' with value '4'.
[2025-09-14 20:34:26] INFO: [IP_Flow 19-4728] Bus Interface 'S_AXI_DMA': Added interface parameter 'PHASE' with value '0'.
[2025-09-14 20:34:26] INFO: [IP_Flow 19-4728] Bus Interface 'S_AXI_DMA': Added interface parameter 'PROTOCOL' with value 'AXI4'.
[2025-09-14 20:34:26] INFO: [IP_Flow 19-4728] Bus Interface 'S_AXI_DMA': Added interface parameter 'READ_WRITE_MODE' with value 'READ_WRITE'.
[2025-09-14 20:34:26] INFO: [IP_Flow 19-4728] Bus Interface 'S_AXI_DMA': Added interface parameter 'RUSER_BITS_PER_BYTE' with value '0'.
[2025-09-14 20:34:26] INFO: [IP_Flow 19-4728] Bus Interface 'S_AXI_DMA': Added interface parameter 'RUSER_WIDTH' with value '0'.
[2025-09-14 20:34:26] INFO: [IP_Flow 19-4728] Bus Interface 'S_AXI_DMA': Added interface parameter 'SUPPORTS_NARROW_BURST' with value '0'.
[2025-09-14 20:34:26] INFO: [IP_Flow 19-4728] Bus Interface 'S_AXI_DMA': Added interface parameter 'WUSER_BITS_PER_BYTE' with value '0'.
[2025-09-14 20:34:26] INFO: [IP_Flow 19-4728] Bus Interface 'S_AXI_DMA': Added interface parameter 'WUSER_WIDTH' with value '0'.
[2025-09-14 20:34:26] INFO: [IP_Flow 19-4728] Bus Interface 'M_AXI_DDR0': Added interface parameter 'ADDR_WIDTH' with value '34'.
[2025-09-14 20:34:26] INFO: [IP_Flow 19-4728] Bus Interface 'M_AXI_DDR0': Added interface parameter 'ARUSER_WIDTH' with value '0'.
[2025-09-14 20:34:26] INFO: [IP_Flow 19-4728] Bus Interface 'M_AXI_DDR0': Added interface parameter 'AWUSER_WIDTH' with value '0'.
[2025-09-14 20:34:26] INFO: [IP_Flow 19-5107] Inferred bus interface 'S_AXI_CTRL' of definition 'xilinx.com:interface:aximm:1.0' (from X_INTERFACE_INFO parameter from HDL file).
[2025-09-14 20:34:26] INFO: [IP_Flow 19-4728] Bus Interface 'M_AXI_DDR0': Added interface parameter 'BUSER_WIDTH' with value '0'.
[2025-09-14 20:34:26] INFO: [IP_Flow 19-5107] Inferred bus interface 'S_AXI_CTRL' of definition 'xilinx.com:interface:aximm:1.0' (from 'X_INTERFACE_INFO' attribute).
[2025-09-14 20:34:26] INFO: [IP_Flow 19-4728] Bus Interface 'M_AXI_DDR0': Added interface parameter 'CLK_DOMAIN' with value 'design_1_clk_wiz_0_0_clk_out1'.
[2025-09-14 20:34:26] INFO: [IP_Flow 19-5107] Inferred bus interface 'S_AXI_DMA' of definition 'xilinx.com:interface:aximm:1.0' (from X_INTERFACE_INFO parameter from HDL file).
[2025-09-14 20:34:26] INFO: [IP_Flow 19-4728] Bus Interface 'M_AXI_DDR0': Added interface parameter 'DATA_WIDTH' with value '64'.
[2025-09-14 20:34:26] INFO: [IP_Flow 19-5107] Inferred bus interface 'S_AXI_DMA' of definition 'xilinx.com:interface:aximm:1.0' (from 'X_INTERFACE_INFO' attribute).
[2025-09-14 20:34:26] INFO: [IP_Flow 19-4728] Bus Interface 'M_AXI_DDR0': Added interface parameter 'HAS_BRESP' with value '1'.
[2025-09-14 20:34:26] INFO: [IP_Flow 19-5107] Inferred bus interface 'M_AXI_DDR0' of definition 'xilinx.com:interface:aximm:1.0' (from X_INTERFACE_INFO parameter from HDL file).
[2025-09-14 20:34:26] INFO: [IP_Flow 19-4728] Bus Interface 'M_AXI_DDR0': Added interface parameter 'HAS_BURST' with value '1'.
[2025-09-14 20:34:26] INFO: [IP_Flow 19-5107] Inferred bus interface 'M_AXI_DDR0' of definition 'xilinx.com:interface:aximm:1.0' (from 'X_INTERFACE_INFO' attribute).
[2025-09-14 20:34:26] INFO: [IP_Flow 19-4728] Bus Interface 'M_AXI_DDR0': Added interface parameter 'HAS_CACHE' with value '1'.
[2025-09-14 20:34:26] INFO: [IP_Flow 19-5107] Inferred bus interface 'CLK.SYS_CLK_30' of definition 'xilinx.com:signal:clock:1.0' (from X_INTERFACE_INFO parameter from HDL file).
[2025-09-14 20:34:26] INFO: [IP_Flow 19-4728] Bus Interface 'M_AXI_DDR0': Added interface parameter 'HAS_LOCK' with value '1'.
[2025-09-14 20:34:26] INFO: [IP_Flow 19-5107] Inferred bus interface 'CLK.SYS_CLK_30' of definition 'xilinx.com:signal:clock:1.0' (from 'X_INTERFACE_INFO' attribute).
[2025-09-14 20:34:26] INFO: [IP_Flow 19-4728] Bus Interface 'M_AXI_DDR0': Added interface parameter 'HAS_PROT' with value '1'.
[2025-09-14 20:34:26] INFO: [IP_Flow 19-5107] Inferred bus interface 'RST.SYS_RESET_N' of definition 'xilinx.com:signal:reset:1.0' (from X_INTERFACE_INFO parameter from HDL file).
[2025-09-14 20:34:26] INFO: [IP_Flow 19-4728] Bus Interface 'M_AXI_DDR0': Added interface parameter 'HAS_QOS' with value '1'.
[2025-09-14 20:34:26] INFO: [IP_Flow 19-5107] Inferred bus interface 'RST.SYS_RESET_N' of definition 'xilinx.com:signal:reset:1.0' (from 'X_INTERFACE_INFO' attribute).
[2025-09-14 20:34:26] INFO: [IP_Flow 19-4728] Bus Interface 'M_AXI_DDR0': Added interface parameter 'HAS_REGION' with value '1'.
[2025-09-14 20:34:26] INFO: [IP_Flow 19-4728] Bus Interface 'S_AXI_CTRL': Added interface parameter 'ADDR_WIDTH' with value '32'.
[2025-09-14 20:34:26] INFO: [IP_Flow 19-4728] Bus Interface 'M_AXI_DDR0': Added interface parameter 'HAS_RRESP' with value '1'.
[2025-09-14 20:34:26] INFO: [IP_Flow 19-4728] Bus Interface 'S_AXI_CTRL': Added interface parameter 'ARUSER_WIDTH' with value '0'.
[2025-09-14 20:34:26] INFO: [IP_Flow 19-4728] Bus Interface 'M_AXI_DDR0': Added interface parameter 'HAS_WSTRB' with value '1'.
[2025-09-14 20:34:26] INFO: [IP_Flow 19-4728] Bus Interface 'S_AXI_CTRL': Added interface parameter 'AWUSER_WIDTH' with value '0'.
[2025-09-14 20:34:26] INFO: [IP_Flow 19-4728] Bus Interface 'M_AXI_DDR0': Added interface parameter 'ID_WIDTH' with value '16'.
[2025-09-14 20:34:26] INFO: [IP_Flow 19-4728] Bus Interface 'S_AXI_CTRL': Added interface parameter 'BUSER_WIDTH' with value '0'.
[2025-09-14 20:34:26] INFO: [IP_Flow 19-4728] Bus Interface 'M_AXI_DDR0': Added interface parameter 'INSERT_VIP' with value '0'.
[2025-09-14 20:34:26] INFO: [IP_Flow 19-4728] Bus Interface 'S_AXI_CTRL': Added interface parameter 'CLK_DOMAIN' with value 'design_1_clk_wiz_0_0_clk_out1'.
[2025-09-14 20:34:26] INFO: [IP_Flow 19-4728] Bus Interface 'M_AXI_DDR0': Added interface parameter 'MAX_BURST_LENGTH' with value '256'.
[2025-09-14 20:34:26] INFO: [IP_Flow 19-4728] Bus Interface 'S_AXI_CTRL': Added interface parameter 'DATA_WIDTH' with value '32'.
[2025-09-14 20:34:26] INFO: [IP_Flow 19-4728] Bus Interface 'M_AXI_DDR0': Added interface parameter 'NUM_READ_OUTSTANDING' with value '2'.
[2025-09-14 20:34:26] INFO: [IP_Flow 19-4728] Bus Interface 'S_AXI_CTRL': Added interface parameter 'HAS_BRESP' with value '1'.
[2025-09-14 20:34:26] INFO: [IP_Flow 19-4728] Bus Interface 'M_AXI_DDR0': Added interface parameter 'NUM_READ_THREADS' with value '1'.
[2025-09-14 20:34:26] INFO: [IP_Flow 19-4728] Bus Interface 'S_AXI_CTRL': Added interface parameter 'HAS_BURST' with value '0'.
[2025-09-14 20:34:26] INFO: [IP_Flow 19-4728] Bus Interface 'M_AXI_DDR0': Added interface parameter 'NUM_WRITE_OUTSTANDING' with value '2'.
[2025-09-14 20:34:26] INFO: [IP_Flow 19-4728] Bus Interface 'M_AXI_DDR0': Added interface parameter 'NUM_WRITE_THREADS' with value '1'.
[2025-09-14 20:34:26] INFO: [IP_Flow 19-4728] Bus Interface 'S_AXI_CTRL': Added interface parameter 'HAS_CACHE' with value '0'.
[2025-09-14 20:34:26] INFO: [IP_Flow 19-4728] Bus Interface 'S_AXI_CTRL': Added interface parameter 'HAS_LOCK' with value '0'.
[2025-09-14 20:34:26] INFO: [IP_Flow 19-4728] Bus Interface 'M_AXI_DDR0': Added interface parameter 'PHASE' with value '0'.
[2025-09-14 20:34:26] INFO: [IP_Flow 19-4728] Bus Interface 'M_AXI_DDR0': Added interface parameter 'PROTOCOL' with value 'AXI4'.
[2025-09-14 20:34:26] INFO: [IP_Flow 19-4728] Bus Interface 'S_AXI_CTRL': Added interface parameter 'HAS_PROT' with value '1'.
[2025-09-14 20:34:26] INFO: [IP_Flow 19-4728] Bus Interface 'M_AXI_DDR0': Added interface parameter 'READ_WRITE_MODE' with value 'READ_WRITE'.
[2025-09-14 20:34:26] INFO: [IP_Flow 19-4728] Bus Interface 'S_AXI_CTRL': Added interface parameter 'HAS_QOS' with value '0'.
[2025-09-14 20:34:26] INFO: [IP_Flow 19-4728] Bus Interface 'M_AXI_DDR0': Added interface parameter 'RUSER_BITS_PER_BYTE' with value '0'.
[2025-09-14 20:34:26] INFO: [IP_Flow 19-4728] Bus Interface 'S_AXI_CTRL': Added interface parameter 'HAS_REGION' with value '0'.
[2025-09-14 20:34:26] INFO: [IP_Flow 19-4728] Bus Interface 'M_AXI_DDR0': Added interface parameter 'RUSER_WIDTH' with value '0'.
[2025-09-14 20:34:26] INFO: [IP_Flow 19-4728] Bus Interface 'S_AXI_CTRL': Added interface parameter 'HAS_RRESP' with value '1'.
[2025-09-14 20:34:26] INFO: [IP_Flow 19-4728] Bus Interface 'M_AXI_DDR0': Added interface parameter 'SUPPORTS_NARROW_BURST' with value '1'.
[2025-09-14 20:34:26] INFO: [IP_Flow 19-4728] Bus Interface 'S_AXI_CTRL': Added interface parameter 'HAS_WSTRB' with value '1'.
[2025-09-14 20:34:26] INFO: [IP_Flow 19-4728] Bus Interface 'M_AXI_DDR0': Added interface parameter 'WUSER_BITS_PER_BYTE' with value '0'.
[2025-09-14 20:34:26] INFO: [IP_Flow 19-4728] Bus Interface 'S_AXI_CTRL': Added interface parameter 'ID_WIDTH' with value '0'.
[2025-09-14 20:34:26] INFO: [IP_Flow 19-4728] Bus Interface 'M_AXI_DDR0': Added interface parameter 'WUSER_WIDTH' with value '0'.
[2025-09-14 20:34:26] INFO: [IP_Flow 19-4728] Bus Interface 'S_AXI_CTRL': Added interface parameter 'INSERT_VIP' with value '0'.
[2025-09-14 20:34:26] INFO: [IP_Flow 19-4728] Bus Interface 'CLK.SYS_CLK_30': Added interface parameter 'ASSOCIATED_BUSIF' with value 'S_AXI_CTRL'.
[2025-09-14 20:34:26] INFO: [IP_Flow 19-4728] Bus Interface 'S_AXI_CTRL': Added interface parameter 'MAX_BURST_LENGTH' with value '1'.
[2025-09-14 20:34:26] INFO: [IP_Flow 19-4728] Bus Interface 'CLK.SYS_CLK_30': Added interface parameter 'CLK_DOMAIN' with value 'design_1_clk_wiz_0_0_clk_out1'.
[2025-09-14 20:34:26] INFO: [IP_Flow 19-4728] Bus Interface 'S_AXI_CTRL': Added interface parameter 'NUM_READ_OUTSTANDING' with value '1'.
[2025-09-14 20:34:26] INFO: [IP_Flow 19-4728] Bus Interface 'CLK.SYS_CLK_30': Added interface parameter 'INSERT_VIP' with value '0'.
[2025-09-14 20:34:26] INFO: [IP_Flow 19-4728] Bus Interface 'S_AXI_CTRL': Added interface parameter 'NUM_READ_THREADS' with value '1'.
[2025-09-14 20:34:26] INFO: [IP_Flow 19-4728] Bus Interface 'CLK.SYS_CLK_30': Added interface parameter 'PHASE' with value '0'.
[2025-09-14 20:34:26] INFO: [IP_Flow 19-4728] Bus Interface 'S_AXI_CTRL': Added interface parameter 'NUM_WRITE_OUTSTANDING' with value '1'.
[2025-09-14 20:34:26] INFO: [IP_Flow 19-4728] Bus Interface 'RST.SYS_RESET_N': Added interface parameter 'INSERT_VIP' with value '0'.
[2025-09-14 20:34:26] INFO: [IP_Flow 19-4728] Bus Interface 'S_AXI_CTRL': Added interface parameter 'NUM_WRITE_THREADS' with value '1'.
[2025-09-14 20:34:26] INFO: [IP_Flow 19-4728] Bus Interface 'RST.SYS_RESET_N': Added interface parameter 'POLARITY' with value 'ACTIVE_LOW'.
[2025-09-14 20:34:26] INFO: [IP_Flow 19-4728] Bus Interface 'S_AXI_CTRL': Added interface parameter 'PHASE' with value '0'.
[2025-09-14 20:34:26] WARNING: [IP_Flow 19-3157] Bus Interface 'RST.SYS_RESET_N': Bus parameter POLARITY is ACTIVE_LOW but port 'sys_reset_n' is not *resetn - please double check the POLARITY setting.
[2025-09-14 20:34:26] INFO: [IP_Flow 19-4728] Bus Interface 'S_AXI_CTRL': Added interface parameter 'PROTOCOL' with value 'AXI4LITE'.
[2025-09-14 20:34:26] INFO: [IP_Flow 19-234] Refreshing IP repositories
[2025-09-14 20:34:26] INFO: [IP_Flow 19-4728] Bus Interface 'S_AXI_CTRL': Added interface parameter 'READ_WRITE_MODE' with value 'READ_WRITE'.
[2025-09-14 20:34:26] INFO: [IP_Flow 19-1704] No user IP repositories specified
[2025-09-14 20:34:26] INFO: [IP_Flow 19-4728] Bus Interface 'S_AXI_CTRL': Added interface parameter 'RUSER_BITS_PER_BYTE' with value '0'.
[2025-09-14 20:34:26] INFO: [IP_Flow 19-4728] Bus Interface 'S_AXI_CTRL': Added interface parameter 'RUSER_WIDTH' with value '0'.
[2025-09-14 20:34:26] INFO: [IP_Flow 19-4728] Bus Interface 'S_AXI_CTRL': Added interface parameter 'SUPPORTS_NARROW_BURST' with value '0'.
[2025-09-14 20:34:26] INFO: [IP_Flow 19-4728] Bus Interface 'S_AXI_CTRL': Added interface parameter 'WUSER_BITS_PER_BYTE' with value '0'.
[2025-09-14 20:34:26] INFO: [IP_Flow 19-4728] Bus Interface 'S_AXI_CTRL': Added interface parameter 'WUSER_WIDTH' with value '0'.
[2025-09-14 20:34:26] INFO: [IP_Flow 19-5107] Inferred bus interface 'S_AXI_CTRL' of definition 'xilinx.com:interface:aximm:1.0' (from X_INTERFACE_INFO parameter from HDL file).
[2025-09-14 20:34:26] INFO: [IP_Flow 19-4728] Bus Interface 'S_AXI_DMA': Added interface parameter 'ADDR_WIDTH' with value '64'.
[2025-09-14 20:34:26] INFO: [IP_Flow 19-5107] Inferred bus interface 'S_AXI_CTRL' of definition 'xilinx.com:interface:aximm:1.0' (from 'X_INTERFACE_INFO' attribute).
[2025-09-14 20:34:26] INFO: [IP_Flow 19-4728] Bus Interface 'S_AXI_DMA': Added interface parameter 'ARUSER_WIDTH' with value '0'.
[2025-09-14 20:34:26] INFO: [IP_Flow 19-5107] Inferred bus interface 'S_AXI_DMA' of definition 'xilinx.com:interface:aximm:1.0' (from X_INTERFACE_INFO parameter from HDL file).
[2025-09-14 20:34:26] INFO: [IP_Flow 19-4728] Bus Interface 'S_AXI_DMA': Added interface parameter 'AWUSER_WIDTH' with value '0'.
[2025-09-14 20:34:26] INFO: [IP_Flow 19-5107] Inferred bus interface 'S_AXI_DMA' of definition 'xilinx.com:interface:aximm:1.0' (from 'X_INTERFACE_INFO' attribute).
[2025-09-14 20:34:26] INFO: [IP_Flow 19-4728] Bus Interface 'S_AXI_DMA': Added interface parameter 'BUSER_WIDTH' with value '0'.
[2025-09-14 20:34:26] INFO: [IP_Flow 19-5107] Inferred bus interface 'M_AXI_DDR0' of definition 'xilinx.com:interface:aximm:1.0' (from X_INTERFACE_INFO parameter from HDL file).
[2025-09-14 20:34:26] INFO: [IP_Flow 19-4728] Bus Interface 'S_AXI_DMA': Added interface parameter 'CLK_DOMAIN' with value 'design_1_clk_wiz_0_0_clk_out1'.
[2025-09-14 20:34:26] INFO: [IP_Flow 19-5107] Inferred bus interface 'M_AXI_DDR0' of definition 'xilinx.com:interface:aximm:1.0' (from 'X_INTERFACE_INFO' attribute).
[2025-09-14 20:34:26] INFO: [IP_Flow 19-4728] Bus Interface 'S_AXI_DMA': Added interface parameter 'DATA_WIDTH' with value '512'.
[2025-09-14 20:34:26] INFO: [IP_Flow 19-5107] Inferred bus interface 'CLK.SYS_CLK_30' of definition 'xilinx.com:signal:clock:1.0' (from X_INTERFACE_INFO parameter from HDL file).
[2025-09-14 20:34:26] INFO: [IP_Flow 19-4728] Bus Interface 'S_AXI_DMA': Added interface parameter 'HAS_BRESP' with value '1'.
[2025-09-14 20:34:26] INFO: [IP_Flow 19-5107] Inferred bus interface 'CLK.SYS_CLK_30' of definition 'xilinx.com:signal:clock:1.0' (from 'X_INTERFACE_INFO' attribute).
[2025-09-14 20:34:26] INFO: [IP_Flow 19-4728] Bus Interface 'S_AXI_DMA': Added interface parameter 'HAS_BURST' with value '0'.
[2025-09-14 20:34:26] INFO: [IP_Flow 19-5107] Inferred bus interface 'RST.SYS_RESET_N' of definition 'xilinx.com:signal:reset:1.0' (from X_INTERFACE_INFO parameter from HDL file).
[2025-09-14 20:34:26] INFO: [IP_Flow 19-4728] Bus Interface 'S_AXI_DMA': Added interface parameter 'HAS_CACHE' with value '1'.
[2025-09-14 20:34:26] INFO: [IP_Flow 19-5107] Inferred bus interface 'RST.SYS_RESET_N' of definition 'xilinx.com:signal:reset:1.0' (from 'X_INTERFACE_INFO' attribute).
[2025-09-14 20:34:26] INFO: [IP_Flow 19-4728] Bus Interface 'S_AXI_DMA': Added interface parameter 'HAS_LOCK' with value '1'.
[2025-09-14 20:34:26] INFO: [IP_Flow 19-4728] Bus Interface 'S_AXI_CTRL': Added interface parameter 'ADDR_WIDTH' with value '32'.
[2025-09-14 20:34:26] INFO: [IP_Flow 19-4728] Bus Interface 'S_AXI_DMA': Added interface parameter 'HAS_PROT' with value '1'.
[2025-09-14 20:34:26] INFO: [IP_Flow 19-4728] Bus Interface 'S_AXI_CTRL': Added interface parameter 'ARUSER_WIDTH' with value '0'.
[2025-09-14 20:34:26] INFO: [IP_Flow 19-4728] Bus Interface 'S_AXI_DMA': Added interface parameter 'HAS_QOS' with value '0'.
[2025-09-14 20:34:26] INFO: [IP_Flow 19-4728] Bus Interface 'S_AXI_CTRL': Added interface parameter 'AWUSER_WIDTH' with value '0'.
[2025-09-14 20:34:26] INFO: [IP_Flow 19-4728] Bus Interface 'S_AXI_DMA': Added interface parameter 'HAS_REGION' with value '0'.
[2025-09-14 20:34:26] INFO: [IP_Flow 19-4728] Bus Interface 'S_AXI_CTRL': Added interface parameter 'BUSER_WIDTH' with value '0'.
[2025-09-14 20:34:26] INFO: [IP_Flow 19-4728] Bus Interface 'S_AXI_DMA': Added interface parameter 'HAS_RRESP' with value '1'.
[2025-09-14 20:34:26] INFO: [IP_Flow 19-4728] Bus Interface 'S_AXI_CTRL': Added interface parameter 'CLK_DOMAIN' with value 'design_1_clk_wiz_0_0_clk_out1'.
[2025-09-14 20:34:26] INFO: [IP_Flow 19-4728] Bus Interface 'S_AXI_DMA': Added interface parameter 'HAS_WSTRB' with value '1'.
[2025-09-14 20:34:26] INFO: [IP_Flow 19-4728] Bus Interface 'S_AXI_CTRL': Added interface parameter 'DATA_WIDTH' with value '32'.
[2025-09-14 20:34:26] INFO: [IP_Flow 19-4728] Bus Interface 'S_AXI_DMA': Added interface parameter 'ID_WIDTH' with value '4'.
[2025-09-14 20:34:26] INFO: [IP_Flow 19-4728] Bus Interface 'S_AXI_CTRL': Added interface parameter 'HAS_BRESP' with value '1'.
[2025-09-14 20:34:26] INFO: [IP_Flow 19-4728] Bus Interface 'S_AXI_DMA': Added interface parameter 'INSERT_VIP' with value '0'.
[2025-09-14 20:34:26] INFO: [IP_Flow 19-4728] Bus Interface 'S_AXI_CTRL': Added interface parameter 'HAS_BURST' with value '0'.
[2025-09-14 20:34:26] INFO: [IP_Flow 19-4728] Bus Interface 'S_AXI_DMA': Added interface parameter 'MAX_BURST_LENGTH' with value '256'.
[2025-09-14 20:34:26] INFO: [IP_Flow 19-4728] Bus Interface 'S_AXI_CTRL': Added interface parameter 'HAS_CACHE' with value '0'.
[2025-09-14 20:34:26] INFO: [IP_Flow 19-4728] Bus Interface 'S_AXI_DMA': Added interface parameter 'NUM_READ_OUTSTANDING' with value '32'.
[2025-09-14 20:34:26] INFO: [IP_Flow 19-4728] Bus Interface 'S_AXI_CTRL': Added interface parameter 'HAS_LOCK' with value '0'.
[2025-09-14 20:34:26] INFO: [IP_Flow 19-4728] Bus Interface 'S_AXI_DMA': Added interface parameter 'NUM_READ_THREADS' with value '4'.
[2025-09-14 20:34:26] INFO: [IP_Flow 19-4728] Bus Interface 'S_AXI_CTRL': Added interface parameter 'HAS_PROT' with value '1'.
[2025-09-14 20:34:26] INFO: [IP_Flow 19-4728] Bus Interface 'S_AXI_DMA': Added interface parameter 'NUM_WRITE_OUTSTANDING' with value '16'.
[2025-09-14 20:34:26] INFO: [IP_Flow 19-4728] Bus Interface 'S_AXI_CTRL': Added interface parameter 'HAS_QOS' with value '0'.
[2025-09-14 20:34:26] INFO: [IP_Flow 19-4728] Bus Interface 'S_AXI_DMA': Added interface parameter 'NUM_WRITE_THREADS' with value '4'.
[2025-09-14 20:34:26] INFO: [IP_Flow 19-4728] Bus Interface 'S_AXI_CTRL': Added interface parameter 'HAS_REGION' with value '0'.
[2025-09-14 20:34:26] INFO: [IP_Flow 19-4728] Bus Interface 'S_AXI_DMA': Added interface parameter 'PHASE' with value '0'.
[2025-09-14 20:34:26] INFO: [IP_Flow 19-4728] Bus Interface 'S_AXI_CTRL': Added interface parameter 'HAS_RRESP' with value '1'.
[2025-09-14 20:34:26] INFO: [IP_Flow 19-4728] Bus Interface 'S_AXI_DMA': Added interface parameter 'PROTOCOL' with value 'AXI4'.
[2025-09-14 20:34:26] INFO: [IP_Flow 19-4728] Bus Interface 'S_AXI_CTRL': Added interface parameter 'HAS_WSTRB' with value '1'.
[2025-09-14 20:34:26] INFO: [IP_Flow 19-4728] Bus Interface 'S_AXI_DMA': Added interface parameter 'READ_WRITE_MODE' with value 'READ_WRITE'.
[2025-09-14 20:34:26] INFO: [IP_Flow 19-4728] Bus Interface 'S_AXI_CTRL': Added interface parameter 'ID_WIDTH' with value '0'.
[2025-09-14 20:34:26] INFO: [IP_Flow 19-4728] Bus Interface 'S_AXI_DMA': Added interface parameter 'RUSER_BITS_PER_BYTE' with value '0'.
[2025-09-14 20:34:26] INFO: [IP_Flow 19-4728] Bus Interface 'S_AXI_CTRL': Added interface parameter 'INSERT_VIP' with value '0'.
[2025-09-14 20:34:26] INFO: [IP_Flow 19-4728] Bus Interface 'S_AXI_DMA': Added interface parameter 'RUSER_WIDTH' with value '0'.
[2025-09-14 20:34:26] INFO: [IP_Flow 19-4728] Bus Interface 'S_AXI_CTRL': Added interface parameter 'MAX_BURST_LENGTH' with value '1'.
[2025-09-14 20:34:26] INFO: [IP_Flow 19-4728] Bus Interface 'S_AXI_DMA': Added interface parameter 'SUPPORTS_NARROW_BURST' with value '0'.
[2025-09-14 20:34:26] INFO: [IP_Flow 19-4728] Bus Interface 'S_AXI_CTRL': Added interface parameter 'NUM_READ_OUTSTANDING' with value '1'.
[2025-09-14 20:34:26] INFO: [IP_Flow 19-4728] Bus Interface 'S_AXI_DMA': Added interface parameter 'WUSER_BITS_PER_BYTE' with value '0'.
[2025-09-14 20:34:26] INFO: [IP_Flow 19-4728] Bus Interface 'S_AXI_CTRL': Added interface parameter 'NUM_READ_THREADS' with value '1'.
[2025-09-14 20:34:26] INFO: [IP_Flow 19-4728] Bus Interface 'S_AXI_DMA': Added interface parameter 'WUSER_WIDTH' with value '0'.
[2025-09-14 20:34:26] INFO: [IP_Flow 19-4728] Bus Interface 'S_AXI_CTRL': Added interface parameter 'NUM_WRITE_OUTSTANDING' with value '1'.
[2025-09-14 20:34:26] INFO: [IP_Flow 19-4728] Bus Interface 'M_AXI_DDR0': Added interface parameter 'ADDR_WIDTH' with value '34'.
[2025-09-14 20:34:26] INFO: [IP_Flow 19-4728] Bus Interface 'S_AXI_CTRL': Added interface parameter 'NUM_WRITE_THREADS' with value '1'.
[2025-09-14 20:34:26] INFO: [IP_Flow 19-4728] Bus Interface 'M_AXI_DDR0': Added interface parameter 'ARUSER_WIDTH' with value '0'.
[2025-09-14 20:34:26] INFO: [IP_Flow 19-4728] Bus Interface 'S_AXI_CTRL': Added interface parameter 'PHASE' with value '0'.
[2025-09-14 20:34:26] INFO: [IP_Flow 19-4728] Bus Interface 'M_AXI_DDR0': Added interface parameter 'AWUSER_WIDTH' with value '0'.
[2025-09-14 20:34:26] INFO: [IP_Flow 19-4728] Bus Interface 'S_AXI_CTRL': Added interface parameter 'PROTOCOL' with value 'AXI4LITE'.
[2025-09-14 20:34:26] INFO: [IP_Flow 19-4728] Bus Interface 'M_AXI_DDR0': Added interface parameter 'BUSER_WIDTH' with value '0'.
[2025-09-14 20:34:26] INFO: [IP_Flow 19-4728] Bus Interface 'S_AXI_CTRL': Added interface parameter 'READ_WRITE_MODE' with value 'READ_WRITE'.
[2025-09-14 20:34:26] INFO: [IP_Flow 19-4728] Bus Interface 'M_AXI_DDR0': Added interface parameter 'CLK_DOMAIN' with value 'design_1_clk_wiz_0_0_clk_out1'.
[2025-09-14 20:34:26] INFO: [IP_Flow 19-4728] Bus Interface 'S_AXI_CTRL': Added interface parameter 'RUSER_BITS_PER_BYTE' with value '0'.
[2025-09-14 20:34:26] INFO: [IP_Flow 19-4728] Bus Interface 'M_AXI_DDR0': Added interface parameter 'DATA_WIDTH' with value '64'.
[2025-09-14 20:34:26] INFO: [IP_Flow 19-4728] Bus Interface 'S_AXI_CTRL': Added interface parameter 'RUSER_WIDTH' with value '0'.
[2025-09-14 20:34:26] INFO: [IP_Flow 19-4728] Bus Interface 'M_AXI_DDR0': Added interface parameter 'HAS_BRESP' with value '1'.
[2025-09-14 20:34:26] INFO: [IP_Flow 19-4728] Bus Interface 'S_AXI_CTRL': Added interface parameter 'SUPPORTS_NARROW_BURST' with value '0'.
[2025-09-14 20:34:26] INFO: [IP_Flow 19-4728] Bus Interface 'M_AXI_DDR0': Added interface parameter 'HAS_BURST' with value '1'.
[2025-09-14 20:34:26] INFO: [IP_Flow 19-4728] Bus Interface 'S_AXI_CTRL': Added interface parameter 'WUSER_BITS_PER_BYTE' with value '0'.
[2025-09-14 20:34:26] INFO: [IP_Flow 19-4728] Bus Interface 'M_AXI_DDR0': Added interface parameter 'HAS_CACHE' with value '1'.
[2025-09-14 20:34:26] INFO: [IP_Flow 19-4728] Bus Interface 'S_AXI_CTRL': Added interface parameter 'WUSER_WIDTH' with value '0'.
[2025-09-14 20:34:26] INFO: [IP_Flow 19-4728] Bus Interface 'M_AXI_DDR0': Added interface parameter 'HAS_LOCK' with value '1'.
[2025-09-14 20:34:26] INFO: [IP_Flow 19-4728] Bus Interface 'S_AXI_DMA': Added interface parameter 'ADDR_WIDTH' with value '64'.
[2025-09-14 20:34:26] INFO: [IP_Flow 19-4728] Bus Interface 'M_AXI_DDR0': Added interface parameter 'HAS_PROT' with value '1'.
[2025-09-14 20:34:26] INFO: [IP_Flow 19-4728] Bus Interface 'S_AXI_DMA': Added interface parameter 'ARUSER_WIDTH' with value '0'.
[2025-09-14 20:34:26] INFO: [IP_Flow 19-4728] Bus Interface 'M_AXI_DDR0': Added interface parameter 'HAS_QOS' with value '1'.
[2025-09-14 20:34:26] INFO: [IP_Flow 19-4728] Bus Interface 'S_AXI_DMA': Added interface parameter 'AWUSER_WIDTH' with value '0'.
[2025-09-14 20:34:26] INFO: [IP_Flow 19-4728] Bus Interface 'M_AXI_DDR0': Added interface parameter 'HAS_REGION' with value '1'.
[2025-09-14 20:34:26] INFO: [IP_Flow 19-4728] Bus Interface 'S_AXI_DMA': Added interface parameter 'BUSER_WIDTH' with value '0'.
[2025-09-14 20:34:26] INFO: [IP_Flow 19-4728] Bus Interface 'M_AXI_DDR0': Added interface parameter 'HAS_RRESP' with value '1'.
[2025-09-14 20:34:26] INFO: [IP_Flow 19-4728] Bus Interface 'S_AXI_DMA': Added interface parameter 'CLK_DOMAIN' with value 'design_1_clk_wiz_0_0_clk_out1'.
[2025-09-14 20:34:26] INFO: [IP_Flow 19-4728] Bus Interface 'M_AXI_DDR0': Added interface parameter 'HAS_WSTRB' with value '1'.
[2025-09-14 20:34:26] INFO: [IP_Flow 19-4728] Bus Interface 'S_AXI_DMA': Added interface parameter 'DATA_WIDTH' with value '512'.
[2025-09-14 20:34:26] INFO: [IP_Flow 19-4728] Bus Interface 'M_AXI_DDR0': Added interface parameter 'ID_WIDTH' with value '16'.
[2025-09-14 20:34:26] INFO: [IP_Flow 19-4728] Bus Interface 'S_AXI_DMA': Added interface parameter 'HAS_BRESP' with value '1'.
[2025-09-14 20:34:26] INFO: [IP_Flow 19-4728] Bus Interface 'M_AXI_DDR0': Added interface parameter 'INSERT_VIP' with value '0'.
[2025-09-14 20:34:26] INFO: [IP_Flow 19-4728] Bus Interface 'S_AXI_DMA': Added interface parameter 'HAS_BURST' with value '0'.
[2025-09-14 20:34:26] INFO: [IP_Flow 19-4728] Bus Interface 'M_AXI_DDR0': Added interface parameter 'MAX_BURST_LENGTH' with value '256'.
[2025-09-14 20:34:26] INFO: [IP_Flow 19-4728] Bus Interface 'S_AXI_DMA': Added interface parameter 'HAS_CACHE' with value '1'.
[2025-09-14 20:34:26] INFO: [IP_Flow 19-4728] Bus Interface 'M_AXI_DDR0': Added interface parameter 'NUM_READ_OUTSTANDING' with value '2'.
[2025-09-14 20:34:26] INFO: [IP_Flow 19-4728] Bus Interface 'S_AXI_DMA': Added interface parameter 'HAS_LOCK' with value '1'.
[2025-09-14 20:34:26] INFO: [IP_Flow 19-4728] Bus Interface 'M_AXI_DDR0': Added interface parameter 'NUM_READ_THREADS' with value '1'.
[2025-09-14 20:34:26] INFO: [IP_Flow 19-4728] Bus Interface 'S_AXI_DMA': Added interface parameter 'HAS_PROT' with value '1'.
[2025-09-14 20:34:26] INFO: [IP_Flow 19-4728] Bus Interface 'M_AXI_DDR0': Added interface parameter 'NUM_WRITE_OUTSTANDING' with value '2'.
[2025-09-14 20:34:26] INFO: [IP_Flow 19-4728] Bus Interface 'S_AXI_DMA': Added interface parameter 'HAS_QOS' with value '0'.
[2025-09-14 20:34:26] INFO: [IP_Flow 19-4728] Bus Interface 'M_AXI_DDR0': Added interface parameter 'NUM_WRITE_THREADS' with value '1'.
[2025-09-14 20:34:26] INFO: [IP_Flow 19-4728] Bus Interface 'S_AXI_DMA': Added interface parameter 'HAS_REGION' with value '0'.
[2025-09-14 20:34:26] INFO: [IP_Flow 19-4728] Bus Interface 'M_AXI_DDR0': Added interface parameter 'PHASE' with value '0'.
[2025-09-14 20:34:26] INFO: [IP_Flow 19-4728] Bus Interface 'S_AXI_DMA': Added interface parameter 'HAS_RRESP' with value '1'.
[2025-09-14 20:34:26] INFO: [IP_Flow 19-4728] Bus Interface 'M_AXI_DDR0': Added interface parameter 'PROTOCOL' with value 'AXI4'.
[2025-09-14 20:34:26] INFO: [IP_Flow 19-4728] Bus Interface 'S_AXI_DMA': Added interface parameter 'HAS_WSTRB' with value '1'.
[2025-09-14 20:34:26] INFO: [IP_Flow 19-4728] Bus Interface 'M_AXI_DDR0': Added interface parameter 'READ_WRITE_MODE' with value 'READ_WRITE'.
[2025-09-14 20:34:26] INFO: [IP_Flow 19-4728] Bus Interface 'S_AXI_DMA': Added interface parameter 'ID_WIDTH' with value '4'.
[2025-09-14 20:34:26] INFO: [IP_Flow 19-4728] Bus Interface 'M_AXI_DDR0': Added interface parameter 'RUSER_BITS_PER_BYTE' with value '0'.
[2025-09-14 20:34:26] INFO: [IP_Flow 19-4728] Bus Interface 'S_AXI_DMA': Added interface parameter 'INSERT_VIP' with value '0'.
[2025-09-14 20:34:26] INFO: [IP_Flow 19-4728] Bus Interface 'M_AXI_DDR0': Added interface parameter 'RUSER_WIDTH' with value '0'.
[2025-09-14 20:34:26] INFO: [IP_Flow 19-4728] Bus Interface 'S_AXI_DMA': Added interface parameter 'MAX_BURST_LENGTH' with value '256'.
[2025-09-14 20:34:26] INFO: [IP_Flow 19-4728] Bus Interface 'M_AXI_DDR0': Added interface parameter 'SUPPORTS_NARROW_BURST' with value '1'.
[2025-09-14 20:34:26] INFO: [IP_Flow 19-4728] Bus Interface 'S_AXI_DMA': Added interface parameter 'NUM_READ_OUTSTANDING' with value '32'.
[2025-09-14 20:34:26] INFO: [IP_Flow 19-4728] Bus Interface 'M_AXI_DDR0': Added interface parameter 'WUSER_BITS_PER_BYTE' with value '0'.
[2025-09-14 20:34:26] INFO: [IP_Flow 19-4728] Bus Interface 'S_AXI_DMA': Added interface parameter 'NUM_READ_THREADS' with value '4'.
[2025-09-14 20:34:26] INFO: [IP_Flow 19-4728] Bus Interface 'M_AXI_DDR0': Added interface parameter 'WUSER_WIDTH' with value '0'.
[2025-09-14 20:34:26] INFO: [IP_Flow 19-4728] Bus Interface 'S_AXI_DMA': Added interface parameter 'NUM_WRITE_OUTSTANDING' with value '16'.
[2025-09-14 20:34:26] INFO: [IP_Flow 19-4728] Bus Interface 'CLK.SYS_CLK_30': Added interface parameter 'ASSOCIATED_BUSIF' with value 'S_AXI_CTRL'.
[2025-09-14 20:34:26] INFO: [IP_Flow 19-4728] Bus Interface 'S_AXI_DMA': Added interface parameter 'NUM_WRITE_THREADS' with value '4'.
[2025-09-14 20:34:26] INFO: [IP_Flow 19-4728] Bus Interface 'CLK.SYS_CLK_30': Added interface parameter 'CLK_DOMAIN' with value 'design_1_clk_wiz_0_0_clk_out1'.
[2025-09-14 20:34:26] INFO: [IP_Flow 19-4728] Bus Interface 'S_AXI_DMA': Added interface parameter 'PHASE' with value '0'.
[2025-09-14 20:34:26] INFO: [IP_Flow 19-4728] Bus Interface 'CLK.SYS_CLK_30': Added interface parameter 'INSERT_VIP' with value '0'.
[2025-09-14 20:34:26] INFO: [IP_Flow 19-4728] Bus Interface 'S_AXI_DMA': Added interface parameter 'PROTOCOL' with value 'AXI4'.
[2025-09-14 20:34:26] INFO: [IP_Flow 19-4728] Bus Interface 'CLK.SYS_CLK_30': Added interface parameter 'PHASE' with value '0'.
[2025-09-14 20:34:26] INFO: [IP_Flow 19-4728] Bus Interface 'S_AXI_DMA': Added interface parameter 'READ_WRITE_MODE' with value 'READ_WRITE'.
[2025-09-14 20:34:26] INFO: [IP_Flow 19-4728] Bus Interface 'RST.SYS_RESET_N': Added interface parameter 'INSERT_VIP' with value '0'.
[2025-09-14 20:34:26] INFO: [IP_Flow 19-4728] Bus Interface 'S_AXI_DMA': Added interface parameter 'RUSER_BITS_PER_BYTE' with value '0'.
[2025-09-14 20:34:26] INFO: [IP_Flow 19-4728] Bus Interface 'RST.SYS_RESET_N': Added interface parameter 'POLARITY' with value 'ACTIVE_LOW'.
[2025-09-14 20:34:26] INFO: [IP_Flow 19-4728] Bus Interface 'S_AXI_DMA': Added interface parameter 'RUSER_WIDTH' with value '0'.
[2025-09-14 20:34:26] WARNING: [IP_Flow 19-3157] Bus Interface 'RST.SYS_RESET_N': Bus parameter POLARITY is ACTIVE_LOW but port 'sys_reset_n' is not *resetn - please double check the POLARITY setting.
[2025-09-14 20:34:26] INFO: [IP_Flow 19-4728] Bus Interface 'S_AXI_DMA': Added interface parameter 'SUPPORTS_NARROW_BURST' with value '0'.
[2025-09-14 20:34:26] INFO: [IP_Flow 19-234] Refreshing IP repositories
[2025-09-14 20:34:26] INFO: [IP_Flow 19-4728] Bus Interface 'S_AXI_DMA': Added interface parameter 'WUSER_BITS_PER_BYTE' with value '0'.
[2025-09-14 20:34:26] INFO: [IP_Flow 19-1704] No user IP repositories specified
[2025-09-14 20:34:26] INFO: [IP_Flow 19-4728] Bus Interface 'S_AXI_DMA': Added interface parameter 'WUSER_WIDTH' with value '0'.
[2025-09-14 20:34:26] INFO: [IP_Flow 19-4728] Bus Interface 'M_AXI_DDR0': Added interface parameter 'ADDR_WIDTH' with value '34'.
[2025-09-14 20:34:26] INFO: [IP_Flow 19-4728] Bus Interface 'M_AXI_DDR0': Added interface parameter 'ARUSER_WIDTH' with value '0'.
[2025-09-14 20:34:26] INFO: [IP_Flow 19-4728] Bus Interface 'M_AXI_DDR0': Added interface parameter 'AWUSER_WIDTH' with value '0'.
[2025-09-14 20:34:26] INFO: [IP_Flow 19-4728] Bus Interface 'M_AXI_DDR0': Added interface parameter 'BUSER_WIDTH' with value '0'.
[2025-09-14 20:34:26] INFO: [IP_Flow 19-4728] Bus Interface 'M_AXI_DDR0': Added interface parameter 'CLK_DOMAIN' with value 'design_1_clk_wiz_0_0_clk_out1'.
[2025-09-14 20:34:26] INFO: [IP_Flow 19-4728] Bus Interface 'M_AXI_DDR0': Added interface parameter 'DATA_WIDTH' with value '64'.
[2025-09-14 20:34:26] INFO: [IP_Flow 19-4728] Bus Interface 'M_AXI_DDR0': Added interface parameter 'HAS_BRESP' with value '1'.
[2025-09-14 20:34:26] INFO: [IP_Flow 19-4728] Bus Interface 'M_AXI_DDR0': Added interface parameter 'HAS_BURST' with value '1'.
[2025-09-14 20:34:26] INFO: [IP_Flow 19-4728] Bus Interface 'M_AXI_DDR0': Added interface parameter 'HAS_CACHE' with value '1'.
[2025-09-14 20:34:26] INFO: [IP_Flow 19-4728] Bus Interface 'M_AXI_DDR0': Added interface parameter 'HAS_LOCK' with value '1'.
[2025-09-14 20:34:26] INFO: [IP_Flow 19-4728] Bus Interface 'M_AXI_DDR0': Added interface parameter 'HAS_PROT' with value '1'.
[2025-09-14 20:34:26] INFO: [IP_Flow 19-4728] Bus Interface 'M_AXI_DDR0': Added interface parameter 'HAS_QOS' with value '1'.
[2025-09-14 20:34:26] INFO: [IP_Flow 19-4728] Bus Interface 'M_AXI_DDR0': Added interface parameter 'HAS_REGION' with value '1'.
[2025-09-14 20:34:26] INFO: [IP_Flow 19-4728] Bus Interface 'M_AXI_DDR0': Added interface parameter 'HAS_RRESP' with value '1'.
[2025-09-14 20:34:26] INFO: [IP_Flow 19-4728] Bus Interface 'M_AXI_DDR0': Added interface parameter 'HAS_WSTRB' with value '1'.
[2025-09-14 20:34:26] INFO: [IP_Flow 19-4728] Bus Interface 'M_AXI_DDR0': Added interface parameter 'ID_WIDTH' with value '16'.
[2025-09-14 20:34:26] INFO: [IP_Flow 19-4728] Bus Interface 'M_AXI_DDR0': Added interface parameter 'INSERT_VIP' with value '0'.
[2025-09-14 20:34:26] INFO: [IP_Flow 19-4728] Bus Interface 'M_AXI_DDR0': Added interface parameter 'MAX_BURST_LENGTH' with value '256'.
[2025-09-14 20:34:26] INFO: [IP_Flow 19-4728] Bus Interface 'M_AXI_DDR0': Added interface parameter 'NUM_READ_OUTSTANDING' with value '2'.
[2025-09-14 20:34:27] INFO: [IP_Flow 19-4728] Bus Interface 'M_AXI_DDR0': Added interface parameter 'NUM_READ_THREADS' with value '1'.
[2025-09-14 20:34:27] INFO: [IP_Flow 19-4728] Bus Interface 'M_AXI_DDR0': Added interface parameter 'NUM_WRITE_OUTSTANDING' with value '2'.
[2025-09-14 20:34:27] INFO: [IP_Flow 19-4728] Bus Interface 'M_AXI_DDR0': Added interface parameter 'NUM_WRITE_THREADS' with value '1'.
[2025-09-14 20:34:27] INFO: [IP_Flow 19-4728] Bus Interface 'M_AXI_DDR0': Added interface parameter 'PHASE' with value '0'.
[2025-09-14 20:34:27] INFO: [IP_Flow 19-4728] Bus Interface 'M_AXI_DDR0': Added interface parameter 'PROTOCOL' with value 'AXI4'.
[2025-09-14 20:34:27] INFO: [IP_Flow 19-4728] Bus Interface 'M_AXI_DDR0': Added interface parameter 'READ_WRITE_MODE' with value 'READ_WRITE'.
[2025-09-14 20:34:27] INFO: [IP_Flow 19-4728] Bus Interface 'M_AXI_DDR0': Added interface parameter 'RUSER_BITS_PER_BYTE' with value '0'.
[2025-09-14 20:34:27] INFO: [IP_Flow 19-4728] Bus Interface 'M_AXI_DDR0': Added interface parameter 'RUSER_WIDTH' with value '0'.
[2025-09-14 20:34:27] INFO: [IP_Flow 19-4728] Bus Interface 'M_AXI_DDR0': Added interface parameter 'SUPPORTS_NARROW_BURST' with value '1'.
[2025-09-14 20:34:27] INFO: [IP_Flow 19-4728] Bus Interface 'M_AXI_DDR0': Added interface parameter 'WUSER_BITS_PER_BYTE' with value '0'.
[2025-09-14 20:34:27] INFO: [IP_Flow 19-4728] Bus Interface 'M_AXI_DDR0': Added interface parameter 'WUSER_WIDTH' with value '0'.
[2025-09-14 20:34:27] INFO: [IP_Flow 19-4728] Bus Interface 'CLK.SYS_CLK_30': Added interface parameter 'ASSOCIATED_BUSIF' with value 'S_AXI_CTRL'.
[2025-09-14 20:34:27] INFO: [IP_Flow 19-4728] Bus Interface 'CLK.SYS_CLK_30': Added interface parameter 'CLK_DOMAIN' with value 'design_1_clk_wiz_0_0_clk_out1'.
[2025-09-14 20:34:27] INFO: [IP_Flow 19-4728] Bus Interface 'CLK.SYS_CLK_30': Added interface parameter 'INSERT_VIP' with value '0'.
[2025-09-14 20:34:27] INFO: [IP_Flow 19-4728] Bus Interface 'CLK.SYS_CLK_30': Added interface parameter 'PHASE' with value '0'.
[2025-09-14 20:34:27] INFO: [IP_Flow 19-4728] Bus Interface 'RST.SYS_RESET_N': Added interface parameter 'INSERT_VIP' with value '0'.
[2025-09-14 20:34:27] INFO: [IP_Flow 19-4728] Bus Interface 'RST.SYS_RESET_N': Added interface parameter 'POLARITY' with value 'ACTIVE_LOW'.
[2025-09-14 20:34:27] WARNING: [IP_Flow 19-3157] Bus Interface 'RST.SYS_RESET_N': Bus parameter POLARITY is ACTIVE_LOW but port 'sys_reset_n' is not *resetn - please double check the POLARITY setting.
[2025-09-14 20:34:27] INFO: [IP_Flow 19-234] Refreshing IP repositories
[2025-09-14 20:34:27] INFO: [IP_Flow 19-1704] No user IP repositories specified
[2025-09-14 20:34:33] create_bd_cell: Time (s): cpu = 00:00:07 ; elapsed = 00:00:08 . Memory (MB): peak = 3565.543 ; gain = 122.484 ; free physical = 246313 ; free virtual = 249188
[2025-09-14 20:34:33] create_bd_cell: Time (s): cpu = 00:00:07 ; elapsed = 00:00:08 . Memory (MB): peak = 3557.020 ; gain = 111.273 ; free physical = 240980 ; free virtual = 243745
[2025-09-14 20:34:34] create_bd_cell: Time (s): cpu = 00:00:07 ; elapsed = 00:00:08 . Memory (MB): peak = 3565.543 ; gain = 122.484 ; free physical = 243398 ; free virtual = 246927
[2025-09-14 20:34:34] create_bd_cell: Time (s): cpu = 00:00:07 ; elapsed = 00:00:08 . Memory (MB): peak = 3556.371 ; gain = 108.273 ; free physical = 244525 ; free virtual = 248279
[2025-09-14 20:34:34] create_bd_cell: Time (s): cpu = 00:00:07 ; elapsed = 00:00:08 . Memory (MB): peak = 3554.270 ; gain = 115.273 ; free physical = 245759 ; free virtual = 248633
[2025-09-14 20:34:36] WARNING: [BD 5-699] No address segments matched 'get_bd_addr_segs -of_object /ilmb_cntlr/SLMB/Mem'
[2025-09-14 20:34:36] WARNING: [BD 5-699] No address segments matched 'get_bd_addr_segs -of_object /second_ilmb_cntlr/SLMB/Mem'
[2025-09-14 20:34:36] WARNING: [BD 5-699] No address segments matched 'get_bd_addr_segs -of_object /dlmb_cntlr/SLMB/Mem'
[2025-09-14 20:34:36] WARNING: [BD 5-699] No address segments matched 'get_bd_addr_segs -of_object /second_dlmb_cntlr/SLMB/Mem'
[2025-09-14 20:34:36] WARNING: [BD 5-699] No address segments matched 'get_bd_addr_segs -of_object /iomodule_0/SLMB/Reg'
[2025-09-14 20:34:36] WARNING: [BD 5-699] No address segments matched 'get_bd_addr_segs -of_object /iomodule_0/SLMB/IO'
[2025-09-14 20:34:37] CRITICAL WARNING: [BD 41-1356] Slave segment </ddr4_0/C0_DDR4_MEMORY_MAP_CTRL/C0_REG> is not assigned into address space </axi_tieoff_master_0/TIEOFF_M_AXI_CTRL_0>. Please use Address Editor to either assign or exclude it.
[2025-09-14 20:34:37] CRITICAL WARNING: [BD 41-1356] Slave segment </ddr4_0/C0_DDR4_MEMORY_MAP/C0_DDR4_ADDRESS_BLOCK> is not assigned into address space </firesim_wrapper_0/M_AXI_DDR0>. Please use Address Editor to either assign or exclude it.
[2025-09-14 20:34:37] CRITICAL WARNING: [BD 41-1356] Slave segment </firesim_wrapper_0/S_AXI_DMA/reg0> is not assigned into address space </xdma_0/M_AXI>. Please use Address Editor to either assign or exclude it.
[2025-09-14 20:34:37] CRITICAL WARNING: [BD 41-1356] Slave segment </firesim_wrapper_0/S_AXI_CTRL/reg0> is not assigned into address space </xdma_0/M_AXI_LITE>. Please use Address Editor to either assign or exclude it.
[2025-09-14 20:34:37] create_bd_cell: Time (s): cpu = 00:00:23 ; elapsed = 00:00:49 . Memory (MB): peak = 3426.996 ; gain = 424.758 ; free physical = 182425 ; free virtual = 184814
[2025-09-14 20:34:38] WARNING: [BD 5-699] No address segments matched 'get_bd_addr_segs -of_object /ilmb_cntlr/SLMB/Mem'
[2025-09-14 20:34:38] WARNING: [BD 5-699] No address segments matched 'get_bd_addr_segs -of_object /second_ilmb_cntlr/SLMB/Mem'
[2025-09-14 20:34:38] WARNING: [BD 5-699] No address segments matched 'get_bd_addr_segs -of_object /dlmb_cntlr/SLMB/Mem'
[2025-09-14 20:34:38] WARNING: [BD 5-699] No address segments matched 'get_bd_addr_segs -of_object /second_dlmb_cntlr/SLMB/Mem'
[2025-09-14 20:34:38] WARNING: [BD 5-699] No address segments matched 'get_bd_addr_segs -of_object /iomodule_0/SLMB/Reg'
[2025-09-14 20:34:38] WARNING: [BD 5-699] No address segments matched 'get_bd_addr_segs -of_object /iomodule_0/SLMB/IO'
[2025-09-14 20:34:39] WARNING: [BD 5-699] No address segments matched 'get_bd_addr_segs -of_object /ilmb_cntlr/SLMB/Mem'
[2025-09-14 20:34:39] WARNING: [BD 5-699] No address segments matched 'get_bd_addr_segs -of_object /second_ilmb_cntlr/SLMB/Mem'
[2025-09-14 20:34:39] WARNING: [BD 5-699] No address segments matched 'get_bd_addr_segs -of_object /dlmb_cntlr/SLMB/Mem'
[2025-09-14 20:34:39] WARNING: [BD 5-699] No address segments matched 'get_bd_addr_segs -of_object /second_dlmb_cntlr/SLMB/Mem'
[2025-09-14 20:34:39] create_bd_cell: Time (s): cpu = 00:00:23 ; elapsed = 00:00:50 . Memory (MB): peak = 3426.750 ; gain = 423.312 ; free physical = 755436 ; free virtual = 759416
[2025-09-14 20:34:39] WARNING: [BD 5-699] No address segments matched 'get_bd_addr_segs -of_object /iomodule_0/SLMB/Reg'
[2025-09-14 20:34:39] WARNING: [BD 5-699] No address segments matched 'get_bd_addr_segs -of_object /iomodule_0/SLMB/IO'
[2025-09-14 20:34:42] CRITICAL WARNING: [BD 41-1356] Slave segment </ddr4_0/C0_DDR4_MEMORY_MAP_CTRL/C0_REG> is not assigned into address space </axi_tieoff_master_0/TIEOFF_M_AXI_CTRL_0>. Please use Address Editor to either assign or exclude it.
[2025-09-14 20:34:42] CRITICAL WARNING: [BD 41-1356] Slave segment </ddr4_0/C0_DDR4_MEMORY_MAP/C0_DDR4_ADDRESS_BLOCK> is not assigned into address space </firesim_wrapper_0/M_AXI_DDR0>. Please use Address Editor to either assign or exclude it.
[2025-09-14 20:34:42] CRITICAL WARNING: [BD 41-1356] Slave segment </firesim_wrapper_0/S_AXI_DMA/reg0> is not assigned into address space </xdma_0/M_AXI>. Please use Address Editor to either assign or exclude it.
[2025-09-14 20:34:42] CRITICAL WARNING: [BD 41-1356] Slave segment </firesim_wrapper_0/S_AXI_CTRL/reg0> is not assigned into address space </xdma_0/M_AXI_LITE>. Please use Address Editor to either assign or exclude it.
[2025-09-14 20:34:42] INFO: [xilinx.com:ip:clk_wiz:6.0-1] /clk_wiz_0 clk_wiz propagate
[2025-09-14 20:34:42] validate_bd_design: Time (s): cpu = 00:00:04 ; elapsed = 00:00:05 . Memory (MB): peak = 3575.211 ; gain = 18.156 ; free physical = 172634 ; free virtual = 177270
[2025-09-14 20:34:42] CRITICAL WARNING: [BD 41-1356] Slave segment </ddr4_0/C0_DDR4_MEMORY_MAP_CTRL/C0_REG> is not assigned into address space </axi_tieoff_master_0/TIEOFF_M_AXI_CTRL_0>. Please use Address Editor to either assign or exclude it.
[2025-09-14 20:34:42] WARNING: [filemgmt 56-443] The ECC Algorithm string is empty. Setting the Memory Map to default ECC value to ECC_NONE.
[2025-09-14 20:34:42] CRITICAL WARNING: [BD 41-1356] Slave segment </ddr4_0/C0_DDR4_MEMORY_MAP/C0_DDR4_ADDRESS_BLOCK> is not assigned into address space </firesim_wrapper_0/M_AXI_DDR0>. Please use Address Editor to either assign or exclude it.
[2025-09-14 20:34:42] CRITICAL WARNING: [BD 41-1356] Slave segment </firesim_wrapper_0/S_AXI_DMA/reg0> is not assigned into address space </xdma_0/M_AXI>. Please use Address Editor to either assign or exclude it.
[2025-09-14 20:34:42] WARNING: [filemgmt 56-443] The ECC Algorithm string is empty. Setting the Memory Map to default ECC value to ECC_NONE.
[2025-09-14 20:34:42] CRITICAL WARNING: [BD 41-1356] Slave segment </firesim_wrapper_0/S_AXI_CTRL/reg0> is not assigned into address space </xdma_0/M_AXI_LITE>. Please use Address Editor to either assign or exclude it.
[2025-09-14 20:34:43] CRITICAL WARNING: [BD 41-1356] Slave segment </ddr4_0/C0_DDR4_MEMORY_MAP_CTRL/C0_REG> is not assigned into address space </axi_tieoff_master_0/TIEOFF_M_AXI_CTRL_0>. Please use Address Editor to either assign or exclude it.
[2025-09-14 20:34:43] CRITICAL WARNING: [BD 41-1356] Slave segment </ddr4_0/C0_DDR4_MEMORY_MAP/C0_DDR4_ADDRESS_BLOCK> is not assigned into address space </firesim_wrapper_0/M_AXI_DDR0>. Please use Address Editor to either assign or exclude it.
[2025-09-14 20:34:43] CRITICAL WARNING: [BD 41-1356] Slave segment </firesim_wrapper_0/S_AXI_CTRL/reg0> is not assigned into address space </xdma_0/M_AXI_LITE>. Please use Address Editor to either assign or exclude it.
[2025-09-14 20:34:43] CRITICAL WARNING: [BD 41-1356] Slave segment </firesim_wrapper_0/S_AXI_DMA/reg0> is not assigned into address space </xdma_0/M_AXI>. Please use Address Editor to either assign or exclude it.
[2025-09-14 20:34:43] WARNING: [BD 5-699] No address segments matched 'get_bd_addr_segs -of_object /ilmb_cntlr/SLMB/Mem'
[2025-09-14 20:34:43] WARNING: [BD 5-699] No address segments matched 'get_bd_addr_segs -of_object /second_ilmb_cntlr/SLMB/Mem'
[2025-09-14 20:34:43] WARNING: [BD 5-699] No address segments matched 'get_bd_addr_segs -of_object /dlmb_cntlr/SLMB/Mem'
[2025-09-14 20:34:43] WARNING: [BD 5-699] No address segments matched 'get_bd_addr_segs -of_object /second_dlmb_cntlr/SLMB/Mem'
[2025-09-14 20:34:43] WARNING: [BD 5-699] No address segments matched 'get_bd_addr_segs -of_object /iomodule_0/SLMB/Reg'
[2025-09-14 20:34:43] WARNING: [BD 5-699] No address segments matched 'get_bd_addr_segs -of_object /iomodule_0/SLMB/IO'
[2025-09-14 20:34:43] CRITICAL WARNING: [BD 41-1356] Slave segment </ddr4_0/C0_DDR4_MEMORY_MAP_CTRL/C0_REG> is not assigned into address space </axi_tieoff_master_0/TIEOFF_M_AXI_CTRL_0>. Please use Address Editor to either assign or exclude it.
[2025-09-14 20:34:43] CRITICAL WARNING: [BD 41-1356] Slave segment </ddr4_0/C0_DDR4_MEMORY_MAP/C0_DDR4_ADDRESS_BLOCK> is not assigned into address space </firesim_wrapper_0/M_AXI_DDR0>. Please use Address Editor to either assign or exclude it.
[2025-09-14 20:34:43] CRITICAL WARNING: [BD 41-1356] Slave segment </firesim_wrapper_0/S_AXI_DMA/reg0> is not assigned into address space </xdma_0/M_AXI>. Please use Address Editor to either assign or exclude it.
[2025-09-14 20:34:43] CRITICAL WARNING: [BD 41-1356] Slave segment </firesim_wrapper_0/S_AXI_CTRL/reg0> is not assigned into address space </xdma_0/M_AXI_LITE>. Please use Address Editor to either assign or exclude it.
[2025-09-14 20:34:43] Wrote  : </cluster/home/eirikwit/vortex-gpgpu/chipyard/sims/firesim/sim/generated-src/alveo/FireSim-FireSimV2S1C-BaseF1Config1Mem_F25MHz/u250/vivado_proj/firesim.srcs/sources_1/bd/design_1/design_1.bd> 
[2025-09-14 20:34:43] # make_wrapper -files [get_files ${root_dir}/vivado_proj/firesim.srcs/sources_1/bd/design_1/design_1.bd] -top
[2025-09-14 20:34:43] INFO: [BD 41-1662] The design 'design_1.bd' is already validated. Therefore parameter propagation will not be re-run.
[2025-09-14 20:34:43] CRITICAL WARNING: [BD 41-1356] Slave segment </ddr4_0/C0_DDR4_MEMORY_MAP_CTRL/C0_REG> is not assigned into address space </axi_tieoff_master_0/TIEOFF_M_AXI_CTRL_0>. Please use Address Editor to either assign or exclude it.
[2025-09-14 20:34:43] CRITICAL WARNING: [BD 41-1356] Slave segment </ddr4_0/C0_DDR4_MEMORY_MAP/C0_DDR4_ADDRESS_BLOCK> is not assigned into address space </firesim_wrapper_0/M_AXI_DDR0>. Please use Address Editor to either assign or exclude it.
[2025-09-14 20:34:43] CRITICAL WARNING: [BD 41-1356] Slave segment </firesim_wrapper_0/S_AXI_DMA/reg0> is not assigned into address space </xdma_0/M_AXI>. Please use Address Editor to either assign or exclude it.
[2025-09-14 20:34:43] CRITICAL WARNING: [BD 41-1356] Slave segment </firesim_wrapper_0/S_AXI_CTRL/reg0> is not assigned into address space </xdma_0/M_AXI_LITE>. Please use Address Editor to either assign or exclude it.
[2025-09-14 20:34:43] WARNING: [BD 5-699] No address segments matched 'get_bd_addr_segs -of_object /ilmb_cntlr/SLMB/Mem'
[2025-09-14 20:34:43] WARNING: [BD 5-699] No address segments matched 'get_bd_addr_segs -of_object /second_ilmb_cntlr/SLMB/Mem'
[2025-09-14 20:34:43] WARNING: [BD 5-699] No address segments matched 'get_bd_addr_segs -of_object /dlmb_cntlr/SLMB/Mem'
[2025-09-14 20:34:43] WARNING: [BD 5-699] No address segments matched 'get_bd_addr_segs -of_object /second_dlmb_cntlr/SLMB/Mem'
[2025-09-14 20:34:43] WARNING: [BD 5-699] No address segments matched 'get_bd_addr_segs -of_object /iomodule_0/SLMB/Reg'
[2025-09-14 20:34:43] WARNING: [BD 5-699] No address segments matched 'get_bd_addr_segs -of_object /iomodule_0/SLMB/IO'
[2025-09-14 20:34:43] Verilog Output written to : /cluster/home/eirikwit/vortex-gpgpu/chipyard/sims/firesim/sim/generated-src/alveo/FireSim-FireSimV2S1C-BaseF1Config1Mem_F25MHz/u250/vivado_proj/firesim.gen/sources_1/bd/design_1/synth/design_1.v
[2025-09-14 20:34:44] WARNING: [BD 5-699] No address segments matched 'get_bd_addr_segs -of_object /ilmb_cntlr/SLMB/Mem'
[2025-09-14 20:34:44] WARNING: [BD 5-699] No address segments matched 'get_bd_addr_segs -of_object /second_ilmb_cntlr/SLMB/Mem'
[2025-09-14 20:34:44] WARNING: [BD 5-699] No address segments matched 'get_bd_addr_segs -of_object /dlmb_cntlr/SLMB/Mem'
[2025-09-14 20:34:44] WARNING: [BD 5-699] No address segments matched 'get_bd_addr_segs -of_object /second_dlmb_cntlr/SLMB/Mem'
[2025-09-14 20:34:44] WARNING: [BD 5-699] No address segments matched 'get_bd_addr_segs -of_object /iomodule_0/SLMB/Reg'
[2025-09-14 20:34:44] WARNING: [BD 5-699] No address segments matched 'get_bd_addr_segs -of_object /iomodule_0/SLMB/IO'
[2025-09-14 20:34:44] Verilog Output written to : /cluster/home/eirikwit/vortex-gpgpu/chipyard/sims/firesim/sim/generated-src/alveo/FireSim-FireSimV2S1C-BaseF1Config1Mem_F25MHz/u250/vivado_proj/firesim.gen/sources_1/bd/design_1/sim/design_1.v
[2025-09-14 20:34:44] WARNING: [BD 5-699] No address segments matched 'get_bd_addr_segs -of_object /ilmb_cntlr/SLMB/Mem'
[2025-09-14 20:34:44] WARNING: [BD 5-699] No address segments matched 'get_bd_addr_segs -of_object /second_ilmb_cntlr/SLMB/Mem'
[2025-09-14 20:34:44] WARNING: [BD 5-699] No address segments matched 'get_bd_addr_segs -of_object /dlmb_cntlr/SLMB/Mem'
[2025-09-14 20:34:44] WARNING: [BD 5-699] No address segments matched 'get_bd_addr_segs -of_object /second_dlmb_cntlr/SLMB/Mem'
[2025-09-14 20:34:44] WARNING: [BD 5-699] No address segments matched 'get_bd_addr_segs -of_object /iomodule_0/SLMB/Reg'
[2025-09-14 20:34:44] WARNING: [BD 5-699] No address segments matched 'get_bd_addr_segs -of_object /iomodule_0/SLMB/IO'
[2025-09-14 20:34:44] Verilog Output written to : /cluster/home/eirikwit/vortex-gpgpu/chipyard/sims/firesim/sim/generated-src/alveo/FireSim-FireSimV2S1C-BaseF1Config1Mem_F25MHz/u250/vivado_proj/firesim.gen/sources_1/bd/design_1/hdl/design_1_wrapper.v
[2025-09-14 20:34:44] # add_files -norecurse ${root_dir}/vivado_proj/firesim.gen/sources_1/bd/design_1/hdl/design_1_wrapper.v
[2025-09-14 20:34:44] # if {[file exists [set constrFile [retrieveVersionedFile ${root_dir}/design/firesim_synth.xdc $vivado_version]]]} {
[2025-09-14 20:34:44] #     create_fileset -constrset synth
[2025-09-14 20:34:44] #     add_files -fileset synth -norecurse $constrFile
[2025-09-14 20:34:44] # }
[2025-09-14 20:34:44] # if {[file exists [set constrFile [retrieveVersionedFile ${root_dir}/design/firesim_impl.xdc $vivado_version]]]} {
[2025-09-14 20:34:44] #     create_fileset -constrset impl
[2025-09-14 20:34:44] #     add_files -fileset impl -norecurse $constrFile
[2025-09-14 20:34:44] # }
[2025-09-14 20:34:44] # update_compile_order -fileset sources_1
[2025-09-14 20:34:44] INFO: [IP_Flow 19-5107] Inferred bus interface 'S_AXI_CTRL' of definition 'xilinx.com:interface:aximm:1.0' (from X_INTERFACE_INFO parameter from HDL file).
[2025-09-14 20:34:44] INFO: [IP_Flow 19-5107] Inferred bus interface 'S_AXI_CTRL' of definition 'xilinx.com:interface:aximm:1.0' (from 'X_INTERFACE_INFO' attribute).
[2025-09-14 20:34:44] INFO: [IP_Flow 19-5107] Inferred bus interface 'S_AXI_DMA' of definition 'xilinx.com:interface:aximm:1.0' (from X_INTERFACE_INFO parameter from HDL file).
[2025-09-14 20:34:44] INFO: [IP_Flow 19-5107] Inferred bus interface 'S_AXI_DMA' of definition 'xilinx.com:interface:aximm:1.0' (from 'X_INTERFACE_INFO' attribute).
[2025-09-14 20:34:44] INFO: [IP_Flow 19-5107] Inferred bus interface 'M_AXI_DDR0' of definition 'xilinx.com:interface:aximm:1.0' (from X_INTERFACE_INFO parameter from HDL file).
[2025-09-14 20:34:44] INFO: [IP_Flow 19-5107] Inferred bus interface 'M_AXI_DDR0' of definition 'xilinx.com:interface:aximm:1.0' (from 'X_INTERFACE_INFO' attribute).
[2025-09-14 20:34:44] INFO: [IP_Flow 19-5107] Inferred bus interface 'CLK.SYS_CLK_30' of definition 'xilinx.com:signal:clock:1.0' (from X_INTERFACE_INFO parameter from HDL file).
[2025-09-14 20:34:44] INFO: [IP_Flow 19-5107] Inferred bus interface 'CLK.SYS_CLK_30' of definition 'xilinx.com:signal:clock:1.0' (from 'X_INTERFACE_INFO' attribute).
[2025-09-14 20:34:44] INFO: [IP_Flow 19-5107] Inferred bus interface 'RST.SYS_RESET_N' of definition 'xilinx.com:signal:reset:1.0' (from X_INTERFACE_INFO parameter from HDL file).
[2025-09-14 20:34:44] INFO: [IP_Flow 19-5107] Inferred bus interface 'RST.SYS_RESET_N' of definition 'xilinx.com:signal:reset:1.0' (from 'X_INTERFACE_INFO' attribute).
[2025-09-14 20:34:44] INFO: [IP_Flow 19-4728] Bus Interface 'S_AXI_CTRL': Added interface parameter 'ADDR_WIDTH' with value '32'.
[2025-09-14 20:34:44] INFO: [IP_Flow 19-4728] Bus Interface 'S_AXI_CTRL': Added interface parameter 'ARUSER_WIDTH' with value '0'.
[2025-09-14 20:34:44] INFO: [IP_Flow 19-4728] Bus Interface 'S_AXI_CTRL': Added interface parameter 'AWUSER_WIDTH' with value '0'.
[2025-09-14 20:34:44] INFO: [IP_Flow 19-4728] Bus Interface 'S_AXI_CTRL': Added interface parameter 'BUSER_WIDTH' with value '0'.
[2025-09-14 20:34:44] INFO: [IP_Flow 19-4728] Bus Interface 'S_AXI_CTRL': Added interface parameter 'CLK_DOMAIN' with value 'design_1_clk_wiz_0_0_clk_out1'.
[2025-09-14 20:34:44] INFO: [IP_Flow 19-4728] Bus Interface 'S_AXI_CTRL': Added interface parameter 'DATA_WIDTH' with value '32'.
[2025-09-14 20:34:44] INFO: [IP_Flow 19-4728] Bus Interface 'S_AXI_CTRL': Added interface parameter 'HAS_BRESP' with value '1'.
[2025-09-14 20:34:44] INFO: [IP_Flow 19-4728] Bus Interface 'S_AXI_CTRL': Added interface parameter 'HAS_BURST' with value '0'.
[2025-09-14 20:34:44] INFO: [IP_Flow 19-4728] Bus Interface 'S_AXI_CTRL': Added interface parameter 'HAS_CACHE' with value '0'.
[2025-09-14 20:34:44] INFO: [IP_Flow 19-4728] Bus Interface 'S_AXI_CTRL': Added interface parameter 'HAS_LOCK' with value '0'.
[2025-09-14 20:34:44] INFO: [IP_Flow 19-4728] Bus Interface 'S_AXI_CTRL': Added interface parameter 'HAS_PROT' with value '1'.
[2025-09-14 20:34:44] INFO: [IP_Flow 19-4728] Bus Interface 'S_AXI_CTRL': Added interface parameter 'HAS_QOS' with value '0'.
[2025-09-14 20:34:44] INFO: [IP_Flow 19-4728] Bus Interface 'S_AXI_CTRL': Added interface parameter 'HAS_REGION' with value '0'.
[2025-09-14 20:34:44] INFO: [IP_Flow 19-4728] Bus Interface 'S_AXI_CTRL': Added interface parameter 'HAS_RRESP' with value '1'.
[2025-09-14 20:34:44] INFO: [IP_Flow 19-4728] Bus Interface 'S_AXI_CTRL': Added interface parameter 'HAS_WSTRB' with value '1'.
[2025-09-14 20:34:44] WARNING: [BD 5-699] No address segments matched 'get_bd_addr_segs -of_object /ilmb_cntlr/SLMB/Mem'
[2025-09-14 20:34:44] INFO: [IP_Flow 19-4728] Bus Interface 'S_AXI_CTRL': Added interface parameter 'ID_WIDTH' with value '0'.
[2025-09-14 20:34:44] WARNING: [BD 5-699] No address segments matched 'get_bd_addr_segs -of_object /second_ilmb_cntlr/SLMB/Mem'
[2025-09-14 20:34:44] INFO: [IP_Flow 19-4728] Bus Interface 'S_AXI_CTRL': Added interface parameter 'INSERT_VIP' with value '0'.
[2025-09-14 20:34:44] WARNING: [BD 5-699] No address segments matched 'get_bd_addr_segs -of_object /dlmb_cntlr/SLMB/Mem'
[2025-09-14 20:34:44] INFO: [IP_Flow 19-4728] Bus Interface 'S_AXI_CTRL': Added interface parameter 'MAX_BURST_LENGTH' with value '1'.
[2025-09-14 20:34:44] WARNING: [BD 5-699] No address segments matched 'get_bd_addr_segs -of_object /second_dlmb_cntlr/SLMB/Mem'
[2025-09-14 20:34:44] INFO: [IP_Flow 19-4728] Bus Interface 'S_AXI_CTRL': Added interface parameter 'NUM_READ_OUTSTANDING' with value '1'.
[2025-09-14 20:34:44] WARNING: [BD 5-699] No address segments matched 'get_bd_addr_segs -of_object /iomodule_0/SLMB/Reg'
[2025-09-14 20:34:44] WARNING: [BD 5-699] No address segments matched 'get_bd_addr_segs -of_object /iomodule_0/SLMB/IO'
[2025-09-14 20:34:44] INFO: [IP_Flow 19-4728] Bus Interface 'S_AXI_CTRL': Added interface parameter 'NUM_READ_THREADS' with value '1'.
[2025-09-14 20:34:44] INFO: [IP_Flow 19-4728] Bus Interface 'S_AXI_CTRL': Added interface parameter 'NUM_WRITE_OUTSTANDING' with value '1'.
[2025-09-14 20:34:44] INFO: [IP_Flow 19-4728] Bus Interface 'S_AXI_CTRL': Added interface parameter 'NUM_WRITE_THREADS' with value '1'.
[2025-09-14 20:34:44] INFO: [IP_Flow 19-4728] Bus Interface 'S_AXI_CTRL': Added interface parameter 'PHASE' with value '0'.
[2025-09-14 20:34:44] INFO: [IP_Flow 19-4728] Bus Interface 'S_AXI_CTRL': Added interface parameter 'PROTOCOL' with value 'AXI4LITE'.
[2025-09-14 20:34:44] INFO: [IP_Flow 19-4728] Bus Interface 'S_AXI_CTRL': Added interface parameter 'READ_WRITE_MODE' with value 'READ_WRITE'.
[2025-09-14 20:34:44] INFO: [IP_Flow 19-4728] Bus Interface 'S_AXI_CTRL': Added interface parameter 'RUSER_BITS_PER_BYTE' with value '0'.
[2025-09-14 20:34:44] INFO: [IP_Flow 19-4728] Bus Interface 'S_AXI_CTRL': Added interface parameter 'RUSER_WIDTH' with value '0'.
[2025-09-14 20:34:44] INFO: [IP_Flow 19-4728] Bus Interface 'S_AXI_CTRL': Added interface parameter 'SUPPORTS_NARROW_BURST' with value '0'.
[2025-09-14 20:34:44] INFO: [IP_Flow 19-4728] Bus Interface 'S_AXI_CTRL': Added interface parameter 'WUSER_BITS_PER_BYTE' with value '0'.
[2025-09-14 20:34:44] INFO: [IP_Flow 19-4728] Bus Interface 'S_AXI_CTRL': Added interface parameter 'WUSER_WIDTH' with value '0'.
[2025-09-14 20:34:44] INFO: [IP_Flow 19-4728] Bus Interface 'S_AXI_DMA': Added interface parameter 'ADDR_WIDTH' with value '64'.
[2025-09-14 20:34:44] INFO: [IP_Flow 19-4728] Bus Interface 'S_AXI_DMA': Added interface parameter 'ARUSER_WIDTH' with value '0'.
[2025-09-14 20:34:44] INFO: [IP_Flow 19-4728] Bus Interface 'S_AXI_DMA': Added interface parameter 'AWUSER_WIDTH' with value '0'.
[2025-09-14 20:34:44] INFO: [IP_Flow 19-4728] Bus Interface 'S_AXI_DMA': Added interface parameter 'BUSER_WIDTH' with value '0'.
[2025-09-14 20:34:44] INFO: [IP_Flow 19-4728] Bus Interface 'S_AXI_DMA': Added interface parameter 'CLK_DOMAIN' with value 'design_1_clk_wiz_0_0_clk_out1'.
[2025-09-14 20:34:44] INFO: [IP_Flow 19-4728] Bus Interface 'S_AXI_DMA': Added interface parameter 'DATA_WIDTH' with value '512'.
[2025-09-14 20:34:44] INFO: [IP_Flow 19-4728] Bus Interface 'S_AXI_DMA': Added interface parameter 'HAS_BRESP' with value '1'.
[2025-09-14 20:34:44] WARNING: [BD 5-699] No address segments matched 'get_bd_addr_segs -of_object /ilmb_cntlr/SLMB/Mem'
[2025-09-14 20:34:44] WARNING: [BD 5-699] No address segments matched 'get_bd_addr_segs -of_object /second_ilmb_cntlr/SLMB/Mem'
[2025-09-14 20:34:44] INFO: [IP_Flow 19-4728] Bus Interface 'S_AXI_DMA': Added interface parameter 'HAS_BURST' with value '0'.
[2025-09-14 20:34:44] WARNING: [BD 5-699] No address segments matched 'get_bd_addr_segs -of_object /dlmb_cntlr/SLMB/Mem'
[2025-09-14 20:34:44] INFO: [IP_Flow 19-4728] Bus Interface 'S_AXI_DMA': Added interface parameter 'HAS_CACHE' with value '1'.
[2025-09-14 20:34:44] WARNING: [BD 5-699] No address segments matched 'get_bd_addr_segs -of_object /second_dlmb_cntlr/SLMB/Mem'
[2025-09-14 20:34:44] INFO: [IP_Flow 19-4728] Bus Interface 'S_AXI_DMA': Added interface parameter 'HAS_LOCK' with value '1'.
[2025-09-14 20:34:44] WARNING: [BD 5-699] No address segments matched 'get_bd_addr_segs -of_object /iomodule_0/SLMB/Reg'
[2025-09-14 20:34:44] INFO: [IP_Flow 19-4728] Bus Interface 'S_AXI_DMA': Added interface parameter 'HAS_PROT' with value '1'.
[2025-09-14 20:34:44] WARNING: [BD 5-699] No address segments matched 'get_bd_addr_segs -of_object /iomodule_0/SLMB/IO'
[2025-09-14 20:34:44] INFO: [IP_Flow 19-4728] Bus Interface 'S_AXI_DMA': Added interface parameter 'HAS_QOS' with value '0'.
[2025-09-14 20:34:44] INFO: [IP_Flow 19-4728] Bus Interface 'S_AXI_DMA': Added interface parameter 'HAS_REGION' with value '0'.
[2025-09-14 20:34:44] INFO: [IP_Flow 19-4728] Bus Interface 'S_AXI_DMA': Added interface parameter 'HAS_RRESP' with value '1'.
[2025-09-14 20:34:44] INFO: [IP_Flow 19-4728] Bus Interface 'S_AXI_DMA': Added interface parameter 'HAS_WSTRB' with value '1'.
[2025-09-14 20:34:44] INFO: [IP_Flow 19-4728] Bus Interface 'S_AXI_DMA': Added interface parameter 'ID_WIDTH' with value '4'.
[2025-09-14 20:34:44] INFO: [IP_Flow 19-4728] Bus Interface 'S_AXI_DMA': Added interface parameter 'INSERT_VIP' with value '0'.
[2025-09-14 20:34:44] INFO: [IP_Flow 19-4728] Bus Interface 'S_AXI_DMA': Added interface parameter 'MAX_BURST_LENGTH' with value '256'.
[2025-09-14 20:34:44] INFO: [IP_Flow 19-4728] Bus Interface 'S_AXI_DMA': Added interface parameter 'NUM_READ_OUTSTANDING' with value '32'.
[2025-09-14 20:34:44] INFO: [IP_Flow 19-4728] Bus Interface 'S_AXI_DMA': Added interface parameter 'NUM_READ_THREADS' with value '4'.
[2025-09-14 20:34:44] INFO: [IP_Flow 19-4728] Bus Interface 'S_AXI_DMA': Added interface parameter 'NUM_WRITE_OUTSTANDING' with value '16'.
[2025-09-14 20:34:44] INFO: [IP_Flow 19-4728] Bus Interface 'S_AXI_DMA': Added interface parameter 'NUM_WRITE_THREADS' with value '4'.
[2025-09-14 20:34:44] INFO: [IP_Flow 19-4728] Bus Interface 'S_AXI_DMA': Added interface parameter 'PHASE' with value '0'.
[2025-09-14 20:34:44] INFO: [IP_Flow 19-4728] Bus Interface 'S_AXI_DMA': Added interface parameter 'PROTOCOL' with value 'AXI4'.
[2025-09-14 20:34:44] INFO: [IP_Flow 19-4728] Bus Interface 'S_AXI_DMA': Added interface parameter 'READ_WRITE_MODE' with value 'READ_WRITE'.
[2025-09-14 20:34:44] INFO: [IP_Flow 19-4728] Bus Interface 'S_AXI_DMA': Added interface parameter 'RUSER_BITS_PER_BYTE' with value '0'.
[2025-09-14 20:34:44] INFO: [IP_Flow 19-4728] Bus Interface 'S_AXI_DMA': Added interface parameter 'RUSER_WIDTH' with value '0'.
[2025-09-14 20:34:44] INFO: [IP_Flow 19-4728] Bus Interface 'S_AXI_DMA': Added interface parameter 'SUPPORTS_NARROW_BURST' with value '0'.
[2025-09-14 20:34:44] INFO: [IP_Flow 19-4728] Bus Interface 'S_AXI_DMA': Added interface parameter 'WUSER_BITS_PER_BYTE' with value '0'.
[2025-09-14 20:34:44] INFO: [IP_Flow 19-4728] Bus Interface 'S_AXI_DMA': Added interface parameter 'WUSER_WIDTH' with value '0'.
[2025-09-14 20:34:44] INFO: [IP_Flow 19-4728] Bus Interface 'M_AXI_DDR0': Added interface parameter 'ADDR_WIDTH' with value '34'.
[2025-09-14 20:34:44] INFO: [IP_Flow 19-4728] Bus Interface 'M_AXI_DDR0': Added interface parameter 'ARUSER_WIDTH' with value '0'.
[2025-09-14 20:34:44] INFO: [IP_Flow 19-4728] Bus Interface 'M_AXI_DDR0': Added interface parameter 'AWUSER_WIDTH' with value '0'.
[2025-09-14 20:34:44] INFO: [IP_Flow 19-4728] Bus Interface 'M_AXI_DDR0': Added interface parameter 'BUSER_WIDTH' with value '0'.
[2025-09-14 20:34:44] INFO: [IP_Flow 19-4728] Bus Interface 'M_AXI_DDR0': Added interface parameter 'CLK_DOMAIN' with value 'design_1_clk_wiz_0_0_clk_out1'.
[2025-09-14 20:34:44] INFO: [IP_Flow 19-4728] Bus Interface 'M_AXI_DDR0': Added interface parameter 'DATA_WIDTH' with value '64'.
[2025-09-14 20:34:44] INFO: [IP_Flow 19-4728] Bus Interface 'M_AXI_DDR0': Added interface parameter 'HAS_BRESP' with value '1'.
[2025-09-14 20:34:44] INFO: [IP_Flow 19-4728] Bus Interface 'M_AXI_DDR0': Added interface parameter 'HAS_BURST' with value '1'.
[2025-09-14 20:34:44] INFO: [IP_Flow 19-4728] Bus Interface 'M_AXI_DDR0': Added interface parameter 'HAS_CACHE' with value '1'.
[2025-09-14 20:34:44] INFO: [IP_Flow 19-4728] Bus Interface 'M_AXI_DDR0': Added interface parameter 'HAS_LOCK' with value '1'.
[2025-09-14 20:34:44] INFO: [IP_Flow 19-4728] Bus Interface 'M_AXI_DDR0': Added interface parameter 'HAS_PROT' with value '1'.
[2025-09-14 20:34:44] INFO: [IP_Flow 19-4728] Bus Interface 'M_AXI_DDR0': Added interface parameter 'HAS_QOS' with value '1'.
[2025-09-14 20:34:44] INFO: [IP_Flow 19-4728] Bus Interface 'M_AXI_DDR0': Added interface parameter 'HAS_REGION' with value '1'.
[2025-09-14 20:34:44] INFO: [IP_Flow 19-4728] Bus Interface 'M_AXI_DDR0': Added interface parameter 'HAS_RRESP' with value '1'.
[2025-09-14 20:34:44] INFO: [IP_Flow 19-4728] Bus Interface 'M_AXI_DDR0': Added interface parameter 'HAS_WSTRB' with value '1'.
[2025-09-14 20:34:44] INFO: [IP_Flow 19-4728] Bus Interface 'M_AXI_DDR0': Added interface parameter 'ID_WIDTH' with value '16'.
[2025-09-14 20:34:44] INFO: [IP_Flow 19-4728] Bus Interface 'M_AXI_DDR0': Added interface parameter 'INSERT_VIP' with value '0'.
[2025-09-14 20:34:45] INFO: [IP_Flow 19-4728] Bus Interface 'M_AXI_DDR0': Added interface parameter 'MAX_BURST_LENGTH' with value '256'.
[2025-09-14 20:34:45] INFO: [IP_Flow 19-4728] Bus Interface 'M_AXI_DDR0': Added interface parameter 'NUM_READ_OUTSTANDING' with value '2'.
[2025-09-14 20:34:45] INFO: [IP_Flow 19-4728] Bus Interface 'M_AXI_DDR0': Added interface parameter 'NUM_READ_THREADS' with value '1'.
[2025-09-14 20:34:45] INFO: [IP_Flow 19-4728] Bus Interface 'M_AXI_DDR0': Added interface parameter 'NUM_WRITE_OUTSTANDING' with value '2'.
[2025-09-14 20:34:45] INFO: [IP_Flow 19-4728] Bus Interface 'M_AXI_DDR0': Added interface parameter 'NUM_WRITE_THREADS' with value '1'.
[2025-09-14 20:34:45] INFO: [IP_Flow 19-4728] Bus Interface 'M_AXI_DDR0': Added interface parameter 'PHASE' with value '0'.
[2025-09-14 20:34:45] INFO: [IP_Flow 19-4728] Bus Interface 'M_AXI_DDR0': Added interface parameter 'PROTOCOL' with value 'AXI4'.
[2025-09-14 20:34:45] INFO: [IP_Flow 19-4728] Bus Interface 'M_AXI_DDR0': Added interface parameter 'READ_WRITE_MODE' with value 'READ_WRITE'.
[2025-09-14 20:34:45] INFO: [IP_Flow 19-4728] Bus Interface 'M_AXI_DDR0': Added interface parameter 'RUSER_BITS_PER_BYTE' with value '0'.
[2025-09-14 20:34:45] INFO: [IP_Flow 19-4728] Bus Interface 'M_AXI_DDR0': Added interface parameter 'RUSER_WIDTH' with value '0'.
[2025-09-14 20:34:45] INFO: [IP_Flow 19-4728] Bus Interface 'M_AXI_DDR0': Added interface parameter 'SUPPORTS_NARROW_BURST' with value '1'.
[2025-09-14 20:34:45] INFO: [IP_Flow 19-4728] Bus Interface 'M_AXI_DDR0': Added interface parameter 'WUSER_BITS_PER_BYTE' with value '0'.
[2025-09-14 20:34:45] INFO: [IP_Flow 19-4728] Bus Interface 'M_AXI_DDR0': Added interface parameter 'WUSER_WIDTH' with value '0'.
[2025-09-14 20:34:45] INFO: [IP_Flow 19-4728] Bus Interface 'CLK.SYS_CLK_30': Added interface parameter 'ASSOCIATED_BUSIF' with value 'S_AXI_CTRL'.
[2025-09-14 20:34:45] INFO: [IP_Flow 19-4728] Bus Interface 'CLK.SYS_CLK_30': Added interface parameter 'CLK_DOMAIN' with value 'design_1_clk_wiz_0_0_clk_out1'.
[2025-09-14 20:34:45] INFO: [IP_Flow 19-4728] Bus Interface 'CLK.SYS_CLK_30': Added interface parameter 'INSERT_VIP' with value '0'.
[2025-09-14 20:34:45] INFO: [IP_Flow 19-4728] Bus Interface 'CLK.SYS_CLK_30': Added interface parameter 'PHASE' with value '0'.
[2025-09-14 20:34:45] INFO: [IP_Flow 19-4728] Bus Interface 'RST.SYS_RESET_N': Added interface parameter 'INSERT_VIP' with value '0'.
[2025-09-14 20:34:45] INFO: [IP_Flow 19-4728] Bus Interface 'RST.SYS_RESET_N': Added interface parameter 'POLARITY' with value 'ACTIVE_LOW'.
[2025-09-14 20:34:45] WARNING: [BD 5-699] No address segments matched 'get_bd_addr_segs -of_object /ilmb_cntlr/SLMB/Mem'
[2025-09-14 20:34:45] WARNING: [IP_Flow 19-3157] Bus Interface 'RST.SYS_RESET_N': Bus parameter POLARITY is ACTIVE_LOW but port 'sys_reset_n' is not *resetn - please double check the POLARITY setting.
[2025-09-14 20:34:45] WARNING: [BD 5-699] No address segments matched 'get_bd_addr_segs -of_object /second_ilmb_cntlr/SLMB/Mem'
[2025-09-14 20:34:45] INFO: [IP_Flow 19-234] Refreshing IP repositories
[2025-09-14 20:34:45] WARNING: [BD 5-699] No address segments matched 'get_bd_addr_segs -of_object /dlmb_cntlr/SLMB/Mem'
[2025-09-14 20:34:45] INFO: [IP_Flow 19-1704] No user IP repositories specified
[2025-09-14 20:34:45] WARNING: [BD 5-699] No address segments matched 'get_bd_addr_segs -of_object /second_dlmb_cntlr/SLMB/Mem'
[2025-09-14 20:34:45] WARNING: [BD 5-699] No address segments matched 'get_bd_addr_segs -of_object /iomodule_0/SLMB/Reg'
[2025-09-14 20:34:45] WARNING: [BD 5-699] No address segments matched 'get_bd_addr_segs -of_object /iomodule_0/SLMB/IO'
[2025-09-14 20:34:46] INFO: [IP_Flow 19-5107] Inferred bus interface 'S_AXI_CTRL' of definition 'xilinx.com:interface:aximm:1.0' (from X_INTERFACE_INFO parameter from HDL file).
[2025-09-14 20:34:46] INFO: [IP_Flow 19-5107] Inferred bus interface 'S_AXI_CTRL' of definition 'xilinx.com:interface:aximm:1.0' (from 'X_INTERFACE_INFO' attribute).
[2025-09-14 20:34:46] INFO: [IP_Flow 19-5107] Inferred bus interface 'S_AXI_DMA' of definition 'xilinx.com:interface:aximm:1.0' (from X_INTERFACE_INFO parameter from HDL file).
[2025-09-14 20:34:46] INFO: [IP_Flow 19-5107] Inferred bus interface 'S_AXI_DMA' of definition 'xilinx.com:interface:aximm:1.0' (from 'X_INTERFACE_INFO' attribute).
[2025-09-14 20:34:46] INFO: [IP_Flow 19-5107] Inferred bus interface 'M_AXI_DDR0' of definition 'xilinx.com:interface:aximm:1.0' (from X_INTERFACE_INFO parameter from HDL file).
[2025-09-14 20:34:46] INFO: [IP_Flow 19-5107] Inferred bus interface 'M_AXI_DDR0' of definition 'xilinx.com:interface:aximm:1.0' (from 'X_INTERFACE_INFO' attribute).
[2025-09-14 20:34:46] INFO: [IP_Flow 19-5107] Inferred bus interface 'CLK.SYS_CLK_30' of definition 'xilinx.com:signal:clock:1.0' (from X_INTERFACE_INFO parameter from HDL file).
[2025-09-14 20:34:46] INFO: [IP_Flow 19-5107] Inferred bus interface 'CLK.SYS_CLK_30' of definition 'xilinx.com:signal:clock:1.0' (from 'X_INTERFACE_INFO' attribute).
[2025-09-14 20:34:46] INFO: [IP_Flow 19-5107] Inferred bus interface 'RST.SYS_RESET_N' of definition 'xilinx.com:signal:reset:1.0' (from X_INTERFACE_INFO parameter from HDL file).
[2025-09-14 20:34:46] INFO: [IP_Flow 19-5107] Inferred bus interface 'RST.SYS_RESET_N' of definition 'xilinx.com:signal:reset:1.0' (from 'X_INTERFACE_INFO' attribute).
[2025-09-14 20:34:46] INFO: [IP_Flow 19-4728] Bus Interface 'S_AXI_CTRL': Added interface parameter 'ADDR_WIDTH' with value '32'.
[2025-09-14 20:34:46] INFO: [IP_Flow 19-4728] Bus Interface 'S_AXI_CTRL': Added interface parameter 'ARUSER_WIDTH' with value '0'.
[2025-09-14 20:34:46] INFO: [IP_Flow 19-4728] Bus Interface 'S_AXI_CTRL': Added interface parameter 'AWUSER_WIDTH' with value '0'.
[2025-09-14 20:34:46] INFO: [IP_Flow 19-4728] Bus Interface 'S_AXI_CTRL': Added interface parameter 'BUSER_WIDTH' with value '0'.
[2025-09-14 20:34:46] INFO: [IP_Flow 19-4728] Bus Interface 'S_AXI_CTRL': Added interface parameter 'CLK_DOMAIN' with value 'design_1_clk_wiz_0_0_clk_out1'.
[2025-09-14 20:34:46] INFO: [IP_Flow 19-4728] Bus Interface 'S_AXI_CTRL': Added interface parameter 'DATA_WIDTH' with value '32'.
[2025-09-14 20:34:46] INFO: [IP_Flow 19-4728] Bus Interface 'S_AXI_CTRL': Added interface parameter 'HAS_BRESP' with value '1'.
[2025-09-14 20:34:46] INFO: [IP_Flow 19-4728] Bus Interface 'S_AXI_CTRL': Added interface parameter 'HAS_BURST' with value '0'.
[2025-09-14 20:34:46] INFO: [IP_Flow 19-4728] Bus Interface 'S_AXI_CTRL': Added interface parameter 'HAS_CACHE' with value '0'.
[2025-09-14 20:34:46] INFO: [IP_Flow 19-4728] Bus Interface 'S_AXI_CTRL': Added interface parameter 'HAS_LOCK' with value '0'.
[2025-09-14 20:34:46] INFO: [IP_Flow 19-4728] Bus Interface 'S_AXI_CTRL': Added interface parameter 'HAS_PROT' with value '1'.
[2025-09-14 20:34:46] INFO: [IP_Flow 19-4728] Bus Interface 'S_AXI_CTRL': Added interface parameter 'HAS_QOS' with value '0'.
[2025-09-14 20:34:46] INFO: [IP_Flow 19-4728] Bus Interface 'S_AXI_CTRL': Added interface parameter 'HAS_REGION' with value '0'.
[2025-09-14 20:34:46] INFO: [IP_Flow 19-4728] Bus Interface 'S_AXI_CTRL': Added interface parameter 'HAS_RRESP' with value '1'.
[2025-09-14 20:34:46] INFO: [IP_Flow 19-4728] Bus Interface 'S_AXI_CTRL': Added interface parameter 'HAS_WSTRB' with value '1'.
[2025-09-14 20:34:46] INFO: [IP_Flow 19-4728] Bus Interface 'S_AXI_CTRL': Added interface parameter 'ID_WIDTH' with value '0'.
[2025-09-14 20:34:46] INFO: [IP_Flow 19-4728] Bus Interface 'S_AXI_CTRL': Added interface parameter 'INSERT_VIP' with value '0'.
[2025-09-14 20:34:46] INFO: [xilinx.com:ip:clk_wiz:6.0-1] /clk_wiz_0 clk_wiz propagate
[2025-09-14 20:34:46] INFO: [IP_Flow 19-4728] Bus Interface 'S_AXI_CTRL': Added interface parameter 'MAX_BURST_LENGTH' with value '1'.
[2025-09-14 20:34:46] INFO: [IP_Flow 19-4728] Bus Interface 'S_AXI_CTRL': Added interface parameter 'NUM_READ_OUTSTANDING' with value '1'.
[2025-09-14 20:34:46] INFO: [IP_Flow 19-4728] Bus Interface 'S_AXI_CTRL': Added interface parameter 'NUM_READ_THREADS' with value '1'.
[2025-09-14 20:34:46] INFO: [IP_Flow 19-4728] Bus Interface 'S_AXI_CTRL': Added interface parameter 'NUM_WRITE_OUTSTANDING' with value '1'.
[2025-09-14 20:34:46] INFO: [IP_Flow 19-4728] Bus Interface 'S_AXI_CTRL': Added interface parameter 'NUM_WRITE_THREADS' with value '1'.
[2025-09-14 20:34:46] INFO: [IP_Flow 19-4728] Bus Interface 'S_AXI_CTRL': Added interface parameter 'PHASE' with value '0'.
[2025-09-14 20:34:46] INFO: [IP_Flow 19-4728] Bus Interface 'S_AXI_CTRL': Added interface parameter 'PROTOCOL' with value 'AXI4LITE'.
[2025-09-14 20:34:46] INFO: [IP_Flow 19-4728] Bus Interface 'S_AXI_CTRL': Added interface parameter 'READ_WRITE_MODE' with value 'READ_WRITE'.
[2025-09-14 20:34:46] INFO: [IP_Flow 19-4728] Bus Interface 'S_AXI_CTRL': Added interface parameter 'RUSER_BITS_PER_BYTE' with value '0'.
[2025-09-14 20:34:46] INFO: [IP_Flow 19-4728] Bus Interface 'S_AXI_CTRL': Added interface parameter 'RUSER_WIDTH' with value '0'.
[2025-09-14 20:34:46] INFO: [IP_Flow 19-4728] Bus Interface 'S_AXI_CTRL': Added interface parameter 'SUPPORTS_NARROW_BURST' with value '0'.
[2025-09-14 20:34:46] INFO: [IP_Flow 19-4728] Bus Interface 'S_AXI_CTRL': Added interface parameter 'WUSER_BITS_PER_BYTE' with value '0'.
[2025-09-14 20:34:46] INFO: [IP_Flow 19-4728] Bus Interface 'S_AXI_CTRL': Added interface parameter 'WUSER_WIDTH' with value '0'.
[2025-09-14 20:34:46] INFO: [IP_Flow 19-4728] Bus Interface 'S_AXI_DMA': Added interface parameter 'ADDR_WIDTH' with value '64'.
[2025-09-14 20:34:46] INFO: [IP_Flow 19-4728] Bus Interface 'S_AXI_DMA': Added interface parameter 'ARUSER_WIDTH' with value '0'.
[2025-09-14 20:34:46] INFO: [IP_Flow 19-4728] Bus Interface 'S_AXI_DMA': Added interface parameter 'AWUSER_WIDTH' with value '0'.
[2025-09-14 20:34:46] INFO: [IP_Flow 19-4728] Bus Interface 'S_AXI_DMA': Added interface parameter 'BUSER_WIDTH' with value '0'.
[2025-09-14 20:34:46] INFO: [IP_Flow 19-4728] Bus Interface 'S_AXI_DMA': Added interface parameter 'CLK_DOMAIN' with value 'design_1_clk_wiz_0_0_clk_out1'.
[2025-09-14 20:34:46] INFO: [IP_Flow 19-4728] Bus Interface 'S_AXI_DMA': Added interface parameter 'DATA_WIDTH' with value '512'.
[2025-09-14 20:34:46] INFO: [IP_Flow 19-4728] Bus Interface 'S_AXI_DMA': Added interface parameter 'HAS_BRESP' with value '1'.
[2025-09-14 20:34:46] INFO: [IP_Flow 19-4728] Bus Interface 'S_AXI_DMA': Added interface parameter 'HAS_BURST' with value '0'.
[2025-09-14 20:34:46] INFO: [IP_Flow 19-4728] Bus Interface 'S_AXI_DMA': Added interface parameter 'HAS_CACHE' with value '1'.
[2025-09-14 20:34:46] INFO: [IP_Flow 19-4728] Bus Interface 'S_AXI_DMA': Added interface parameter 'HAS_LOCK' with value '1'.
[2025-09-14 20:34:46] INFO: [IP_Flow 19-4728] Bus Interface 'S_AXI_DMA': Added interface parameter 'HAS_PROT' with value '1'.
[2025-09-14 20:34:46] INFO: [IP_Flow 19-4728] Bus Interface 'S_AXI_DMA': Added interface parameter 'HAS_QOS' with value '0'.
[2025-09-14 20:34:46] INFO: [IP_Flow 19-4728] Bus Interface 'S_AXI_DMA': Added interface parameter 'HAS_REGION' with value '0'.
[2025-09-14 20:34:46] INFO: [IP_Flow 19-4728] Bus Interface 'S_AXI_DMA': Added interface parameter 'HAS_RRESP' with value '1'.
[2025-09-14 20:34:46] INFO: [IP_Flow 19-4728] Bus Interface 'S_AXI_DMA': Added interface parameter 'HAS_WSTRB' with value '1'.
[2025-09-14 20:34:46] INFO: [IP_Flow 19-4728] Bus Interface 'S_AXI_DMA': Added interface parameter 'ID_WIDTH' with value '4'.
[2025-09-14 20:34:46] INFO: [IP_Flow 19-4728] Bus Interface 'S_AXI_DMA': Added interface parameter 'INSERT_VIP' with value '0'.
[2025-09-14 20:34:46] INFO: [IP_Flow 19-4728] Bus Interface 'S_AXI_DMA': Added interface parameter 'MAX_BURST_LENGTH' with value '256'.
[2025-09-14 20:34:46] INFO: [IP_Flow 19-4728] Bus Interface 'S_AXI_DMA': Added interface parameter 'NUM_READ_OUTSTANDING' with value '32'.
[2025-09-14 20:34:46] INFO: [IP_Flow 19-4728] Bus Interface 'S_AXI_DMA': Added interface parameter 'NUM_READ_THREADS' with value '4'.
[2025-09-14 20:34:46] INFO: [IP_Flow 19-4728] Bus Interface 'S_AXI_DMA': Added interface parameter 'NUM_WRITE_OUTSTANDING' with value '16'.
[2025-09-14 20:34:46] INFO: [IP_Flow 19-4728] Bus Interface 'S_AXI_DMA': Added interface parameter 'NUM_WRITE_THREADS' with value '4'.
[2025-09-14 20:34:46] INFO: [IP_Flow 19-4728] Bus Interface 'S_AXI_DMA': Added interface parameter 'PHASE' with value '0'.
[2025-09-14 20:34:46] INFO: [IP_Flow 19-4728] Bus Interface 'S_AXI_DMA': Added interface parameter 'PROTOCOL' with value 'AXI4'.
[2025-09-14 20:34:46] INFO: [IP_Flow 19-4728] Bus Interface 'S_AXI_DMA': Added interface parameter 'READ_WRITE_MODE' with value 'READ_WRITE'.
[2025-09-14 20:34:46] INFO: [IP_Flow 19-4728] Bus Interface 'S_AXI_DMA': Added interface parameter 'RUSER_BITS_PER_BYTE' with value '0'.
[2025-09-14 20:34:46] INFO: [IP_Flow 19-4728] Bus Interface 'S_AXI_DMA': Added interface parameter 'RUSER_WIDTH' with value '0'.
[2025-09-14 20:34:46] INFO: [IP_Flow 19-4728] Bus Interface 'S_AXI_DMA': Added interface parameter 'SUPPORTS_NARROW_BURST' with value '0'.
[2025-09-14 20:34:46] INFO: [IP_Flow 19-4728] Bus Interface 'S_AXI_DMA': Added interface parameter 'WUSER_BITS_PER_BYTE' with value '0'.
[2025-09-14 20:34:46] INFO: [IP_Flow 19-4728] Bus Interface 'S_AXI_DMA': Added interface parameter 'WUSER_WIDTH' with value '0'.
[2025-09-14 20:34:46] INFO: [IP_Flow 19-4728] Bus Interface 'M_AXI_DDR0': Added interface parameter 'ADDR_WIDTH' with value '34'.
[2025-09-14 20:34:46] INFO: [IP_Flow 19-4728] Bus Interface 'M_AXI_DDR0': Added interface parameter 'ARUSER_WIDTH' with value '0'.
[2025-09-14 20:34:46] INFO: [IP_Flow 19-4728] Bus Interface 'M_AXI_DDR0': Added interface parameter 'AWUSER_WIDTH' with value '0'.
[2025-09-14 20:34:46] INFO: [IP_Flow 19-4728] Bus Interface 'M_AXI_DDR0': Added interface parameter 'BUSER_WIDTH' with value '0'.
[2025-09-14 20:34:46] INFO: [IP_Flow 19-4728] Bus Interface 'M_AXI_DDR0': Added interface parameter 'CLK_DOMAIN' with value 'design_1_clk_wiz_0_0_clk_out1'.
[2025-09-14 20:34:46] INFO: [IP_Flow 19-4728] Bus Interface 'M_AXI_DDR0': Added interface parameter 'DATA_WIDTH' with value '64'.
[2025-09-14 20:34:46] INFO: [IP_Flow 19-4728] Bus Interface 'M_AXI_DDR0': Added interface parameter 'HAS_BRESP' with value '1'.
[2025-09-14 20:34:46] INFO: [IP_Flow 19-4728] Bus Interface 'M_AXI_DDR0': Added interface parameter 'HAS_BURST' with value '1'.
[2025-09-14 20:34:46] INFO: [IP_Flow 19-4728] Bus Interface 'M_AXI_DDR0': Added interface parameter 'HAS_CACHE' with value '1'.
[2025-09-14 20:34:46] INFO: [IP_Flow 19-4728] Bus Interface 'M_AXI_DDR0': Added interface parameter 'HAS_LOCK' with value '1'.
[2025-09-14 20:34:46] WARNING: [filemgmt 56-443] The ECC Algorithm string is empty. Setting the Memory Map to default ECC value to ECC_NONE.
[2025-09-14 20:34:46] INFO: [IP_Flow 19-4728] Bus Interface 'M_AXI_DDR0': Added interface parameter 'HAS_PROT' with value '1'.
[2025-09-14 20:34:46] WARNING: [filemgmt 56-443] The ECC Algorithm string is empty. Setting the Memory Map to default ECC value to ECC_NONE.
[2025-09-14 20:34:46] INFO: [IP_Flow 19-4728] Bus Interface 'M_AXI_DDR0': Added interface parameter 'HAS_QOS' with value '1'.
[2025-09-14 20:34:46] INFO: [IP_Flow 19-4728] Bus Interface 'M_AXI_DDR0': Added interface parameter 'HAS_REGION' with value '1'.
[2025-09-14 20:34:46] INFO: [IP_Flow 19-4728] Bus Interface 'M_AXI_DDR0': Added interface parameter 'HAS_RRESP' with value '1'.
[2025-09-14 20:34:46] INFO: [IP_Flow 19-4728] Bus Interface 'M_AXI_DDR0': Added interface parameter 'HAS_WSTRB' with value '1'.
[2025-09-14 20:34:46] INFO: [IP_Flow 19-4728] Bus Interface 'M_AXI_DDR0': Added interface parameter 'ID_WIDTH' with value '16'.
[2025-09-14 20:34:46] INFO: [IP_Flow 19-4728] Bus Interface 'M_AXI_DDR0': Added interface parameter 'INSERT_VIP' with value '0'.
[2025-09-14 20:34:46] INFO: [IP_Flow 19-4728] Bus Interface 'M_AXI_DDR0': Added interface parameter 'MAX_BURST_LENGTH' with value '256'.
[2025-09-14 20:34:46] INFO: [IP_Flow 19-4728] Bus Interface 'M_AXI_DDR0': Added interface parameter 'NUM_READ_OUTSTANDING' with value '2'.
[2025-09-14 20:34:46] INFO: [IP_Flow 19-4728] Bus Interface 'M_AXI_DDR0': Added interface parameter 'NUM_READ_THREADS' with value '1'.
[2025-09-14 20:34:46] INFO: [IP_Flow 19-4728] Bus Interface 'M_AXI_DDR0': Added interface parameter 'NUM_WRITE_OUTSTANDING' with value '2'.
[2025-09-14 20:34:46] INFO: [IP_Flow 19-4728] Bus Interface 'M_AXI_DDR0': Added interface parameter 'NUM_WRITE_THREADS' with value '1'.
[2025-09-14 20:34:46] INFO: [xilinx.com:ip:clk_wiz:6.0-1] /clk_wiz_0 clk_wiz propagate
[2025-09-14 20:34:46] INFO: [IP_Flow 19-4728] Bus Interface 'M_AXI_DDR0': Added interface parameter 'PHASE' with value '0'.
[2025-09-14 20:34:46] INFO: [IP_Flow 19-4728] Bus Interface 'M_AXI_DDR0': Added interface parameter 'PROTOCOL' with value 'AXI4'.
[2025-09-14 20:34:46] INFO: [IP_Flow 19-4728] Bus Interface 'M_AXI_DDR0': Added interface parameter 'READ_WRITE_MODE' with value 'READ_WRITE'.
[2025-09-14 20:34:46] INFO: [IP_Flow 19-4728] Bus Interface 'M_AXI_DDR0': Added interface parameter 'RUSER_BITS_PER_BYTE' with value '0'.
[2025-09-14 20:34:46] INFO: [IP_Flow 19-4728] Bus Interface 'M_AXI_DDR0': Added interface parameter 'RUSER_WIDTH' with value '0'.
[2025-09-14 20:34:46] INFO: [IP_Flow 19-4728] Bus Interface 'M_AXI_DDR0': Added interface parameter 'SUPPORTS_NARROW_BURST' with value '1'.
[2025-09-14 20:34:46] INFO: [IP_Flow 19-4728] Bus Interface 'M_AXI_DDR0': Added interface parameter 'WUSER_BITS_PER_BYTE' with value '0'.
[2025-09-14 20:34:46] INFO: [IP_Flow 19-4728] Bus Interface 'M_AXI_DDR0': Added interface parameter 'WUSER_WIDTH' with value '0'.
[2025-09-14 20:34:46] INFO: [IP_Flow 19-4728] Bus Interface 'CLK.SYS_CLK_30': Added interface parameter 'ASSOCIATED_BUSIF' with value 'S_AXI_CTRL'.
[2025-09-14 20:34:46] INFO: [IP_Flow 19-4728] Bus Interface 'CLK.SYS_CLK_30': Added interface parameter 'CLK_DOMAIN' with value 'design_1_clk_wiz_0_0_clk_out1'.
[2025-09-14 20:34:46] INFO: [IP_Flow 19-4728] Bus Interface 'CLK.SYS_CLK_30': Added interface parameter 'INSERT_VIP' with value '0'.
[2025-09-14 20:34:46] INFO: [IP_Flow 19-4728] Bus Interface 'CLK.SYS_CLK_30': Added interface parameter 'PHASE' with value '0'.
[2025-09-14 20:34:46] INFO: [IP_Flow 19-4728] Bus Interface 'RST.SYS_RESET_N': Added interface parameter 'INSERT_VIP' with value '0'.
[2025-09-14 20:34:46] INFO: [IP_Flow 19-4728] Bus Interface 'RST.SYS_RESET_N': Added interface parameter 'POLARITY' with value 'ACTIVE_LOW'.
[2025-09-14 20:34:46] WARNING: [IP_Flow 19-3157] Bus Interface 'RST.SYS_RESET_N': Bus parameter POLARITY is ACTIVE_LOW but port 'sys_reset_n' is not *resetn - please double check the POLARITY setting.
[2025-09-14 20:34:46] INFO: [IP_Flow 19-234] Refreshing IP repositories
[2025-09-14 20:34:46] INFO: [IP_Flow 19-1704] No user IP repositories specified
[2025-09-14 20:34:46] INFO: [xilinx.com:ip:clk_wiz:6.0-1] /clk_wiz_0 clk_wiz propagate
[2025-09-14 20:34:46] WARNING: [filemgmt 56-443] The ECC Algorithm string is empty. Setting the Memory Map to default ECC value to ECC_NONE.
[2025-09-14 20:34:46] WARNING: [filemgmt 56-443] The ECC Algorithm string is empty. Setting the Memory Map to default ECC value to ECC_NONE.
[2025-09-14 20:34:46] Wrote  : </cluster/home/eirikwit/vortex-gpgpu/chipyard/sims/firesim/sim/generated-src/alveo/FireSim-FireSimV2S1C-BaseF1Config1Mem_F25MHz/u250/vivado_proj/firesim.srcs/sources_1/bd/design_1/design_1.bd> 
[2025-09-14 20:34:47] WARNING: [filemgmt 56-443] The ECC Algorithm string is empty. Setting the Memory Map to default ECC value to ECC_NONE.
[2025-09-14 20:34:47] WARNING: [filemgmt 56-443] The ECC Algorithm string is empty. Setting the Memory Map to default ECC value to ECC_NONE.
[2025-09-14 20:34:47] # make_wrapper -files [get_files ${root_dir}/vivado_proj/firesim.srcs/sources_1/bd/design_1/design_1.bd] -top
[2025-09-14 20:34:47] INFO: [BD 41-1662] The design 'design_1.bd' is already validated. Therefore parameter propagation will not be re-run.
[2025-09-14 20:34:47] INFO: [xilinx.com:ip:clk_wiz:6.0-1] /clk_wiz_0 clk_wiz propagate
[2025-09-14 20:34:47] Verilog Output written to : /cluster/home/eirikwit/vortex-gpgpu/chipyard/sims/firesim/sim/generated-src/alveo/FireSim-FireSimV2S1C-BaseF1Config1Mem_F25MHz/u250/vivado_proj/firesim.gen/sources_1/bd/design_1/synth/design_1.v
[2025-09-14 20:34:47] Wrote  : </cluster/home/eirikwit/vortex-gpgpu/chipyard/sims/firesim/sim/generated-src/alveo/FireSim-FireSimV2S1C-BaseF1Config1Mem_F25MHz/u250/vivado_proj/firesim.srcs/sources_1/bd/design_1/design_1.bd> 
[2025-09-14 20:34:47] INFO: [xilinx.com:ip:clk_wiz:6.0-1] /clk_wiz_0 clk_wiz propagate
[2025-09-14 20:34:47] # make_wrapper -files [get_files ${root_dir}/vivado_proj/firesim.srcs/sources_1/bd/design_1/design_1.bd] -top
[2025-09-14 20:34:47] INFO: [BD 41-1662] The design 'design_1.bd' is already validated. Therefore parameter propagation will not be re-run.
[2025-09-14 20:34:47] Verilog Output written to : /cluster/home/eirikwit/vortex-gpgpu/chipyard/sims/firesim/sim/generated-src/alveo/FireSim-FireSimV2S1C-BaseF1Config1Mem_F25MHz/u250/vivado_proj/firesim.gen/sources_1/bd/design_1/sim/design_1.v
[2025-09-14 20:34:47] WARNING: [filemgmt 56-443] The ECC Algorithm string is empty. Setting the Memory Map to default ECC value to ECC_NONE.
[2025-09-14 20:34:47] WARNING: [filemgmt 56-443] The ECC Algorithm string is empty. Setting the Memory Map to default ECC value to ECC_NONE.
[2025-09-14 20:34:47] Wrote  : </cluster/home/eirikwit/vortex-gpgpu/chipyard/sims/firesim/sim/generated-src/alveo/FireSim-FireSimV2S1C-BaseF1Config1Mem_F25MHz/u250/vivado_proj/firesim.srcs/sources_1/bd/design_1/design_1.bd> 
[2025-09-14 20:34:47] # make_wrapper -files [get_files ${root_dir}/vivado_proj/firesim.srcs/sources_1/bd/design_1/design_1.bd] -top
[2025-09-14 20:34:47] INFO: [BD 41-1662] The design 'design_1.bd' is already validated. Therefore parameter propagation will not be re-run.
[2025-09-14 20:34:47] Verilog Output written to : /cluster/home/eirikwit/vortex-gpgpu/chipyard/sims/firesim/sim/generated-src/alveo/FireSim-FireSimV2S1C-BaseF1Config1Mem_F25MHz/u250/vivado_proj/firesim.gen/sources_1/bd/design_1/hdl/design_1_wrapper.v
[2025-09-14 20:34:47] Verilog Output written to : /cluster/home/eirikwit/vortex-gpgpu/chipyard/sims/firesim/sim/generated-src/alveo/FireSim-FireSimV2S1C-BaseF1Config1Mem_F25MHz/u250/vivado_proj/firesim.gen/sources_1/bd/design_1/synth/design_1.v
[2025-09-14 20:34:47] # add_files -norecurse ${root_dir}/vivado_proj/firesim.gen/sources_1/bd/design_1/hdl/design_1_wrapper.v
[2025-09-14 20:34:47] # if {[file exists [set constrFile [retrieveVersionedFile ${root_dir}/design/firesim_synth.xdc $vivado_version]]]} {
[2025-09-14 20:34:47] WARNING: [filemgmt 56-443] The ECC Algorithm string is empty. Setting the Memory Map to default ECC value to ECC_NONE.
[2025-09-14 20:34:47] #     create_fileset -constrset synth
[2025-09-14 20:34:47] WARNING: [filemgmt 56-443] The ECC Algorithm string is empty. Setting the Memory Map to default ECC value to ECC_NONE.
[2025-09-14 20:34:47] #     add_files -fileset synth -norecurse $constrFile
[2025-09-14 20:34:47] # }
[2025-09-14 20:34:47] # if {[file exists [set constrFile [retrieveVersionedFile ${root_dir}/design/firesim_impl.xdc $vivado_version]]]} {
[2025-09-14 20:34:47] #     create_fileset -constrset impl
[2025-09-14 20:34:47] #     add_files -fileset impl -norecurse $constrFile
[2025-09-14 20:34:47] # }
[2025-09-14 20:34:47] # update_compile_order -fileset sources_1
[2025-09-14 20:34:47] Verilog Output written to : /cluster/home/eirikwit/vortex-gpgpu/chipyard/sims/firesim/sim/generated-src/alveo/FireSim-FireSimV2S1C-BaseF1Config1Mem_F25MHz/u250/vivado_proj/firesim.gen/sources_1/bd/design_1/sim/design_1.v
[2025-09-14 20:34:47] Verilog Output written to : /cluster/home/eirikwit/vortex-gpgpu/chipyard/sims/firesim/sim/generated-src/alveo/FireSim-FireSimV2S1C-BaseF1Config1Mem_F25MHz/u250/vivado_proj/firesim.gen/sources_1/bd/design_1/synth/design_1.v
[2025-09-14 20:34:47] Verilog Output written to : /cluster/home/eirikwit/vortex-gpgpu/chipyard/sims/firesim/sim/generated-src/alveo/FireSim-FireSimV2S1C-BaseF1Config1Mem_F25MHz/u250/vivado_proj/firesim.gen/sources_1/bd/design_1/hdl/design_1_wrapper.v
[2025-09-14 20:34:47] # add_files -norecurse ${root_dir}/vivado_proj/firesim.gen/sources_1/bd/design_1/hdl/design_1_wrapper.v
[2025-09-14 20:34:47] # if {[file exists [set constrFile [retrieveVersionedFile ${root_dir}/design/firesim_synth.xdc $vivado_version]]]} {
[2025-09-14 20:34:47] #     create_fileset -constrset synth
[2025-09-14 20:34:47] #     add_files -fileset synth -norecurse $constrFile
[2025-09-14 20:34:47] # }
[2025-09-14 20:34:47] # if {[file exists [set constrFile [retrieveVersionedFile ${root_dir}/design/firesim_impl.xdc $vivado_version]]]} {
[2025-09-14 20:34:47] #     create_fileset -constrset impl
[2025-09-14 20:34:47] #     add_files -fileset impl -norecurse $constrFile
[2025-09-14 20:34:47] # }
[2025-09-14 20:34:47] # update_compile_order -fileset sources_1
[2025-09-14 20:34:47] Verilog Output written to : /cluster/home/eirikwit/vortex-gpgpu/chipyard/sims/firesim/sim/generated-src/alveo/FireSim-FireSimV2S1C-BaseF1Config1Mem_F25MHz/u250/vivado_proj/firesim.gen/sources_1/bd/design_1/sim/design_1.v
[2025-09-14 20:34:47] Wrote  : </cluster/home/eirikwit/vortex-gpgpu/chipyard/sims/firesim/sim/generated-src/alveo/FireSim-FireSimV2S1C-BaseF1Config1Mem_F25MHz/u250/vivado_proj/firesim.srcs/sources_1/bd/design_1/design_1.bd> 
[2025-09-14 20:34:47] # make_wrapper -files [get_files ${root_dir}/vivado_proj/firesim.srcs/sources_1/bd/design_1/design_1.bd] -top
[2025-09-14 20:34:47] INFO: [BD 41-1662] The design 'design_1.bd' is already validated. Therefore parameter propagation will not be re-run.
[2025-09-14 20:34:47] Verilog Output written to : /cluster/home/eirikwit/vortex-gpgpu/chipyard/sims/firesim/sim/generated-src/alveo/FireSim-FireSimV2S1C-BaseF1Config1Mem_F25MHz/u250/vivado_proj/firesim.gen/sources_1/bd/design_1/hdl/design_1_wrapper.v
[2025-09-14 20:34:47] Wrote  : </cluster/home/eirikwit/vortex-gpgpu/chipyard/sims/firesim/sim/generated-src/alveo/FireSim-FireSimV2S1C-BaseF1Config1Mem_F25MHz/u250/vivado_proj/firesim.srcs/sources_1/bd/design_1/design_1.bd> 
[2025-09-14 20:34:47] # add_files -norecurse ${root_dir}/vivado_proj/firesim.gen/sources_1/bd/design_1/hdl/design_1_wrapper.v
[2025-09-14 20:34:47] # if {[file exists [set constrFile [retrieveVersionedFile ${root_dir}/design/firesim_synth.xdc $vivado_version]]]} {
[2025-09-14 20:34:47] # make_wrapper -files [get_files ${root_dir}/vivado_proj/firesim.srcs/sources_1/bd/design_1/design_1.bd] -top
[2025-09-14 20:34:47] #     create_fileset -constrset synth
[2025-09-14 20:34:47] INFO: [BD 41-1662] The design 'design_1.bd' is already validated. Therefore parameter propagation will not be re-run.
[2025-09-14 20:34:47] #     add_files -fileset synth -norecurse $constrFile
[2025-09-14 20:34:47] # }
[2025-09-14 20:34:47] # if {[file exists [set constrFile [retrieveVersionedFile ${root_dir}/design/firesim_impl.xdc $vivado_version]]]} {
[2025-09-14 20:34:47] #     create_fileset -constrset impl
[2025-09-14 20:34:47] #     add_files -fileset impl -norecurse $constrFile
[2025-09-14 20:34:47] # }
[2025-09-14 20:34:47] # update_compile_order -fileset sources_1
[2025-09-14 20:34:47] Verilog Output written to : /cluster/home/eirikwit/vortex-gpgpu/chipyard/sims/firesim/sim/generated-src/alveo/FireSim-FireSimV2S1C-BaseF1Config1Mem_F25MHz/u250/vivado_proj/firesim.gen/sources_1/bd/design_1/synth/design_1.v
[2025-09-14 20:34:48] Verilog Output written to : /cluster/home/eirikwit/vortex-gpgpu/chipyard/sims/firesim/sim/generated-src/alveo/FireSim-FireSimV2S1C-BaseF1Config1Mem_F25MHz/u250/vivado_proj/firesim.gen/sources_1/bd/design_1/synth/design_1.v
[2025-09-14 20:34:48] Verilog Output written to : /cluster/home/eirikwit/vortex-gpgpu/chipyard/sims/firesim/sim/generated-src/alveo/FireSim-FireSimV2S1C-BaseF1Config1Mem_F25MHz/u250/vivado_proj/firesim.gen/sources_1/bd/design_1/sim/design_1.v
[2025-09-14 20:34:48] Verilog Output written to : /cluster/home/eirikwit/vortex-gpgpu/chipyard/sims/firesim/sim/generated-src/alveo/FireSim-FireSimV2S1C-BaseF1Config1Mem_F25MHz/u250/vivado_proj/firesim.gen/sources_1/bd/design_1/sim/design_1.v
[2025-09-14 20:34:48] Verilog Output written to : /cluster/home/eirikwit/vortex-gpgpu/chipyard/sims/firesim/sim/generated-src/alveo/FireSim-FireSimV2S1C-BaseF1Config1Mem_F25MHz/u250/vivado_proj/firesim.gen/sources_1/bd/design_1/hdl/design_1_wrapper.v
[2025-09-14 20:34:48] # add_files -norecurse ${root_dir}/vivado_proj/firesim.gen/sources_1/bd/design_1/hdl/design_1_wrapper.v
[2025-09-14 20:34:48] # if {[file exists [set constrFile [retrieveVersionedFile ${root_dir}/design/firesim_synth.xdc $vivado_version]]]} {
[2025-09-14 20:34:48] #     create_fileset -constrset synth
[2025-09-14 20:34:48] #     add_files -fileset synth -norecurse $constrFile
[2025-09-14 20:34:48] # }
[2025-09-14 20:34:48] # if {[file exists [set constrFile [retrieveVersionedFile ${root_dir}/design/firesim_impl.xdc $vivado_version]]]} {
[2025-09-14 20:34:48] Verilog Output written to : /cluster/home/eirikwit/vortex-gpgpu/chipyard/sims/firesim/sim/generated-src/alveo/FireSim-FireSimV2S1C-BaseF1Config1Mem_F25MHz/u250/vivado_proj/firesim.gen/sources_1/bd/design_1/hdl/design_1_wrapper.v
[2025-09-14 20:34:48] #     create_fileset -constrset impl
[2025-09-14 20:34:48] #     add_files -fileset impl -norecurse $constrFile
[2025-09-14 20:34:48] # }
[2025-09-14 20:34:48] # update_compile_order -fileset sources_1
[2025-09-14 20:34:48] # add_files -norecurse ${root_dir}/vivado_proj/firesim.gen/sources_1/bd/design_1/hdl/design_1_wrapper.v
[2025-09-14 20:34:48] # if {[file exists [set constrFile [retrieveVersionedFile ${root_dir}/design/firesim_synth.xdc $vivado_version]]]} {
[2025-09-14 20:34:48] #     create_fileset -constrset synth
[2025-09-14 20:34:48] #     add_files -fileset synth -norecurse $constrFile
[2025-09-14 20:34:48] # }
[2025-09-14 20:34:48] # if {[file exists [set constrFile [retrieveVersionedFile ${root_dir}/design/firesim_impl.xdc $vivado_version]]]} {
[2025-09-14 20:34:48] #     create_fileset -constrset impl
[2025-09-14 20:34:48] #     add_files -fileset impl -norecurse $constrFile
[2025-09-14 20:34:48] # }
[2025-09-14 20:34:48] # update_compile_order -fileset sources_1
[2025-09-14 20:34:54] create_bd_cell: Time (s): cpu = 00:00:08 ; elapsed = 00:00:09 . Memory (MB): peak = 3554.270 ; gain = 115.273 ; free physical = 182330 ; free virtual = 184739
[2025-09-14 20:34:55] update_compile_order: Time (s): cpu = 00:00:11 ; elapsed = 00:00:11 . Memory (MB): peak = 3605.770 ; gain = 30.559 ; free physical = 172477 ; free virtual = 177114
[2025-09-14 20:34:55] # set_property top design_1_wrapper [current_fileset]
[2025-09-14 20:34:55] # update_compile_order -fileset sources_1
[2025-09-14 20:34:55] create_bd_cell: Time (s): cpu = 00:00:08 ; elapsed = 00:00:09 . Memory (MB): peak = 3554.344 ; gain = 106.305 ; free physical = 754970 ; free virtual = 758969
[2025-09-14 20:34:56] update_compile_order: Time (s): cpu = 00:00:10 ; elapsed = 00:00:09 . Memory (MB): peak = 3608.148 ; gain = 30.559 ; free physical = 246101 ; free virtual = 248977
[2025-09-14 20:34:56] # set_property top design_1_wrapper [current_fileset]
[2025-09-14 20:34:56] # update_compile_order -fileset sources_1
[2025-09-14 20:34:56] update_compile_order: Time (s): cpu = 00:00:10 ; elapsed = 00:00:09 . Memory (MB): peak = 3608.703 ; gain = 30.559 ; free physical = 240682 ; free virtual = 243448
[2025-09-14 20:34:56] # set_property top design_1_wrapper [current_fileset]
[2025-09-14 20:34:56] # update_compile_order -fileset sources_1
[2025-09-14 20:34:57] update_compile_order: Time (s): cpu = 00:00:10 ; elapsed = 00:00:09 . Memory (MB): peak = 3608.148 ; gain = 30.559 ; free physical = 243077 ; free virtual = 246607
[2025-09-14 20:34:57] # set_property top design_1_wrapper [current_fileset]
[2025-09-14 20:34:57] # update_compile_order -fileset sources_1
[2025-09-14 20:34:57] update_compile_order: Time (s): cpu = 00:00:10 ; elapsed = 00:00:09 . Memory (MB): peak = 3609.086 ; gain = 30.559 ; free physical = 245405 ; free virtual = 248293
[2025-09-14 20:34:57] # set_property top design_1_wrapper [current_fileset]
[2025-09-14 20:34:57] # update_compile_order -fileset sources_1
[2025-09-14 20:34:57] update_compile_order: Time (s): cpu = 00:00:10 ; elapsed = 00:00:09 . Memory (MB): peak = 3608.055 ; gain = 30.559 ; free physical = 244212 ; free virtual = 247966
[2025-09-14 20:34:57] # set_property top design_1_wrapper [current_fileset]
[2025-09-14 20:34:57] # update_compile_order -fileset sources_1
[2025-09-14 20:34:57] WARNING: [BD 5-699] No address segments matched 'get_bd_addr_segs -of_object /ilmb_cntlr/SLMB/Mem'
[2025-09-14 20:34:57] WARNING: [BD 5-699] No address segments matched 'get_bd_addr_segs -of_object /second_ilmb_cntlr/SLMB/Mem'
[2025-09-14 20:34:57] WARNING: [BD 5-699] No address segments matched 'get_bd_addr_segs -of_object /dlmb_cntlr/SLMB/Mem'
[2025-09-14 20:34:57] WARNING: [BD 5-699] No address segments matched 'get_bd_addr_segs -of_object /second_dlmb_cntlr/SLMB/Mem'
[2025-09-14 20:34:58] WARNING: [BD 5-699] No address segments matched 'get_bd_addr_segs -of_object /iomodule_0/SLMB/Reg'
[2025-09-14 20:34:58] WARNING: [BD 5-699] No address segments matched 'get_bd_addr_segs -of_object /iomodule_0/SLMB/IO'
[2025-09-14 20:34:58] WARNING: [BD 5-699] No address segments matched 'get_bd_addr_segs -of_object /ilmb_cntlr/SLMB/Mem'
[2025-09-14 20:34:58] WARNING: [BD 5-699] No address segments matched 'get_bd_addr_segs -of_object /second_ilmb_cntlr/SLMB/Mem'
[2025-09-14 20:34:58] WARNING: [BD 5-699] No address segments matched 'get_bd_addr_segs -of_object /dlmb_cntlr/SLMB/Mem'
[2025-09-14 20:34:58] WARNING: [BD 5-699] No address segments matched 'get_bd_addr_segs -of_object /second_dlmb_cntlr/SLMB/Mem'
[2025-09-14 20:34:58] WARNING: [BD 5-699] No address segments matched 'get_bd_addr_segs -of_object /iomodule_0/SLMB/Reg'
[2025-09-14 20:34:58] WARNING: [BD 5-699] No address segments matched 'get_bd_addr_segs -of_object /iomodule_0/SLMB/IO'
[2025-09-14 20:34:58] create_bd_cell: Time (s): cpu = 00:00:28 ; elapsed = 00:01:00 . Memory (MB): peak = 3427.000 ; gain = 424.789 ; free physical = 152374 ; free virtual = 155118
[2025-09-14 20:34:59] create_bd_cell: Time (s): cpu = 00:00:28 ; elapsed = 00:01:00 . Memory (MB): peak = 3426.719 ; gain = 423.852 ; free physical = 181801 ; free virtual = 184574
[2025-09-14 20:35:02] update_compile_order: Time (s): cpu = 00:00:07 ; elapsed = 00:00:05 . Memory (MB): peak = 3609.086 ; gain = 0.000 ; free physical = 245218 ; free virtual = 248105
[2025-09-14 20:35:02] # if {[llength [get_filesets -quiet synth]]} {
[2025-09-14 20:35:02] #     set_property constrset synth [get_runs synth_1]
[2025-09-14 20:35:02] # }
[2025-09-14 20:35:02] # if {[llength [get_filesets -quiet impl]]} {
[2025-09-14 20:35:02] #     set_property constrset impl [get_runs impl_1]
[2025-09-14 20:35:02] # }
[2025-09-14 20:35:02] # foreach sourceFile [list ${root_dir}/scripts/synthesis.tcl ${root_dir}/scripts/implementation.tcl] {
[2025-09-14 20:35:02] #   set sourceFile [retrieveVersionedFile $sourceFile $vivado_version]
[2025-09-14 20:35:02] #   if {![file exists $sourceFile]} {
[2025-09-14 20:35:02] #     puts "ERROR: could not find $sourceFile"
[2025-09-14 20:35:02] #     exit 1
[2025-09-14 20:35:02] #   }
[2025-09-14 20:35:02] #   source $sourceFile
[2025-09-14 20:35:02] # }
[2025-09-14 20:35:02] ## variable synth_run [get_runs synth_1]
[2025-09-14 20:35:02] ## reset_runs ${synth_run}
[2025-09-14 20:35:02] ## launch_runs ${synth_run} -jobs ${jobs}
[2025-09-14 20:35:02] INFO: [BD 41-1662] The design 'design_1.bd' is already validated. Therefore parameter propagation will not be re-run.
[2025-09-14 20:35:02] update_compile_order: Time (s): cpu = 00:00:07 ; elapsed = 00:00:05 . Memory (MB): peak = 3608.055 ; gain = 0.000 ; free physical = 244031 ; free virtual = 247785
[2025-09-14 20:35:02] # if {[llength [get_filesets -quiet synth]]} {
[2025-09-14 20:35:02] #     set_property constrset synth [get_runs synth_1]
[2025-09-14 20:35:02] # }
[2025-09-14 20:35:02] # if {[llength [get_filesets -quiet impl]]} {
[2025-09-14 20:35:02] #     set_property constrset impl [get_runs impl_1]
[2025-09-14 20:35:02] # }
[2025-09-14 20:35:02] # foreach sourceFile [list ${root_dir}/scripts/synthesis.tcl ${root_dir}/scripts/implementation.tcl] {
[2025-09-14 20:35:02] #   set sourceFile [retrieveVersionedFile $sourceFile $vivado_version]
[2025-09-14 20:35:02] #   if {![file exists $sourceFile]} {
[2025-09-14 20:35:02] #     puts "ERROR: could not find $sourceFile"
[2025-09-14 20:35:02] #     exit 1
[2025-09-14 20:35:02] #   }
[2025-09-14 20:35:02] #   source $sourceFile
[2025-09-14 20:35:02] # }
[2025-09-14 20:35:02] ## variable synth_run [get_runs synth_1]
[2025-09-14 20:35:02] ## reset_runs ${synth_run}
[2025-09-14 20:35:02] ## launch_runs ${synth_run} -jobs ${jobs}
[2025-09-14 20:35:02] INFO: [BD 41-1662] The design 'design_1.bd' is already validated. Therefore parameter propagation will not be re-run.
[2025-09-14 20:35:02] Verilog Output written to : /cluster/home/eirikwit/vortex-gpgpu/chipyard/sims/firesim/sim/generated-src/alveo/FireSim-FireSimV2S1C-BaseF1Config1Mem_F25MHz/u250/vivado_proj/firesim.gen/sources_1/bd/design_1/synth/design_1.v
[2025-09-14 20:35:03] Verilog Output written to : /cluster/home/eirikwit/vortex-gpgpu/chipyard/sims/firesim/sim/generated-src/alveo/FireSim-FireSimV2S1C-BaseF1Config1Mem_F25MHz/u250/vivado_proj/firesim.gen/sources_1/bd/design_1/synth/design_1.v
[2025-09-14 20:35:03] Verilog Output written to : /cluster/home/eirikwit/vortex-gpgpu/chipyard/sims/firesim/sim/generated-src/alveo/FireSim-FireSimV2S1C-BaseF1Config1Mem_F25MHz/u250/vivado_proj/firesim.gen/sources_1/bd/design_1/sim/design_1.v
[2025-09-14 20:35:03] Verilog Output written to : /cluster/home/eirikwit/vortex-gpgpu/chipyard/sims/firesim/sim/generated-src/alveo/FireSim-FireSimV2S1C-BaseF1Config1Mem_F25MHz/u250/vivado_proj/firesim.gen/sources_1/bd/design_1/sim/design_1.v
[2025-09-14 20:35:03] Verilog Output written to : /cluster/home/eirikwit/vortex-gpgpu/chipyard/sims/firesim/sim/generated-src/alveo/FireSim-FireSimV2S1C-BaseF1Config1Mem_F25MHz/u250/vivado_proj/firesim.gen/sources_1/bd/design_1/hdl/design_1_wrapper.v
[2025-09-14 20:35:03] Verilog Output written to : /cluster/home/eirikwit/vortex-gpgpu/chipyard/sims/firesim/sim/generated-src/alveo/FireSim-FireSimV2S1C-BaseF1Config1Mem_F25MHz/u250/vivado_proj/firesim.gen/sources_1/bd/design_1/hdl/design_1_wrapper.v
[2025-09-14 20:35:03] WARNING: [IP_Flow 19-4994] Overwriting existing constraint file '/cluster/home/eirikwit/vortex-gpgpu/chipyard/sims/firesim/sim/generated-src/alveo/FireSim-FireSimV2S1C-BaseF1Config1Mem_F25MHz/u250/vivado_proj/firesim.gen/sources_1/bd/design_1/ip/design_1_axi_clock_converter_0_0/design_1_axi_clock_converter_0_0_ooc.xdc'
[2025-09-14 20:35:03] WARNING: [IP_Flow 19-4994] Overwriting existing constraint file '/cluster/home/eirikwit/vortex-gpgpu/chipyard/sims/firesim/sim/generated-src/alveo/FireSim-FireSimV2S1C-BaseF1Config1Mem_F25MHz/u250/vivado_proj/firesim.gen/sources_1/bd/design_1/ip/design_1_axi_clock_converter_0_0/design_1_axi_clock_converter_0_0_ooc.xdc'
[2025-09-14 20:35:03] CRITICAL WARNING: [IP_Flow 19-664] Failed to create directory '/cluster/home/eirikwit/vortex-gpgpu/chipyard/sims/firesim/sim/generated-src/alveo/FireSim-FireSimV2S1C-BaseF1Config1Mem_F25MHz/u250/vivado_proj/firesim.gen/sources_1/bd/design_1/ip/design_1_axi_clock_converter_0_0/sysc' to copy '/cluster/projects/itea_lille-ie-idi/opt/Xilinx/Vivado/2022.2/data/ip/xilinx/axi_clock_converter_v2_1/sysc/axi_clock_converter.cpp' to.
[2025-09-14 20:35:03] ERROR: [IP_Flow 19-167] Failed to deliver one or more file(s).
[2025-09-14 20:35:03] INFO: [IP_Flow 19-3500] Reset failed 'Simulation' target for IP 'axi_clock_converter_0'.
[2025-09-14 20:35:03] INFO: [IP_Flow 19-5611] Unable to find an associated reset port for the interface 'S_AXI'. A default connection has been created.
[2025-09-14 20:35:03] ERROR: [IP_Flow 19-3505] IP Generation error: Failed to generate IP 'axi_clock_converter_0'. Failed to generate 'SystemC Simulation' outputs: 
[2025-09-14 20:35:03] INFO: [IP_Flow 19-5611] Unable to find an associated reset port for the interface 'M_AXI'. A default connection has been created.
[2025-09-14 20:35:03] ERROR: [IP_Flow 19-98] Generation of the IP CORE failed.
[2025-09-14 20:35:03] Failed to generate IP 'axi_clock_converter_0'. Failed to generate 'SystemC Simulation' outputs: 
[2025-09-14 20:35:03] ERROR: [BD 41-1030] Generation failed for the IP Integrator block axi_clock_converter_0 
[2025-09-14 20:35:03] WARNING: [IP_Flow 19-4994] Overwriting existing constraint file '/cluster/home/eirikwit/vortex-gpgpu/chipyard/sims/firesim/sim/generated-src/alveo/FireSim-FireSimV2S1C-BaseF1Config1Mem_F25MHz/u250/vivado_proj/firesim.gen/sources_1/bd/design_1/ip/design_1_axi_clock_converter_1_0/design_1_axi_clock_converter_1_0_ooc.xdc'
[2025-09-14 20:35:03] INFO: [BD 41-1029] Generation completed for the IP Integrator block axi_clock_converter_0 .
[2025-09-14 20:35:03] INFO: [IP_Flow 19-5611] Unable to find an associated reset port for the interface 'S_AXI'. A default connection has been created.
[2025-09-14 20:35:03] INFO: [IP_Flow 19-5611] Unable to find an associated reset port for the interface 'M_AXI'. A default connection has been created.
[2025-09-14 20:35:03] WARNING: [IP_Flow 19-4994] Overwriting existing constraint file '/cluster/home/eirikwit/vortex-gpgpu/chipyard/sims/firesim/sim/generated-src/alveo/FireSim-FireSimV2S1C-BaseF1Config1Mem_F25MHz/u250/vivado_proj/firesim.gen/sources_1/bd/design_1/ip/design_1_axi_clock_converter_1_0/design_1_axi_clock_converter_1_0_ooc.xdc'
[2025-09-14 20:35:03] INFO: [IP_Flow 19-5611] Unable to find an associated reset port for the interface 'S_AXI'. A default connection has been created.
[2025-09-14 20:35:03] INFO: [IP_Flow 19-5611] Unable to find an associated reset port for the interface 'M_AXI'. A default connection has been created.
[2025-09-14 20:35:03] INFO: [BD 41-1029] Generation completed for the IP Integrator block axi_clock_converter_1 .
[2025-09-14 20:35:03] INFO: [BD 41-1029] Generation completed for the IP Integrator block axi_clock_converter_1 .
[2025-09-14 20:35:03] CRITICAL WARNING: [IP_Flow 19-664] Failed to create directory '/cluster/home/eirikwit/vortex-gpgpu/chipyard/sims/firesim/sim/generated-src/alveo/FireSim-FireSimV2S1C-BaseF1Config1Mem_F25MHz/u250/vivado_proj/firesim.gen/sources_1/bd/design_1/ipshared/f0b4/hdl' to copy '/cluster/projects/itea_lille-ie-idi/opt/Xilinx/Vivado/2022.2/data/ip/xilinx/axi_register_slice_v2_1/hdl/axi_register_slice_v2_1_vl_rfs.v' to.
[2025-09-14 20:35:03] ERROR: [IP_Flow 19-167] Failed to deliver one or more file(s).
[2025-09-14 20:35:03] WARNING: [IP_Flow 19-4994] Overwriting existing constraint file '/cluster/home/eirikwit/vortex-gpgpu/chipyard/sims/firesim/sim/generated-src/alveo/FireSim-FireSimV2S1C-BaseF1Config1Mem_F25MHz/u250/vivado_proj/firesim.gen/sources_1/bd/design_1/ip/design_1_axi_dwidth_converter_0_0/design_1_axi_dwidth_converter_0_0_ooc.xdc'
[2025-09-14 20:35:03] ERROR: [IP_Flow 19-3505] IP Generation error: Failed to generate IP 'axi_dwidth_converter_0'. Failed to generate 'Verilog Synthesis' outputs: 
[2025-09-14 20:35:03] ERROR: [IP_Flow 19-98] Generation of the IP CORE failed.
[2025-09-14 20:35:03] Failed to generate IP 'axi_dwidth_converter_0'. Failed to generate 'Verilog Synthesis' outputs: 
[2025-09-14 20:35:03] ERROR: [BD 41-1030] Generation failed for the IP Integrator block axi_dwidth_converter_0 
[2025-09-14 20:35:03] INFO: [BD 41-1029] Generation completed for the IP Integrator block axi_tieoff_master_0 .
[2025-09-14 20:35:03] INFO: [IP_Flow 19-5611] Unable to find an associated reset port for the interface 'S_AXI'. A default connection has been created.
[2025-09-14 20:35:03] INFO: [IP_Flow 19-5611] Unable to find an associated reset port for the interface 'M_AXI'. A default connection has been created.
[2025-09-14 20:35:03] INFO: [BD 41-1029] Generation completed for the IP Integrator block axi_dwidth_converter_0 .
[2025-09-14 20:35:03] INFO: [BD 41-1029] Generation completed for the IP Integrator block axi_tieoff_master_0 .
[2025-09-14 20:35:04] INFO: [BD 41-1029] Generation completed for the IP Integrator block clk_wiz_0 .
[2025-09-14 20:35:04] INFO: [BD 41-1029] Generation completed for the IP Integrator block clk_wiz_0 .
[2025-09-14 20:35:05] CRITICAL WARNING: [BD 41-1356] Slave segment </ddr4_0/C0_DDR4_MEMORY_MAP_CTRL/C0_REG> is not assigned into address space </axi_tieoff_master_0/TIEOFF_M_AXI_CTRL_0>. Please use Address Editor to either assign or exclude it.
[2025-09-14 20:35:05] CRITICAL WARNING: [BD 41-1356] Slave segment </ddr4_0/C0_DDR4_MEMORY_MAP/C0_DDR4_ADDRESS_BLOCK> is not assigned into address space </firesim_wrapper_0/M_AXI_DDR0>. Please use Address Editor to either assign or exclude it.
[2025-09-14 20:35:05] CRITICAL WARNING: [BD 41-1356] Slave segment </firesim_wrapper_0/S_AXI_DMA/reg0> is not assigned into address space </xdma_0/M_AXI>. Please use Address Editor to either assign or exclude it.
[2025-09-14 20:35:05] CRITICAL WARNING: [BD 41-1356] Slave segment </firesim_wrapper_0/S_AXI_CTRL/reg0> is not assigned into address space </xdma_0/M_AXI_LITE>. Please use Address Editor to either assign or exclude it.
[2025-09-14 20:35:05] update_compile_order: Time (s): cpu = 00:00:10 ; elapsed = 00:00:09 . Memory (MB): peak = 3608.152 ; gain = 0.004 ; free physical = 245845 ; free virtual = 248721
[2025-09-14 20:35:05] # if {[llength [get_filesets -quiet synth]]} {
[2025-09-14 20:35:05] #     set_property constrset synth [get_runs synth_1]
[2025-09-14 20:35:05] # }
[2025-09-14 20:35:05] # if {[llength [get_filesets -quiet impl]]} {
[2025-09-14 20:35:05] #     set_property constrset impl [get_runs impl_1]
[2025-09-14 20:35:05] # }
[2025-09-14 20:35:05] # foreach sourceFile [list ${root_dir}/scripts/synthesis.tcl ${root_dir}/scripts/implementation.tcl] {
[2025-09-14 20:35:05] #   set sourceFile [retrieveVersionedFile $sourceFile $vivado_version]
[2025-09-14 20:35:05] #   if {![file exists $sourceFile]} {
[2025-09-14 20:35:05] #     puts "ERROR: could not find $sourceFile"
[2025-09-14 20:35:05] #     exit 1
[2025-09-14 20:35:05] #   }
[2025-09-14 20:35:05] #   source $sourceFile
[2025-09-14 20:35:05] # }
[2025-09-14 20:35:05] ## variable synth_run [get_runs synth_1]
[2025-09-14 20:35:05] ## reset_runs ${synth_run}
[2025-09-14 20:35:05] ## launch_runs ${synth_run} -jobs ${jobs}
[2025-09-14 20:35:05] WARNING: [BD 5-699] No address segments matched 'get_bd_addr_segs -of_object /ilmb_cntlr/SLMB/Mem'
[2025-09-14 20:35:05] WARNING: [BD 5-699] No address segments matched 'get_bd_addr_segs -of_object /second_ilmb_cntlr/SLMB/Mem'
[2025-09-14 20:35:05] WARNING: [BD 5-699] No address segments matched 'get_bd_addr_segs -of_object /dlmb_cntlr/SLMB/Mem'
[2025-09-14 20:35:05] WARNING: [BD 5-699] No address segments matched 'get_bd_addr_segs -of_object /second_dlmb_cntlr/SLMB/Mem'
[2025-09-14 20:35:05] WARNING: [BD 5-699] No address segments matched 'get_bd_addr_segs -of_object /iomodule_0/SLMB/Reg'
[2025-09-14 20:35:05] WARNING: [BD 5-699] No address segments matched 'get_bd_addr_segs -of_object /iomodule_0/SLMB/IO'
[2025-09-14 20:35:05] update_compile_order: Time (s): cpu = 00:00:10 ; elapsed = 00:00:09 . Memory (MB): peak = 3608.707 ; gain = 0.004 ; free physical = 240486 ; free virtual = 243251
[2025-09-14 20:35:05] # if {[llength [get_filesets -quiet synth]]} {
[2025-09-14 20:35:05] #     set_property constrset synth [get_runs synth_1]
[2025-09-14 20:35:05] # }
[2025-09-14 20:35:05] # if {[llength [get_filesets -quiet impl]]} {
[2025-09-14 20:35:05] #     set_property constrset impl [get_runs impl_1]
[2025-09-14 20:35:05] # }
[2025-09-14 20:35:05] # foreach sourceFile [list ${root_dir}/scripts/synthesis.tcl ${root_dir}/scripts/implementation.tcl] {
[2025-09-14 20:35:05] #   set sourceFile [retrieveVersionedFile $sourceFile $vivado_version]
[2025-09-14 20:35:05] #   if {![file exists $sourceFile]} {
[2025-09-14 20:35:05] #     puts "ERROR: could not find $sourceFile"
[2025-09-14 20:35:05] #     exit 1
[2025-09-14 20:35:05] #   }
[2025-09-14 20:35:05] #   source $sourceFile
[2025-09-14 20:35:06] # }
[2025-09-14 20:35:06] ## variable synth_run [get_runs synth_1]
[2025-09-14 20:35:06] ## reset_runs ${synth_run}
[2025-09-14 20:35:06] ## launch_runs ${synth_run} -jobs ${jobs}
[2025-09-14 20:35:06] update_compile_order: Time (s): cpu = 00:00:11 ; elapsed = 00:00:11 . Memory (MB): peak = 3605.773 ; gain = 0.004 ; free physical = 172405 ; free virtual = 177042
[2025-09-14 20:35:06] # if {[llength [get_filesets -quiet synth]]} {
[2025-09-14 20:35:06] #     set_property constrset synth [get_runs synth_1]
[2025-09-14 20:35:06] # }
[2025-09-14 20:35:06] # if {[llength [get_filesets -quiet impl]]} {
[2025-09-14 20:35:06] #     set_property constrset impl [get_runs impl_1]
[2025-09-14 20:35:06] # }
[2025-09-14 20:35:06] # foreach sourceFile [list ${root_dir}/scripts/synthesis.tcl ${root_dir}/scripts/implementation.tcl] {
[2025-09-14 20:35:06] #   set sourceFile [retrieveVersionedFile $sourceFile $vivado_version]
[2025-09-14 20:35:06] #   if {![file exists $sourceFile]} {
[2025-09-14 20:35:06] #     puts "ERROR: could not find $sourceFile"
[2025-09-14 20:35:06] #     exit 1
[2025-09-14 20:35:06] #   }
[2025-09-14 20:35:06] #   source $sourceFile
[2025-09-14 20:35:06] # }
[2025-09-14 20:35:06] ## variable synth_run [get_runs synth_1]
[2025-09-14 20:35:06] ## reset_runs ${synth_run}
[2025-09-14 20:35:06] ## launch_runs ${synth_run} -jobs ${jobs}
[2025-09-14 20:35:06] update_compile_order: Time (s): cpu = 00:00:10 ; elapsed = 00:00:09 . Memory (MB): peak = 3608.152 ; gain = 0.004 ; free physical = 242955 ; free virtual = 246485
[2025-09-14 20:35:06] # if {[llength [get_filesets -quiet synth]]} {
[2025-09-14 20:35:06] #     set_property constrset synth [get_runs synth_1]
[2025-09-14 20:35:06] # }
[2025-09-14 20:35:06] # if {[llength [get_filesets -quiet impl]]} {
[2025-09-14 20:35:06] #     set_property constrset impl [get_runs impl_1]
[2025-09-14 20:35:06] # }
[2025-09-14 20:35:06] # foreach sourceFile [list ${root_dir}/scripts/synthesis.tcl ${root_dir}/scripts/implementation.tcl] {
[2025-09-14 20:35:06] #   set sourceFile [retrieveVersionedFile $sourceFile $vivado_version]
[2025-09-14 20:35:06] #   if {![file exists $sourceFile]} {
[2025-09-14 20:35:06] #     puts "ERROR: could not find $sourceFile"
[2025-09-14 20:35:06] #     exit 1
[2025-09-14 20:35:06] #   }
[2025-09-14 20:35:06] #   source $sourceFile
[2025-09-14 20:35:06] # }
[2025-09-14 20:35:06] ## variable synth_run [get_runs synth_1]
[2025-09-14 20:35:06] ## reset_runs ${synth_run}
[2025-09-14 20:35:06] ## launch_runs ${synth_run} -jobs ${jobs}
[2025-09-14 20:35:06] WARNING: [BD 5-699] No address segments matched 'get_bd_addr_segs -of_object /ilmb_cntlr/SLMB/Mem'
[2025-09-14 20:35:06] WARNING: [BD 5-699] No address segments matched 'get_bd_addr_segs -of_object /second_ilmb_cntlr/SLMB/Mem'
[2025-09-14 20:35:06] WARNING: [BD 5-699] No address segments matched 'get_bd_addr_segs -of_object /dlmb_cntlr/SLMB/Mem'
[2025-09-14 20:35:06] WARNING: [BD 5-699] No address segments matched 'get_bd_addr_segs -of_object /second_dlmb_cntlr/SLMB/Mem'
[2025-09-14 20:35:06] WARNING: [BD 5-699] No address segments matched 'get_bd_addr_segs -of_object /iomodule_0/SLMB/Reg'
[2025-09-14 20:35:06] WARNING: [BD 5-699] No address segments matched 'get_bd_addr_segs -of_object /iomodule_0/SLMB/IO'
[2025-09-14 20:35:06] WARNING: [BD 5-699] No address segments matched 'get_bd_addr_segs -of_object /ilmb_cntlr/SLMB/Mem'
[2025-09-14 20:35:06] WARNING: [BD 5-699] No address segments matched 'get_bd_addr_segs -of_object /second_ilmb_cntlr/SLMB/Mem'
[2025-09-14 20:35:06] WARNING: [BD 5-699] No address segments matched 'get_bd_addr_segs -of_object /dlmb_cntlr/SLMB/Mem'
[2025-09-14 20:35:06] WARNING: [BD 5-699] No address segments matched 'get_bd_addr_segs -of_object /second_dlmb_cntlr/SLMB/Mem'
[2025-09-14 20:35:06] WARNING: [BD 5-699] No address segments matched 'get_bd_addr_segs -of_object /iomodule_0/SLMB/Reg'
[2025-09-14 20:35:06] WARNING: [BD 5-699] No address segments matched 'get_bd_addr_segs -of_object /iomodule_0/SLMB/IO'
[2025-09-14 20:35:07] CRITICAL WARNING: [BD 41-1356] Slave segment </ddr4_0/C0_DDR4_MEMORY_MAP_CTRL/C0_REG> is not assigned into address space </axi_tieoff_master_0/TIEOFF_M_AXI_CTRL_0>. Please use Address Editor to either assign or exclude it.
[2025-09-14 20:35:07] CRITICAL WARNING: [BD 41-1356] Slave segment </ddr4_0/C0_DDR4_MEMORY_MAP/C0_DDR4_ADDRESS_BLOCK> is not assigned into address space </firesim_wrapper_0/M_AXI_DDR0>. Please use Address Editor to either assign or exclude it.
[2025-09-14 20:35:07] CRITICAL WARNING: [BD 41-1356] Slave segment </firesim_wrapper_0/S_AXI_DMA/reg0> is not assigned into address space </xdma_0/M_AXI>. Please use Address Editor to either assign or exclude it.
[2025-09-14 20:35:07] CRITICAL WARNING: [BD 41-1356] Slave segment </firesim_wrapper_0/S_AXI_CTRL/reg0> is not assigned into address space </xdma_0/M_AXI_LITE>. Please use Address Editor to either assign or exclude it.
[2025-09-14 20:35:07] INFO: [IP_Flow 19-5107] Inferred bus interface 'S_AXI_CTRL' of definition 'xilinx.com:interface:aximm:1.0' (from X_INTERFACE_INFO parameter from HDL file).
[2025-09-14 20:35:07] INFO: [IP_Flow 19-5107] Inferred bus interface 'S_AXI_CTRL' of definition 'xilinx.com:interface:aximm:1.0' (from 'X_INTERFACE_INFO' attribute).
[2025-09-14 20:35:07] INFO: [IP_Flow 19-5107] Inferred bus interface 'S_AXI_DMA' of definition 'xilinx.com:interface:aximm:1.0' (from X_INTERFACE_INFO parameter from HDL file).
[2025-09-14 20:35:07] INFO: [IP_Flow 19-5107] Inferred bus interface 'S_AXI_DMA' of definition 'xilinx.com:interface:aximm:1.0' (from 'X_INTERFACE_INFO' attribute).
[2025-09-14 20:35:07] INFO: [IP_Flow 19-5107] Inferred bus interface 'M_AXI_DDR0' of definition 'xilinx.com:interface:aximm:1.0' (from X_INTERFACE_INFO parameter from HDL file).
[2025-09-14 20:35:07] INFO: [IP_Flow 19-5107] Inferred bus interface 'M_AXI_DDR0' of definition 'xilinx.com:interface:aximm:1.0' (from 'X_INTERFACE_INFO' attribute).
[2025-09-14 20:35:07] INFO: [IP_Flow 19-5107] Inferred bus interface 'CLK.SYS_CLK_30' of definition 'xilinx.com:signal:clock:1.0' (from X_INTERFACE_INFO parameter from HDL file).
[2025-09-14 20:35:07] INFO: [IP_Flow 19-5107] Inferred bus interface 'CLK.SYS_CLK_30' of definition 'xilinx.com:signal:clock:1.0' (from 'X_INTERFACE_INFO' attribute).
[2025-09-14 20:35:07] INFO: [IP_Flow 19-5107] Inferred bus interface 'RST.SYS_RESET_N' of definition 'xilinx.com:signal:reset:1.0' (from X_INTERFACE_INFO parameter from HDL file).
[2025-09-14 20:35:07] INFO: [IP_Flow 19-5107] Inferred bus interface 'RST.SYS_RESET_N' of definition 'xilinx.com:signal:reset:1.0' (from 'X_INTERFACE_INFO' attribute).
[2025-09-14 20:35:07] INFO: [IP_Flow 19-4728] Bus Interface 'S_AXI_CTRL': Added interface parameter 'ADDR_WIDTH' with value '32'.
[2025-09-14 20:35:07] INFO: [IP_Flow 19-4728] Bus Interface 'S_AXI_CTRL': Added interface parameter 'ARUSER_WIDTH' with value '0'.
[2025-09-14 20:35:07] INFO: [IP_Flow 19-4728] Bus Interface 'S_AXI_CTRL': Added interface parameter 'AWUSER_WIDTH' with value '0'.
[2025-09-14 20:35:07] INFO: [IP_Flow 19-4728] Bus Interface 'S_AXI_CTRL': Added interface parameter 'BUSER_WIDTH' with value '0'.
[2025-09-14 20:35:07] INFO: [IP_Flow 19-4728] Bus Interface 'S_AXI_CTRL': Added interface parameter 'CLK_DOMAIN' with value 'design_1_clk_wiz_0_0_clk_out1'.
[2025-09-14 20:35:07] INFO: [IP_Flow 19-4728] Bus Interface 'S_AXI_CTRL': Added interface parameter 'DATA_WIDTH' with value '32'.
[2025-09-14 20:35:07] INFO: [IP_Flow 19-4728] Bus Interface 'S_AXI_CTRL': Added interface parameter 'HAS_BRESP' with value '1'.
[2025-09-14 20:35:07] INFO: [IP_Flow 19-4728] Bus Interface 'S_AXI_CTRL': Added interface parameter 'HAS_BURST' with value '0'.
[2025-09-14 20:35:07] INFO: [IP_Flow 19-4728] Bus Interface 'S_AXI_CTRL': Added interface parameter 'HAS_CACHE' with value '0'.
[2025-09-14 20:35:07] INFO: [IP_Flow 19-4728] Bus Interface 'S_AXI_CTRL': Added interface parameter 'HAS_LOCK' with value '0'.
[2025-09-14 20:35:07] INFO: [IP_Flow 19-4728] Bus Interface 'S_AXI_CTRL': Added interface parameter 'HAS_PROT' with value '1'.
[2025-09-14 20:35:07] INFO: [IP_Flow 19-4728] Bus Interface 'S_AXI_CTRL': Added interface parameter 'HAS_QOS' with value '0'.
[2025-09-14 20:35:07] INFO: [IP_Flow 19-4728] Bus Interface 'S_AXI_CTRL': Added interface parameter 'HAS_REGION' with value '0'.
[2025-09-14 20:35:07] INFO: [IP_Flow 19-4728] Bus Interface 'S_AXI_CTRL': Added interface parameter 'HAS_RRESP' with value '1'.
[2025-09-14 20:35:07] INFO: [IP_Flow 19-4728] Bus Interface 'S_AXI_CTRL': Added interface parameter 'HAS_WSTRB' with value '1'.
[2025-09-14 20:35:07] INFO: [IP_Flow 19-4728] Bus Interface 'S_AXI_CTRL': Added interface parameter 'ID_WIDTH' with value '0'.
[2025-09-14 20:35:07] INFO: [IP_Flow 19-4728] Bus Interface 'S_AXI_CTRL': Added interface parameter 'INSERT_VIP' with value '0'.
[2025-09-14 20:35:07] INFO: [IP_Flow 19-4728] Bus Interface 'S_AXI_CTRL': Added interface parameter 'MAX_BURST_LENGTH' with value '1'.
[2025-09-14 20:35:07] INFO: [IP_Flow 19-4728] Bus Interface 'S_AXI_CTRL': Added interface parameter 'NUM_READ_OUTSTANDING' with value '1'.
[2025-09-14 20:35:07] INFO: [IP_Flow 19-4728] Bus Interface 'S_AXI_CTRL': Added interface parameter 'NUM_READ_THREADS' with value '1'.
[2025-09-14 20:35:07] INFO: [IP_Flow 19-4728] Bus Interface 'S_AXI_CTRL': Added interface parameter 'NUM_WRITE_OUTSTANDING' with value '1'.
[2025-09-14 20:35:07] INFO: [IP_Flow 19-4728] Bus Interface 'S_AXI_CTRL': Added interface parameter 'NUM_WRITE_THREADS' with value '1'.
[2025-09-14 20:35:07] INFO: [IP_Flow 19-4728] Bus Interface 'S_AXI_CTRL': Added interface parameter 'PHASE' with value '0'.
[2025-09-14 20:35:07] INFO: [IP_Flow 19-4728] Bus Interface 'S_AXI_CTRL': Added interface parameter 'PROTOCOL' with value 'AXI4LITE'.
[2025-09-14 20:35:07] INFO: [IP_Flow 19-4728] Bus Interface 'S_AXI_CTRL': Added interface parameter 'READ_WRITE_MODE' with value 'READ_WRITE'.
[2025-09-14 20:35:07] INFO: [IP_Flow 19-4728] Bus Interface 'S_AXI_CTRL': Added interface parameter 'RUSER_BITS_PER_BYTE' with value '0'.
[2025-09-14 20:35:07] INFO: [IP_Flow 19-4728] Bus Interface 'S_AXI_CTRL': Added interface parameter 'RUSER_WIDTH' with value '0'.
[2025-09-14 20:35:07] INFO: [IP_Flow 19-4728] Bus Interface 'S_AXI_CTRL': Added interface parameter 'SUPPORTS_NARROW_BURST' with value '0'.
[2025-09-14 20:35:07] INFO: [IP_Flow 19-4728] Bus Interface 'S_AXI_CTRL': Added interface parameter 'WUSER_BITS_PER_BYTE' with value '0'.
[2025-09-14 20:35:07] INFO: [IP_Flow 19-4728] Bus Interface 'S_AXI_CTRL': Added interface parameter 'WUSER_WIDTH' with value '0'.
[2025-09-14 20:35:07] INFO: [IP_Flow 19-4728] Bus Interface 'S_AXI_DMA': Added interface parameter 'ADDR_WIDTH' with value '64'.
[2025-09-14 20:35:07] INFO: [IP_Flow 19-4728] Bus Interface 'S_AXI_DMA': Added interface parameter 'ARUSER_WIDTH' with value '0'.
[2025-09-14 20:35:07] INFO: [IP_Flow 19-4728] Bus Interface 'S_AXI_DMA': Added interface parameter 'AWUSER_WIDTH' with value '0'.
[2025-09-14 20:35:07] INFO: [IP_Flow 19-4728] Bus Interface 'S_AXI_DMA': Added interface parameter 'BUSER_WIDTH' with value '0'.
[2025-09-14 20:35:07] INFO: [IP_Flow 19-4728] Bus Interface 'S_AXI_DMA': Added interface parameter 'CLK_DOMAIN' with value 'design_1_clk_wiz_0_0_clk_out1'.
[2025-09-14 20:35:07] INFO: [IP_Flow 19-4728] Bus Interface 'S_AXI_DMA': Added interface parameter 'DATA_WIDTH' with value '512'.
[2025-09-14 20:35:07] INFO: [IP_Flow 19-4728] Bus Interface 'S_AXI_DMA': Added interface parameter 'HAS_BRESP' with value '1'.
[2025-09-14 20:35:07] INFO: [IP_Flow 19-4728] Bus Interface 'S_AXI_DMA': Added interface parameter 'HAS_BURST' with value '0'.
[2025-09-14 20:35:07] INFO: [IP_Flow 19-4728] Bus Interface 'S_AXI_DMA': Added interface parameter 'HAS_CACHE' with value '1'.
[2025-09-14 20:35:07] INFO: [IP_Flow 19-4728] Bus Interface 'S_AXI_DMA': Added interface parameter 'HAS_LOCK' with value '1'.
[2025-09-14 20:35:07] INFO: [IP_Flow 19-4728] Bus Interface 'S_AXI_DMA': Added interface parameter 'HAS_PROT' with value '1'.
[2025-09-14 20:35:07] INFO: [IP_Flow 19-4728] Bus Interface 'S_AXI_DMA': Added interface parameter 'HAS_QOS' with value '0'.
[2025-09-14 20:35:07] INFO: [IP_Flow 19-4728] Bus Interface 'S_AXI_DMA': Added interface parameter 'HAS_REGION' with value '0'.
[2025-09-14 20:35:07] INFO: [IP_Flow 19-4728] Bus Interface 'S_AXI_DMA': Added interface parameter 'HAS_RRESP' with value '1'.
[2025-09-14 20:35:07] INFO: [IP_Flow 19-4728] Bus Interface 'S_AXI_DMA': Added interface parameter 'HAS_WSTRB' with value '1'.
[2025-09-14 20:35:07] INFO: [IP_Flow 19-4728] Bus Interface 'S_AXI_DMA': Added interface parameter 'ID_WIDTH' with value '4'.
[2025-09-14 20:35:07] INFO: [IP_Flow 19-4728] Bus Interface 'S_AXI_DMA': Added interface parameter 'INSERT_VIP' with value '0'.
[2025-09-14 20:35:07] INFO: [IP_Flow 19-4728] Bus Interface 'S_AXI_DMA': Added interface parameter 'MAX_BURST_LENGTH' with value '256'.
[2025-09-14 20:35:07] INFO: [IP_Flow 19-4728] Bus Interface 'S_AXI_DMA': Added interface parameter 'NUM_READ_OUTSTANDING' with value '32'.
[2025-09-14 20:35:07] INFO: [IP_Flow 19-4728] Bus Interface 'S_AXI_DMA': Added interface parameter 'NUM_READ_THREADS' with value '4'.
[2025-09-14 20:35:07] INFO: [IP_Flow 19-4728] Bus Interface 'S_AXI_DMA': Added interface parameter 'NUM_WRITE_OUTSTANDING' with value '16'.
[2025-09-14 20:35:07] INFO: [IP_Flow 19-4728] Bus Interface 'S_AXI_DMA': Added interface parameter 'NUM_WRITE_THREADS' with value '4'.
[2025-09-14 20:35:07] INFO: [IP_Flow 19-4728] Bus Interface 'S_AXI_DMA': Added interface parameter 'PHASE' with value '0'.
[2025-09-14 20:35:07] INFO: [IP_Flow 19-4728] Bus Interface 'S_AXI_DMA': Added interface parameter 'PROTOCOL' with value 'AXI4'.
[2025-09-14 20:35:07] INFO: [IP_Flow 19-4728] Bus Interface 'S_AXI_DMA': Added interface parameter 'READ_WRITE_MODE' with value 'READ_WRITE'.
[2025-09-14 20:35:07] INFO: [IP_Flow 19-4728] Bus Interface 'S_AXI_DMA': Added interface parameter 'RUSER_BITS_PER_BYTE' with value '0'.
[2025-09-14 20:35:07] INFO: [IP_Flow 19-4728] Bus Interface 'S_AXI_DMA': Added interface parameter 'RUSER_WIDTH' with value '0'.
[2025-09-14 20:35:07] INFO: [IP_Flow 19-4728] Bus Interface 'S_AXI_DMA': Added interface parameter 'SUPPORTS_NARROW_BURST' with value '0'.
[2025-09-14 20:35:07] INFO: [IP_Flow 19-4728] Bus Interface 'S_AXI_DMA': Added interface parameter 'WUSER_BITS_PER_BYTE' with value '0'.
[2025-09-14 20:35:07] INFO: [IP_Flow 19-4728] Bus Interface 'S_AXI_DMA': Added interface parameter 'WUSER_WIDTH' with value '0'.
[2025-09-14 20:35:07] INFO: [IP_Flow 19-4728] Bus Interface 'M_AXI_DDR0': Added interface parameter 'ADDR_WIDTH' with value '34'.
[2025-09-14 20:35:07] INFO: [IP_Flow 19-4728] Bus Interface 'M_AXI_DDR0': Added interface parameter 'ARUSER_WIDTH' with value '0'.
[2025-09-14 20:35:07] INFO: [IP_Flow 19-4728] Bus Interface 'M_AXI_DDR0': Added interface parameter 'AWUSER_WIDTH' with value '0'.
[2025-09-14 20:35:07] INFO: [IP_Flow 19-4728] Bus Interface 'M_AXI_DDR0': Added interface parameter 'BUSER_WIDTH' with value '0'.
[2025-09-14 20:35:07] INFO: [IP_Flow 19-4728] Bus Interface 'M_AXI_DDR0': Added interface parameter 'CLK_DOMAIN' with value 'design_1_clk_wiz_0_0_clk_out1'.
[2025-09-14 20:35:07] INFO: [IP_Flow 19-4728] Bus Interface 'M_AXI_DDR0': Added interface parameter 'DATA_WIDTH' with value '64'.
[2025-09-14 20:35:07] INFO: [IP_Flow 19-4728] Bus Interface 'M_AXI_DDR0': Added interface parameter 'HAS_BRESP' with value '1'.
[2025-09-14 20:35:07] INFO: [IP_Flow 19-4728] Bus Interface 'M_AXI_DDR0': Added interface parameter 'HAS_BURST' with value '1'.
[2025-09-14 20:35:07] INFO: [IP_Flow 19-4728] Bus Interface 'M_AXI_DDR0': Added interface parameter 'HAS_CACHE' with value '1'.
[2025-09-14 20:35:07] INFO: [IP_Flow 19-4728] Bus Interface 'M_AXI_DDR0': Added interface parameter 'HAS_LOCK' with value '1'.
[2025-09-14 20:35:07] INFO: [IP_Flow 19-4728] Bus Interface 'M_AXI_DDR0': Added interface parameter 'HAS_PROT' with value '1'.
[2025-09-14 20:35:07] INFO: [IP_Flow 19-4728] Bus Interface 'M_AXI_DDR0': Added interface parameter 'HAS_QOS' with value '1'.
[2025-09-14 20:35:07] INFO: [IP_Flow 19-4728] Bus Interface 'M_AXI_DDR0': Added interface parameter 'HAS_REGION' with value '1'.
[2025-09-14 20:35:07] INFO: [IP_Flow 19-4728] Bus Interface 'M_AXI_DDR0': Added interface parameter 'HAS_RRESP' with value '1'.
[2025-09-14 20:35:07] INFO: [IP_Flow 19-4728] Bus Interface 'M_AXI_DDR0': Added interface parameter 'HAS_WSTRB' with value '1'.
[2025-09-14 20:35:07] INFO: [IP_Flow 19-4728] Bus Interface 'M_AXI_DDR0': Added interface parameter 'ID_WIDTH' with value '16'.
[2025-09-14 20:35:07] INFO: [IP_Flow 19-4728] Bus Interface 'M_AXI_DDR0': Added interface parameter 'INSERT_VIP' with value '0'.
[2025-09-14 20:35:07] INFO: [IP_Flow 19-4728] Bus Interface 'M_AXI_DDR0': Added interface parameter 'MAX_BURST_LENGTH' with value '256'.
[2025-09-14 20:35:07] INFO: [IP_Flow 19-4728] Bus Interface 'M_AXI_DDR0': Added interface parameter 'NUM_READ_OUTSTANDING' with value '2'.
[2025-09-14 20:35:07] INFO: [IP_Flow 19-4728] Bus Interface 'M_AXI_DDR0': Added interface parameter 'NUM_READ_THREADS' with value '1'.
[2025-09-14 20:35:07] INFO: [IP_Flow 19-4728] Bus Interface 'M_AXI_DDR0': Added interface parameter 'NUM_WRITE_OUTSTANDING' with value '2'.
[2025-09-14 20:35:07] INFO: [IP_Flow 19-4728] Bus Interface 'M_AXI_DDR0': Added interface parameter 'NUM_WRITE_THREADS' with value '1'.
[2025-09-14 20:35:07] INFO: [IP_Flow 19-4728] Bus Interface 'M_AXI_DDR0': Added interface parameter 'PHASE' with value '0'.
[2025-09-14 20:35:07] INFO: [IP_Flow 19-4728] Bus Interface 'M_AXI_DDR0': Added interface parameter 'PROTOCOL' with value 'AXI4'.
[2025-09-14 20:35:07] INFO: [IP_Flow 19-4728] Bus Interface 'M_AXI_DDR0': Added interface parameter 'READ_WRITE_MODE' with value 'READ_WRITE'.
[2025-09-14 20:35:07] INFO: [IP_Flow 19-4728] Bus Interface 'M_AXI_DDR0': Added interface parameter 'RUSER_BITS_PER_BYTE' with value '0'.
[2025-09-14 20:35:07] INFO: [IP_Flow 19-4728] Bus Interface 'M_AXI_DDR0': Added interface parameter 'RUSER_WIDTH' with value '0'.
[2025-09-14 20:35:07] INFO: [IP_Flow 19-4728] Bus Interface 'M_AXI_DDR0': Added interface parameter 'SUPPORTS_NARROW_BURST' with value '1'.
[2025-09-14 20:35:07] INFO: [IP_Flow 19-4728] Bus Interface 'M_AXI_DDR0': Added interface parameter 'WUSER_BITS_PER_BYTE' with value '0'.
[2025-09-14 20:35:07] INFO: [IP_Flow 19-4728] Bus Interface 'M_AXI_DDR0': Added interface parameter 'WUSER_WIDTH' with value '0'.
[2025-09-14 20:35:07] INFO: [IP_Flow 19-4728] Bus Interface 'CLK.SYS_CLK_30': Added interface parameter 'ASSOCIATED_BUSIF' with value 'S_AXI_CTRL'.
[2025-09-14 20:35:07] INFO: [IP_Flow 19-4728] Bus Interface 'CLK.SYS_CLK_30': Added interface parameter 'CLK_DOMAIN' with value 'design_1_clk_wiz_0_0_clk_out1'.
[2025-09-14 20:35:07] INFO: [IP_Flow 19-4728] Bus Interface 'CLK.SYS_CLK_30': Added interface parameter 'INSERT_VIP' with value '0'.
[2025-09-14 20:35:07] INFO: [IP_Flow 19-4728] Bus Interface 'CLK.SYS_CLK_30': Added interface parameter 'PHASE' with value '0'.
[2025-09-14 20:35:07] INFO: [IP_Flow 19-4728] Bus Interface 'RST.SYS_RESET_N': Added interface parameter 'INSERT_VIP' with value '0'.
[2025-09-14 20:35:07] INFO: [IP_Flow 19-4728] Bus Interface 'RST.SYS_RESET_N': Added interface parameter 'POLARITY' with value 'ACTIVE_LOW'.
[2025-09-14 20:35:07] WARNING: [IP_Flow 19-3157] Bus Interface 'RST.SYS_RESET_N': Bus parameter POLARITY is ACTIVE_LOW but port 'sys_reset_n' is not *resetn - please double check the POLARITY setting.
[2025-09-14 20:35:07] INFO: [IP_Flow 19-234] Refreshing IP repositories
[2025-09-14 20:35:07] INFO: [IP_Flow 19-1704] No user IP repositories specified
[2025-09-14 20:35:08] INFO: [IP_Flow 19-5107] Inferred bus interface 'S_AXI_CTRL' of definition 'xilinx.com:interface:aximm:1.0' (from X_INTERFACE_INFO parameter from HDL file).
[2025-09-14 20:35:08] INFO: [IP_Flow 19-5107] Inferred bus interface 'S_AXI_CTRL' of definition 'xilinx.com:interface:aximm:1.0' (from 'X_INTERFACE_INFO' attribute).
[2025-09-14 20:35:08] INFO: [IP_Flow 19-5107] Inferred bus interface 'S_AXI_DMA' of definition 'xilinx.com:interface:aximm:1.0' (from X_INTERFACE_INFO parameter from HDL file).
[2025-09-14 20:35:08] INFO: [IP_Flow 19-5107] Inferred bus interface 'S_AXI_DMA' of definition 'xilinx.com:interface:aximm:1.0' (from 'X_INTERFACE_INFO' attribute).
[2025-09-14 20:35:08] INFO: [IP_Flow 19-5107] Inferred bus interface 'M_AXI_DDR0' of definition 'xilinx.com:interface:aximm:1.0' (from X_INTERFACE_INFO parameter from HDL file).
[2025-09-14 20:35:08] INFO: [IP_Flow 19-5107] Inferred bus interface 'M_AXI_DDR0' of definition 'xilinx.com:interface:aximm:1.0' (from 'X_INTERFACE_INFO' attribute).
[2025-09-14 20:35:08] INFO: [IP_Flow 19-5107] Inferred bus interface 'CLK.SYS_CLK_30' of definition 'xilinx.com:signal:clock:1.0' (from X_INTERFACE_INFO parameter from HDL file).
[2025-09-14 20:35:08] INFO: [IP_Flow 19-5107] Inferred bus interface 'CLK.SYS_CLK_30' of definition 'xilinx.com:signal:clock:1.0' (from 'X_INTERFACE_INFO' attribute).
[2025-09-14 20:35:08] INFO: [IP_Flow 19-5107] Inferred bus interface 'RST.SYS_RESET_N' of definition 'xilinx.com:signal:reset:1.0' (from X_INTERFACE_INFO parameter from HDL file).
[2025-09-14 20:35:08] INFO: [IP_Flow 19-5107] Inferred bus interface 'RST.SYS_RESET_N' of definition 'xilinx.com:signal:reset:1.0' (from 'X_INTERFACE_INFO' attribute).
[2025-09-14 20:35:08] INFO: [IP_Flow 19-4728] Bus Interface 'S_AXI_CTRL': Added interface parameter 'ADDR_WIDTH' with value '32'.
[2025-09-14 20:35:08] INFO: [IP_Flow 19-4728] Bus Interface 'S_AXI_CTRL': Added interface parameter 'ARUSER_WIDTH' with value '0'.
[2025-09-14 20:35:08] INFO: [IP_Flow 19-4728] Bus Interface 'S_AXI_CTRL': Added interface parameter 'AWUSER_WIDTH' with value '0'.
[2025-09-14 20:35:08] INFO: [IP_Flow 19-4728] Bus Interface 'S_AXI_CTRL': Added interface parameter 'BUSER_WIDTH' with value '0'.
[2025-09-14 20:35:08] INFO: [IP_Flow 19-4728] Bus Interface 'S_AXI_CTRL': Added interface parameter 'CLK_DOMAIN' with value 'design_1_clk_wiz_0_0_clk_out1'.
[2025-09-14 20:35:08] INFO: [IP_Flow 19-4728] Bus Interface 'S_AXI_CTRL': Added interface parameter 'DATA_WIDTH' with value '32'.
[2025-09-14 20:35:08] INFO: [IP_Flow 19-4728] Bus Interface 'S_AXI_CTRL': Added interface parameter 'HAS_BRESP' with value '1'.
[2025-09-14 20:35:08] INFO: [IP_Flow 19-4728] Bus Interface 'S_AXI_CTRL': Added interface parameter 'HAS_BURST' with value '0'.
[2025-09-14 20:35:08] INFO: [IP_Flow 19-4728] Bus Interface 'S_AXI_CTRL': Added interface parameter 'HAS_CACHE' with value '0'.
[2025-09-14 20:35:08] INFO: [IP_Flow 19-4728] Bus Interface 'S_AXI_CTRL': Added interface parameter 'HAS_LOCK' with value '0'.
[2025-09-14 20:35:08] INFO: [IP_Flow 19-4728] Bus Interface 'S_AXI_CTRL': Added interface parameter 'HAS_PROT' with value '1'.
[2025-09-14 20:35:08] INFO: [IP_Flow 19-4728] Bus Interface 'S_AXI_CTRL': Added interface parameter 'HAS_QOS' with value '0'.
[2025-09-14 20:35:08] INFO: [IP_Flow 19-4728] Bus Interface 'S_AXI_CTRL': Added interface parameter 'HAS_REGION' with value '0'.
[2025-09-14 20:35:08] INFO: [IP_Flow 19-4728] Bus Interface 'S_AXI_CTRL': Added interface parameter 'HAS_RRESP' with value '1'.
[2025-09-14 20:35:08] INFO: [IP_Flow 19-4728] Bus Interface 'S_AXI_CTRL': Added interface parameter 'HAS_WSTRB' with value '1'.
[2025-09-14 20:35:08] INFO: [IP_Flow 19-4728] Bus Interface 'S_AXI_CTRL': Added interface parameter 'ID_WIDTH' with value '0'.
[2025-09-14 20:35:08] INFO: [IP_Flow 19-4728] Bus Interface 'S_AXI_CTRL': Added interface parameter 'INSERT_VIP' with value '0'.
[2025-09-14 20:35:08] INFO: [IP_Flow 19-4728] Bus Interface 'S_AXI_CTRL': Added interface parameter 'MAX_BURST_LENGTH' with value '1'.
[2025-09-14 20:35:08] INFO: [IP_Flow 19-4728] Bus Interface 'S_AXI_CTRL': Added interface parameter 'NUM_READ_OUTSTANDING' with value '1'.
[2025-09-14 20:35:08] INFO: [IP_Flow 19-4728] Bus Interface 'S_AXI_CTRL': Added interface parameter 'NUM_READ_THREADS' with value '1'.
[2025-09-14 20:35:08] INFO: [IP_Flow 19-4728] Bus Interface 'S_AXI_CTRL': Added interface parameter 'NUM_WRITE_OUTSTANDING' with value '1'.
[2025-09-14 20:35:08] INFO: [IP_Flow 19-4728] Bus Interface 'S_AXI_CTRL': Added interface parameter 'NUM_WRITE_THREADS' with value '1'.
[2025-09-14 20:35:08] INFO: [IP_Flow 19-4728] Bus Interface 'S_AXI_CTRL': Added interface parameter 'PHASE' with value '0'.
[2025-09-14 20:35:08] INFO: [IP_Flow 19-4728] Bus Interface 'S_AXI_CTRL': Added interface parameter 'PROTOCOL' with value 'AXI4LITE'.
[2025-09-14 20:35:08] INFO: [IP_Flow 19-4728] Bus Interface 'S_AXI_CTRL': Added interface parameter 'READ_WRITE_MODE' with value 'READ_WRITE'.
[2025-09-14 20:35:08] INFO: [IP_Flow 19-4728] Bus Interface 'S_AXI_CTRL': Added interface parameter 'RUSER_BITS_PER_BYTE' with value '0'.
[2025-09-14 20:35:08] INFO: [IP_Flow 19-4728] Bus Interface 'S_AXI_CTRL': Added interface parameter 'RUSER_WIDTH' with value '0'.
[2025-09-14 20:35:08] INFO: [IP_Flow 19-4728] Bus Interface 'S_AXI_CTRL': Added interface parameter 'SUPPORTS_NARROW_BURST' with value '0'.
[2025-09-14 20:35:08] INFO: [IP_Flow 19-4728] Bus Interface 'S_AXI_CTRL': Added interface parameter 'WUSER_BITS_PER_BYTE' with value '0'.
[2025-09-14 20:35:08] INFO: [IP_Flow 19-4728] Bus Interface 'S_AXI_CTRL': Added interface parameter 'WUSER_WIDTH' with value '0'.
[2025-09-14 20:35:08] INFO: [IP_Flow 19-4728] Bus Interface 'S_AXI_DMA': Added interface parameter 'ADDR_WIDTH' with value '64'.
[2025-09-14 20:35:08] INFO: [IP_Flow 19-4728] Bus Interface 'S_AXI_DMA': Added interface parameter 'ARUSER_WIDTH' with value '0'.
[2025-09-14 20:35:08] INFO: [IP_Flow 19-4728] Bus Interface 'S_AXI_DMA': Added interface parameter 'AWUSER_WIDTH' with value '0'.
[2025-09-14 20:35:08] INFO: [IP_Flow 19-4728] Bus Interface 'S_AXI_DMA': Added interface parameter 'BUSER_WIDTH' with value '0'.
[2025-09-14 20:35:08] INFO: [IP_Flow 19-4728] Bus Interface 'S_AXI_DMA': Added interface parameter 'CLK_DOMAIN' with value 'design_1_clk_wiz_0_0_clk_out1'.
[2025-09-14 20:35:08] INFO: [IP_Flow 19-4728] Bus Interface 'S_AXI_DMA': Added interface parameter 'DATA_WIDTH' with value '512'.
[2025-09-14 20:35:08] INFO: [IP_Flow 19-4728] Bus Interface 'S_AXI_DMA': Added interface parameter 'HAS_BRESP' with value '1'.
[2025-09-14 20:35:08] INFO: [IP_Flow 19-4728] Bus Interface 'S_AXI_DMA': Added interface parameter 'HAS_BURST' with value '0'.
[2025-09-14 20:35:08] INFO: [IP_Flow 19-4728] Bus Interface 'S_AXI_DMA': Added interface parameter 'HAS_CACHE' with value '1'.
[2025-09-14 20:35:08] INFO: [IP_Flow 19-4728] Bus Interface 'S_AXI_DMA': Added interface parameter 'HAS_LOCK' with value '1'.
[2025-09-14 20:35:08] INFO: [IP_Flow 19-4728] Bus Interface 'S_AXI_DMA': Added interface parameter 'HAS_PROT' with value '1'.
[2025-09-14 20:35:08] INFO: [IP_Flow 19-4728] Bus Interface 'S_AXI_DMA': Added interface parameter 'HAS_QOS' with value '0'.
[2025-09-14 20:35:08] INFO: [IP_Flow 19-4728] Bus Interface 'S_AXI_DMA': Added interface parameter 'HAS_REGION' with value '0'.
[2025-09-14 20:35:08] INFO: [IP_Flow 19-4728] Bus Interface 'S_AXI_DMA': Added interface parameter 'HAS_RRESP' with value '1'.
[2025-09-14 20:35:08] INFO: [IP_Flow 19-4728] Bus Interface 'S_AXI_DMA': Added interface parameter 'HAS_WSTRB' with value '1'.
[2025-09-14 20:35:08] INFO: [IP_Flow 19-4728] Bus Interface 'S_AXI_DMA': Added interface parameter 'ID_WIDTH' with value '4'.
[2025-09-14 20:35:08] INFO: [IP_Flow 19-4728] Bus Interface 'S_AXI_DMA': Added interface parameter 'INSERT_VIP' with value '0'.
[2025-09-14 20:35:08] INFO: [IP_Flow 19-4728] Bus Interface 'S_AXI_DMA': Added interface parameter 'MAX_BURST_LENGTH' with value '256'.
[2025-09-14 20:35:08] INFO: [IP_Flow 19-4728] Bus Interface 'S_AXI_DMA': Added interface parameter 'NUM_READ_OUTSTANDING' with value '32'.
[2025-09-14 20:35:08] INFO: [IP_Flow 19-4728] Bus Interface 'S_AXI_DMA': Added interface parameter 'NUM_READ_THREADS' with value '4'.
[2025-09-14 20:35:08] INFO: [IP_Flow 19-4728] Bus Interface 'S_AXI_DMA': Added interface parameter 'NUM_WRITE_OUTSTANDING' with value '16'.
[2025-09-14 20:35:08] INFO: [IP_Flow 19-4728] Bus Interface 'S_AXI_DMA': Added interface parameter 'NUM_WRITE_THREADS' with value '4'.
[2025-09-14 20:35:08] INFO: [IP_Flow 19-4728] Bus Interface 'S_AXI_DMA': Added interface parameter 'PHASE' with value '0'.
[2025-09-14 20:35:08] INFO: [IP_Flow 19-4728] Bus Interface 'S_AXI_DMA': Added interface parameter 'PROTOCOL' with value 'AXI4'.
[2025-09-14 20:35:08] INFO: [IP_Flow 19-4728] Bus Interface 'S_AXI_DMA': Added interface parameter 'READ_WRITE_MODE' with value 'READ_WRITE'.
[2025-09-14 20:35:08] INFO: [IP_Flow 19-4728] Bus Interface 'S_AXI_DMA': Added interface parameter 'RUSER_BITS_PER_BYTE' with value '0'.
[2025-09-14 20:35:08] INFO: [IP_Flow 19-4728] Bus Interface 'S_AXI_DMA': Added interface parameter 'RUSER_WIDTH' with value '0'.
[2025-09-14 20:35:08] INFO: [IP_Flow 19-4728] Bus Interface 'S_AXI_DMA': Added interface parameter 'SUPPORTS_NARROW_BURST' with value '0'.
[2025-09-14 20:35:08] INFO: [IP_Flow 19-4728] Bus Interface 'S_AXI_DMA': Added interface parameter 'WUSER_BITS_PER_BYTE' with value '0'.
[2025-09-14 20:35:08] INFO: [IP_Flow 19-4728] Bus Interface 'S_AXI_DMA': Added interface parameter 'WUSER_WIDTH' with value '0'.
[2025-09-14 20:35:08] INFO: [IP_Flow 19-4728] Bus Interface 'M_AXI_DDR0': Added interface parameter 'ADDR_WIDTH' with value '34'.
[2025-09-14 20:35:08] INFO: [IP_Flow 19-4728] Bus Interface 'M_AXI_DDR0': Added interface parameter 'ARUSER_WIDTH' with value '0'.
[2025-09-14 20:35:08] INFO: [IP_Flow 19-4728] Bus Interface 'M_AXI_DDR0': Added interface parameter 'AWUSER_WIDTH' with value '0'.
[2025-09-14 20:35:08] INFO: [IP_Flow 19-4728] Bus Interface 'M_AXI_DDR0': Added interface parameter 'BUSER_WIDTH' with value '0'.
[2025-09-14 20:35:08] INFO: [IP_Flow 19-4728] Bus Interface 'M_AXI_DDR0': Added interface parameter 'CLK_DOMAIN' with value 'design_1_clk_wiz_0_0_clk_out1'.
[2025-09-14 20:35:08] INFO: [IP_Flow 19-4728] Bus Interface 'M_AXI_DDR0': Added interface parameter 'DATA_WIDTH' with value '64'.
[2025-09-14 20:35:08] INFO: [IP_Flow 19-4728] Bus Interface 'M_AXI_DDR0': Added interface parameter 'HAS_BRESP' with value '1'.
[2025-09-14 20:35:08] INFO: [IP_Flow 19-4728] Bus Interface 'M_AXI_DDR0': Added interface parameter 'HAS_BURST' with value '1'.
[2025-09-14 20:35:08] INFO: [IP_Flow 19-4728] Bus Interface 'M_AXI_DDR0': Added interface parameter 'HAS_CACHE' with value '1'.
[2025-09-14 20:35:08] INFO: [IP_Flow 19-4728] Bus Interface 'M_AXI_DDR0': Added interface parameter 'HAS_LOCK' with value '1'.
[2025-09-14 20:35:08] INFO: [IP_Flow 19-4728] Bus Interface 'M_AXI_DDR0': Added interface parameter 'HAS_PROT' with value '1'.
[2025-09-14 20:35:08] INFO: [IP_Flow 19-4728] Bus Interface 'M_AXI_DDR0': Added interface parameter 'HAS_QOS' with value '1'.
[2025-09-14 20:35:08] INFO: [IP_Flow 19-4728] Bus Interface 'M_AXI_DDR0': Added interface parameter 'HAS_REGION' with value '1'.
[2025-09-14 20:35:08] INFO: [IP_Flow 19-4728] Bus Interface 'M_AXI_DDR0': Added interface parameter 'HAS_RRESP' with value '1'.
[2025-09-14 20:35:08] INFO: [IP_Flow 19-4728] Bus Interface 'M_AXI_DDR0': Added interface parameter 'HAS_WSTRB' with value '1'.
[2025-09-14 20:35:08] INFO: [IP_Flow 19-4728] Bus Interface 'M_AXI_DDR0': Added interface parameter 'ID_WIDTH' with value '16'.
[2025-09-14 20:35:08] INFO: [IP_Flow 19-4728] Bus Interface 'M_AXI_DDR0': Added interface parameter 'INSERT_VIP' with value '0'.
[2025-09-14 20:35:08] INFO: [IP_Flow 19-4728] Bus Interface 'M_AXI_DDR0': Added interface parameter 'MAX_BURST_LENGTH' with value '256'.
[2025-09-14 20:35:08] INFO: [IP_Flow 19-4728] Bus Interface 'M_AXI_DDR0': Added interface parameter 'NUM_READ_OUTSTANDING' with value '2'.
[2025-09-14 20:35:08] INFO: [IP_Flow 19-4728] Bus Interface 'M_AXI_DDR0': Added interface parameter 'NUM_READ_THREADS' with value '1'.
[2025-09-14 20:35:08] INFO: [IP_Flow 19-4728] Bus Interface 'M_AXI_DDR0': Added interface parameter 'NUM_WRITE_OUTSTANDING' with value '2'.
[2025-09-14 20:35:08] INFO: [IP_Flow 19-4728] Bus Interface 'M_AXI_DDR0': Added interface parameter 'NUM_WRITE_THREADS' with value '1'.
[2025-09-14 20:35:08] INFO: [IP_Flow 19-4728] Bus Interface 'M_AXI_DDR0': Added interface parameter 'PHASE' with value '0'.
[2025-09-14 20:35:08] INFO: [IP_Flow 19-4728] Bus Interface 'M_AXI_DDR0': Added interface parameter 'PROTOCOL' with value 'AXI4'.
[2025-09-14 20:35:08] INFO: [IP_Flow 19-4728] Bus Interface 'M_AXI_DDR0': Added interface parameter 'READ_WRITE_MODE' with value 'READ_WRITE'.
[2025-09-14 20:35:08] INFO: [IP_Flow 19-4728] Bus Interface 'M_AXI_DDR0': Added interface parameter 'RUSER_BITS_PER_BYTE' with value '0'.
[2025-09-14 20:35:08] INFO: [IP_Flow 19-4728] Bus Interface 'M_AXI_DDR0': Added interface parameter 'RUSER_WIDTH' with value '0'.
[2025-09-14 20:35:08] INFO: [IP_Flow 19-4728] Bus Interface 'M_AXI_DDR0': Added interface parameter 'SUPPORTS_NARROW_BURST' with value '1'.
[2025-09-14 20:35:08] INFO: [IP_Flow 19-4728] Bus Interface 'M_AXI_DDR0': Added interface parameter 'WUSER_BITS_PER_BYTE' with value '0'.
[2025-09-14 20:35:08] INFO: [IP_Flow 19-4728] Bus Interface 'M_AXI_DDR0': Added interface parameter 'WUSER_WIDTH' with value '0'.
[2025-09-14 20:35:08] INFO: [IP_Flow 19-4728] Bus Interface 'CLK.SYS_CLK_30': Added interface parameter 'ASSOCIATED_BUSIF' with value 'S_AXI_CTRL'.
[2025-09-14 20:35:08] INFO: [IP_Flow 19-4728] Bus Interface 'CLK.SYS_CLK_30': Added interface parameter 'CLK_DOMAIN' with value 'design_1_clk_wiz_0_0_clk_out1'.
[2025-09-14 20:35:08] INFO: [IP_Flow 19-4728] Bus Interface 'CLK.SYS_CLK_30': Added interface parameter 'INSERT_VIP' with value '0'.
[2025-09-14 20:35:08] INFO: [IP_Flow 19-4728] Bus Interface 'CLK.SYS_CLK_30': Added interface parameter 'PHASE' with value '0'.
[2025-09-14 20:35:08] INFO: [IP_Flow 19-4728] Bus Interface 'RST.SYS_RESET_N': Added interface parameter 'INSERT_VIP' with value '0'.
[2025-09-14 20:35:08] INFO: [IP_Flow 19-4728] Bus Interface 'RST.SYS_RESET_N': Added interface parameter 'POLARITY' with value 'ACTIVE_LOW'.
[2025-09-14 20:35:08] WARNING: [IP_Flow 19-3157] Bus Interface 'RST.SYS_RESET_N': Bus parameter POLARITY is ACTIVE_LOW but port 'sys_reset_n' is not *resetn - please double check the POLARITY setting.
[2025-09-14 20:35:08] INFO: [IP_Flow 19-234] Refreshing IP repositories
[2025-09-14 20:35:08] INFO: [IP_Flow 19-1704] No user IP repositories specified
[2025-09-14 20:35:08] WARNING: [BD 5-699] No address segments matched 'get_bd_addr_segs -of_object /ilmb_cntlr/SLMB/Mem'
[2025-09-14 20:35:08] WARNING: [BD 5-699] No address segments matched 'get_bd_addr_segs -of_object /second_ilmb_cntlr/SLMB/Mem'
[2025-09-14 20:35:08] WARNING: [BD 5-699] No address segments matched 'get_bd_addr_segs -of_object /dlmb_cntlr/SLMB/Mem'
[2025-09-14 20:35:08] WARNING: [BD 5-699] No address segments matched 'get_bd_addr_segs -of_object /second_dlmb_cntlr/SLMB/Mem'
[2025-09-14 20:35:08] WARNING: [BD 5-699] No address segments matched 'get_bd_addr_segs -of_object /iomodule_0/SLMB/Reg'
[2025-09-14 20:35:08] WARNING: [BD 5-699] No address segments matched 'get_bd_addr_segs -of_object /iomodule_0/SLMB/IO'
[2025-09-14 20:35:09] INFO: [xilinx.com:ip:clk_wiz:6.0-1] /clk_wiz_0 clk_wiz propagate
[2025-09-14 20:35:09] WARNING: [filemgmt 56-443] The ECC Algorithm string is empty. Setting the Memory Map to default ECC value to ECC_NONE.
[2025-09-14 20:35:09] WARNING: [filemgmt 56-443] The ECC Algorithm string is empty. Setting the Memory Map to default ECC value to ECC_NONE.
[2025-09-14 20:35:09] WARNING: [filemgmt 56-443] The ECC Algorithm string is empty. Setting the Memory Map to default ECC value to ECC_NONE.
[2025-09-14 20:35:09] WARNING: [filemgmt 56-443] The ECC Algorithm string is empty. Setting the Memory Map to default ECC value to ECC_NONE.
[2025-09-14 20:35:09] WARNING: [filemgmt 56-443] The ECC Algorithm string is empty. Setting the Memory Map to default ECC value to ECC_NONE.
[2025-09-14 20:35:09] WARNING: [filemgmt 56-443] The ECC Algorithm string is empty. Setting the Memory Map to default ECC value to ECC_NONE.
[2025-09-14 20:35:10] WARNING: [filemgmt 56-443] The ECC Algorithm string is empty. Setting the Memory Map to default ECC value to ECC_NONE.
[2025-09-14 20:35:10] WARNING: [filemgmt 56-443] The ECC Algorithm string is empty. Setting the Memory Map to default ECC value to ECC_NONE.
[2025-09-14 20:35:10] WARNING: [filemgmt 56-443] The ECC Algorithm string is empty. Setting the Memory Map to default ECC value to ECC_NONE.
[2025-09-14 20:35:10] WARNING: [filemgmt 56-443] The ECC Algorithm string is empty. Setting the Memory Map to default ECC value to ECC_NONE.
[2025-09-14 20:35:10] INFO: [IP_Flow 19-3500] Reset failed 'Simulation' target for IP 'design_1_ddr4_0_0/design_1_ddr4_0_0_microblaze_mcs/bd_45eb/bd_45eb_ilmb_0'.
[2025-09-14 20:35:10] Wrote  : </cluster/home/eirikwit/vortex-gpgpu/chipyard/sims/firesim/sim/generated-src/alveo/FireSim-FireSimV2S1C-BaseF1Config1Mem_F25MHz/u250/vivado_proj/firesim.srcs/sources_1/bd/design_1/design_1.bd> 
[2025-09-14 20:35:10] ERROR: [IP_Flow 19-3505] IP Generation error: Failed to generate IP 'design_1_ddr4_0_0/design_1_ddr4_0_0_microblaze_mcs/bd_45eb/bd_45eb_ilmb_0'. Failed to generate 'VHDL Simulation Wrapper' outputs: 
[2025-09-14 20:35:10] ERROR: [IP_Flow 19-98] Generation of the IP CORE failed.
[2025-09-14 20:35:10] Failed to generate IP 'design_1_ddr4_0_0/design_1_ddr4_0_0_microblaze_mcs/bd_45eb/bd_45eb_ilmb_0'. Failed to generate 'VHDL Simulation Wrapper' outputs: 
[2025-09-14 20:35:10] ERROR: [BD 41-1030] Generation failed for the IP Integrator block ilmb 
[2025-09-14 20:35:10] # make_wrapper -files [get_files ${root_dir}/vivado_proj/firesim.srcs/sources_1/bd/design_1/design_1.bd] -top
[2025-09-14 20:35:10] INFO: [BD 41-1662] The design 'design_1.bd' is already validated. Therefore parameter propagation will not be re-run.
[2025-09-14 20:35:10] CRITICAL WARNING: [IP_Flow 19-664] Failed to create directory '/cluster/home/eirikwit/vortex-gpgpu/chipyard/sims/firesim/sim/generated-src/alveo/FireSim-FireSimV2S1C-BaseF1Config1Mem_F25MHz/u250/vivado_proj/firesim.gen/sources_1/bd/design_1/ipshared/a177/hdl' to copy '/cluster/projects/itea_lille-ie-idi/opt/Xilinx/Vivado/2022.2/data/ip/xilinx/lmb_bram_if_cntlr_v4_0/hdl/lmb_bram_if_cntlr_v4_0_vh_rfs.vhd' to.
[2025-09-14 20:35:10] ERROR: [IP_Flow 19-167] Failed to deliver one or more file(s).
[2025-09-14 20:35:10] ERROR: [IP_Flow 19-3505] IP Generation error: Failed to generate IP 'design_1_ddr4_0_0/design_1_ddr4_0_0_microblaze_mcs/bd_45eb/bd_45eb_dlmb_cntlr_0'. Failed to generate 'VHDL Synthesis' outputs: 
[2025-09-14 20:35:10] ERROR: [IP_Flow 19-98] Generation of the IP CORE failed.
[2025-09-14 20:35:10] Failed to generate IP 'design_1_ddr4_0_0/design_1_ddr4_0_0_microblaze_mcs/bd_45eb/bd_45eb_dlmb_cntlr_0'. Failed to generate 'VHDL Synthesis' outputs: 
[2025-09-14 20:35:10] ERROR: [BD 41-1030] Generation failed for the IP Integrator block dlmb_cntlr 
[2025-09-14 20:35:10] Verilog Output written to : /cluster/home/eirikwit/vortex-gpgpu/chipyard/sims/firesim/sim/generated-src/alveo/FireSim-FireSimV2S1C-BaseF1Config1Mem_F25MHz/u250/vivado_proj/firesim.gen/sources_1/bd/design_1/synth/design_1.v
[2025-09-14 20:35:10] CRITICAL WARNING: [IP_Flow 19-664] Failed to create directory '/cluster/home/eirikwit/vortex-gpgpu/chipyard/sims/firesim/sim/generated-src/alveo/FireSim-FireSimV2S1C-BaseF1Config1Mem_F25MHz/u250/vivado_proj/firesim.gen/sources_1/bd/design_1/ipshared/b8f2/hdl' to copy '/cluster/projects/itea_lille-ie-idi/opt/Xilinx/Vivado/2022.2/data/ip/xilinx/iomodule_v3_1/hdl/iomodule_v3_1_vh_rfs.vhd' to.
[2025-09-14 20:35:10] ERROR: [IP_Flow 19-167] Failed to deliver one or more file(s).
[2025-09-14 20:35:10] ERROR: [IP_Flow 19-3505] IP Generation error: Failed to generate IP 'design_1_ddr4_0_0/design_1_ddr4_0_0_microblaze_mcs/bd_45eb/bd_45eb_iomodule_0_0'. Failed to generate 'VHDL Synthesis' outputs: 
[2025-09-14 20:35:10] ERROR: [IP_Flow 19-98] Generation of the IP CORE failed.
[2025-09-14 20:35:10] Failed to generate IP 'design_1_ddr4_0_0/design_1_ddr4_0_0_microblaze_mcs/bd_45eb/bd_45eb_iomodule_0_0'. Failed to generate 'VHDL Synthesis' outputs: 
[2025-09-14 20:35:10] ERROR: [BD 41-1030] Generation failed for the IP Integrator block iomodule_0 
[2025-09-14 20:35:10] Exporting to file /cluster/home/eirikwit/vortex-gpgpu/chipyard/sims/firesim/sim/generated-src/alveo/FireSim-FireSimV2S1C-BaseF1Config1Mem_F25MHz/u250/vivado_proj/firesim.gen/sources_1/bd/design_1/ip/design_1_ddr4_0_0/bd_0/hw_handoff/design_1_ddr4_0_0_microblaze_mcs.hwh
[2025-09-14 20:35:10] Generated Hardware Definition File /cluster/home/eirikwit/vortex-gpgpu/chipyard/sims/firesim/sim/generated-src/alveo/FireSim-FireSimV2S1C-BaseF1Config1Mem_F25MHz/u250/vivado_proj/firesim.gen/sources_1/bd/design_1/ip/design_1_ddr4_0_0/bd_0/synth/design_1_ddr4_0_0_microblaze_mcs.hwdef
[2025-09-14 20:35:10] Exporting to file /cluster/home/eirikwit/vortex-gpgpu/chipyard/sims/firesim/sim/generated-src/alveo/FireSim-FireSimV2S1C-BaseF1Config1Mem_F25MHz/u250/vivado_proj/firesim.gen/sources_1/bd/design_1/ip/design_1_ddr4_0_0/bd_0/hw_handoff/design_1_ddr4_0_0_microblaze_mcs.hwh
[2025-09-14 20:35:10] Generated Hardware Definition File /cluster/home/eirikwit/vortex-gpgpu/chipyard/sims/firesim/sim/generated-src/alveo/FireSim-FireSimV2S1C-BaseF1Config1Mem_F25MHz/u250/vivado_proj/firesim.gen/sources_1/bd/design_1/ip/design_1_ddr4_0_0/bd_0/synth/design_1_ddr4_0_0_microblaze_mcs.hwdef
[2025-09-14 20:35:10] Verilog Output written to : /cluster/home/eirikwit/vortex-gpgpu/chipyard/sims/firesim/sim/generated-src/alveo/FireSim-FireSimV2S1C-BaseF1Config1Mem_F25MHz/u250/vivado_proj/firesim.gen/sources_1/bd/design_1/sim/design_1.v
[2025-09-14 20:35:10] Verilog Output written to : /cluster/home/eirikwit/vortex-gpgpu/chipyard/sims/firesim/sim/generated-src/alveo/FireSim-FireSimV2S1C-BaseF1Config1Mem_F25MHz/u250/vivado_proj/firesim.gen/sources_1/bd/design_1/hdl/design_1_wrapper.v
[2025-09-14 20:35:10] # add_files -norecurse ${root_dir}/vivado_proj/firesim.gen/sources_1/bd/design_1/hdl/design_1_wrapper.v
[2025-09-14 20:35:10] # if {[file exists [set constrFile [retrieveVersionedFile ${root_dir}/design/firesim_synth.xdc $vivado_version]]]} {
[2025-09-14 20:35:10] #     create_fileset -constrset synth
[2025-09-14 20:35:10] #     add_files -fileset synth -norecurse $constrFile
[2025-09-14 20:35:10] # }
[2025-09-14 20:35:10] # if {[file exists [set constrFile [retrieveVersionedFile ${root_dir}/design/firesim_impl.xdc $vivado_version]]]} {
[2025-09-14 20:35:10] #     create_fileset -constrset impl
[2025-09-14 20:35:10] #     add_files -fileset impl -norecurse $constrFile
[2025-09-14 20:35:10] # }
[2025-09-14 20:35:10] # update_compile_order -fileset sources_1
[2025-09-14 20:35:11] INFO: [xilinx.com:ip:clk_wiz:6.0-1] /clk_wiz_0 clk_wiz propagate
[2025-09-14 20:35:12] INFO: [BD 41-1029] Generation completed for the IP Integrator block ddr4_0 .
[2025-09-14 20:35:12] INFO: [BD 41-1029] Generation completed for the IP Integrator block firesim_wrapper_0 .
[2025-09-14 20:35:12] INFO: [BD 41-1029] Generation completed for the IP Integrator block proc_sys_reset_0 .
[2025-09-14 20:35:12] INFO: [BD 41-1029] Generation completed for the IP Integrator block proc_sys_reset_1 .
[2025-09-14 20:35:12] INFO: [BD 41-1029] Generation completed for the IP Integrator block resetn_inv_0 .
[2025-09-14 20:35:12] INFO: [BD 41-1029] Generation completed for the IP Integrator block ddr4_0 .
[2025-09-14 20:35:12] INFO: [BD 41-1029] Generation completed for the IP Integrator block firesim_wrapper_0 .
[2025-09-14 20:35:12] WARNING: [IP_Flow 19-4994] Overwriting existing constraint file '/cluster/home/eirikwit/vortex-gpgpu/chipyard/sims/firesim/sim/generated-src/alveo/FireSim-FireSimV2S1C-BaseF1Config1Mem_F25MHz/u250/vivado_proj/firesim.gen/sources_1/bd/design_1/ip/design_1_proc_sys_reset_0_0/design_1_proc_sys_reset_0_0_ooc.xdc'
[2025-09-14 20:35:12] INFO: [BD 41-1029] Generation completed for the IP Integrator block proc_sys_reset_0 .
[2025-09-14 20:35:12] WARNING: [IP_Flow 19-4994] Overwriting existing constraint file '/cluster/home/eirikwit/vortex-gpgpu/chipyard/sims/firesim/sim/generated-src/alveo/FireSim-FireSimV2S1C-BaseF1Config1Mem_F25MHz/u250/vivado_proj/firesim.gen/sources_1/bd/design_1/ip/design_1_proc_sys_reset_1_0/design_1_proc_sys_reset_1_0_ooc.xdc'
[2025-09-14 20:35:12] WARNING: [filemgmt 56-443] The ECC Algorithm string is empty. Setting the Memory Map to default ECC value to ECC_NONE.
[2025-09-14 20:35:12] WARNING: [filemgmt 56-443] The ECC Algorithm string is empty. Setting the Memory Map to default ECC value to ECC_NONE.
[2025-09-14 20:35:12] INFO: [BD 41-1029] Generation completed for the IP Integrator block util_ds_buf .
[2025-09-14 20:35:12] INFO: [BD 41-1029] Generation completed for the IP Integrator block proc_sys_reset_1 .
[2025-09-14 20:35:12] INFO: [BD 41-1029] Generation completed for the IP Integrator block resetn_inv_0 .
[2025-09-14 20:35:12] INFO: [BD 41-1029] Generation completed for the IP Integrator block util_ds_buf .
[2025-09-14 20:35:12] Wrote  : </cluster/home/eirikwit/vortex-gpgpu/chipyard/sims/firesim/sim/generated-src/alveo/FireSim-FireSimV2S1C-BaseF1Config1Mem_F25MHz/u250/vivado_proj/firesim.srcs/sources_1/bd/design_1/design_1.bd> 
[2025-09-14 20:35:12] # make_wrapper -files [get_files ${root_dir}/vivado_proj/firesim.srcs/sources_1/bd/design_1/design_1.bd] -top
[2025-09-14 20:35:12] INFO: [BD 41-1662] The design 'design_1.bd' is already validated. Therefore parameter propagation will not be re-run.
[2025-09-14 20:35:13] Verilog Output written to : /cluster/home/eirikwit/vortex-gpgpu/chipyard/sims/firesim/sim/generated-src/alveo/FireSim-FireSimV2S1C-BaseF1Config1Mem_F25MHz/u250/vivado_proj/firesim.gen/sources_1/bd/design_1/synth/design_1.v
[2025-09-14 20:35:13] Verilog Output written to : /cluster/home/eirikwit/vortex-gpgpu/chipyard/sims/firesim/sim/generated-src/alveo/FireSim-FireSimV2S1C-BaseF1Config1Mem_F25MHz/u250/vivado_proj/firesim.gen/sources_1/bd/design_1/sim/design_1.v
[2025-09-14 20:35:13] Verilog Output written to : /cluster/home/eirikwit/vortex-gpgpu/chipyard/sims/firesim/sim/generated-src/alveo/FireSim-FireSimV2S1C-BaseF1Config1Mem_F25MHz/u250/vivado_proj/firesim.gen/sources_1/bd/design_1/hdl/design_1_wrapper.v
[2025-09-14 20:35:13] # add_files -norecurse ${root_dir}/vivado_proj/firesim.gen/sources_1/bd/design_1/hdl/design_1_wrapper.v
[2025-09-14 20:35:13] # if {[file exists [set constrFile [retrieveVersionedFile ${root_dir}/design/firesim_synth.xdc $vivado_version]]]} {
[2025-09-14 20:35:13] #     create_fileset -constrset synth
[2025-09-14 20:35:13] #     add_files -fileset synth -norecurse $constrFile
[2025-09-14 20:35:13] # }
[2025-09-14 20:35:13] # if {[file exists [set constrFile [retrieveVersionedFile ${root_dir}/design/firesim_impl.xdc $vivado_version]]]} {
[2025-09-14 20:35:13] #     create_fileset -constrset impl
[2025-09-14 20:35:13] #     add_files -fileset impl -norecurse $constrFile
[2025-09-14 20:35:13] # }
[2025-09-14 20:35:13] # update_compile_order -fileset sources_1
[2025-09-14 20:35:14] INFO: [BD 41-1662] The design 'design_1.bd' is already validated. Therefore parameter propagation will not be re-run.
[2025-09-14 20:35:15] Verilog Output written to : /cluster/home/eirikwit/vortex-gpgpu/chipyard/sims/firesim/sim/generated-src/alveo/FireSim-FireSimV2S1C-BaseF1Config1Mem_F25MHz/u250/vivado_proj/firesim.gen/sources_1/bd/design_1/synth/design_1.v
[2025-09-14 20:35:15] INFO: [BD 41-1662] The design 'design_1.bd' is already validated. Therefore parameter propagation will not be re-run.
[2025-09-14 20:35:15] Verilog Output written to : /cluster/home/eirikwit/vortex-gpgpu/chipyard/sims/firesim/sim/generated-src/alveo/FireSim-FireSimV2S1C-BaseF1Config1Mem_F25MHz/u250/vivado_proj/firesim.gen/sources_1/bd/design_1/sim/design_1.v
[2025-09-14 20:35:15] Verilog Output written to : /cluster/home/eirikwit/vortex-gpgpu/chipyard/sims/firesim/sim/generated-src/alveo/FireSim-FireSimV2S1C-BaseF1Config1Mem_F25MHz/u250/vivado_proj/firesim.gen/sources_1/bd/design_1/synth/design_1.v
[2025-09-14 20:35:15] Verilog Output written to : /cluster/home/eirikwit/vortex-gpgpu/chipyard/sims/firesim/sim/generated-src/alveo/FireSim-FireSimV2S1C-BaseF1Config1Mem_F25MHz/u250/vivado_proj/firesim.gen/sources_1/bd/design_1/hdl/design_1_wrapper.v
[2025-09-14 20:35:15] WARNING: [IP_Flow 19-4994] Overwriting existing constraint file '/cluster/home/eirikwit/vortex-gpgpu/chipyard/sims/firesim/sim/generated-src/alveo/FireSim-FireSimV2S1C-BaseF1Config1Mem_F25MHz/u250/vivado_proj/firesim.gen/sources_1/bd/design_1/ip/design_1_axi_clock_converter_0_0/design_1_axi_clock_converter_0_0_ooc.xdc'
[2025-09-14 20:35:15] Verilog Output written to : /cluster/home/eirikwit/vortex-gpgpu/chipyard/sims/firesim/sim/generated-src/alveo/FireSim-FireSimV2S1C-BaseF1Config1Mem_F25MHz/u250/vivado_proj/firesim.gen/sources_1/bd/design_1/sim/design_1.v
[2025-09-14 20:35:15] INFO: [IP_Flow 19-5611] Unable to find an associated reset port for the interface 'S_AXI'. A default connection has been created.
[2025-09-14 20:35:15] INFO: [IP_Flow 19-5611] Unable to find an associated reset port for the interface 'M_AXI'. A default connection has been created.
[2025-09-14 20:35:15] INFO: [BD 41-1029] Generation completed for the IP Integrator block axi_clock_converter_0 .
[2025-09-14 20:35:15] Verilog Output written to : /cluster/home/eirikwit/vortex-gpgpu/chipyard/sims/firesim/sim/generated-src/alveo/FireSim-FireSimV2S1C-BaseF1Config1Mem_F25MHz/u250/vivado_proj/firesim.gen/sources_1/bd/design_1/hdl/design_1_wrapper.v
[2025-09-14 20:35:15] WARNING: [IP_Flow 19-4994] Overwriting existing constraint file '/cluster/home/eirikwit/vortex-gpgpu/chipyard/sims/firesim/sim/generated-src/alveo/FireSim-FireSimV2S1C-BaseF1Config1Mem_F25MHz/u250/vivado_proj/firesim.gen/sources_1/bd/design_1/ip/design_1_axi_clock_converter_1_0/design_1_axi_clock_converter_1_0_ooc.xdc'
[2025-09-14 20:35:15] INFO: [IP_Flow 19-5611] Unable to find an associated reset port for the interface 'S_AXI'. A default connection has been created.
[2025-09-14 20:35:15] INFO: [IP_Flow 19-5611] Unable to find an associated reset port for the interface 'M_AXI'. A default connection has been created.
[2025-09-14 20:35:15] WARNING: [IP_Flow 19-4994] Overwriting existing constraint file '/cluster/home/eirikwit/vortex-gpgpu/chipyard/sims/firesim/sim/generated-src/alveo/FireSim-FireSimV2S1C-BaseF1Config1Mem_F25MHz/u250/vivado_proj/firesim.gen/sources_1/bd/design_1/ip/design_1_axi_clock_converter_0_0/design_1_axi_clock_converter_0_0_ooc.xdc'
[2025-09-14 20:35:15] INFO: [BD 41-1662] The design 'design_1.bd' is already validated. Therefore parameter propagation will not be re-run.
[2025-09-14 20:35:15] INFO: [IP_Flow 19-5611] Unable to find an associated reset port for the interface 'S_AXI'. A default connection has been created.
[2025-09-14 20:35:15] INFO: [IP_Flow 19-5611] Unable to find an associated reset port for the interface 'M_AXI'. A default connection has been created.
[2025-09-14 20:35:15] INFO: [BD 41-1029] Generation completed for the IP Integrator block axi_clock_converter_1 .
[2025-09-14 20:35:15] WARNING: [IP_Flow 19-4994] Overwriting existing constraint file '/cluster/home/eirikwit/vortex-gpgpu/chipyard/sims/firesim/sim/generated-src/alveo/FireSim-FireSimV2S1C-BaseF1Config1Mem_F25MHz/u250/vivado_proj/firesim.gen/sources_1/bd/design_1/ip/design_1_axi_dwidth_converter_0_0/design_1_axi_dwidth_converter_0_0_ooc.xdc'
[2025-09-14 20:35:15] INFO: [BD 41-1029] Generation completed for the IP Integrator block axi_clock_converter_0 .
[2025-09-14 20:35:15] INFO: [IP_Flow 19-5611] Unable to find an associated reset port for the interface 'S_AXI'. A default connection has been created.
[2025-09-14 20:35:15] INFO: [IP_Flow 19-5611] Unable to find an associated reset port for the interface 'M_AXI'. A default connection has been created.
[2025-09-14 20:35:15] WARNING: [IP_Flow 19-4994] Overwriting existing constraint file '/cluster/home/eirikwit/vortex-gpgpu/chipyard/sims/firesim/sim/generated-src/alveo/FireSim-FireSimV2S1C-BaseF1Config1Mem_F25MHz/u250/vivado_proj/firesim.gen/sources_1/bd/design_1/ip/design_1_axi_clock_converter_1_0/design_1_axi_clock_converter_1_0_ooc.xdc'
[2025-09-14 20:35:15] INFO: [IP_Flow 19-5611] Unable to find an associated reset port for the interface 'S_AXI'. A default connection has been created.
[2025-09-14 20:35:15] INFO: [IP_Flow 19-5611] Unable to find an associated reset port for the interface 'M_AXI'. A default connection has been created.
[2025-09-14 20:35:15] Verilog Output written to : /cluster/home/eirikwit/vortex-gpgpu/chipyard/sims/firesim/sim/generated-src/alveo/FireSim-FireSimV2S1C-BaseF1Config1Mem_F25MHz/u250/vivado_proj/firesim.gen/sources_1/bd/design_1/synth/design_1.v
[2025-09-14 20:35:15] INFO: [BD 41-1029] Generation completed for the IP Integrator block axi_dwidth_converter_0 .
[2025-09-14 20:35:15] INFO: [BD 41-1029] Generation completed for the IP Integrator block axi_tieoff_master_0 .
[2025-09-14 20:35:15] INFO: [BD 41-1029] Generation completed for the IP Integrator block axi_clock_converter_1 .
[2025-09-14 20:35:15] WARNING: [IP_Flow 19-4994] Overwriting existing constraint file '/cluster/home/eirikwit/vortex-gpgpu/chipyard/sims/firesim/sim/generated-src/alveo/FireSim-FireSimV2S1C-BaseF1Config1Mem_F25MHz/u250/vivado_proj/firesim.gen/sources_1/bd/design_1/ip/design_1_axi_dwidth_converter_0_0/design_1_axi_dwidth_converter_0_0_ooc.xdc'
[2025-09-14 20:35:15] INFO: [IP_Flow 19-5611] Unable to find an associated reset port for the interface 'S_AXI'. A default connection has been created.
[2025-09-14 20:35:15] INFO: [IP_Flow 19-5611] Unable to find an associated reset port for the interface 'M_AXI'. A default connection has been created.
[2025-09-14 20:35:15] Verilog Output written to : /cluster/home/eirikwit/vortex-gpgpu/chipyard/sims/firesim/sim/generated-src/alveo/FireSim-FireSimV2S1C-BaseF1Config1Mem_F25MHz/u250/vivado_proj/firesim.gen/sources_1/bd/design_1/sim/design_1.v
[2025-09-14 20:35:15] INFO: [BD 41-1029] Generation completed for the IP Integrator block axi_dwidth_converter_0 .
[2025-09-14 20:35:15] INFO: [BD 41-1029] Generation completed for the IP Integrator block axi_tieoff_master_0 .
[2025-09-14 20:35:15] Verilog Output written to : /cluster/home/eirikwit/vortex-gpgpu/chipyard/sims/firesim/sim/generated-src/alveo/FireSim-FireSimV2S1C-BaseF1Config1Mem_F25MHz/u250/vivado_proj/firesim.gen/sources_1/bd/design_1/hdl/design_1_wrapper.v
[2025-09-14 20:35:16] WARNING: [IP_Flow 19-4994] Overwriting existing constraint file '/cluster/home/eirikwit/vortex-gpgpu/chipyard/sims/firesim/sim/generated-src/alveo/FireSim-FireSimV2S1C-BaseF1Config1Mem_F25MHz/u250/vivado_proj/firesim.gen/sources_1/bd/design_1/ip/design_1_axi_clock_converter_0_0/design_1_axi_clock_converter_0_0_ooc.xdc'
[2025-09-14 20:35:16] INFO: [IP_Flow 19-5611] Unable to find an associated reset port for the interface 'S_AXI'. A default connection has been created.
[2025-09-14 20:35:16] INFO: [IP_Flow 19-5611] Unable to find an associated reset port for the interface 'M_AXI'. A default connection has been created.
[2025-09-14 20:35:16] INFO: [BD 41-1029] Generation completed for the IP Integrator block axi_clock_converter_0 .
[2025-09-14 20:35:16] WARNING: [IP_Flow 19-4994] Overwriting existing constraint file '/cluster/home/eirikwit/vortex-gpgpu/chipyard/sims/firesim/sim/generated-src/alveo/FireSim-FireSimV2S1C-BaseF1Config1Mem_F25MHz/u250/vivado_proj/firesim.gen/sources_1/bd/design_1/ip/design_1_axi_clock_converter_1_0/design_1_axi_clock_converter_1_0_ooc.xdc'
[2025-09-14 20:35:16] INFO: [IP_Flow 19-5611] Unable to find an associated reset port for the interface 'S_AXI'. A default connection has been created.
[2025-09-14 20:35:16] INFO: [IP_Flow 19-5611] Unable to find an associated reset port for the interface 'M_AXI'. A default connection has been created.
[2025-09-14 20:35:16] INFO: [BD 41-1029] Generation completed for the IP Integrator block clk_wiz_0 .
[2025-09-14 20:35:16] INFO: [BD 41-1029] Generation completed for the IP Integrator block axi_clock_converter_1 .
[2025-09-14 20:35:16] WARNING: [IP_Flow 19-4994] Overwriting existing constraint file '/cluster/home/eirikwit/vortex-gpgpu/chipyard/sims/firesim/sim/generated-src/alveo/FireSim-FireSimV2S1C-BaseF1Config1Mem_F25MHz/u250/vivado_proj/firesim.gen/sources_1/bd/design_1/ip/design_1_axi_dwidth_converter_0_0/design_1_axi_dwidth_converter_0_0_ooc.xdc'
[2025-09-14 20:35:16] INFO: [IP_Flow 19-5611] Unable to find an associated reset port for the interface 'S_AXI'. A default connection has been created.
[2025-09-14 20:35:16] INFO: [IP_Flow 19-5611] Unable to find an associated reset port for the interface 'M_AXI'. A default connection has been created.
[2025-09-14 20:35:16] INFO: [BD 41-1029] Generation completed for the IP Integrator block axi_dwidth_converter_0 .
[2025-09-14 20:35:16] INFO: [BD 41-1029] Generation completed for the IP Integrator block clk_wiz_0 .
[2025-09-14 20:35:16] INFO: [BD 41-1029] Generation completed for the IP Integrator block axi_tieoff_master_0 .
[2025-09-14 20:35:16] INFO: [BD 41-1662] The design 'design_1.bd' is already validated. Therefore parameter propagation will not be re-run.
[2025-09-14 20:35:16] INFO: [BD 41-1029] Generation completed for the IP Integrator block clk_wiz_0 .
[2025-09-14 20:35:17] Verilog Output written to : /cluster/home/eirikwit/vortex-gpgpu/chipyard/sims/firesim/sim/generated-src/alveo/FireSim-FireSimV2S1C-BaseF1Config1Mem_F25MHz/u250/vivado_proj/firesim.gen/sources_1/bd/design_1/synth/design_1.v
[2025-09-14 20:35:17] Verilog Output written to : /cluster/home/eirikwit/vortex-gpgpu/chipyard/sims/firesim/sim/generated-src/alveo/FireSim-FireSimV2S1C-BaseF1Config1Mem_F25MHz/u250/vivado_proj/firesim.gen/sources_1/bd/design_1/sim/design_1.v
[2025-09-14 20:35:17] Verilog Output written to : /cluster/home/eirikwit/vortex-gpgpu/chipyard/sims/firesim/sim/generated-src/alveo/FireSim-FireSimV2S1C-BaseF1Config1Mem_F25MHz/u250/vivado_proj/firesim.gen/sources_1/bd/design_1/hdl/design_1_wrapper.v
[2025-09-14 20:35:17] WARNING: [IP_Flow 19-4994] Overwriting existing constraint file '/cluster/home/eirikwit/vortex-gpgpu/chipyard/sims/firesim/sim/generated-src/alveo/FireSim-FireSimV2S1C-BaseF1Config1Mem_F25MHz/u250/vivado_proj/firesim.gen/sources_1/bd/design_1/ip/design_1_axi_clock_converter_0_0/design_1_axi_clock_converter_0_0_ooc.xdc'
[2025-09-14 20:35:17] INFO: [IP_Flow 19-5611] Unable to find an associated reset port for the interface 'S_AXI'. A default connection has been created.
[2025-09-14 20:35:17] INFO: [IP_Flow 19-5611] Unable to find an associated reset port for the interface 'M_AXI'. A default connection has been created.
[2025-09-14 20:35:17] INFO: [BD 41-1029] Generation completed for the IP Integrator block axi_clock_converter_0 .
[2025-09-14 20:35:17] WARNING: [IP_Flow 19-4994] Overwriting existing constraint file '/cluster/home/eirikwit/vortex-gpgpu/chipyard/sims/firesim/sim/generated-src/alveo/FireSim-FireSimV2S1C-BaseF1Config1Mem_F25MHz/u250/vivado_proj/firesim.gen/sources_1/bd/design_1/ip/design_1_axi_clock_converter_1_0/design_1_axi_clock_converter_1_0_ooc.xdc'
[2025-09-14 20:35:17] INFO: [IP_Flow 19-5611] Unable to find an associated reset port for the interface 'S_AXI'. A default connection has been created.
[2025-09-14 20:35:17] INFO: [IP_Flow 19-5611] Unable to find an associated reset port for the interface 'M_AXI'. A default connection has been created.
[2025-09-14 20:35:17] INFO: [BD 41-1029] Generation completed for the IP Integrator block axi_clock_converter_1 .
[2025-09-14 20:35:18] WARNING: [IP_Flow 19-4994] Overwriting existing constraint file '/cluster/home/eirikwit/vortex-gpgpu/chipyard/sims/firesim/sim/generated-src/alveo/FireSim-FireSimV2S1C-BaseF1Config1Mem_F25MHz/u250/vivado_proj/firesim.gen/sources_1/bd/design_1/ip/design_1_axi_dwidth_converter_0_0/design_1_axi_dwidth_converter_0_0_ooc.xdc'
[2025-09-14 20:35:18] INFO: [IP_Flow 19-5611] Unable to find an associated reset port for the interface 'S_AXI'. A default connection has been created.
[2025-09-14 20:35:18] INFO: [IP_Flow 19-5611] Unable to find an associated reset port for the interface 'M_AXI'. A default connection has been created.
[2025-09-14 20:35:18] INFO: [BD 41-1029] Generation completed for the IP Integrator block axi_dwidth_converter_0 .
[2025-09-14 20:35:18] INFO: [BD 41-1029] Generation completed for the IP Integrator block axi_tieoff_master_0 .
[2025-09-14 20:35:18] INFO: [BD 41-1029] Generation completed for the IP Integrator block clk_wiz_0 .
[2025-09-14 20:35:18] create_bd_cell: Time (s): cpu = 00:00:10 ; elapsed = 00:00:11 . Memory (MB): peak = 3554.273 ; gain = 115.273 ; free physical = 152231 ; free virtual = 154993
[2025-09-14 20:35:19] create_bd_cell: Time (s): cpu = 00:00:10 ; elapsed = 00:00:11 . Memory (MB): peak = 3554.023 ; gain = 115.305 ; free physical = 181683 ; free virtual = 184474
[2025-09-14 20:35:20] update_compile_order: Time (s): cpu = 00:00:10 ; elapsed = 00:00:10 . Memory (MB): peak = 3609.086 ; gain = 30.559 ; free physical = 182060 ; free virtual = 184469
[2025-09-14 20:35:20] # set_property top design_1_wrapper [current_fileset]
[2025-09-14 20:35:20] # update_compile_order -fileset sources_1
[2025-09-14 20:35:20] INFO: [BD 41-1029] Generation completed for the IP Integrator block xdma_0 .
[2025-09-14 20:35:21] INFO: [BD 41-1029] Generation completed for the IP Integrator block xlconstant_0 .
[2025-09-14 20:35:21] INFO: [BD 41-1029] Generation completed for the IP Integrator block xdma_0 .
[2025-09-14 20:35:21] Exporting to file /cluster/home/eirikwit/vortex-gpgpu/chipyard/sims/firesim/sim/generated-src/alveo/FireSim-FireSimV2S1C-BaseF1Config1Mem_F25MHz/u250/vivado_proj/firesim.gen/sources_1/bd/design_1/hw_handoff/design_1.hwh
[2025-09-14 20:35:21] Generated Hardware Definition File /cluster/home/eirikwit/vortex-gpgpu/chipyard/sims/firesim/sim/generated-src/alveo/FireSim-FireSimV2S1C-BaseF1Config1Mem_F25MHz/u250/vivado_proj/firesim.gen/sources_1/bd/design_1/synth/design_1.hwdef
[2025-09-14 20:35:21] WARNING: [BD 41-2265] Clock pin for protocol instance pin TIEOFF_M_AXI_CTRL_0 could not be determined. Make sure that ASSOCIATED_BUSIF and ASSOCIATED_RESET properties are set or propagated on clock pins of block /axi_tieoff_master_0
[2025-09-14 20:35:21] INFO: [IP_Flow 19-6930] IPCACHE: runCacheChecks() number of threads = 8
[2025-09-14 20:35:21] INFO: [IP_Flow 19-6921] IPCACHE: Adding cache check func to thread queue for IP design_1_axi_clock_converter_0_0
[2025-09-14 20:35:21] INFO: [IP_Flow 19-6921] IPCACHE: Adding cache check func to thread queue for IP design_1_axi_clock_converter_1_0
[2025-09-14 20:35:21] INFO: [IP_Flow 19-6921] IPCACHE: Adding cache check func to thread queue for IP design_1_axi_dwidth_converter_0_0
[2025-09-14 20:35:21] INFO: [IP_Flow 19-6921] IPCACHE: Adding cache check func to thread queue for IP design_1_axi_tieoff_master_0_0
[2025-09-14 20:35:21] INFO: [IP_Flow 19-6921] IPCACHE: Adding cache check func to thread queue for IP design_1_clk_wiz_0_0
[2025-09-14 20:35:21] INFO: [IP_Flow 19-6921] IPCACHE: Adding cache check func to thread queue for IP design_1_ddr4_0_0
[2025-09-14 20:35:21] INFO: [IP_Flow 19-6921] IPCACHE: Adding cache check func to thread queue for IP design_1_firesim_wrapper_0_0
[2025-09-14 20:35:21] INFO: [IP_Flow 19-6921] IPCACHE: Adding cache check func to thread queue for IP design_1_proc_sys_reset_0_0
[2025-09-14 20:35:21] INFO: [IP_Flow 19-6921] IPCACHE: Adding cache check func to thread queue for IP design_1_proc_sys_reset_1_0
[2025-09-14 20:35:21] INFO: [IP_Flow 19-6921] IPCACHE: Adding cache check func to thread queue for IP design_1_resetn_inv_0_0
[2025-09-14 20:35:21] INFO: [IP_Flow 19-6921] IPCACHE: Adding cache check func to thread queue for IP design_1_util_ds_buf_0
[2025-09-14 20:35:21] INFO: [IP_Flow 19-6921] IPCACHE: Adding cache check func to thread queue for IP design_1_xdma_0_0
[2025-09-14 20:35:21] INFO: [IP_Flow 19-8020] IPCACHE: runCacheChecks() calling threadPool finishWork()
[2025-09-14 20:35:21] INFO: [BD 41-1029] Generation completed for the IP Integrator block xlconstant_0 .
[2025-09-14 20:35:21] INFO: [IP_Flow 19-6924] IPCACHE: Running cache check for IP inst: design_1_axi_clock_converter_0_0
[2025-09-14 20:35:21] INFO: [IP_Flow 19-6924] IPCACHE: Running cache check for IP inst: design_1_xdma_0_0
[2025-09-14 20:35:21] INFO: [IP_Flow 19-6924] IPCACHE: Running cache check for IP inst: design_1_axi_clock_converter_1_0
[2025-09-14 20:35:21] INFO: [IP_Flow 19-6924] IPCACHE: Running cache check for IP inst: design_1_axi_dwidth_converter_0_0
[2025-09-14 20:35:21] INFO: [IP_Flow 19-6924] IPCACHE: Running cache check for IP inst: design_1_axi_tieoff_master_0_0
[2025-09-14 20:35:21] Exporting to file /cluster/home/eirikwit/vortex-gpgpu/chipyard/sims/firesim/sim/generated-src/alveo/FireSim-FireSimV2S1C-BaseF1Config1Mem_F25MHz/u250/vivado_proj/firesim.gen/sources_1/bd/design_1/hw_handoff/design_1.hwh
[2025-09-14 20:35:21] INFO: [IP_Flow 19-6924] IPCACHE: Running cache check for IP inst: design_1_clk_wiz_0_0
[2025-09-14 20:35:21] INFO: [IP_Flow 19-6924] IPCACHE: Running cache check for IP inst: design_1_ddr4_0_0
[2025-09-14 20:35:21] INFO: [IP_Flow 19-6924] IPCACHE: Running cache check for IP inst: design_1_firesim_wrapper_0_0
[2025-09-14 20:35:21] Generated Hardware Definition File /cluster/home/eirikwit/vortex-gpgpu/chipyard/sims/firesim/sim/generated-src/alveo/FireSim-FireSimV2S1C-BaseF1Config1Mem_F25MHz/u250/vivado_proj/firesim.gen/sources_1/bd/design_1/synth/design_1.hwdef
[2025-09-14 20:35:21] INFO: [IP_Flow 19-6924] IPCACHE: Running cache check for IP inst: design_1_proc_sys_reset_0_0
[2025-09-14 20:35:21] WARNING: [BD 41-2265] Clock pin for protocol instance pin TIEOFF_M_AXI_CTRL_0 could not be determined. Make sure that ASSOCIATED_BUSIF and ASSOCIATED_RESET properties are set or propagated on clock pins of block /axi_tieoff_master_0
[2025-09-14 20:35:21] INFO: [IP_Flow 19-6924] IPCACHE: Running cache check for IP inst: design_1_util_ds_buf_0
[2025-09-14 20:35:21] INFO: [IP_Flow 19-6924] IPCACHE: Running cache check for IP inst: design_1_proc_sys_reset_1_0
[2025-09-14 20:35:21] INFO: [IP_Flow 19-6930] IPCACHE: runCacheChecks() number of threads = 8
[2025-09-14 20:35:21] INFO: [IP_Flow 19-6924] IPCACHE: Running cache check for IP inst: design_1_resetn_inv_0_0
[2025-09-14 20:35:21] INFO: [IP_Flow 19-6921] IPCACHE: Adding cache check func to thread queue for IP design_1_axi_clock_converter_0_0
[2025-09-14 20:35:21] INFO: [IP_Flow 19-6921] IPCACHE: Adding cache check func to thread queue for IP design_1_axi_clock_converter_1_0
[2025-09-14 20:35:21] INFO: [IP_Flow 19-6921] IPCACHE: Adding cache check func to thread queue for IP design_1_axi_dwidth_converter_0_0
[2025-09-14 20:35:21] INFO: [IP_Flow 19-6921] IPCACHE: Adding cache check func to thread queue for IP design_1_axi_tieoff_master_0_0
[2025-09-14 20:35:21] INFO: [IP_Flow 19-6921] IPCACHE: Adding cache check func to thread queue for IP design_1_clk_wiz_0_0
[2025-09-14 20:35:21] INFO: [IP_Flow 19-6921] IPCACHE: Adding cache check func to thread queue for IP design_1_ddr4_0_0
[2025-09-14 20:35:21] INFO: [IP_Flow 19-6921] IPCACHE: Adding cache check func to thread queue for IP design_1_firesim_wrapper_0_0
[2025-09-14 20:35:21] INFO: [IP_Flow 19-6921] IPCACHE: Adding cache check func to thread queue for IP design_1_proc_sys_reset_0_0
[2025-09-14 20:35:21] INFO: [IP_Flow 19-6921] IPCACHE: Adding cache check func to thread queue for IP design_1_proc_sys_reset_1_0
[2025-09-14 20:35:21] INFO: [IP_Flow 19-6921] IPCACHE: Adding cache check func to thread queue for IP design_1_resetn_inv_0_0
[2025-09-14 20:35:21] INFO: [IP_Flow 19-6921] IPCACHE: Adding cache check func to thread queue for IP design_1_util_ds_buf_0
[2025-09-14 20:35:21] INFO: [IP_Flow 19-6921] IPCACHE: Adding cache check func to thread queue for IP design_1_xdma_0_0
[2025-09-14 20:35:21] INFO: [IP_Flow 19-8020] IPCACHE: runCacheChecks() calling threadPool finishWork()
[2025-09-14 20:35:21] INFO: [IP_Flow 19-6924] IPCACHE: Running cache check for IP inst: design_1_axi_clock_converter_0_0
[2025-09-14 20:35:21] INFO: [IP_Flow 19-6924] IPCACHE: Running cache check for IP inst: design_1_xdma_0_0
[2025-09-14 20:35:21] INFO: [IP_Flow 19-6924] IPCACHE: Running cache check for IP inst: design_1_axi_clock_converter_1_0
[2025-09-14 20:35:21] INFO: [IP_Flow 19-6924] IPCACHE: Running cache check for IP inst: design_1_axi_dwidth_converter_0_0
[2025-09-14 20:35:21] INFO: [IP_Flow 19-6924] IPCACHE: Running cache check for IP inst: design_1_util_ds_buf_0
[2025-09-14 20:35:21] INFO: [IP_Flow 19-6924] IPCACHE: Running cache check for IP inst: design_1_axi_tieoff_master_0_0
[2025-09-14 20:35:21] INFO: [IP_Flow 19-6924] IPCACHE: Running cache check for IP inst: design_1_clk_wiz_0_0
[2025-09-14 20:35:21] INFO: [IP_Flow 19-6924] IPCACHE: Running cache check for IP inst: design_1_ddr4_0_0
[2025-09-14 20:35:21] INFO: [IP_Flow 19-6924] IPCACHE: Running cache check for IP inst: design_1_firesim_wrapper_0_0
[2025-09-14 20:35:21] INFO: [IP_Flow 19-6924] IPCACHE: Running cache check for IP inst: design_1_proc_sys_reset_0_0
[2025-09-14 20:35:21] INFO: [IP_Flow 19-6924] IPCACHE: Running cache check for IP inst: design_1_proc_sys_reset_1_0
[2025-09-14 20:35:21] ERROR: [Vivado 12-4756] Launch of runs aborted due to earlier errors while preparing sub-designs for run execution.
[2025-09-14 20:35:21] INFO: [IP_Flow 19-6924] IPCACHE: Running cache check for IP inst: design_1_resetn_inv_0_0
[2025-09-14 20:35:21] 
[2025-09-14 20:35:21]     while executing
[2025-09-14 20:35:21] "source $sourceFile"
[2025-09-14 20:35:21]     ("foreach" body line 7)
[2025-09-14 20:35:21]     invoked from within
[2025-09-14 20:35:21] "foreach sourceFile [list ${root_dir}/scripts/synthesis.tcl ${root_dir}/scripts/implementation.tcl] {
[2025-09-14 20:35:21]   set sourceFile [retrieveVersionedFile $sourceFi..."
[2025-09-14 20:35:21]     (file "./scripts/main.tcl" line 82)
[2025-09-14 20:35:21] INFO: [Common 17-206] Exiting Vivado at Sun Sep 14 20:35:21 2025...
[2025-09-14 20:35:21] ERROR: [Vivado 12-4756] Launch of runs aborted due to earlier errors while preparing sub-designs for run execution.
[2025-09-14 20:35:21] 
[2025-09-14 20:35:21]     while executing
[2025-09-14 20:35:21] "source $sourceFile"
[2025-09-14 20:35:21]     ("foreach" body line 7)
[2025-09-14 20:35:21]     invoked from within
[2025-09-14 20:35:21] "foreach sourceFile [list ${root_dir}/scripts/synthesis.tcl ${root_dir}/scripts/implementation.tcl] {
[2025-09-14 20:35:21]   set sourceFile [retrieveVersionedFile $sourceFi..."
[2025-09-14 20:35:21]     (file "./scripts/main.tcl" line 82)
[2025-09-14 20:35:21] INFO: [Common 17-206] Exiting Vivado at Sun Sep 14 20:35:21 2025...
[2025-09-14 20:35:22] WARNING: [filemgmt 56-443] The ECC Algorithm string is empty. Setting the Memory Map to default ECC value to ECC_NONE.
[2025-09-14 20:35:22] WARNING: [filemgmt 56-443] The ECC Algorithm string is empty. Setting the Memory Map to default ECC value to ECC_NONE.
[2025-09-14 20:35:22] WARNING: [filemgmt 56-443] The ECC Algorithm string is empty. Setting the Memory Map to default ECC value to ECC_NONE.
[2025-09-14 20:35:22] WARNING: [filemgmt 56-443] The ECC Algorithm string is empty. Setting the Memory Map to default ECC value to ECC_NONE.
[2025-09-14 20:35:22] WARNING: [filemgmt 56-443] The ECC Algorithm string is empty. Setting the Memory Map to default ECC value to ECC_NONE.
[2025-09-14 20:35:22] WARNING: [filemgmt 56-443] The ECC Algorithm string is empty. Setting the Memory Map to default ECC value to ECC_NONE.
[2025-09-14 20:35:22] WARNING: [filemgmt 56-443] The ECC Algorithm string is empty. Setting the Memory Map to default ECC value to ECC_NONE.
[2025-09-14 20:35:22] WARNING: [filemgmt 56-443] The ECC Algorithm string is empty. Setting the Memory Map to default ECC value to ECC_NONE.
[2025-09-14 20:35:22] WARNING: [filemgmt 56-443] The ECC Algorithm string is empty. Setting the Memory Map to default ECC value to ECC_NONE.
[2025-09-14 20:35:22] Exporting to file /cluster/home/eirikwit/vortex-gpgpu/chipyard/sims/firesim/sim/generated-src/alveo/FireSim-FireSimV2S1C-BaseF1Config1Mem_F25MHz/u250/vivado_proj/firesim.gen/sources_1/bd/design_1/ip/design_1_ddr4_0_0/bd_0/hw_handoff/design_1_ddr4_0_0_microblaze_mcs.hwh
[2025-09-14 20:35:22] WARNING: [filemgmt 56-443] The ECC Algorithm string is empty. Setting the Memory Map to default ECC value to ECC_NONE.
[2025-09-14 20:35:22] Generated Hardware Definition File /cluster/home/eirikwit/vortex-gpgpu/chipyard/sims/firesim/sim/generated-src/alveo/FireSim-FireSimV2S1C-BaseF1Config1Mem_F25MHz/u250/vivado_proj/firesim.gen/sources_1/bd/design_1/ip/design_1_ddr4_0_0/bd_0/synth/design_1_ddr4_0_0_microblaze_mcs.hwdef
[2025-09-14 20:35:22] WARNING: [filemgmt 56-443] The ECC Algorithm string is empty. Setting the Memory Map to default ECC value to ECC_NONE.
[2025-09-14 20:35:22] WARNING: [filemgmt 56-443] The ECC Algorithm string is empty. Setting the Memory Map to default ECC value to ECC_NONE.
[2025-09-14 20:35:22] Exporting to file /cluster/home/eirikwit/vortex-gpgpu/chipyard/sims/firesim/sim/generated-src/alveo/FireSim-FireSimV2S1C-BaseF1Config1Mem_F25MHz/u250/vivado_proj/firesim.gen/sources_1/bd/design_1/ip/design_1_ddr4_0_0/bd_0/hw_handoff/design_1_ddr4_0_0_microblaze_mcs.hwh
[2025-09-14 20:35:22] Generated Hardware Definition File /cluster/home/eirikwit/vortex-gpgpu/chipyard/sims/firesim/sim/generated-src/alveo/FireSim-FireSimV2S1C-BaseF1Config1Mem_F25MHz/u250/vivado_proj/firesim.gen/sources_1/bd/design_1/ip/design_1_ddr4_0_0/bd_0/synth/design_1_ddr4_0_0_microblaze_mcs.hwdef
[2025-09-14 20:35:23] Exporting to file /cluster/home/eirikwit/vortex-gpgpu/chipyard/sims/firesim/sim/generated-src/alveo/FireSim-FireSimV2S1C-BaseF1Config1Mem_F25MHz/u250/vivado_proj/firesim.gen/sources_1/bd/design_1/ip/design_1_ddr4_0_0/bd_0/hw_handoff/design_1_ddr4_0_0_microblaze_mcs.hwh
[2025-09-14 20:35:23] Generated Hardware Definition File /cluster/home/eirikwit/vortex-gpgpu/chipyard/sims/firesim/sim/generated-src/alveo/FireSim-FireSimV2S1C-BaseF1Config1Mem_F25MHz/u250/vivado_proj/firesim.gen/sources_1/bd/design_1/ip/design_1_ddr4_0_0/bd_0/synth/design_1_ddr4_0_0_microblaze_mcs.hwdef
[2025-09-14 20:35:23] update_compile_order: Time (s): cpu = 00:00:11 ; elapsed = 00:00:10 . Memory (MB): peak = 3608.996 ; gain = 30.559 ; free physical = 754999 ; free virtual = 759006
[2025-09-14 20:35:23] # set_property top design_1_wrapper [current_fileset]
[2025-09-14 20:35:23] # update_compile_order -fileset sources_1
[2025-09-14 20:35:24] INFO: [BD 41-1029] Generation completed for the IP Integrator block ddr4_0 .
[2025-09-14 20:35:24] INFO: [BD 41-1029] Generation completed for the IP Integrator block firesim_wrapper_0 .
[2025-09-14 20:35:24] WARNING: [IP_Flow 19-4994] Overwriting existing constraint file '/cluster/home/eirikwit/vortex-gpgpu/chipyard/sims/firesim/sim/generated-src/alveo/FireSim-FireSimV2S1C-BaseF1Config1Mem_F25MHz/u250/vivado_proj/firesim.gen/sources_1/bd/design_1/ip/design_1_proc_sys_reset_0_0/design_1_proc_sys_reset_0_0_ooc.xdc'
[2025-09-14 20:35:24] INFO: [BD 41-1029] Generation completed for the IP Integrator block proc_sys_reset_0 .
[2025-09-14 20:35:24] WARNING: [IP_Flow 19-4994] Overwriting existing constraint file '/cluster/home/eirikwit/vortex-gpgpu/chipyard/sims/firesim/sim/generated-src/alveo/FireSim-FireSimV2S1C-BaseF1Config1Mem_F25MHz/u250/vivado_proj/firesim.gen/sources_1/bd/design_1/ip/design_1_proc_sys_reset_1_0/design_1_proc_sys_reset_1_0_ooc.xdc'
[2025-09-14 20:35:24] INFO: [BD 41-1029] Generation completed for the IP Integrator block ddr4_0 .
[2025-09-14 20:35:24] INFO: [BD 41-1029] Generation completed for the IP Integrator block proc_sys_reset_1 .
[2025-09-14 20:35:24] INFO: [BD 41-1029] Generation completed for the IP Integrator block firesim_wrapper_0 .
[2025-09-14 20:35:24] INFO: [BD 41-1029] Generation completed for the IP Integrator block resetn_inv_0 .
[2025-09-14 20:35:24] WARNING: [IP_Flow 19-4994] Overwriting existing constraint file '/cluster/home/eirikwit/vortex-gpgpu/chipyard/sims/firesim/sim/generated-src/alveo/FireSim-FireSimV2S1C-BaseF1Config1Mem_F25MHz/u250/vivado_proj/firesim.gen/sources_1/bd/design_1/ip/design_1_proc_sys_reset_0_0/design_1_proc_sys_reset_0_0_ooc.xdc'
[2025-09-14 20:35:24] INFO: [BD 41-1029] Generation completed for the IP Integrator block proc_sys_reset_0 .
[2025-09-14 20:35:24] WARNING: [IP_Flow 19-4994] Overwriting existing constraint file '/cluster/home/eirikwit/vortex-gpgpu/chipyard/sims/firesim/sim/generated-src/alveo/FireSim-FireSimV2S1C-BaseF1Config1Mem_F25MHz/u250/vivado_proj/firesim.gen/sources_1/bd/design_1/ip/design_1_proc_sys_reset_1_0/design_1_proc_sys_reset_1_0_ooc.xdc'
[2025-09-14 20:35:24] INFO: [BD 41-1029] Generation completed for the IP Integrator block proc_sys_reset_1 .
[2025-09-14 20:35:24] INFO: [BD 41-1029] Generation completed for the IP Integrator block resetn_inv_0 .
[2025-09-14 20:35:24] INFO: [BD 41-1029] Generation completed for the IP Integrator block util_ds_buf .
[2025-09-14 20:35:24] INFO: [BD 41-1029] Generation completed for the IP Integrator block util_ds_buf .
[2025-09-14 20:35:24] INFO: [BD 41-1029] Generation completed for the IP Integrator block ddr4_0 .
[2025-09-14 20:35:24] INFO: [BD 41-1029] Generation completed for the IP Integrator block firesim_wrapper_0 .
[2025-09-14 20:35:24] WARNING: [IP_Flow 19-4994] Overwriting existing constraint file '/cluster/home/eirikwit/vortex-gpgpu/chipyard/sims/firesim/sim/generated-src/alveo/FireSim-FireSimV2S1C-BaseF1Config1Mem_F25MHz/u250/vivado_proj/firesim.gen/sources_1/bd/design_1/ip/design_1_proc_sys_reset_0_0/design_1_proc_sys_reset_0_0_ooc.xdc'
[2025-09-14 20:35:24] INFO: [BD 41-1029] Generation completed for the IP Integrator block proc_sys_reset_0 .
[2025-09-14 20:35:24] WARNING: [IP_Flow 19-4994] Overwriting existing constraint file '/cluster/home/eirikwit/vortex-gpgpu/chipyard/sims/firesim/sim/generated-src/alveo/FireSim-FireSimV2S1C-BaseF1Config1Mem_F25MHz/u250/vivado_proj/firesim.gen/sources_1/bd/design_1/ip/design_1_proc_sys_reset_1_0/design_1_proc_sys_reset_1_0_ooc.xdc'
[2025-09-14 20:35:24] INFO: [BD 41-1029] Generation completed for the IP Integrator block proc_sys_reset_1 .
[2025-09-14 20:35:24] INFO: [BD 41-1029] Generation completed for the IP Integrator block resetn_inv_0 .
[2025-09-14 20:35:25] INFO: [BD 41-1029] Generation completed for the IP Integrator block util_ds_buf .
[2025-09-14 20:35:26] WARNING: [filemgmt 56-443] The ECC Algorithm string is empty. Setting the Memory Map to default ECC value to ECC_NONE.
[2025-09-14 20:35:26] WARNING: [filemgmt 56-443] The ECC Algorithm string is empty. Setting the Memory Map to default ECC value to ECC_NONE.
[2025-09-14 20:35:27] WARNING: [filemgmt 56-443] The ECC Algorithm string is empty. Setting the Memory Map to default ECC value to ECC_NONE.
[2025-09-14 20:35:27] WARNING: [filemgmt 56-443] The ECC Algorithm string is empty. Setting the Memory Map to default ECC value to ECC_NONE.
[2025-09-14 20:35:27] Exporting to file /cluster/home/eirikwit/vortex-gpgpu/chipyard/sims/firesim/sim/generated-src/alveo/FireSim-FireSimV2S1C-BaseF1Config1Mem_F25MHz/u250/vivado_proj/firesim.gen/sources_1/bd/design_1/ip/design_1_ddr4_0_0/bd_0/hw_handoff/design_1_ddr4_0_0_microblaze_mcs.hwh
[2025-09-14 20:35:27] Generated Hardware Definition File /cluster/home/eirikwit/vortex-gpgpu/chipyard/sims/firesim/sim/generated-src/alveo/FireSim-FireSimV2S1C-BaseF1Config1Mem_F25MHz/u250/vivado_proj/firesim.gen/sources_1/bd/design_1/ip/design_1_ddr4_0_0/bd_0/synth/design_1_ddr4_0_0_microblaze_mcs.hwdef
[2025-09-14 20:35:29] INFO: [BD 41-1029] Generation completed for the IP Integrator block ddr4_0 .
[2025-09-14 20:35:29] INFO: [BD 41-1029] Generation completed for the IP Integrator block firesim_wrapper_0 .
[2025-09-14 20:35:29] WARNING: [IP_Flow 19-4994] Overwriting existing constraint file '/cluster/home/eirikwit/vortex-gpgpu/chipyard/sims/firesim/sim/generated-src/alveo/FireSim-FireSimV2S1C-BaseF1Config1Mem_F25MHz/u250/vivado_proj/firesim.gen/sources_1/bd/design_1/ip/design_1_proc_sys_reset_0_0/design_1_proc_sys_reset_0_0_ooc.xdc'
[2025-09-14 20:35:29] INFO: [BD 41-1029] Generation completed for the IP Integrator block proc_sys_reset_0 .
[2025-09-14 20:35:29] WARNING: [IP_Flow 19-4994] Overwriting existing constraint file '/cluster/home/eirikwit/vortex-gpgpu/chipyard/sims/firesim/sim/generated-src/alveo/FireSim-FireSimV2S1C-BaseF1Config1Mem_F25MHz/u250/vivado_proj/firesim.gen/sources_1/bd/design_1/ip/design_1_proc_sys_reset_1_0/design_1_proc_sys_reset_1_0_ooc.xdc'
[2025-09-14 20:35:29] INFO: [BD 41-1029] Generation completed for the IP Integrator block proc_sys_reset_1 .
[2025-09-14 20:35:29] INFO: [BD 41-1029] Generation completed for the IP Integrator block resetn_inv_0 .
[2025-09-14 20:35:29] INFO: [BD 41-1029] Generation completed for the IP Integrator block util_ds_buf .
[2025-09-14 20:35:30] update_compile_order: Time (s): cpu = 00:00:10 ; elapsed = 00:00:10 . Memory (MB): peak = 3609.090 ; gain = 0.004 ; free physical = 181933 ; free virtual = 184343
[2025-09-14 20:35:30] # if {[llength [get_filesets -quiet synth]]} {
[2025-09-14 20:35:30] #     set_property constrset synth [get_runs synth_1]
[2025-09-14 20:35:30] # }
[2025-09-14 20:35:30] # if {[llength [get_filesets -quiet impl]]} {
[2025-09-14 20:35:30] #     set_property constrset impl [get_runs impl_1]
[2025-09-14 20:35:30] # }
[2025-09-14 20:35:30] # foreach sourceFile [list ${root_dir}/scripts/synthesis.tcl ${root_dir}/scripts/implementation.tcl] {
[2025-09-14 20:35:30] #   set sourceFile [retrieveVersionedFile $sourceFile $vivado_version]
[2025-09-14 20:35:30] #   if {![file exists $sourceFile]} {
[2025-09-14 20:35:30] #     puts "ERROR: could not find $sourceFile"
[2025-09-14 20:35:30] #     exit 1
[2025-09-14 20:35:30] #   }
[2025-09-14 20:35:30] #   source $sourceFile
[2025-09-14 20:35:30] # }
[2025-09-14 20:35:30] ## variable synth_run [get_runs synth_1]
[2025-09-14 20:35:30] ## reset_runs ${synth_run}
[2025-09-14 20:35:30] ## launch_runs ${synth_run} -jobs ${jobs}
[2025-09-14 20:35:32] make: *** [target-agnostic.mk:346: /cluster/home/eirikwit/vortex-gpgpu/chipyard/sims/firesim/sim/generated-src/alveo/FireSim-FireSimV2S1C-BaseF1Config1Mem_F25MHz/u250/vivado_proj/firesim.bit] Error 1
[2025-09-14 20:35:32] make: *** [target-agnostic.mk:346: /cluster/home/eirikwit/vortex-gpgpu/chipyard/sims/firesim/sim/generated-src/alveo/FireSim-FireSimV2S1C-BaseF1Config1Mem_F25MHz/u250/vivado_proj/firesim.bit] Error 1
[2025-09-14 20:35:32] CRITICAL WARNING: [BD 41-1356] Slave segment </ddr4_0/C0_DDR4_MEMORY_MAP_CTRL/C0_REG> is not assigned into address space </axi_tieoff_master_0/TIEOFF_M_AXI_CTRL_0>. Please use Address Editor to either assign or exclude it.
[2025-09-14 20:35:32] CRITICAL WARNING: [BD 41-1356] Slave segment </ddr4_0/C0_DDR4_MEMORY_MAP/C0_DDR4_ADDRESS_BLOCK> is not assigned into address space </firesim_wrapper_0/M_AXI_DDR0>. Please use Address Editor to either assign or exclude it.
[2025-09-14 20:35:32] CRITICAL WARNING: [BD 41-1356] Slave segment </firesim_wrapper_0/S_AXI_DMA/reg0> is not assigned into address space </xdma_0/M_AXI>. Please use Address Editor to either assign or exclude it.
[2025-09-14 20:35:32] CRITICAL WARNING: [BD 41-1356] Slave segment </firesim_wrapper_0/S_AXI_CTRL/reg0> is not assigned into address space </xdma_0/M_AXI_LITE>. Please use Address Editor to either assign or exclude it.
[2025-09-14 20:35:33] INFO: [BD 41-1029] Generation completed for the IP Integrator block xdma_0 .
[2025-09-14 20:35:33] INFO: [BD 41-1029] Generation completed for the IP Integrator block xlconstant_0 .
[2025-09-14 20:35:33] INFO: [BD 41-1029] Generation completed for the IP Integrator block xdma_0 .
[2025-09-14 20:35:33] Exporting to file /cluster/home/eirikwit/vortex-gpgpu/chipyard/sims/firesim/sim/generated-src/alveo/FireSim-FireSimV2S1C-BaseF1Config1Mem_F25MHz/u250/vivado_proj/firesim.gen/sources_1/bd/design_1/hw_handoff/design_1.hwh
[2025-09-14 20:35:33] Generated Hardware Definition File /cluster/home/eirikwit/vortex-gpgpu/chipyard/sims/firesim/sim/generated-src/alveo/FireSim-FireSimV2S1C-BaseF1Config1Mem_F25MHz/u250/vivado_proj/firesim.gen/sources_1/bd/design_1/synth/design_1.hwdef
[2025-09-14 20:35:33] WARNING: [BD 41-2265] Clock pin for protocol instance pin TIEOFF_M_AXI_CTRL_0 could not be determined. Make sure that ASSOCIATED_BUSIF and ASSOCIATED_RESET properties are set or propagated on clock pins of block /axi_tieoff_master_0
[2025-09-14 20:35:33] INFO: [IP_Flow 19-6930] IPCACHE: runCacheChecks() number of threads = 8
[2025-09-14 20:35:33] INFO: [IP_Flow 19-6921] IPCACHE: Adding cache check func to thread queue for IP design_1_axi_clock_converter_0_0
[2025-09-14 20:35:33] INFO: [IP_Flow 19-6921] IPCACHE: Adding cache check func to thread queue for IP design_1_axi_clock_converter_1_0
[2025-09-14 20:35:33] INFO: [IP_Flow 19-6921] IPCACHE: Adding cache check func to thread queue for IP design_1_axi_dwidth_converter_0_0
[2025-09-14 20:35:33] INFO: [IP_Flow 19-6921] IPCACHE: Adding cache check func to thread queue for IP design_1_axi_tieoff_master_0_0
[2025-09-14 20:35:33] INFO: [IP_Flow 19-6921] IPCACHE: Adding cache check func to thread queue for IP design_1_clk_wiz_0_0
[2025-09-14 20:35:33] INFO: [IP_Flow 19-6921] IPCACHE: Adding cache check func to thread queue for IP design_1_ddr4_0_0
[2025-09-14 20:35:33] INFO: [IP_Flow 19-6921] IPCACHE: Adding cache check func to thread queue for IP design_1_firesim_wrapper_0_0
[2025-09-14 20:35:33] INFO: [IP_Flow 19-6921] IPCACHE: Adding cache check func to thread queue for IP design_1_proc_sys_reset_0_0
[2025-09-14 20:35:33] INFO: [IP_Flow 19-6921] IPCACHE: Adding cache check func to thread queue for IP design_1_proc_sys_reset_1_0
[2025-09-14 20:35:33] INFO: [IP_Flow 19-6921] IPCACHE: Adding cache check func to thread queue for IP design_1_resetn_inv_0_0
[2025-09-14 20:35:33] INFO: [IP_Flow 19-6921] IPCACHE: Adding cache check func to thread queue for IP design_1_util_ds_buf_0
[2025-09-14 20:35:33] INFO: [IP_Flow 19-6921] IPCACHE: Adding cache check func to thread queue for IP design_1_xdma_0_0
[2025-09-14 20:35:33] INFO: [IP_Flow 19-8020] IPCACHE: runCacheChecks() calling threadPool finishWork()
[2025-09-14 20:35:33] INFO: [BD 41-1029] Generation completed for the IP Integrator block xlconstant_0 .
[2025-09-14 20:35:33] Exporting to file /cluster/home/eirikwit/vortex-gpgpu/chipyard/sims/firesim/sim/generated-src/alveo/FireSim-FireSimV2S1C-BaseF1Config1Mem_F25MHz/u250/vivado_proj/firesim.gen/sources_1/bd/design_1/hw_handoff/design_1.hwh
[2025-09-14 20:35:33] INFO: [IP_Flow 19-6924] IPCACHE: Running cache check for IP inst: design_1_axi_clock_converter_0_0
[2025-09-14 20:35:33] INFO: [IP_Flow 19-6924] IPCACHE: Running cache check for IP inst: design_1_axi_clock_converter_1_0
[2025-09-14 20:35:33] Generated Hardware Definition File /cluster/home/eirikwit/vortex-gpgpu/chipyard/sims/firesim/sim/generated-src/alveo/FireSim-FireSimV2S1C-BaseF1Config1Mem_F25MHz/u250/vivado_proj/firesim.gen/sources_1/bd/design_1/synth/design_1.hwdef
[2025-09-14 20:35:33] INFO: [IP_Flow 19-6924] IPCACHE: Running cache check for IP inst: design_1_util_ds_buf_0
[2025-09-14 20:35:33] WARNING: [BD 41-2265] Clock pin for protocol instance pin TIEOFF_M_AXI_CTRL_0 could not be determined. Make sure that ASSOCIATED_BUSIF and ASSOCIATED_RESET properties are set or propagated on clock pins of block /axi_tieoff_master_0
[2025-09-14 20:35:33] INFO: [IP_Flow 19-6924] IPCACHE: Running cache check for IP inst: design_1_axi_dwidth_converter_0_0
[2025-09-14 20:35:33] INFO: [IP_Flow 19-6924] IPCACHE: Running cache check for IP inst: design_1_axi_tieoff_master_0_0
[2025-09-14 20:35:33] INFO: [IP_Flow 19-6924] IPCACHE: Running cache check for IP inst: design_1_clk_wiz_0_0
[2025-09-14 20:35:33] INFO: [IP_Flow 19-6924] IPCACHE: Running cache check for IP inst: design_1_ddr4_0_0
[2025-09-14 20:35:33] INFO: [IP_Flow 19-6924] IPCACHE: Running cache check for IP inst: design_1_firesim_wrapper_0_0
[2025-09-14 20:35:33] INFO: [IP_Flow 19-6924] IPCACHE: Running cache check for IP inst: design_1_proc_sys_reset_0_0
[2025-09-14 20:35:33] INFO: [IP_Flow 19-6924] IPCACHE: Running cache check for IP inst: design_1_proc_sys_reset_1_0
[2025-09-14 20:35:33] INFO: [IP_Flow 19-6924] IPCACHE: Running cache check for IP inst: design_1_xdma_0_0
[2025-09-14 20:35:33] INFO: [IP_Flow 19-6930] IPCACHE: runCacheChecks() number of threads = 8
[2025-09-14 20:35:33] INFO: [IP_Flow 19-6924] IPCACHE: Running cache check for IP inst: design_1_resetn_inv_0_0
[2025-09-14 20:35:33] INFO: [IP_Flow 19-6921] IPCACHE: Adding cache check func to thread queue for IP design_1_axi_clock_converter_0_0
[2025-09-14 20:35:33] INFO: [IP_Flow 19-6921] IPCACHE: Adding cache check func to thread queue for IP design_1_axi_clock_converter_1_0
[2025-09-14 20:35:33] INFO: [IP_Flow 19-6921] IPCACHE: Adding cache check func to thread queue for IP design_1_axi_dwidth_converter_0_0
[2025-09-14 20:35:33] INFO: [IP_Flow 19-6921] IPCACHE: Adding cache check func to thread queue for IP design_1_axi_tieoff_master_0_0
[2025-09-14 20:35:33] INFO: [IP_Flow 19-6921] IPCACHE: Adding cache check func to thread queue for IP design_1_clk_wiz_0_0
[2025-09-14 20:35:33] INFO: [IP_Flow 19-6921] IPCACHE: Adding cache check func to thread queue for IP design_1_ddr4_0_0
[2025-09-14 20:35:33] INFO: [IP_Flow 19-6921] IPCACHE: Adding cache check func to thread queue for IP design_1_firesim_wrapper_0_0
[2025-09-14 20:35:33] INFO: [IP_Flow 19-6921] IPCACHE: Adding cache check func to thread queue for IP design_1_proc_sys_reset_0_0
[2025-09-14 20:35:33] INFO: [IP_Flow 19-6921] IPCACHE: Adding cache check func to thread queue for IP design_1_proc_sys_reset_1_0
[2025-09-14 20:35:33] INFO: [IP_Flow 19-6921] IPCACHE: Adding cache check func to thread queue for IP design_1_resetn_inv_0_0
[2025-09-14 20:35:33] INFO: [IP_Flow 19-6921] IPCACHE: Adding cache check func to thread queue for IP design_1_util_ds_buf_0
[2025-09-14 20:35:33] INFO: [IP_Flow 19-6921] IPCACHE: Adding cache check func to thread queue for IP design_1_xdma_0_0
[2025-09-14 20:35:33] INFO: [IP_Flow 19-8020] IPCACHE: runCacheChecks() calling threadPool finishWork()
[2025-09-14 20:35:33] INFO: [IP_Flow 19-6924] IPCACHE: Running cache check for IP inst: design_1_axi_clock_converter_0_0
[2025-09-14 20:35:33] INFO: [IP_Flow 19-6924] IPCACHE: Running cache check for IP inst: design_1_axi_clock_converter_1_0
[2025-09-14 20:35:33] INFO: [IP_Flow 19-6924] IPCACHE: Running cache check for IP inst: design_1_axi_dwidth_converter_0_0
[2025-09-14 20:35:33] INFO: [IP_Flow 19-6924] IPCACHE: Running cache check for IP inst: design_1_axi_tieoff_master_0_0
[2025-09-14 20:35:33] INFO: [IP_Flow 19-6924] IPCACHE: Running cache check for IP inst: design_1_clk_wiz_0_0
[2025-09-14 20:35:33] INFO: [IP_Flow 19-6924] IPCACHE: Running cache check for IP inst: design_1_ddr4_0_0
[2025-09-14 20:35:33] INFO: [IP_Flow 19-6924] IPCACHE: Running cache check for IP inst: design_1_xdma_0_0
[2025-09-14 20:35:33] INFO: [IP_Flow 19-6924] IPCACHE: Running cache check for IP inst: design_1_firesim_wrapper_0_0
[2025-09-14 20:35:33] INFO: [IP_Flow 19-6924] IPCACHE: Running cache check for IP inst: design_1_proc_sys_reset_0_0
[2025-09-14 20:35:33] INFO: [IP_Flow 19-6924] IPCACHE: Running cache check for IP inst: design_1_proc_sys_reset_1_0
[2025-09-14 20:35:33] INFO: [IP_Flow 19-6924] IPCACHE: Running cache check for IP inst: design_1_resetn_inv_0_0
[2025-09-14 20:35:33] INFO: [IP_Flow 19-6924] IPCACHE: Running cache check for IP inst: design_1_util_ds_buf_0
[2025-09-14 20:35:33] CRITICAL WARNING: [BD 41-1356] Slave segment </ddr4_0/C0_DDR4_MEMORY_MAP_CTRL/C0_REG> is not assigned into address space </axi_tieoff_master_0/TIEOFF_M_AXI_CTRL_0>. Please use Address Editor to either assign or exclude it.
[2025-09-14 20:35:33] CRITICAL WARNING: [BD 41-1356] Slave segment </ddr4_0/C0_DDR4_MEMORY_MAP/C0_DDR4_ADDRESS_BLOCK> is not assigned into address space </firesim_wrapper_0/M_AXI_DDR0>. Please use Address Editor to either assign or exclude it.
[2025-09-14 20:35:33] CRITICAL WARNING: [BD 41-1356] Slave segment </firesim_wrapper_0/S_AXI_DMA/reg0> is not assigned into address space </xdma_0/M_AXI>. Please use Address Editor to either assign or exclude it.
[2025-09-14 20:35:33] CRITICAL WARNING: [BD 41-1356] Slave segment </firesim_wrapper_0/S_AXI_CTRL/reg0> is not assigned into address space </xdma_0/M_AXI_LITE>. Please use Address Editor to either assign or exclude it.
[2025-09-14 20:35:33] INFO: [BD 41-1029] Generation completed for the IP Integrator block xdma_0 .
[2025-09-14 20:35:33] INFO: [BD 41-1029] Generation completed for the IP Integrator block xlconstant_0 .
[2025-09-14 20:35:33] Exporting to file /cluster/home/eirikwit/vortex-gpgpu/chipyard/sims/firesim/sim/generated-src/alveo/FireSim-FireSimV2S1C-BaseF1Config1Mem_F25MHz/u250/vivado_proj/firesim.gen/sources_1/bd/design_1/hw_handoff/design_1.hwh
[2025-09-14 20:35:33] update_compile_order: Time (s): cpu = 00:00:11 ; elapsed = 00:00:10 . Memory (MB): peak = 3609.000 ; gain = 0.004 ; free physical = 754860 ; free virtual = 758865
[2025-09-14 20:35:33] Generated Hardware Definition File /cluster/home/eirikwit/vortex-gpgpu/chipyard/sims/firesim/sim/generated-src/alveo/FireSim-FireSimV2S1C-BaseF1Config1Mem_F25MHz/u250/vivado_proj/firesim.gen/sources_1/bd/design_1/synth/design_1.hwdef
[2025-09-14 20:35:33] WARNING: [BD 41-2265] Clock pin for protocol instance pin TIEOFF_M_AXI_CTRL_0 could not be determined. Make sure that ASSOCIATED_BUSIF and ASSOCIATED_RESET properties are set or propagated on clock pins of block /axi_tieoff_master_0
[2025-09-14 20:35:33] # if {[llength [get_filesets -quiet synth]]} {
[2025-09-14 20:35:33] #     set_property constrset synth [get_runs synth_1]
[2025-09-14 20:35:33] INFO: [IP_Flow 19-6930] IPCACHE: runCacheChecks() number of threads = 8
[2025-09-14 20:35:33] # }
[2025-09-14 20:35:33] INFO: [IP_Flow 19-6921] IPCACHE: Adding cache check func to thread queue for IP design_1_axi_clock_converter_0_0
[2025-09-14 20:35:33] # if {[llength [get_filesets -quiet impl]]} {
[2025-09-14 20:35:33] INFO: [IP_Flow 19-6921] IPCACHE: Adding cache check func to thread queue for IP design_1_axi_clock_converter_1_0
[2025-09-14 20:35:33] #     set_property constrset impl [get_runs impl_1]
[2025-09-14 20:35:33] INFO: [IP_Flow 19-6921] IPCACHE: Adding cache check func to thread queue for IP design_1_axi_dwidth_converter_0_0
[2025-09-14 20:35:33] INFO: [IP_Flow 19-6921] IPCACHE: Adding cache check func to thread queue for IP design_1_axi_tieoff_master_0_0
[2025-09-14 20:35:33] # }
[2025-09-14 20:35:33] INFO: [IP_Flow 19-6921] IPCACHE: Adding cache check func to thread queue for IP design_1_clk_wiz_0_0
[2025-09-14 20:35:33] # foreach sourceFile [list ${root_dir}/scripts/synthesis.tcl ${root_dir}/scripts/implementation.tcl] {
[2025-09-14 20:35:33] INFO: [IP_Flow 19-6921] IPCACHE: Adding cache check func to thread queue for IP design_1_ddr4_0_0
[2025-09-14 20:35:33] #   set sourceFile [retrieveVersionedFile $sourceFile $vivado_version]
[2025-09-14 20:35:33] INFO: [IP_Flow 19-6921] IPCACHE: Adding cache check func to thread queue for IP design_1_firesim_wrapper_0_0
[2025-09-14 20:35:33] INFO: [IP_Flow 19-6921] IPCACHE: Adding cache check func to thread queue for IP design_1_proc_sys_reset_0_0
[2025-09-14 20:35:33] #   if {![file exists $sourceFile]} {
[2025-09-14 20:35:33] INFO: [IP_Flow 19-6921] IPCACHE: Adding cache check func to thread queue for IP design_1_proc_sys_reset_1_0
[2025-09-14 20:35:33] #     puts "ERROR: could not find $sourceFile"
[2025-09-14 20:35:33] INFO: [IP_Flow 19-6921] IPCACHE: Adding cache check func to thread queue for IP design_1_resetn_inv_0_0
[2025-09-14 20:35:33] #     exit 1
[2025-09-14 20:35:33] INFO: [IP_Flow 19-6921] IPCACHE: Adding cache check func to thread queue for IP design_1_util_ds_buf_0
[2025-09-14 20:35:33] #   }
[2025-09-14 20:35:33] INFO: [IP_Flow 19-6921] IPCACHE: Adding cache check func to thread queue for IP design_1_xdma_0_0
[2025-09-14 20:35:33] #   source $sourceFile
[2025-09-14 20:35:33] INFO: [IP_Flow 19-8020] IPCACHE: runCacheChecks() calling threadPool finishWork()
[2025-09-14 20:35:33] # }
[2025-09-14 20:35:33] ## variable synth_run [get_runs synth_1]
[2025-09-14 20:35:33] ## reset_runs ${synth_run}
[2025-09-14 20:35:33] ## launch_runs ${synth_run} -jobs ${jobs}
[2025-09-14 20:35:33] INFO: [BD 41-1662] The design 'design_1.bd' is already validated. Therefore parameter propagation will not be re-run.
[2025-09-14 20:35:33] INFO: [IP_Flow 19-6924] IPCACHE: Running cache check for IP inst: design_1_axi_clock_converter_0_0
[2025-09-14 20:35:33] INFO: [IP_Flow 19-6924] IPCACHE: Running cache check for IP inst: design_1_axi_clock_converter_1_0
[2025-09-14 20:35:33] INFO: [IP_Flow 19-6924] IPCACHE: Running cache check for IP inst: design_1_axi_dwidth_converter_0_0
[2025-09-14 20:35:33] INFO: [IP_Flow 19-6924] IPCACHE: Running cache check for IP inst: design_1_axi_tieoff_master_0_0
[2025-09-14 20:35:33] INFO: [IP_Flow 19-6924] IPCACHE: Running cache check for IP inst: design_1_clk_wiz_0_0
[2025-09-14 20:35:33] INFO: [IP_Flow 19-6924] IPCACHE: Running cache check for IP inst: design_1_xdma_0_0
[2025-09-14 20:35:33] INFO: [IP_Flow 19-6924] IPCACHE: Running cache check for IP inst: design_1_ddr4_0_0
[2025-09-14 20:35:33] INFO: [IP_Flow 19-6924] IPCACHE: Running cache check for IP inst: design_1_firesim_wrapper_0_0
[2025-09-14 20:35:33] INFO: [IP_Flow 19-6924] IPCACHE: Running cache check for IP inst: design_1_util_ds_buf_0
[2025-09-14 20:35:33] INFO: [IP_Flow 19-6924] IPCACHE: Running cache check for IP inst: design_1_proc_sys_reset_0_0
[2025-09-14 20:35:33] INFO: [IP_Flow 19-6924] IPCACHE: Running cache check for IP inst: design_1_proc_sys_reset_1_0
[2025-09-14 20:35:33] INFO: [IP_Flow 19-6924] IPCACHE: Running cache check for IP inst: design_1_resetn_inv_0_0
[2025-09-14 20:35:34] Verilog Output written to : /cluster/home/eirikwit/vortex-gpgpu/chipyard/sims/firesim/sim/generated-src/alveo/FireSim-FireSimV2S1C-BaseF1Config1Mem_F25MHz/u250/vivado_proj/firesim.gen/sources_1/bd/design_1/synth/design_1.v
[2025-09-14 20:35:34] Verilog Output written to : /cluster/home/eirikwit/vortex-gpgpu/chipyard/sims/firesim/sim/generated-src/alveo/FireSim-FireSimV2S1C-BaseF1Config1Mem_F25MHz/u250/vivado_proj/firesim.gen/sources_1/bd/design_1/sim/design_1.v
[2025-09-14 20:35:34] WARNING: [BD 5-699] No address segments matched 'get_bd_addr_segs -of_object /ilmb_cntlr/SLMB/Mem'
[2025-09-14 20:35:34] WARNING: [BD 5-699] No address segments matched 'get_bd_addr_segs -of_object /second_ilmb_cntlr/SLMB/Mem'
[2025-09-14 20:35:34] WARNING: [BD 5-699] No address segments matched 'get_bd_addr_segs -of_object /dlmb_cntlr/SLMB/Mem'
[2025-09-14 20:35:34] WARNING: [BD 5-699] No address segments matched 'get_bd_addr_segs -of_object /second_dlmb_cntlr/SLMB/Mem'
[2025-09-14 20:35:34] WARNING: [BD 5-699] No address segments matched 'get_bd_addr_segs -of_object /iomodule_0/SLMB/Reg'
[2025-09-14 20:35:34] WARNING: [BD 5-699] No address segments matched 'get_bd_addr_segs -of_object /iomodule_0/SLMB/IO'
[2025-09-14 20:35:34] Verilog Output written to : /cluster/home/eirikwit/vortex-gpgpu/chipyard/sims/firesim/sim/generated-src/alveo/FireSim-FireSimV2S1C-BaseF1Config1Mem_F25MHz/u250/vivado_proj/firesim.gen/sources_1/bd/design_1/hdl/design_1_wrapper.v
[2025-09-14 20:35:34] WARNING: [IP_Flow 19-4994] Overwriting existing constraint file '/cluster/home/eirikwit/vortex-gpgpu/chipyard/sims/firesim/sim/generated-src/alveo/FireSim-FireSimV2S1C-BaseF1Config1Mem_F25MHz/u250/vivado_proj/firesim.gen/sources_1/bd/design_1/ip/design_1_axi_clock_converter_0_0/design_1_axi_clock_converter_0_0_ooc.xdc'
[2025-09-14 20:35:34] INFO: [IP_Flow 19-5611] Unable to find an associated reset port for the interface 'S_AXI'. A default connection has been created.
[2025-09-14 20:35:34] INFO: [IP_Flow 19-5611] Unable to find an associated reset port for the interface 'M_AXI'. A default connection has been created.
[2025-09-14 20:35:34] INFO: [BD 41-1029] Generation completed for the IP Integrator block axi_clock_converter_0 .
[2025-09-14 20:35:34] WARNING: [IP_Flow 19-4994] Overwriting existing constraint file '/cluster/home/eirikwit/vortex-gpgpu/chipyard/sims/firesim/sim/generated-src/alveo/FireSim-FireSimV2S1C-BaseF1Config1Mem_F25MHz/u250/vivado_proj/firesim.gen/sources_1/bd/design_1/ip/design_1_axi_clock_converter_1_0/design_1_axi_clock_converter_1_0_ooc.xdc'
[2025-09-14 20:35:34] INFO: [IP_Flow 19-5611] Unable to find an associated reset port for the interface 'S_AXI'. A default connection has been created.
[2025-09-14 20:35:34] INFO: [IP_Flow 19-5611] Unable to find an associated reset port for the interface 'M_AXI'. A default connection has been created.
[2025-09-14 20:35:34] INFO: [BD 41-1029] Generation completed for the IP Integrator block axi_clock_converter_1 .
[2025-09-14 20:35:34] WARNING: [IP_Flow 19-4994] Overwriting existing constraint file '/cluster/home/eirikwit/vortex-gpgpu/chipyard/sims/firesim/sim/generated-src/alveo/FireSim-FireSimV2S1C-BaseF1Config1Mem_F25MHz/u250/vivado_proj/firesim.gen/sources_1/bd/design_1/ip/design_1_axi_dwidth_converter_0_0/design_1_axi_dwidth_converter_0_0_ooc.xdc'
[2025-09-14 20:35:34] INFO: [IP_Flow 19-5611] Unable to find an associated reset port for the interface 'S_AXI'. A default connection has been created.
[2025-09-14 20:35:34] INFO: [IP_Flow 19-5611] Unable to find an associated reset port for the interface 'M_AXI'. A default connection has been created.
[2025-09-14 20:35:34] INFO: [BD 41-1029] Generation completed for the IP Integrator block axi_dwidth_converter_0 .
[2025-09-14 20:35:34] INFO: [BD 41-1029] Generation completed for the IP Integrator block axi_tieoff_master_0 .
[2025-09-14 20:35:35] WARNING: [BD 5-699] No address segments matched 'get_bd_addr_segs -of_object /ilmb_cntlr/SLMB/Mem'
[2025-09-14 20:35:35] WARNING: [BD 5-699] No address segments matched 'get_bd_addr_segs -of_object /second_ilmb_cntlr/SLMB/Mem'
[2025-09-14 20:35:35] WARNING: [BD 5-699] No address segments matched 'get_bd_addr_segs -of_object /dlmb_cntlr/SLMB/Mem'
[2025-09-14 20:35:35] WARNING: [BD 5-699] No address segments matched 'get_bd_addr_segs -of_object /second_dlmb_cntlr/SLMB/Mem'
[2025-09-14 20:35:35] WARNING: [BD 5-699] No address segments matched 'get_bd_addr_segs -of_object /iomodule_0/SLMB/Reg'
[2025-09-14 20:35:35] WARNING: [BD 5-699] No address segments matched 'get_bd_addr_segs -of_object /iomodule_0/SLMB/IO'
[2025-09-14 20:35:35] INFO: [BD 41-1029] Generation completed for the IP Integrator block clk_wiz_0 .
[2025-09-14 20:35:36] INFO: [BD 41-1662] The design 'design_1.bd' is already validated. Therefore parameter propagation will not be re-run.
[2025-09-14 20:35:36] Verilog Output written to : /cluster/home/eirikwit/vortex-gpgpu/chipyard/sims/firesim/sim/generated-src/alveo/FireSim-FireSimV2S1C-BaseF1Config1Mem_F25MHz/u250/vivado_proj/firesim.gen/sources_1/bd/design_1/synth/design_1.v
[2025-09-14 20:35:36] Verilog Output written to : /cluster/home/eirikwit/vortex-gpgpu/chipyard/sims/firesim/sim/generated-src/alveo/FireSim-FireSimV2S1C-BaseF1Config1Mem_F25MHz/u250/vivado_proj/firesim.gen/sources_1/bd/design_1/sim/design_1.v
[2025-09-14 20:35:36] Verilog Output written to : /cluster/home/eirikwit/vortex-gpgpu/chipyard/sims/firesim/sim/generated-src/alveo/FireSim-FireSimV2S1C-BaseF1Config1Mem_F25MHz/u250/vivado_proj/firesim.gen/sources_1/bd/design_1/hdl/design_1_wrapper.v
[2025-09-14 20:35:36] WARNING: [IP_Flow 19-4994] Overwriting existing constraint file '/cluster/home/eirikwit/vortex-gpgpu/chipyard/sims/firesim/sim/generated-src/alveo/FireSim-FireSimV2S1C-BaseF1Config1Mem_F25MHz/u250/vivado_proj/firesim.gen/sources_1/bd/design_1/ip/design_1_axi_clock_converter_0_0/design_1_axi_clock_converter_0_0_ooc.xdc'
[2025-09-14 20:35:36] INFO: [IP_Flow 19-5611] Unable to find an associated reset port for the interface 'S_AXI'. A default connection has been created.
[2025-09-14 20:35:36] INFO: [IP_Flow 19-5611] Unable to find an associated reset port for the interface 'M_AXI'. A default connection has been created.
[2025-09-14 20:35:36] INFO: [BD 41-1029] Generation completed for the IP Integrator block axi_clock_converter_0 .
[2025-09-14 20:35:36] WARNING: [IP_Flow 19-4994] Overwriting existing constraint file '/cluster/home/eirikwit/vortex-gpgpu/chipyard/sims/firesim/sim/generated-src/alveo/FireSim-FireSimV2S1C-BaseF1Config1Mem_F25MHz/u250/vivado_proj/firesim.gen/sources_1/bd/design_1/ip/design_1_axi_clock_converter_1_0/design_1_axi_clock_converter_1_0_ooc.xdc'
[2025-09-14 20:35:36] INFO: [IP_Flow 19-5611] Unable to find an associated reset port for the interface 'S_AXI'. A default connection has been created.
[2025-09-14 20:35:36] INFO: [IP_Flow 19-5611] Unable to find an associated reset port for the interface 'M_AXI'. A default connection has been created.
[2025-09-14 20:35:36] INFO: [BD 41-1029] Generation completed for the IP Integrator block axi_clock_converter_1 .
[2025-09-14 20:35:36] WARNING: [IP_Flow 19-4994] Overwriting existing constraint file '/cluster/home/eirikwit/vortex-gpgpu/chipyard/sims/firesim/sim/generated-src/alveo/FireSim-FireSimV2S1C-BaseF1Config1Mem_F25MHz/u250/vivado_proj/firesim.gen/sources_1/bd/design_1/ip/design_1_axi_dwidth_converter_0_0/design_1_axi_dwidth_converter_0_0_ooc.xdc'
[2025-09-14 20:35:37] INFO: [IP_Flow 19-5611] Unable to find an associated reset port for the interface 'S_AXI'. A default connection has been created.
[2025-09-14 20:35:37] INFO: [IP_Flow 19-5611] Unable to find an associated reset port for the interface 'M_AXI'. A default connection has been created.
[2025-09-14 20:35:37] INFO: [BD 41-1029] Generation completed for the IP Integrator block axi_dwidth_converter_0 .
[2025-09-14 20:35:37] INFO: [BD 41-1029] Generation completed for the IP Integrator block axi_tieoff_master_0 .
[2025-09-14 20:35:37] INFO: [BD 41-1029] Generation completed for the IP Integrator block clk_wiz_0 .
[2025-09-14 20:35:37] INFO: [xilinx.com:ip:clk_wiz:6.0-1] /clk_wiz_0 clk_wiz propagate
[2025-09-14 20:35:37] validate_bd_design: Time (s): cpu = 00:00:04 ; elapsed = 00:00:05 . Memory (MB): peak = 3575.562 ; gain = 9.078 ; free physical = 152224 ; free virtual = 154987
[2025-09-14 20:35:38] WARNING: [filemgmt 56-443] The ECC Algorithm string is empty. Setting the Memory Map to default ECC value to ECC_NONE.
[2025-09-14 20:35:38] WARNING: [filemgmt 56-443] The ECC Algorithm string is empty. Setting the Memory Map to default ECC value to ECC_NONE.
[2025-09-14 20:35:38] Wrote  : </cluster/home/eirikwit/vortex-gpgpu/chipyard/sims/firesim/sim/generated-src/alveo/FireSim-FireSimV2S1C-BaseF1Config1Mem_F25MHz/u250/vivado_proj/firesim.srcs/sources_1/bd/design_1/design_1.bd> 
[2025-09-14 20:35:38] # make_wrapper -files [get_files ${root_dir}/vivado_proj/firesim.srcs/sources_1/bd/design_1/design_1.bd] -top
[2025-09-14 20:35:38] INFO: [BD 41-1662] The design 'design_1.bd' is already validated. Therefore parameter propagation will not be re-run.
[2025-09-14 20:35:38] INFO: [xilinx.com:ip:clk_wiz:6.0-1] /clk_wiz_0 clk_wiz propagate
[2025-09-14 20:35:38] validate_bd_design: Time (s): cpu = 00:00:04 ; elapsed = 00:00:05 . Memory (MB): peak = 3563.102 ; gain = 9.078 ; free physical = 181662 ; free virtual = 184453
[2025-09-14 20:35:39] Verilog Output written to : /cluster/home/eirikwit/vortex-gpgpu/chipyard/sims/firesim/sim/generated-src/alveo/FireSim-FireSimV2S1C-BaseF1Config1Mem_F25MHz/u250/vivado_proj/firesim.gen/sources_1/bd/design_1/synth/design_1.v
[2025-09-14 20:35:39] WARNING: [filemgmt 56-443] The ECC Algorithm string is empty. Setting the Memory Map to default ECC value to ECC_NONE.
[2025-09-14 20:35:39] WARNING: [filemgmt 56-443] The ECC Algorithm string is empty. Setting the Memory Map to default ECC value to ECC_NONE.
[2025-09-14 20:35:39] Verilog Output written to : /cluster/home/eirikwit/vortex-gpgpu/chipyard/sims/firesim/sim/generated-src/alveo/FireSim-FireSimV2S1C-BaseF1Config1Mem_F25MHz/u250/vivado_proj/firesim.gen/sources_1/bd/design_1/sim/design_1.v
[2025-09-14 20:35:39] Verilog Output written to : /cluster/home/eirikwit/vortex-gpgpu/chipyard/sims/firesim/sim/generated-src/alveo/FireSim-FireSimV2S1C-BaseF1Config1Mem_F25MHz/u250/vivado_proj/firesim.gen/sources_1/bd/design_1/hdl/design_1_wrapper.v
[2025-09-14 20:35:39] # add_files -norecurse ${root_dir}/vivado_proj/firesim.gen/sources_1/bd/design_1/hdl/design_1_wrapper.v
[2025-09-14 20:35:39] # if {[file exists [set constrFile [retrieveVersionedFile ${root_dir}/design/firesim_synth.xdc $vivado_version]]]} {
[2025-09-14 20:35:39] #     create_fileset -constrset synth
[2025-09-14 20:35:39] #     add_files -fileset synth -norecurse $constrFile
[2025-09-14 20:35:39] # }
[2025-09-14 20:35:39] # if {[file exists [set constrFile [retrieveVersionedFile ${root_dir}/design/firesim_impl.xdc $vivado_version]]]} {
[2025-09-14 20:35:39] #     create_fileset -constrset impl
[2025-09-14 20:35:39] #     add_files -fileset impl -norecurse $constrFile
[2025-09-14 20:35:39] # }
[2025-09-14 20:35:39] # update_compile_order -fileset sources_1
[2025-09-14 20:35:39] Wrote  : </cluster/home/eirikwit/vortex-gpgpu/chipyard/sims/firesim/sim/generated-src/alveo/FireSim-FireSimV2S1C-BaseF1Config1Mem_F25MHz/u250/vivado_proj/firesim.srcs/sources_1/bd/design_1/design_1.bd> 
[2025-09-14 20:35:39] # make_wrapper -files [get_files ${root_dir}/vivado_proj/firesim.srcs/sources_1/bd/design_1/design_1.bd] -top
[2025-09-14 20:35:39] INFO: [BD 41-1662] The design 'design_1.bd' is already validated. Therefore parameter propagation will not be re-run.
[2025-09-14 20:35:39] Verilog Output written to : /cluster/home/eirikwit/vortex-gpgpu/chipyard/sims/firesim/sim/generated-src/alveo/FireSim-FireSimV2S1C-BaseF1Config1Mem_F25MHz/u250/vivado_proj/firesim.gen/sources_1/bd/design_1/synth/design_1.v
[2025-09-14 20:35:40] Verilog Output written to : /cluster/home/eirikwit/vortex-gpgpu/chipyard/sims/firesim/sim/generated-src/alveo/FireSim-FireSimV2S1C-BaseF1Config1Mem_F25MHz/u250/vivado_proj/firesim.gen/sources_1/bd/design_1/sim/design_1.v
[2025-09-14 20:35:40] Verilog Output written to : /cluster/home/eirikwit/vortex-gpgpu/chipyard/sims/firesim/sim/generated-src/alveo/FireSim-FireSimV2S1C-BaseF1Config1Mem_F25MHz/u250/vivado_proj/firesim.gen/sources_1/bd/design_1/hdl/design_1_wrapper.v
[2025-09-14 20:35:40] # add_files -norecurse ${root_dir}/vivado_proj/firesim.gen/sources_1/bd/design_1/hdl/design_1_wrapper.v
[2025-09-14 20:35:40] # if {[file exists [set constrFile [retrieveVersionedFile ${root_dir}/design/firesim_synth.xdc $vivado_version]]]} {
[2025-09-14 20:35:40] #     create_fileset -constrset synth
[2025-09-14 20:35:40] #     add_files -fileset synth -norecurse $constrFile
[2025-09-14 20:35:40] # }
[2025-09-14 20:35:40] # if {[file exists [set constrFile [retrieveVersionedFile ${root_dir}/design/firesim_impl.xdc $vivado_version]]]} {
[2025-09-14 20:35:40] #     create_fileset -constrset impl
[2025-09-14 20:35:40] #     add_files -fileset impl -norecurse $constrFile
[2025-09-14 20:35:40] # }
[2025-09-14 20:35:40] # update_compile_order -fileset sources_1
[2025-09-14 20:35:41] INFO: [BD 41-1029] Generation completed for the IP Integrator block xdma_0 .
[2025-09-14 20:35:41] INFO: [BD 41-1029] Generation completed for the IP Integrator block xlconstant_0 .
[2025-09-14 20:35:41] Exporting to file /cluster/home/eirikwit/vortex-gpgpu/chipyard/sims/firesim/sim/generated-src/alveo/FireSim-FireSimV2S1C-BaseF1Config1Mem_F25MHz/u250/vivado_proj/firesim.gen/sources_1/bd/design_1/hw_handoff/design_1.hwh
[2025-09-14 20:35:41] Generated Hardware Definition File /cluster/home/eirikwit/vortex-gpgpu/chipyard/sims/firesim/sim/generated-src/alveo/FireSim-FireSimV2S1C-BaseF1Config1Mem_F25MHz/u250/vivado_proj/firesim.gen/sources_1/bd/design_1/synth/design_1.hwdef
[2025-09-14 20:35:41] WARNING: [BD 41-2265] Clock pin for protocol instance pin TIEOFF_M_AXI_CTRL_0 could not be determined. Make sure that ASSOCIATED_BUSIF and ASSOCIATED_RESET properties are set or propagated on clock pins of block /axi_tieoff_master_0
[2025-09-14 20:35:41] INFO: [IP_Flow 19-6930] IPCACHE: runCacheChecks() number of threads = 8
[2025-09-14 20:35:41] INFO: [IP_Flow 19-6921] IPCACHE: Adding cache check func to thread queue for IP design_1_axi_clock_converter_0_0
[2025-09-14 20:35:41] INFO: [IP_Flow 19-6921] IPCACHE: Adding cache check func to thread queue for IP design_1_axi_clock_converter_1_0
[2025-09-14 20:35:41] INFO: [IP_Flow 19-6921] IPCACHE: Adding cache check func to thread queue for IP design_1_axi_dwidth_converter_0_0
[2025-09-14 20:35:41] INFO: [IP_Flow 19-6921] IPCACHE: Adding cache check func to thread queue for IP design_1_axi_tieoff_master_0_0
[2025-09-14 20:35:41] INFO: [IP_Flow 19-6921] IPCACHE: Adding cache check func to thread queue for IP design_1_clk_wiz_0_0
[2025-09-14 20:35:41] INFO: [IP_Flow 19-6921] IPCACHE: Adding cache check func to thread queue for IP design_1_ddr4_0_0
[2025-09-14 20:35:41] INFO: [IP_Flow 19-6921] IPCACHE: Adding cache check func to thread queue for IP design_1_firesim_wrapper_0_0
[2025-09-14 20:35:41] INFO: [IP_Flow 19-6921] IPCACHE: Adding cache check func to thread queue for IP design_1_proc_sys_reset_0_0
[2025-09-14 20:35:41] INFO: [IP_Flow 19-6921] IPCACHE: Adding cache check func to thread queue for IP design_1_proc_sys_reset_1_0
[2025-09-14 20:35:41] INFO: [IP_Flow 19-6921] IPCACHE: Adding cache check func to thread queue for IP design_1_resetn_inv_0_0
[2025-09-14 20:35:41] INFO: [IP_Flow 19-6921] IPCACHE: Adding cache check func to thread queue for IP design_1_util_ds_buf_0
[2025-09-14 20:35:41] INFO: [IP_Flow 19-6921] IPCACHE: Adding cache check func to thread queue for IP design_1_xdma_0_0
[2025-09-14 20:35:41] INFO: [IP_Flow 19-8020] IPCACHE: runCacheChecks() calling threadPool finishWork()
[2025-09-14 20:35:41] INFO: [IP_Flow 19-6924] IPCACHE: Running cache check for IP inst: design_1_axi_clock_converter_0_0
[2025-09-14 20:35:41] INFO: [IP_Flow 19-6924] IPCACHE: Running cache check for IP inst: design_1_axi_clock_converter_1_0
[2025-09-14 20:35:41] INFO: [IP_Flow 19-6924] IPCACHE: Running cache check for IP inst: design_1_axi_dwidth_converter_0_0
[2025-09-14 20:35:41] INFO: [IP_Flow 19-6924] IPCACHE: Running cache check for IP inst: design_1_xdma_0_0
[2025-09-14 20:35:41] INFO: [IP_Flow 19-6924] IPCACHE: Running cache check for IP inst: design_1_axi_tieoff_master_0_0
[2025-09-14 20:35:41] INFO: [IP_Flow 19-6924] IPCACHE: Running cache check for IP inst: design_1_clk_wiz_0_0
[2025-09-14 20:35:41] INFO: [IP_Flow 19-6924] IPCACHE: Running cache check for IP inst: design_1_ddr4_0_0
[2025-09-14 20:35:41] INFO: [IP_Flow 19-6924] IPCACHE: Running cache check for IP inst: design_1_firesim_wrapper_0_0
[2025-09-14 20:35:41] INFO: [IP_Flow 19-6924] IPCACHE: Running cache check for IP inst: design_1_proc_sys_reset_0_0
[2025-09-14 20:35:41] INFO: [IP_Flow 19-6924] IPCACHE: Running cache check for IP inst: design_1_proc_sys_reset_1_0
[2025-09-14 20:35:41] INFO: [IP_Flow 19-6924] IPCACHE: Running cache check for IP inst: design_1_util_ds_buf_0
[2025-09-14 20:35:41] INFO: [IP_Flow 19-6924] IPCACHE: Running cache check for IP inst: design_1_resetn_inv_0_0
[2025-09-14 20:35:42] WARNING: [Vivado 12-7122] Auto Incremental Compile:: No reference checkpoint was found in run synth_1. Auto-incremental flow will not be run, the standard flow will be run instead.
[2025-09-14 20:35:42] WARNING: [Vivado 12-7122] Auto Incremental Compile:: No reference checkpoint was found in run synth_1. Auto-incremental flow will not be run, the standard flow will be run instead.
[2025-09-14 20:35:42] WARNING: [filemgmt 56-443] The ECC Algorithm string is empty. Setting the Memory Map to default ECC value to ECC_NONE.
[2025-09-14 20:35:42] WARNING: [filemgmt 56-443] The ECC Algorithm string is empty. Setting the Memory Map to default ECC value to ECC_NONE.
[2025-09-14 20:35:42] WARNING: [filemgmt 56-443] The ECC Algorithm string is empty. Setting the Memory Map to default ECC value to ECC_NONE.
[2025-09-14 20:35:42] WARNING: [filemgmt 56-443] The ECC Algorithm string is empty. Setting the Memory Map to default ECC value to ECC_NONE.
[2025-09-14 20:35:42] WARNING: [Vivado 12-7122] Auto Incremental Compile:: No reference checkpoint was found in run synth_1. Auto-incremental flow will not be run, the standard flow will be run instead.
[2025-09-14 20:35:43] Exporting to file /cluster/home/eirikwit/vortex-gpgpu/chipyard/sims/firesim/sim/generated-src/alveo/FireSim-FireSimV2S1C-BaseF1Config1Mem_F25MHz/u250/vivado_proj/firesim.gen/sources_1/bd/design_1/ip/design_1_ddr4_0_0/bd_0/hw_handoff/design_1_ddr4_0_0_microblaze_mcs.hwh
[2025-09-14 20:35:43] Generated Hardware Definition File /cluster/home/eirikwit/vortex-gpgpu/chipyard/sims/firesim/sim/generated-src/alveo/FireSim-FireSimV2S1C-BaseF1Config1Mem_F25MHz/u250/vivado_proj/firesim.gen/sources_1/bd/design_1/ip/design_1_ddr4_0_0/bd_0/synth/design_1_ddr4_0_0_microblaze_mcs.hwdef
[2025-09-14 20:35:44] WARNING: [filemgmt 56-443] The ECC Algorithm string is empty. Setting the Memory Map to default ECC value to ECC_NONE.
[2025-09-14 20:35:44] WARNING: [filemgmt 56-443] The ECC Algorithm string is empty. Setting the Memory Map to default ECC value to ECC_NONE.
[2025-09-14 20:35:45] WARNING: [filemgmt 56-443] The ECC Algorithm string is empty. Setting the Memory Map to default ECC value to ECC_NONE.
[2025-09-14 20:35:45] WARNING: [filemgmt 56-443] The ECC Algorithm string is empty. Setting the Memory Map to default ECC value to ECC_NONE.
[2025-09-14 20:35:45] INFO: [BD 41-1029] Generation completed for the IP Integrator block ddr4_0 .
[2025-09-14 20:35:45] INFO: [BD 41-1029] Generation completed for the IP Integrator block firesim_wrapper_0 .
[2025-09-14 20:35:45] INFO: [BD 41-1029] Generation completed for the IP Integrator block proc_sys_reset_0 .
[2025-09-14 20:35:45] INFO: [BD 41-1029] Generation completed for the IP Integrator block proc_sys_reset_1 .
[2025-09-14 20:35:45] INFO: [BD 41-1029] Generation completed for the IP Integrator block resetn_inv_0 .
[2025-09-14 20:35:45] Exporting to file /cluster/home/eirikwit/vortex-gpgpu/chipyard/sims/firesim/sim/generated-src/alveo/FireSim-FireSimV2S1C-BaseF1Config1Mem_F25MHz/u250/vivado_proj/firesim.gen/sources_1/bd/design_1/ip/design_1_ddr4_0_0/bd_0/hw_handoff/design_1_ddr4_0_0_microblaze_mcs.hwh
[2025-09-14 20:35:45] INFO: [BD 41-1029] Generation completed for the IP Integrator block util_ds_buf .
[2025-09-14 20:35:45] Generated Hardware Definition File /cluster/home/eirikwit/vortex-gpgpu/chipyard/sims/firesim/sim/generated-src/alveo/FireSim-FireSimV2S1C-BaseF1Config1Mem_F25MHz/u250/vivado_proj/firesim.gen/sources_1/bd/design_1/ip/design_1_ddr4_0_0/bd_0/synth/design_1_ddr4_0_0_microblaze_mcs.hwdef
[2025-09-14 20:35:47] INFO: [BD 41-1029] Generation completed for the IP Integrator block ddr4_0 .
[2025-09-14 20:35:47] INFO: [BD 41-1029] Generation completed for the IP Integrator block firesim_wrapper_0 .
[2025-09-14 20:35:47] WARNING: [IP_Flow 19-4994] Overwriting existing constraint file '/cluster/home/eirikwit/vortex-gpgpu/chipyard/sims/firesim/sim/generated-src/alveo/FireSim-FireSimV2S1C-BaseF1Config1Mem_F25MHz/u250/vivado_proj/firesim.gen/sources_1/bd/design_1/ip/design_1_proc_sys_reset_0_0_1/design_1_proc_sys_reset_0_0_ooc.xdc'
[2025-09-14 20:35:47] INFO: [BD 41-1029] Generation completed for the IP Integrator block proc_sys_reset_0 .
[2025-09-14 20:35:47] WARNING: [IP_Flow 19-4994] Overwriting existing constraint file '/cluster/home/eirikwit/vortex-gpgpu/chipyard/sims/firesim/sim/generated-src/alveo/FireSim-FireSimV2S1C-BaseF1Config1Mem_F25MHz/u250/vivado_proj/firesim.gen/sources_1/bd/design_1/ip/design_1_proc_sys_reset_1_0_1/design_1_proc_sys_reset_1_0_ooc.xdc'
[2025-09-14 20:35:47] INFO: [BD 41-1029] Generation completed for the IP Integrator block proc_sys_reset_1 .
[2025-09-14 20:35:47] INFO: [BD 41-1029] Generation completed for the IP Integrator block resetn_inv_0 .
[2025-09-14 20:35:47] INFO: [BD 41-1029] Generation completed for the IP Integrator block util_ds_buf .
[2025-09-14 20:35:51] update_compile_order: Time (s): cpu = 00:00:13 ; elapsed = 00:00:12 . Memory (MB): peak = 3609.090 ; gain = 30.559 ; free physical = 152000 ; free virtual = 154763
[2025-09-14 20:35:51] # set_property top design_1_wrapper [current_fileset]
[2025-09-14 20:35:51] # update_compile_order -fileset sources_1
[2025-09-14 20:35:52] update_compile_order: Time (s): cpu = 00:00:13 ; elapsed = 00:00:12 . Memory (MB): peak = 3606.535 ; gain = 30.559 ; free physical = 181472 ; free virtual = 184272
[2025-09-14 20:35:52] # set_property top design_1_wrapper [current_fileset]
[2025-09-14 20:35:52] # update_compile_order -fileset sources_1
[2025-09-14 20:35:52] [Sun Sep 14 20:35:52 2025] Launched design_1_axi_dwidth_converter_0_0_synth_1, design_1_axi_clock_converter_0_0_synth_1, design_1_axi_clock_converter_1_0_synth_1, design_1_ddr4_0_0_synth_1, design_1_clk_wiz_0_0_synth_1, design_1_axi_tieoff_master_0_0_synth_1, design_1_firesim_wrapper_0_0_synth_1, design_1_proc_sys_reset_0_0_synth_1, design_1_proc_sys_reset_1_0_synth_1, design_1_resetn_inv_0_0_synth_1, design_1_xdma_0_0_synth_1, design_1_util_ds_buf_0_synth_1...
[2025-09-14 20:35:52] Run output will be captured here:
[2025-09-14 20:35:52] design_1_axi_dwidth_converter_0_0_synth_1: /cluster/home/eirikwit/vortex-gpgpu/chipyard/sims/firesim/sim/generated-src/alveo/FireSim-FireSimV2S1C-BaseF1Config1Mem_F25MHz/u250/vivado_proj/firesim.runs/design_1_axi_dwidth_converter_0_0_synth_1/runme.log
[2025-09-14 20:35:52] design_1_axi_clock_converter_0_0_synth_1: /cluster/home/eirikwit/vortex-gpgpu/chipyard/sims/firesim/sim/generated-src/alveo/FireSim-FireSimV2S1C-BaseF1Config1Mem_F25MHz/u250/vivado_proj/firesim.runs/design_1_axi_clock_converter_0_0_synth_1/runme.log
[2025-09-14 20:35:53] design_1_axi_clock_converter_1_0_synth_1: /cluster/home/eirikwit/vortex-gpgpu/chipyard/sims/firesim/sim/generated-src/alveo/FireSim-FireSimV2S1C-BaseF1Config1Mem_F25MHz/u250/vivado_proj/firesim.runs/design_1_axi_clock_converter_1_0_synth_1/runme.log
[2025-09-14 20:35:53] design_1_ddr4_0_0_synth_1: /cluster/home/eirikwit/vortex-gpgpu/chipyard/sims/firesim/sim/generated-src/alveo/FireSim-FireSimV2S1C-BaseF1Config1Mem_F25MHz/u250/vivado_proj/firesim.runs/design_1_ddr4_0_0_synth_1/runme.log
[2025-09-14 20:35:53] design_1_clk_wiz_0_0_synth_1: /cluster/home/eirikwit/vortex-gpgpu/chipyard/sims/firesim/sim/generated-src/alveo/FireSim-FireSimV2S1C-BaseF1Config1Mem_F25MHz/u250/vivado_proj/firesim.runs/design_1_clk_wiz_0_0_synth_1/runme.log
[2025-09-14 20:35:53] design_1_axi_tieoff_master_0_0_synth_1: /cluster/home/eirikwit/vortex-gpgpu/chipyard/sims/firesim/sim/generated-src/alveo/FireSim-FireSimV2S1C-BaseF1Config1Mem_F25MHz/u250/vivado_proj/firesim.runs/design_1_axi_tieoff_master_0_0_synth_1/runme.log
[2025-09-14 20:35:53] design_1_firesim_wrapper_0_0_synth_1: /cluster/home/eirikwit/vortex-gpgpu/chipyard/sims/firesim/sim/generated-src/alveo/FireSim-FireSimV2S1C-BaseF1Config1Mem_F25MHz/u250/vivado_proj/firesim.runs/design_1_firesim_wrapper_0_0_synth_1/runme.log
[2025-09-14 20:35:53] design_1_proc_sys_reset_0_0_synth_1: /cluster/home/eirikwit/vortex-gpgpu/chipyard/sims/firesim/sim/generated-src/alveo/FireSim-FireSimV2S1C-BaseF1Config1Mem_F25MHz/u250/vivado_proj/firesim.runs/design_1_proc_sys_reset_0_0_synth_1/runme.log
[2025-09-14 20:35:53] design_1_proc_sys_reset_1_0_synth_1: /cluster/home/eirikwit/vortex-gpgpu/chipyard/sims/firesim/sim/generated-src/alveo/FireSim-FireSimV2S1C-BaseF1Config1Mem_F25MHz/u250/vivado_proj/firesim.runs/design_1_proc_sys_reset_1_0_synth_1/runme.log
[2025-09-14 20:35:53] design_1_resetn_inv_0_0_synth_1: /cluster/home/eirikwit/vortex-gpgpu/chipyard/sims/firesim/sim/generated-src/alveo/FireSim-FireSimV2S1C-BaseF1Config1Mem_F25MHz/u250/vivado_proj/firesim.runs/design_1_resetn_inv_0_0_synth_1/runme.log
[2025-09-14 20:35:53] design_1_xdma_0_0_synth_1: /cluster/home/eirikwit/vortex-gpgpu/chipyard/sims/firesim/sim/generated-src/alveo/FireSim-FireSimV2S1C-BaseF1Config1Mem_F25MHz/u250/vivado_proj/firesim.runs/design_1_xdma_0_0_synth_1/runme.log
[2025-09-14 20:35:53] design_1_util_ds_buf_0_synth_1: /cluster/home/eirikwit/vortex-gpgpu/chipyard/sims/firesim/sim/generated-src/alveo/FireSim-FireSimV2S1C-BaseF1Config1Mem_F25MHz/u250/vivado_proj/firesim.runs/design_1_util_ds_buf_0_synth_1/runme.log
[2025-09-14 20:35:53] [Sun Sep 14 20:35:52 2025] Launched synth_1...
[2025-09-14 20:35:53] Run output will be captured here: /cluster/home/eirikwit/vortex-gpgpu/chipyard/sims/firesim/sim/generated-src/alveo/FireSim-FireSimV2S1C-BaseF1Config1Mem_F25MHz/u250/vivado_proj/firesim.runs/synth_1/runme.log
[2025-09-14 20:35:53] launch_runs: Time (s): cpu = 00:00:55 ; elapsed = 00:00:47 . Memory (MB): peak = 3656.074 ; gain = 47.922 ; free physical = 245499 ; free virtual = 248420
[2025-09-14 20:35:53] ## wait_on_run ${synth_run}
[2025-09-14 20:35:53] [Sun Sep 14 20:35:52 2025] Waiting for synth_1 to finish...
[2025-09-14 20:35:53] [Sun Sep 14 20:35:53 2025] Launched design_1_axi_dwidth_converter_0_0_synth_1, design_1_axi_clock_converter_0_0_synth_1, design_1_axi_clock_converter_1_0_synth_1, design_1_ddr4_0_0_synth_1, design_1_clk_wiz_0_0_synth_1, design_1_axi_tieoff_master_0_0_synth_1, design_1_firesim_wrapper_0_0_synth_1, design_1_proc_sys_reset_0_0_synth_1, design_1_proc_sys_reset_1_0_synth_1, design_1_resetn_inv_0_0_synth_1, design_1_xdma_0_0_synth_1, design_1_util_ds_buf_0_synth_1...
[2025-09-14 20:35:53] Run output will be captured here:
[2025-09-14 20:35:53] design_1_axi_dwidth_converter_0_0_synth_1: /cluster/home/eirikwit/vortex-gpgpu/chipyard/sims/firesim/sim/generated-src/alveo/FireSim-FireSimV2S1C-BaseF1Config1Mem_F25MHz/u250/vivado_proj/firesim.runs/design_1_axi_dwidth_converter_0_0_synth_1/runme.log
[2025-09-14 20:35:53] design_1_axi_clock_converter_0_0_synth_1: /cluster/home/eirikwit/vortex-gpgpu/chipyard/sims/firesim/sim/generated-src/alveo/FireSim-FireSimV2S1C-BaseF1Config1Mem_F25MHz/u250/vivado_proj/firesim.runs/design_1_axi_clock_converter_0_0_synth_1/runme.log
[2025-09-14 20:35:53] design_1_axi_clock_converter_1_0_synth_1: /cluster/home/eirikwit/vortex-gpgpu/chipyard/sims/firesim/sim/generated-src/alveo/FireSim-FireSimV2S1C-BaseF1Config1Mem_F25MHz/u250/vivado_proj/firesim.runs/design_1_axi_clock_converter_1_0_synth_1/runme.log
[2025-09-14 20:35:53] design_1_ddr4_0_0_synth_1: /cluster/home/eirikwit/vortex-gpgpu/chipyard/sims/firesim/sim/generated-src/alveo/FireSim-FireSimV2S1C-BaseF1Config1Mem_F25MHz/u250/vivado_proj/firesim.runs/design_1_ddr4_0_0_synth_1/runme.log
[2025-09-14 20:35:53] design_1_clk_wiz_0_0_synth_1: /cluster/home/eirikwit/vortex-gpgpu/chipyard/sims/firesim/sim/generated-src/alveo/FireSim-FireSimV2S1C-BaseF1Config1Mem_F25MHz/u250/vivado_proj/firesim.runs/design_1_clk_wiz_0_0_synth_1/runme.log
[2025-09-14 20:35:53] design_1_axi_tieoff_master_0_0_synth_1: /cluster/home/eirikwit/vortex-gpgpu/chipyard/sims/firesim/sim/generated-src/alveo/FireSim-FireSimV2S1C-BaseF1Config1Mem_F25MHz/u250/vivado_proj/firesim.runs/design_1_axi_tieoff_master_0_0_synth_1/runme.log
[2025-09-14 20:35:53] design_1_firesim_wrapper_0_0_synth_1: /cluster/home/eirikwit/vortex-gpgpu/chipyard/sims/firesim/sim/generated-src/alveo/FireSim-FireSimV2S1C-BaseF1Config1Mem_F25MHz/u250/vivado_proj/firesim.runs/design_1_firesim_wrapper_0_0_synth_1/runme.log
[2025-09-14 20:35:53] design_1_proc_sys_reset_0_0_synth_1: /cluster/home/eirikwit/vortex-gpgpu/chipyard/sims/firesim/sim/generated-src/alveo/FireSim-FireSimV2S1C-BaseF1Config1Mem_F25MHz/u250/vivado_proj/firesim.runs/design_1_proc_sys_reset_0_0_synth_1/runme.log
[2025-09-14 20:35:53] design_1_proc_sys_reset_1_0_synth_1: /cluster/home/eirikwit/vortex-gpgpu/chipyard/sims/firesim/sim/generated-src/alveo/FireSim-FireSimV2S1C-BaseF1Config1Mem_F25MHz/u250/vivado_proj/firesim.runs/design_1_proc_sys_reset_1_0_synth_1/runme.log
[2025-09-14 20:35:53] design_1_resetn_inv_0_0_synth_1: /cluster/home/eirikwit/vortex-gpgpu/chipyard/sims/firesim/sim/generated-src/alveo/FireSim-FireSimV2S1C-BaseF1Config1Mem_F25MHz/u250/vivado_proj/firesim.runs/design_1_resetn_inv_0_0_synth_1/runme.log
[2025-09-14 20:35:53] design_1_xdma_0_0_synth_1: /cluster/home/eirikwit/vortex-gpgpu/chipyard/sims/firesim/sim/generated-src/alveo/FireSim-FireSimV2S1C-BaseF1Config1Mem_F25MHz/u250/vivado_proj/firesim.runs/design_1_xdma_0_0_synth_1/runme.log
[2025-09-14 20:35:53] design_1_util_ds_buf_0_synth_1: /cluster/home/eirikwit/vortex-gpgpu/chipyard/sims/firesim/sim/generated-src/alveo/FireSim-FireSimV2S1C-BaseF1Config1Mem_F25MHz/u250/vivado_proj/firesim.runs/design_1_util_ds_buf_0_synth_1/runme.log
[2025-09-14 20:35:53] [Sun Sep 14 20:35:53 2025] Launched synth_1...
[2025-09-14 20:35:53] Run output will be captured here: /cluster/home/eirikwit/vortex-gpgpu/chipyard/sims/firesim/sim/generated-src/alveo/FireSim-FireSimV2S1C-BaseF1Config1Mem_F25MHz/u250/vivado_proj/firesim.runs/synth_1/runme.log
[2025-09-14 20:35:53] launch_runs: Time (s): cpu = 00:00:55 ; elapsed = 00:00:47 . Memory (MB): peak = 3664.645 ; gain = 55.938 ; free physical = 239912 ; free virtual = 242727
[2025-09-14 20:35:53] ## wait_on_run ${synth_run}
[2025-09-14 20:35:53] [Sun Sep 14 20:35:53 2025] Waiting for synth_1 to finish...
[2025-09-14 20:35:53] [Sun Sep 14 20:35:53 2025] Launched design_1_axi_dwidth_converter_0_0_synth_1, design_1_axi_clock_converter_0_0_synth_1, design_1_axi_clock_converter_1_0_synth_1, design_1_firesim_wrapper_0_0_synth_1, design_1_proc_sys_reset_0_0_synth_1, design_1_proc_sys_reset_1_0_synth_1, design_1_resetn_inv_0_0_synth_1, design_1_xdma_0_0_synth_1, design_1_util_ds_buf_0_synth_1, design_1_ddr4_0_0_synth_1, design_1_clk_wiz_0_0_synth_1, design_1_axi_tieoff_master_0_0_synth_1...
[2025-09-14 20:35:53] Run output will be captured here:
[2025-09-14 20:35:53] design_1_axi_dwidth_converter_0_0_synth_1: /cluster/home/eirikwit/vortex-gpgpu/chipyard/sims/firesim/sim/generated-src/alveo/FireSim-FireSimV2S1C-BaseF1Config1Mem_F25MHz/u250/vivado_proj/firesim.runs/design_1_axi_dwidth_converter_0_0_synth_1/runme.log
[2025-09-14 20:35:53] design_1_axi_clock_converter_0_0_synth_1: /cluster/home/eirikwit/vortex-gpgpu/chipyard/sims/firesim/sim/generated-src/alveo/FireSim-FireSimV2S1C-BaseF1Config1Mem_F25MHz/u250/vivado_proj/firesim.runs/design_1_axi_clock_converter_0_0_synth_1/runme.log
[2025-09-14 20:35:53] design_1_axi_clock_converter_1_0_synth_1: /cluster/home/eirikwit/vortex-gpgpu/chipyard/sims/firesim/sim/generated-src/alveo/FireSim-FireSimV2S1C-BaseF1Config1Mem_F25MHz/u250/vivado_proj/firesim.runs/design_1_axi_clock_converter_1_0_synth_1/runme.log
[2025-09-14 20:35:53] design_1_firesim_wrapper_0_0_synth_1: /cluster/home/eirikwit/vortex-gpgpu/chipyard/sims/firesim/sim/generated-src/alveo/FireSim-FireSimV2S1C-BaseF1Config1Mem_F25MHz/u250/vivado_proj/firesim.runs/design_1_firesim_wrapper_0_0_synth_1/runme.log
[2025-09-14 20:35:53] design_1_proc_sys_reset_0_0_synth_1: /cluster/home/eirikwit/vortex-gpgpu/chipyard/sims/firesim/sim/generated-src/alveo/FireSim-FireSimV2S1C-BaseF1Config1Mem_F25MHz/u250/vivado_proj/firesim.runs/design_1_proc_sys_reset_0_0_synth_1/runme.log
[2025-09-14 20:35:53] design_1_proc_sys_reset_1_0_synth_1: /cluster/home/eirikwit/vortex-gpgpu/chipyard/sims/firesim/sim/generated-src/alveo/FireSim-FireSimV2S1C-BaseF1Config1Mem_F25MHz/u250/vivado_proj/firesim.runs/design_1_proc_sys_reset_1_0_synth_1/runme.log
[2025-09-14 20:35:53] design_1_resetn_inv_0_0_synth_1: /cluster/home/eirikwit/vortex-gpgpu/chipyard/sims/firesim/sim/generated-src/alveo/FireSim-FireSimV2S1C-BaseF1Config1Mem_F25MHz/u250/vivado_proj/firesim.runs/design_1_resetn_inv_0_0_synth_1/runme.log
[2025-09-14 20:35:53] design_1_xdma_0_0_synth_1: /cluster/home/eirikwit/vortex-gpgpu/chipyard/sims/firesim/sim/generated-src/alveo/FireSim-FireSimV2S1C-BaseF1Config1Mem_F25MHz/u250/vivado_proj/firesim.runs/design_1_xdma_0_0_synth_1/runme.log
[2025-09-14 20:35:53] design_1_util_ds_buf_0_synth_1: /cluster/home/eirikwit/vortex-gpgpu/chipyard/sims/firesim/sim/generated-src/alveo/FireSim-FireSimV2S1C-BaseF1Config1Mem_F25MHz/u250/vivado_proj/firesim.runs/design_1_util_ds_buf_0_synth_1/runme.log
[2025-09-14 20:35:53] design_1_ddr4_0_0_synth_1: /cluster/home/eirikwit/vortex-gpgpu/chipyard/sims/firesim/sim/generated-src/alveo/FireSim-FireSimV2S1C-BaseF1Config1Mem_F25MHz/u250/vivado_proj/firesim.runs/design_1_ddr4_0_0_synth_1/runme.log
[2025-09-14 20:35:53] design_1_clk_wiz_0_0_synth_1: /cluster/home/eirikwit/vortex-gpgpu/chipyard/sims/firesim/sim/generated-src/alveo/FireSim-FireSimV2S1C-BaseF1Config1Mem_F25MHz/u250/vivado_proj/firesim.runs/design_1_clk_wiz_0_0_synth_1/runme.log
[2025-09-14 20:35:53] design_1_axi_tieoff_master_0_0_synth_1: /cluster/home/eirikwit/vortex-gpgpu/chipyard/sims/firesim/sim/generated-src/alveo/FireSim-FireSimV2S1C-BaseF1Config1Mem_F25MHz/u250/vivado_proj/firesim.runs/design_1_axi_tieoff_master_0_0_synth_1/runme.log
[2025-09-14 20:35:53] [Sun Sep 14 20:35:53 2025] Launched synth_1...
[2025-09-14 20:35:53] Run output will be captured here: /cluster/home/eirikwit/vortex-gpgpu/chipyard/sims/firesim/sim/generated-src/alveo/FireSim-FireSimV2S1C-BaseF1Config1Mem_F25MHz/u250/vivado_proj/firesim.runs/synth_1/runme.log
[2025-09-14 20:35:53] launch_runs: Time (s): cpu = 00:00:55 ; elapsed = 00:00:48 . Memory (MB): peak = 3660.082 ; gain = 51.930 ; free physical = 242591 ; free virtual = 246168
[2025-09-14 20:35:53] ## wait_on_run ${synth_run}
[2025-09-14 20:35:53] [Sun Sep 14 20:35:53 2025] Waiting for synth_1 to finish...
[2025-09-14 20:35:56] INFO: [BD 41-1029] Generation completed for the IP Integrator block xdma_0 .
[2025-09-14 20:35:56] INFO: [BD 41-1029] Generation completed for the IP Integrator block xlconstant_0 .
[2025-09-14 20:35:56] Exporting to file /cluster/home/eirikwit/vortex-gpgpu/chipyard/sims/firesim/sim/generated-src/alveo/FireSim-FireSimV2S1C-BaseF1Config1Mem_F25MHz/u250/vivado_proj/firesim.gen/sources_1/bd/design_1/hw_handoff/design_1.hwh
[2025-09-14 20:35:56] Generated Hardware Definition File /cluster/home/eirikwit/vortex-gpgpu/chipyard/sims/firesim/sim/generated-src/alveo/FireSim-FireSimV2S1C-BaseF1Config1Mem_F25MHz/u250/vivado_proj/firesim.gen/sources_1/bd/design_1/synth/design_1.hwdef
[2025-09-14 20:35:56] WARNING: [BD 41-2265] Clock pin for protocol instance pin TIEOFF_M_AXI_CTRL_0 could not be determined. Make sure that ASSOCIATED_BUSIF and ASSOCIATED_RESET properties are set or propagated on clock pins of block /axi_tieoff_master_0
[2025-09-14 20:35:56] INFO: [IP_Flow 19-6930] IPCACHE: runCacheChecks() number of threads = 8
[2025-09-14 20:35:56] INFO: [IP_Flow 19-6921] IPCACHE: Adding cache check func to thread queue for IP design_1_axi_clock_converter_0_0
[2025-09-14 20:35:56] INFO: [IP_Flow 19-6921] IPCACHE: Adding cache check func to thread queue for IP design_1_axi_clock_converter_1_0
[2025-09-14 20:35:56] INFO: [IP_Flow 19-6921] IPCACHE: Adding cache check func to thread queue for IP design_1_axi_dwidth_converter_0_0
[2025-09-14 20:35:56] INFO: [IP_Flow 19-6921] IPCACHE: Adding cache check func to thread queue for IP design_1_axi_tieoff_master_0_0
[2025-09-14 20:35:56] INFO: [IP_Flow 19-6921] IPCACHE: Adding cache check func to thread queue for IP design_1_clk_wiz_0_0
[2025-09-14 20:35:56] INFO: [IP_Flow 19-6921] IPCACHE: Adding cache check func to thread queue for IP design_1_ddr4_0_0
[2025-09-14 20:35:56] INFO: [IP_Flow 19-6921] IPCACHE: Adding cache check func to thread queue for IP design_1_firesim_wrapper_0_0
[2025-09-14 20:35:56] INFO: [IP_Flow 19-6921] IPCACHE: Adding cache check func to thread queue for IP design_1_proc_sys_reset_0_0
[2025-09-14 20:35:56] INFO: [IP_Flow 19-6921] IPCACHE: Adding cache check func to thread queue for IP design_1_proc_sys_reset_1_0
[2025-09-14 20:35:56] INFO: [IP_Flow 19-6921] IPCACHE: Adding cache check func to thread queue for IP design_1_resetn_inv_0_0
[2025-09-14 20:35:56] INFO: [IP_Flow 19-6921] IPCACHE: Adding cache check func to thread queue for IP design_1_util_ds_buf_0
[2025-09-14 20:35:56] INFO: [IP_Flow 19-6921] IPCACHE: Adding cache check func to thread queue for IP design_1_xdma_0_0
[2025-09-14 20:35:56] INFO: [IP_Flow 19-8020] IPCACHE: runCacheChecks() calling threadPool finishWork()
[2025-09-14 20:35:56] INFO: [IP_Flow 19-6924] IPCACHE: Running cache check for IP inst: design_1_axi_clock_converter_0_0
[2025-09-14 20:35:56] INFO: [IP_Flow 19-6924] IPCACHE: Running cache check for IP inst: design_1_util_ds_buf_0
[2025-09-14 20:35:56] INFO: [IP_Flow 19-6924] IPCACHE: Running cache check for IP inst: design_1_axi_clock_converter_1_0
[2025-09-14 20:35:56] INFO: [IP_Flow 19-6924] IPCACHE: Running cache check for IP inst: design_1_xdma_0_0
[2025-09-14 20:35:56] INFO: [IP_Flow 19-6924] IPCACHE: Running cache check for IP inst: design_1_axi_dwidth_converter_0_0
[2025-09-14 20:35:56] INFO: [IP_Flow 19-6924] IPCACHE: Running cache check for IP inst: design_1_axi_tieoff_master_0_0
[2025-09-14 20:35:56] INFO: [IP_Flow 19-6924] IPCACHE: Running cache check for IP inst: design_1_clk_wiz_0_0
[2025-09-14 20:35:56] INFO: [IP_Flow 19-6924] IPCACHE: Running cache check for IP inst: design_1_ddr4_0_0
[2025-09-14 20:35:56] INFO: [IP_Flow 19-6924] IPCACHE: Running cache check for IP inst: design_1_firesim_wrapper_0_0
[2025-09-14 20:35:56] INFO: [IP_Flow 19-6924] IPCACHE: Running cache check for IP inst: design_1_proc_sys_reset_0_0
[2025-09-14 20:35:56] INFO: [IP_Flow 19-6924] IPCACHE: Running cache check for IP inst: design_1_proc_sys_reset_1_0
[2025-09-14 20:35:56] INFO: [IP_Flow 19-6924] IPCACHE: Running cache check for IP inst: design_1_resetn_inv_0_0
[2025-09-14 20:35:57] INFO: [BD 41-1029] Generation completed for the IP Integrator block xdma_0 .
[2025-09-14 20:35:57] WARNING: [Vivado 12-7122] Auto Incremental Compile:: No reference checkpoint was found in run synth_1. Auto-incremental flow will not be run, the standard flow will be run instead.
[2025-09-14 20:35:57] INFO: [BD 41-1029] Generation completed for the IP Integrator block xlconstant_0 .
[2025-09-14 20:35:57] Exporting to file /cluster/home/eirikwit/vortex-gpgpu/chipyard/sims/firesim/sim/generated-src/alveo/FireSim-FireSimV2S1C-BaseF1Config1Mem_F25MHz/u250/vivado_proj/firesim.gen/sources_1/bd/design_1/hw_handoff/design_1.hwh
[2025-09-14 20:35:57] Generated Hardware Definition File /cluster/home/eirikwit/vortex-gpgpu/chipyard/sims/firesim/sim/generated-src/alveo/FireSim-FireSimV2S1C-BaseF1Config1Mem_F25MHz/u250/vivado_proj/firesim.gen/sources_1/bd/design_1/synth/design_1.hwdef
[2025-09-14 20:35:57] WARNING: [BD 41-2265] Clock pin for protocol instance pin TIEOFF_M_AXI_CTRL_0 could not be determined. Make sure that ASSOCIATED_BUSIF and ASSOCIATED_RESET properties are set or propagated on clock pins of block /axi_tieoff_master_0
[2025-09-14 20:35:57] INFO: [IP_Flow 19-6930] IPCACHE: runCacheChecks() number of threads = 8
[2025-09-14 20:35:57] INFO: [IP_Flow 19-6921] IPCACHE: Adding cache check func to thread queue for IP design_1_axi_clock_converter_0_0
[2025-09-14 20:35:57] INFO: [IP_Flow 19-6921] IPCACHE: Adding cache check func to thread queue for IP design_1_axi_clock_converter_1_0
[2025-09-14 20:35:57] INFO: [IP_Flow 19-6921] IPCACHE: Adding cache check func to thread queue for IP design_1_axi_dwidth_converter_0_0
[2025-09-14 20:35:57] INFO: [IP_Flow 19-6921] IPCACHE: Adding cache check func to thread queue for IP design_1_axi_tieoff_master_0_0
[2025-09-14 20:35:57] INFO: [IP_Flow 19-6921] IPCACHE: Adding cache check func to thread queue for IP design_1_clk_wiz_0_0
[2025-09-14 20:35:57] INFO: [IP_Flow 19-6921] IPCACHE: Adding cache check func to thread queue for IP design_1_ddr4_0_0
[2025-09-14 20:35:58] INFO: [IP_Flow 19-6921] IPCACHE: Adding cache check func to thread queue for IP design_1_firesim_wrapper_0_0
[2025-09-14 20:35:58] INFO: [IP_Flow 19-6921] IPCACHE: Adding cache check func to thread queue for IP design_1_proc_sys_reset_0_0
[2025-09-14 20:35:58] INFO: [IP_Flow 19-6921] IPCACHE: Adding cache check func to thread queue for IP design_1_proc_sys_reset_1_0
[2025-09-14 20:35:58] INFO: [IP_Flow 19-6921] IPCACHE: Adding cache check func to thread queue for IP design_1_resetn_inv_0_0
[2025-09-14 20:35:58] INFO: [IP_Flow 19-6921] IPCACHE: Adding cache check func to thread queue for IP design_1_util_ds_buf_0
[2025-09-14 20:35:58] INFO: [IP_Flow 19-6921] IPCACHE: Adding cache check func to thread queue for IP design_1_xdma_0_0
[2025-09-14 20:35:58] INFO: [IP_Flow 19-8020] IPCACHE: runCacheChecks() calling threadPool finishWork()
[2025-09-14 20:35:58] INFO: [IP_Flow 19-6924] IPCACHE: Running cache check for IP inst: design_1_axi_clock_converter_0_0
[2025-09-14 20:35:58] INFO: [IP_Flow 19-6924] IPCACHE: Running cache check for IP inst: design_1_axi_clock_converter_1_0
[2025-09-14 20:35:58] INFO: [IP_Flow 19-6924] IPCACHE: Running cache check for IP inst: design_1_axi_dwidth_converter_0_0
[2025-09-14 20:35:58] INFO: [IP_Flow 19-6924] IPCACHE: Running cache check for IP inst: design_1_axi_tieoff_master_0_0
[2025-09-14 20:35:58] INFO: [IP_Flow 19-6924] IPCACHE: Running cache check for IP inst: design_1_clk_wiz_0_0
[2025-09-14 20:35:58] INFO: [IP_Flow 19-6924] IPCACHE: Running cache check for IP inst: design_1_ddr4_0_0
[2025-09-14 20:35:58] INFO: [IP_Flow 19-6924] IPCACHE: Running cache check for IP inst: design_1_firesim_wrapper_0_0
[2025-09-14 20:35:58] INFO: [IP_Flow 19-6924] IPCACHE: Running cache check for IP inst: design_1_xdma_0_0
[2025-09-14 20:35:58] INFO: [IP_Flow 19-6924] IPCACHE: Running cache check for IP inst: design_1_proc_sys_reset_0_0
[2025-09-14 20:35:58] INFO: [IP_Flow 19-6924] IPCACHE: Running cache check for IP inst: design_1_proc_sys_reset_1_0
[2025-09-14 20:35:58] INFO: [IP_Flow 19-6924] IPCACHE: Running cache check for IP inst: design_1_util_ds_buf_0
[2025-09-14 20:35:58] INFO: [IP_Flow 19-6924] IPCACHE: Running cache check for IP inst: design_1_resetn_inv_0_0
[2025-09-14 20:35:59] update_compile_order: Time (s): cpu = 00:00:08 ; elapsed = 00:00:07 . Memory (MB): peak = 3606.535 ; gain = 0.000 ; free physical = 181388 ; free virtual = 184181
[2025-09-14 20:35:59] # if {[llength [get_filesets -quiet synth]]} {
[2025-09-14 20:35:59] #     set_property constrset synth [get_runs synth_1]
[2025-09-14 20:35:59] # }
[2025-09-14 20:35:59] # if {[llength [get_filesets -quiet impl]]} {
[2025-09-14 20:35:59] #     set_property constrset impl [get_runs impl_1]
[2025-09-14 20:35:59] # }
[2025-09-14 20:35:59] # foreach sourceFile [list ${root_dir}/scripts/synthesis.tcl ${root_dir}/scripts/implementation.tcl] {
[2025-09-14 20:35:59] #   set sourceFile [retrieveVersionedFile $sourceFile $vivado_version]
[2025-09-14 20:35:59] #   if {![file exists $sourceFile]} {
[2025-09-14 20:35:59] #     puts "ERROR: could not find $sourceFile"
[2025-09-14 20:35:59] #     exit 1
[2025-09-14 20:35:59] #   }
[2025-09-14 20:35:59] #   source $sourceFile
[2025-09-14 20:35:59] # }
[2025-09-14 20:35:59] ## variable synth_run [get_runs synth_1]
[2025-09-14 20:35:59] ## reset_runs ${synth_run}
[2025-09-14 20:35:59] ## launch_runs ${synth_run} -jobs ${jobs}
[2025-09-14 20:35:59] INFO: [BD 41-1662] The design 'design_1.bd' is already validated. Therefore parameter propagation will not be re-run.
[2025-09-14 20:35:59] Verilog Output written to : /cluster/home/eirikwit/vortex-gpgpu/chipyard/sims/firesim/sim/generated-src/alveo/FireSim-FireSimV2S1C-BaseF1Config1Mem_F25MHz/u250/vivado_proj/firesim.gen/sources_1/bd/design_1/synth/design_1.v
[2025-09-14 20:35:59] Verilog Output written to : /cluster/home/eirikwit/vortex-gpgpu/chipyard/sims/firesim/sim/generated-src/alveo/FireSim-FireSimV2S1C-BaseF1Config1Mem_F25MHz/u250/vivado_proj/firesim.gen/sources_1/bd/design_1/sim/design_1.v
[2025-09-14 20:35:59] Verilog Output written to : /cluster/home/eirikwit/vortex-gpgpu/chipyard/sims/firesim/sim/generated-src/alveo/FireSim-FireSimV2S1C-BaseF1Config1Mem_F25MHz/u250/vivado_proj/firesim.gen/sources_1/bd/design_1/hdl/design_1_wrapper.v
[2025-09-14 20:35:59] WARNING: [IP_Flow 19-4994] Overwriting existing constraint file '/cluster/home/eirikwit/vortex-gpgpu/chipyard/sims/firesim/sim/generated-src/alveo/FireSim-FireSimV2S1C-BaseF1Config1Mem_F25MHz/u250/vivado_proj/firesim.gen/sources_1/bd/design_1/ip/design_1_axi_clock_converter_0_0/design_1_axi_clock_converter_0_0_ooc.xdc'
[2025-09-14 20:35:59] INFO: [IP_Flow 19-5611] Unable to find an associated reset port for the interface 'S_AXI'. A default connection has been created.
[2025-09-14 20:35:59] INFO: [IP_Flow 19-5611] Unable to find an associated reset port for the interface 'M_AXI'. A default connection has been created.
[2025-09-14 20:35:59] INFO: [BD 41-1029] Generation completed for the IP Integrator block axi_clock_converter_0 .
[2025-09-14 20:35:59] WARNING: [IP_Flow 19-4994] Overwriting existing constraint file '/cluster/home/eirikwit/vortex-gpgpu/chipyard/sims/firesim/sim/generated-src/alveo/FireSim-FireSimV2S1C-BaseF1Config1Mem_F25MHz/u250/vivado_proj/firesim.gen/sources_1/bd/design_1/ip/design_1_axi_clock_converter_1_0/design_1_axi_clock_converter_1_0_ooc.xdc'
[2025-09-14 20:35:59] INFO: [IP_Flow 19-5611] Unable to find an associated reset port for the interface 'S_AXI'. A default connection has been created.
[2025-09-14 20:35:59] INFO: [IP_Flow 19-5611] Unable to find an associated reset port for the interface 'M_AXI'. A default connection has been created.
[2025-09-14 20:36:00] INFO: [BD 41-1029] Generation completed for the IP Integrator block axi_clock_converter_1 .
[2025-09-14 20:36:00] WARNING: [IP_Flow 19-4994] Overwriting existing constraint file '/cluster/home/eirikwit/vortex-gpgpu/chipyard/sims/firesim/sim/generated-src/alveo/FireSim-FireSimV2S1C-BaseF1Config1Mem_F25MHz/u250/vivado_proj/firesim.gen/sources_1/bd/design_1/ip/design_1_axi_dwidth_converter_0_0/design_1_axi_dwidth_converter_0_0_ooc.xdc'
[2025-09-14 20:36:00] INFO: [IP_Flow 19-5611] Unable to find an associated reset port for the interface 'S_AXI'. A default connection has been created.
[2025-09-14 20:36:00] INFO: [IP_Flow 19-5611] Unable to find an associated reset port for the interface 'M_AXI'. A default connection has been created.
[2025-09-14 20:36:00] INFO: [BD 41-1029] Generation completed for the IP Integrator block axi_dwidth_converter_0 .
[2025-09-14 20:36:00] INFO: [BD 41-1029] Generation completed for the IP Integrator block axi_tieoff_master_0 .
[2025-09-14 20:36:00] INFO: [BD 41-1029] Generation completed for the IP Integrator block clk_wiz_0 .
[2025-09-14 20:36:03] update_compile_order: Time (s): cpu = 00:00:13 ; elapsed = 00:00:12 . Memory (MB): peak = 3609.094 ; gain = 0.004 ; free physical = 151801 ; free virtual = 154565
[2025-09-14 20:36:03] # if {[llength [get_filesets -quiet synth]]} {
[2025-09-14 20:36:03] #     set_property constrset synth [get_runs synth_1]
[2025-09-14 20:36:03] # }
[2025-09-14 20:36:03] # if {[llength [get_filesets -quiet impl]]} {
[2025-09-14 20:36:03] #     set_property constrset impl [get_runs impl_1]
[2025-09-14 20:36:03] # }
[2025-09-14 20:36:03] # foreach sourceFile [list ${root_dir}/scripts/synthesis.tcl ${root_dir}/scripts/implementation.tcl] {
[2025-09-14 20:36:03] #   set sourceFile [retrieveVersionedFile $sourceFile $vivado_version]
[2025-09-14 20:36:03] #   if {![file exists $sourceFile]} {
[2025-09-14 20:36:03] #     puts "ERROR: could not find $sourceFile"
[2025-09-14 20:36:03] #     exit 1
[2025-09-14 20:36:03] #   }
[2025-09-14 20:36:03] #   source $sourceFile
[2025-09-14 20:36:03] # }
[2025-09-14 20:36:03] ## variable synth_run [get_runs synth_1]
[2025-09-14 20:36:03] ## reset_runs ${synth_run}
[2025-09-14 20:36:03] ## launch_runs ${synth_run} -jobs ${jobs}
[2025-09-14 20:36:06] WARNING: [Vivado 12-7122] Auto Incremental Compile:: No reference checkpoint was found in run synth_1. Auto-incremental flow will not be run, the standard flow will be run instead.
[2025-09-14 20:36:07] WARNING: [Vivado 12-7122] Auto Incremental Compile:: No reference checkpoint was found in run synth_1. Auto-incremental flow will not be run, the standard flow will be run instead.
[2025-09-14 20:36:09] WARNING: [filemgmt 56-443] The ECC Algorithm string is empty. Setting the Memory Map to default ECC value to ECC_NONE.
[2025-09-14 20:36:09] WARNING: [filemgmt 56-443] The ECC Algorithm string is empty. Setting the Memory Map to default ECC value to ECC_NONE.
[2025-09-14 20:36:09] WARNING: [filemgmt 56-443] The ECC Algorithm string is empty. Setting the Memory Map to default ECC value to ECC_NONE.
[2025-09-14 20:36:09] WARNING: [filemgmt 56-443] The ECC Algorithm string is empty. Setting the Memory Map to default ECC value to ECC_NONE.
[2025-09-14 20:36:10] Exporting to file /cluster/home/eirikwit/vortex-gpgpu/chipyard/sims/firesim/sim/generated-src/alveo/FireSim-FireSimV2S1C-BaseF1Config1Mem_F25MHz/u250/vivado_proj/firesim.gen/sources_1/bd/design_1/ip/design_1_ddr4_0_0/bd_0/hw_handoff/design_1_ddr4_0_0_microblaze_mcs.hwh
[2025-09-14 20:36:10] Generated Hardware Definition File /cluster/home/eirikwit/vortex-gpgpu/chipyard/sims/firesim/sim/generated-src/alveo/FireSim-FireSimV2S1C-BaseF1Config1Mem_F25MHz/u250/vivado_proj/firesim.gen/sources_1/bd/design_1/ip/design_1_ddr4_0_0/bd_0/synth/design_1_ddr4_0_0_microblaze_mcs.hwdef
[2025-09-14 20:36:12] INFO: [BD 41-1029] Generation completed for the IP Integrator block ddr4_0 .
[2025-09-14 20:36:12] INFO: [BD 41-1029] Generation completed for the IP Integrator block firesim_wrapper_0 .
[2025-09-14 20:36:12] WARNING: [IP_Flow 19-4994] Overwriting existing constraint file '/cluster/home/eirikwit/vortex-gpgpu/chipyard/sims/firesim/sim/generated-src/alveo/FireSim-FireSimV2S1C-BaseF1Config1Mem_F25MHz/u250/vivado_proj/firesim.gen/sources_1/bd/design_1/ip/design_1_proc_sys_reset_0_0_1/design_1_proc_sys_reset_0_0_ooc.xdc'
[2025-09-14 20:36:12] INFO: [BD 41-1029] Generation completed for the IP Integrator block proc_sys_reset_0 .
[2025-09-14 20:36:12] WARNING: [IP_Flow 19-4994] Overwriting existing constraint file '/cluster/home/eirikwit/vortex-gpgpu/chipyard/sims/firesim/sim/generated-src/alveo/FireSim-FireSimV2S1C-BaseF1Config1Mem_F25MHz/u250/vivado_proj/firesim.gen/sources_1/bd/design_1/ip/design_1_proc_sys_reset_1_0_1/design_1_proc_sys_reset_1_0_ooc.xdc'
[2025-09-14 20:36:12] INFO: [BD 41-1029] Generation completed for the IP Integrator block proc_sys_reset_1 .
[2025-09-14 20:36:12] INFO: [BD 41-1029] Generation completed for the IP Integrator block resetn_inv_0 .
[2025-09-14 20:36:12] INFO: [BD 41-1029] Generation completed for the IP Integrator block util_ds_buf .
[2025-09-14 20:36:15] INFO: [BD 41-1662] The design 'design_1.bd' is already validated. Therefore parameter propagation will not be re-run.
[2025-09-14 20:36:15] Verilog Output written to : /cluster/home/eirikwit/vortex-gpgpu/chipyard/sims/firesim/sim/generated-src/alveo/FireSim-FireSimV2S1C-BaseF1Config1Mem_F25MHz/u250/vivado_proj/firesim.gen/sources_1/bd/design_1/synth/design_1.v
[2025-09-14 20:36:15] Verilog Output written to : /cluster/home/eirikwit/vortex-gpgpu/chipyard/sims/firesim/sim/generated-src/alveo/FireSim-FireSimV2S1C-BaseF1Config1Mem_F25MHz/u250/vivado_proj/firesim.gen/sources_1/bd/design_1/sim/design_1.v
[2025-09-14 20:36:15] /cluster/home/eirikwit/vortex-gpgpu/chipyard/sims/firesim/sim/generated-src/alveo/FireSim-FireSimV2S1C-BaseF1Config1Mem_F25MHz/u250/vivado_proj/firesim.runs/design_1_firesim_wrapper_0_0_synth_1/runme.sh: line 40: l: command not found
[2025-09-14 20:36:15] Verilog Output written to : /cluster/home/eirikwit/vortex-gpgpu/chipyard/sims/firesim/sim/generated-src/alveo/FireSim-FireSimV2S1C-BaseF1Config1Mem_F25MHz/u250/vivado_proj/firesim.gen/sources_1/bd/design_1/hdl/design_1_wrapper.v
[2025-09-14 20:36:15] WARNING: [IP_Flow 19-4994] Overwriting existing constraint file '/cluster/home/eirikwit/vortex-gpgpu/chipyard/sims/firesim/sim/generated-src/alveo/FireSim-FireSimV2S1C-BaseF1Config1Mem_F25MHz/u250/vivado_proj/firesim.gen/sources_1/bd/design_1/ip/design_1_axi_clock_converter_0_0/design_1_axi_clock_converter_0_0_ooc.xdc'
[2025-09-14 20:36:15] INFO: [IP_Flow 19-5611] Unable to find an associated reset port for the interface 'S_AXI'. A default connection has been created.
[2025-09-14 20:36:15] INFO: [IP_Flow 19-5611] Unable to find an associated reset port for the interface 'M_AXI'. A default connection has been created.
[2025-09-14 20:36:15] INFO: [BD 41-1029] Generation completed for the IP Integrator block axi_clock_converter_0 .
[2025-09-14 20:36:15] WARNING: [IP_Flow 19-4994] Overwriting existing constraint file '/cluster/home/eirikwit/vortex-gpgpu/chipyard/sims/firesim/sim/generated-src/alveo/FireSim-FireSimV2S1C-BaseF1Config1Mem_F25MHz/u250/vivado_proj/firesim.gen/sources_1/bd/design_1/ip/design_1_axi_clock_converter_1_0/design_1_axi_clock_converter_1_0_ooc.xdc'
[2025-09-14 20:36:15] INFO: [IP_Flow 19-5611] Unable to find an associated reset port for the interface 'S_AXI'. A default connection has been created.
[2025-09-14 20:36:15] INFO: [IP_Flow 19-5611] Unable to find an associated reset port for the interface 'M_AXI'. A default connection has been created.
[2025-09-14 20:36:16] INFO: [BD 41-1029] Generation completed for the IP Integrator block axi_clock_converter_1 .
[2025-09-14 20:36:16] WARNING: [IP_Flow 19-4994] Overwriting existing constraint file '/cluster/home/eirikwit/vortex-gpgpu/chipyard/sims/firesim/sim/generated-src/alveo/FireSim-FireSimV2S1C-BaseF1Config1Mem_F25MHz/u250/vivado_proj/firesim.gen/sources_1/bd/design_1/ip/design_1_axi_dwidth_converter_0_0/design_1_axi_dwidth_converter_0_0_ooc.xdc'
[2025-09-14 20:36:16] INFO: [IP_Flow 19-5611] Unable to find an associated reset port for the interface 'S_AXI'. A default connection has been created.
[2025-09-14 20:36:16] INFO: [IP_Flow 19-5611] Unable to find an associated reset port for the interface 'M_AXI'. A default connection has been created.
[2025-09-14 20:36:16] INFO: [BD 41-1029] Generation completed for the IP Integrator block axi_dwidth_converter_0 .
[2025-09-14 20:36:16] INFO: [BD 41-1029] Generation completed for the IP Integrator block axi_tieoff_master_0 .
[2025-09-14 20:36:16] INFO: [BD 41-1029] Generation completed for the IP Integrator block clk_wiz_0 .
[2025-09-14 20:36:22] [Sun Sep 14 20:36:22 2025] Launched design_1_axi_dwidth_converter_0_0_synth_1, design_1_ddr4_0_0_synth_1, design_1_axi_clock_converter_0_0_synth_1, design_1_clk_wiz_0_0_synth_1, design_1_axi_tieoff_master_0_0_synth_1, design_1_firesim_wrapper_0_0_synth_1, design_1_proc_sys_reset_0_0_synth_1, design_1_proc_sys_reset_1_0_synth_1, design_1_resetn_inv_0_0_synth_1, design_1_xdma_0_0_synth_1, design_1_util_ds_buf_0_synth_1, design_1_axi_clock_converter_1_0_synth_1...
[2025-09-14 20:36:22] Run output will be captured here:
[2025-09-14 20:36:22] design_1_axi_dwidth_converter_0_0_synth_1: /cluster/home/eirikwit/vortex-gpgpu/chipyard/sims/firesim/sim/generated-src/alveo/FireSim-FireSimV2S1C-BaseF1Config1Mem_F25MHz/u250/vivado_proj/firesim.runs/design_1_axi_dwidth_converter_0_0_synth_1/runme.log
[2025-09-14 20:36:22] design_1_ddr4_0_0_synth_1: /cluster/home/eirikwit/vortex-gpgpu/chipyard/sims/firesim/sim/generated-src/alveo/FireSim-FireSimV2S1C-BaseF1Config1Mem_F25MHz/u250/vivado_proj/firesim.runs/design_1_ddr4_0_0_synth_1/runme.log
[2025-09-14 20:36:22] design_1_axi_clock_converter_0_0_synth_1: /cluster/home/eirikwit/vortex-gpgpu/chipyard/sims/firesim/sim/generated-src/alveo/FireSim-FireSimV2S1C-BaseF1Config1Mem_F25MHz/u250/vivado_proj/firesim.runs/design_1_axi_clock_converter_0_0_synth_1/runme.log
[2025-09-14 20:36:22] design_1_clk_wiz_0_0_synth_1: /cluster/home/eirikwit/vortex-gpgpu/chipyard/sims/firesim/sim/generated-src/alveo/FireSim-FireSimV2S1C-BaseF1Config1Mem_F25MHz/u250/vivado_proj/firesim.runs/design_1_clk_wiz_0_0_synth_1/runme.log
[2025-09-14 20:36:22] design_1_axi_tieoff_master_0_0_synth_1: /cluster/home/eirikwit/vortex-gpgpu/chipyard/sims/firesim/sim/generated-src/alveo/FireSim-FireSimV2S1C-BaseF1Config1Mem_F25MHz/u250/vivado_proj/firesim.runs/design_1_axi_tieoff_master_0_0_synth_1/runme.log
[2025-09-14 20:36:22] design_1_firesim_wrapper_0_0_synth_1: /cluster/home/eirikwit/vortex-gpgpu/chipyard/sims/firesim/sim/generated-src/alveo/FireSim-FireSimV2S1C-BaseF1Config1Mem_F25MHz/u250/vivado_proj/firesim.runs/design_1_firesim_wrapper_0_0_synth_1/runme.log
[2025-09-14 20:36:22] design_1_proc_sys_reset_0_0_synth_1: /cluster/home/eirikwit/vortex-gpgpu/chipyard/sims/firesim/sim/generated-src/alveo/FireSim-FireSimV2S1C-BaseF1Config1Mem_F25MHz/u250/vivado_proj/firesim.runs/design_1_proc_sys_reset_0_0_synth_1/runme.log
[2025-09-14 20:36:22] design_1_proc_sys_reset_1_0_synth_1: /cluster/home/eirikwit/vortex-gpgpu/chipyard/sims/firesim/sim/generated-src/alveo/FireSim-FireSimV2S1C-BaseF1Config1Mem_F25MHz/u250/vivado_proj/firesim.runs/design_1_proc_sys_reset_1_0_synth_1/runme.log
[2025-09-14 20:36:22] design_1_resetn_inv_0_0_synth_1: /cluster/home/eirikwit/vortex-gpgpu/chipyard/sims/firesim/sim/generated-src/alveo/FireSim-FireSimV2S1C-BaseF1Config1Mem_F25MHz/u250/vivado_proj/firesim.runs/design_1_resetn_inv_0_0_synth_1/runme.log
[2025-09-14 20:36:22] design_1_xdma_0_0_synth_1: /cluster/home/eirikwit/vortex-gpgpu/chipyard/sims/firesim/sim/generated-src/alveo/FireSim-FireSimV2S1C-BaseF1Config1Mem_F25MHz/u250/vivado_proj/firesim.runs/design_1_xdma_0_0_synth_1/runme.log
[2025-09-14 20:36:22] design_1_util_ds_buf_0_synth_1: /cluster/home/eirikwit/vortex-gpgpu/chipyard/sims/firesim/sim/generated-src/alveo/FireSim-FireSimV2S1C-BaseF1Config1Mem_F25MHz/u250/vivado_proj/firesim.runs/design_1_util_ds_buf_0_synth_1/runme.log
[2025-09-14 20:36:22] design_1_axi_clock_converter_1_0_synth_1: /cluster/home/eirikwit/vortex-gpgpu/chipyard/sims/firesim/sim/generated-src/alveo/FireSim-FireSimV2S1C-BaseF1Config1Mem_F25MHz/u250/vivado_proj/firesim.runs/design_1_axi_clock_converter_1_0_synth_1/runme.log
[2025-09-14 20:36:22] [Sun Sep 14 20:36:22 2025] Launched synth_1...
[2025-09-14 20:36:22] Run output will be captured here: /cluster/home/eirikwit/vortex-gpgpu/chipyard/sims/firesim/sim/generated-src/alveo/FireSim-FireSimV2S1C-BaseF1Config1Mem_F25MHz/u250/vivado_proj/firesim.runs/synth_1/runme.log
[2025-09-14 20:36:22] launch_runs: Time (s): cpu = 00:01:15 ; elapsed = 00:01:16 . Memory (MB): peak = 3647.648 ; gain = 41.875 ; free physical = 172303 ; free virtual = 176975
[2025-09-14 20:36:22] ## wait_on_run ${synth_run}
[2025-09-14 20:36:22] [Sun Sep 14 20:36:22 2025] Waiting for synth_1 to finish...
[2025-09-14 20:36:25] INFO: [BD 41-1029] Generation completed for the IP Integrator block xdma_0 .
[2025-09-14 20:36:25] INFO: [BD 41-1029] Generation completed for the IP Integrator block xlconstant_0 .
[2025-09-14 20:36:25] WARNING: [filemgmt 56-443] The ECC Algorithm string is empty. Setting the Memory Map to default ECC value to ECC_NONE.
[2025-09-14 20:36:25] Exporting to file /cluster/home/eirikwit/vortex-gpgpu/chipyard/sims/firesim/sim/generated-src/alveo/FireSim-FireSimV2S1C-BaseF1Config1Mem_F25MHz/u250/vivado_proj/firesim.gen/sources_1/bd/design_1/hw_handoff/design_1.hwh
[2025-09-14 20:36:25] WARNING: [filemgmt 56-443] The ECC Algorithm string is empty. Setting the Memory Map to default ECC value to ECC_NONE.
[2025-09-14 20:36:25] Generated Hardware Definition File /cluster/home/eirikwit/vortex-gpgpu/chipyard/sims/firesim/sim/generated-src/alveo/FireSim-FireSimV2S1C-BaseF1Config1Mem_F25MHz/u250/vivado_proj/firesim.gen/sources_1/bd/design_1/synth/design_1.hwdef
[2025-09-14 20:36:25] WARNING: [BD 41-2265] Clock pin for protocol instance pin TIEOFF_M_AXI_CTRL_0 could not be determined. Make sure that ASSOCIATED_BUSIF and ASSOCIATED_RESET properties are set or propagated on clock pins of block /axi_tieoff_master_0
[2025-09-14 20:36:25] INFO: [IP_Flow 19-6930] IPCACHE: runCacheChecks() number of threads = 8
[2025-09-14 20:36:25] INFO: [IP_Flow 19-6921] IPCACHE: Adding cache check func to thread queue for IP design_1_axi_clock_converter_0_0
[2025-09-14 20:36:25] INFO: [IP_Flow 19-6921] IPCACHE: Adding cache check func to thread queue for IP design_1_axi_clock_converter_1_0
[2025-09-14 20:36:25] INFO: [IP_Flow 19-6921] IPCACHE: Adding cache check func to thread queue for IP design_1_axi_dwidth_converter_0_0
[2025-09-14 20:36:25] INFO: [IP_Flow 19-6921] IPCACHE: Adding cache check func to thread queue for IP design_1_axi_tieoff_master_0_0
[2025-09-14 20:36:25] INFO: [IP_Flow 19-6921] IPCACHE: Adding cache check func to thread queue for IP design_1_clk_wiz_0_0
[2025-09-14 20:36:25] INFO: [IP_Flow 19-6921] IPCACHE: Adding cache check func to thread queue for IP design_1_ddr4_0_0
[2025-09-14 20:36:25] INFO: [IP_Flow 19-6921] IPCACHE: Adding cache check func to thread queue for IP design_1_firesim_wrapper_0_0
[2025-09-14 20:36:25] INFO: [IP_Flow 19-6921] IPCACHE: Adding cache check func to thread queue for IP design_1_proc_sys_reset_0_0
[2025-09-14 20:36:25] INFO: [IP_Flow 19-6921] IPCACHE: Adding cache check func to thread queue for IP design_1_proc_sys_reset_1_0
[2025-09-14 20:36:25] INFO: [IP_Flow 19-6921] IPCACHE: Adding cache check func to thread queue for IP design_1_resetn_inv_0_0
[2025-09-14 20:36:25] INFO: [IP_Flow 19-6921] IPCACHE: Adding cache check func to thread queue for IP design_1_util_ds_buf_0
[2025-09-14 20:36:25] INFO: [IP_Flow 19-6921] IPCACHE: Adding cache check func to thread queue for IP design_1_xdma_0_0
[2025-09-14 20:36:25] INFO: [IP_Flow 19-8020] IPCACHE: runCacheChecks() calling threadPool finishWork()
[2025-09-14 20:36:25] INFO: [IP_Flow 19-6924] IPCACHE: Running cache check for IP inst: design_1_axi_clock_converter_0_0
[2025-09-14 20:36:25] INFO: [IP_Flow 19-6924] IPCACHE: Running cache check for IP inst: design_1_axi_clock_converter_1_0
[2025-09-14 20:36:25] INFO: [IP_Flow 19-6924] IPCACHE: Running cache check for IP inst: design_1_util_ds_buf_0
[2025-09-14 20:36:25] INFO: [IP_Flow 19-6924] IPCACHE: Running cache check for IP inst: design_1_axi_dwidth_converter_0_0
[2025-09-14 20:36:25] INFO: [IP_Flow 19-6924] IPCACHE: Running cache check for IP inst: design_1_axi_tieoff_master_0_0
[2025-09-14 20:36:25] INFO: [IP_Flow 19-6924] IPCACHE: Running cache check for IP inst: design_1_clk_wiz_0_0
[2025-09-14 20:36:25] INFO: [IP_Flow 19-6924] IPCACHE: Running cache check for IP inst: design_1_xdma_0_0
[2025-09-14 20:36:25] INFO: [IP_Flow 19-6924] IPCACHE: Running cache check for IP inst: design_1_ddr4_0_0
[2025-09-14 20:36:25] INFO: [IP_Flow 19-6924] IPCACHE: Running cache check for IP inst: design_1_firesim_wrapper_0_0
[2025-09-14 20:36:25] INFO: [IP_Flow 19-6924] IPCACHE: Running cache check for IP inst: design_1_proc_sys_reset_0_0
[2025-09-14 20:36:25] INFO: [IP_Flow 19-6924] IPCACHE: Running cache check for IP inst: design_1_proc_sys_reset_1_0
[2025-09-14 20:36:25] INFO: [IP_Flow 19-6924] IPCACHE: Running cache check for IP inst: design_1_resetn_inv_0_0
[2025-09-14 20:36:25] WARNING: [filemgmt 56-443] The ECC Algorithm string is empty. Setting the Memory Map to default ECC value to ECC_NONE.
[2025-09-14 20:36:25] WARNING: [filemgmt 56-443] The ECC Algorithm string is empty. Setting the Memory Map to default ECC value to ECC_NONE.
[2025-09-14 20:36:26] Exporting to file /cluster/home/eirikwit/vortex-gpgpu/chipyard/sims/firesim/sim/generated-src/alveo/FireSim-FireSimV2S1C-BaseF1Config1Mem_F25MHz/u250/vivado_proj/firesim.gen/sources_1/bd/design_1/ip/design_1_ddr4_0_0/bd_0/hw_handoff/design_1_ddr4_0_0_microblaze_mcs.hwh
[2025-09-14 20:36:26] Generated Hardware Definition File /cluster/home/eirikwit/vortex-gpgpu/chipyard/sims/firesim/sim/generated-src/alveo/FireSim-FireSimV2S1C-BaseF1Config1Mem_F25MHz/u250/vivado_proj/firesim.gen/sources_1/bd/design_1/ip/design_1_ddr4_0_0/bd_0/synth/design_1_ddr4_0_0_microblaze_mcs.hwdef
[2025-09-14 20:36:28] INFO: [BD 41-1029] Generation completed for the IP Integrator block ddr4_0 .
[2025-09-14 20:36:28] INFO: [BD 41-1029] Generation completed for the IP Integrator block firesim_wrapper_0 .
[2025-09-14 20:36:28] WARNING: [IP_Flow 19-4994] Overwriting existing constraint file '/cluster/home/eirikwit/vortex-gpgpu/chipyard/sims/firesim/sim/generated-src/alveo/FireSim-FireSimV2S1C-BaseF1Config1Mem_F25MHz/u250/vivado_proj/firesim.gen/sources_1/bd/design_1/ip/design_1_proc_sys_reset_0_0_1/design_1_proc_sys_reset_0_0_ooc.xdc'
[2025-09-14 20:36:28] INFO: [BD 41-1029] Generation completed for the IP Integrator block proc_sys_reset_0 .
[2025-09-14 20:36:28] WARNING: [IP_Flow 19-4994] Overwriting existing constraint file '/cluster/home/eirikwit/vortex-gpgpu/chipyard/sims/firesim/sim/generated-src/alveo/FireSim-FireSimV2S1C-BaseF1Config1Mem_F25MHz/u250/vivado_proj/firesim.gen/sources_1/bd/design_1/ip/design_1_proc_sys_reset_1_0_1/design_1_proc_sys_reset_1_0_ooc.xdc'
[2025-09-14 20:36:28] INFO: [BD 41-1029] Generation completed for the IP Integrator block proc_sys_reset_1 .
[2025-09-14 20:36:28] INFO: [BD 41-1029] Generation completed for the IP Integrator block resetn_inv_0 .
[2025-09-14 20:36:28] INFO: [BD 41-1029] Generation completed for the IP Integrator block util_ds_buf .
[2025-09-14 20:36:32] [Sun Sep 14 20:36:32 2025] Launched design_1_axi_dwidth_converter_0_0_synth_1, design_1_axi_clock_converter_0_0_synth_1, design_1_axi_clock_converter_1_0_synth_1, design_1_firesim_wrapper_0_0_synth_1, design_1_proc_sys_reset_0_0_synth_1, design_1_proc_sys_reset_1_0_synth_1, design_1_resetn_inv_0_0_synth_1, design_1_util_ds_buf_0_synth_1, design_1_xdma_0_0_synth_1, design_1_ddr4_0_0_synth_1, design_1_clk_wiz_0_0_synth_1, design_1_axi_tieoff_master_0_0_synth_1...
[2025-09-14 20:36:32] Run output will be captured here:
[2025-09-14 20:36:32] design_1_axi_dwidth_converter_0_0_synth_1: /cluster/home/eirikwit/vortex-gpgpu/chipyard/sims/firesim/sim/generated-src/alveo/FireSim-FireSimV2S1C-BaseF1Config1Mem_F25MHz/u250/vivado_proj/firesim.runs/design_1_axi_dwidth_converter_0_0_synth_1/runme.log
[2025-09-14 20:36:32] design_1_axi_clock_converter_0_0_synth_1: /cluster/home/eirikwit/vortex-gpgpu/chipyard/sims/firesim/sim/generated-src/alveo/FireSim-FireSimV2S1C-BaseF1Config1Mem_F25MHz/u250/vivado_proj/firesim.runs/design_1_axi_clock_converter_0_0_synth_1/runme.log
[2025-09-14 20:36:32] design_1_axi_clock_converter_1_0_synth_1: /cluster/home/eirikwit/vortex-gpgpu/chipyard/sims/firesim/sim/generated-src/alveo/FireSim-FireSimV2S1C-BaseF1Config1Mem_F25MHz/u250/vivado_proj/firesim.runs/design_1_axi_clock_converter_1_0_synth_1/runme.log
[2025-09-14 20:36:32] design_1_firesim_wrapper_0_0_synth_1: /cluster/home/eirikwit/vortex-gpgpu/chipyard/sims/firesim/sim/generated-src/alveo/FireSim-FireSimV2S1C-BaseF1Config1Mem_F25MHz/u250/vivado_proj/firesim.runs/design_1_firesim_wrapper_0_0_synth_1/runme.log
[2025-09-14 20:36:32] design_1_proc_sys_reset_0_0_synth_1: /cluster/home/eirikwit/vortex-gpgpu/chipyard/sims/firesim/sim/generated-src/alveo/FireSim-FireSimV2S1C-BaseF1Config1Mem_F25MHz/u250/vivado_proj/firesim.runs/design_1_proc_sys_reset_0_0_synth_1/runme.log
[2025-09-14 20:36:32] design_1_proc_sys_reset_1_0_synth_1: /cluster/home/eirikwit/vortex-gpgpu/chipyard/sims/firesim/sim/generated-src/alveo/FireSim-FireSimV2S1C-BaseF1Config1Mem_F25MHz/u250/vivado_proj/firesim.runs/design_1_proc_sys_reset_1_0_synth_1/runme.log
[2025-09-14 20:36:32] design_1_resetn_inv_0_0_synth_1: /cluster/home/eirikwit/vortex-gpgpu/chipyard/sims/firesim/sim/generated-src/alveo/FireSim-FireSimV2S1C-BaseF1Config1Mem_F25MHz/u250/vivado_proj/firesim.runs/design_1_resetn_inv_0_0_synth_1/runme.log
[2025-09-14 20:36:32] design_1_util_ds_buf_0_synth_1: /cluster/home/eirikwit/vortex-gpgpu/chipyard/sims/firesim/sim/generated-src/alveo/FireSim-FireSimV2S1C-BaseF1Config1Mem_F25MHz/u250/vivado_proj/firesim.runs/design_1_util_ds_buf_0_synth_1/runme.log
[2025-09-14 20:36:32] design_1_xdma_0_0_synth_1: /cluster/home/eirikwit/vortex-gpgpu/chipyard/sims/firesim/sim/generated-src/alveo/FireSim-FireSimV2S1C-BaseF1Config1Mem_F25MHz/u250/vivado_proj/firesim.runs/design_1_xdma_0_0_synth_1/runme.log
[2025-09-14 20:36:32] design_1_ddr4_0_0_synth_1: /cluster/home/eirikwit/vortex-gpgpu/chipyard/sims/firesim/sim/generated-src/alveo/FireSim-FireSimV2S1C-BaseF1Config1Mem_F25MHz/u250/vivado_proj/firesim.runs/design_1_ddr4_0_0_synth_1/runme.log
[2025-09-14 20:36:32] design_1_clk_wiz_0_0_synth_1: /cluster/home/eirikwit/vortex-gpgpu/chipyard/sims/firesim/sim/generated-src/alveo/FireSim-FireSimV2S1C-BaseF1Config1Mem_F25MHz/u250/vivado_proj/firesim.runs/design_1_clk_wiz_0_0_synth_1/runme.log
[2025-09-14 20:36:32] design_1_axi_tieoff_master_0_0_synth_1: /cluster/home/eirikwit/vortex-gpgpu/chipyard/sims/firesim/sim/generated-src/alveo/FireSim-FireSimV2S1C-BaseF1Config1Mem_F25MHz/u250/vivado_proj/firesim.runs/design_1_axi_tieoff_master_0_0_synth_1/runme.log
[2025-09-14 20:36:32] [Sun Sep 14 20:36:32 2025] Launched synth_1...
[2025-09-14 20:36:32] Run output will be captured here: /cluster/home/eirikwit/vortex-gpgpu/chipyard/sims/firesim/sim/generated-src/alveo/FireSim-FireSimV2S1C-BaseF1Config1Mem_F25MHz/u250/vivado_proj/firesim.runs/synth_1/runme.log
[2025-09-14 20:36:32] launch_runs: Time (s): cpu = 00:01:09 ; elapsed = 00:00:58 . Memory (MB): peak = 3647.945 ; gain = 38.945 ; free physical = 754028 ; free virtual = 758580
[2025-09-14 20:36:32] ## wait_on_run ${synth_run}
[2025-09-14 20:36:32] [Sun Sep 14 20:36:32 2025] Waiting for synth_1 to finish...
[2025-09-14 20:36:32] [Sun Sep 14 20:36:32 2025] Launched design_1_axi_dwidth_converter_0_0_synth_1, design_1_axi_clock_converter_0_0_synth_1, design_1_axi_clock_converter_1_0_synth_1, design_1_firesim_wrapper_0_0_synth_1, design_1_proc_sys_reset_0_0_synth_1, design_1_proc_sys_reset_1_0_synth_1, design_1_resetn_inv_0_0_synth_1, design_1_util_ds_buf_0_synth_1, design_1_xdma_0_0_synth_1, design_1_ddr4_0_0_synth_1, design_1_clk_wiz_0_0_synth_1, design_1_axi_tieoff_master_0_0_synth_1...
[2025-09-14 20:36:32] Run output will be captured here:
[2025-09-14 20:36:32] design_1_axi_dwidth_converter_0_0_synth_1: /cluster/home/eirikwit/vortex-gpgpu/chipyard/sims/firesim/sim/generated-src/alveo/FireSim-FireSimV2S1C-BaseF1Config1Mem_F25MHz/u250/vivado_proj/firesim.runs/design_1_axi_dwidth_converter_0_0_synth_1/runme.log
[2025-09-14 20:36:32] design_1_axi_clock_converter_0_0_synth_1: /cluster/home/eirikwit/vortex-gpgpu/chipyard/sims/firesim/sim/generated-src/alveo/FireSim-FireSimV2S1C-BaseF1Config1Mem_F25MHz/u250/vivado_proj/firesim.runs/design_1_axi_clock_converter_0_0_synth_1/runme.log
[2025-09-14 20:36:32] design_1_axi_clock_converter_1_0_synth_1: /cluster/home/eirikwit/vortex-gpgpu/chipyard/sims/firesim/sim/generated-src/alveo/FireSim-FireSimV2S1C-BaseF1Config1Mem_F25MHz/u250/vivado_proj/firesim.runs/design_1_axi_clock_converter_1_0_synth_1/runme.log
[2025-09-14 20:36:32] design_1_firesim_wrapper_0_0_synth_1: /cluster/home/eirikwit/vortex-gpgpu/chipyard/sims/firesim/sim/generated-src/alveo/FireSim-FireSimV2S1C-BaseF1Config1Mem_F25MHz/u250/vivado_proj/firesim.runs/design_1_firesim_wrapper_0_0_synth_1/runme.log
[2025-09-14 20:36:32] design_1_proc_sys_reset_0_0_synth_1: /cluster/home/eirikwit/vortex-gpgpu/chipyard/sims/firesim/sim/generated-src/alveo/FireSim-FireSimV2S1C-BaseF1Config1Mem_F25MHz/u250/vivado_proj/firesim.runs/design_1_proc_sys_reset_0_0_synth_1/runme.log
[2025-09-14 20:36:32] design_1_proc_sys_reset_1_0_synth_1: /cluster/home/eirikwit/vortex-gpgpu/chipyard/sims/firesim/sim/generated-src/alveo/FireSim-FireSimV2S1C-BaseF1Config1Mem_F25MHz/u250/vivado_proj/firesim.runs/design_1_proc_sys_reset_1_0_synth_1/runme.log
[2025-09-14 20:36:32] design_1_resetn_inv_0_0_synth_1: /cluster/home/eirikwit/vortex-gpgpu/chipyard/sims/firesim/sim/generated-src/alveo/FireSim-FireSimV2S1C-BaseF1Config1Mem_F25MHz/u250/vivado_proj/firesim.runs/design_1_resetn_inv_0_0_synth_1/runme.log
[2025-09-14 20:36:32] design_1_util_ds_buf_0_synth_1: /cluster/home/eirikwit/vortex-gpgpu/chipyard/sims/firesim/sim/generated-src/alveo/FireSim-FireSimV2S1C-BaseF1Config1Mem_F25MHz/u250/vivado_proj/firesim.runs/design_1_util_ds_buf_0_synth_1/runme.log
[2025-09-14 20:36:32] design_1_xdma_0_0_synth_1: /cluster/home/eirikwit/vortex-gpgpu/chipyard/sims/firesim/sim/generated-src/alveo/FireSim-FireSimV2S1C-BaseF1Config1Mem_F25MHz/u250/vivado_proj/firesim.runs/design_1_xdma_0_0_synth_1/runme.log
[2025-09-14 20:36:32] design_1_ddr4_0_0_synth_1: /cluster/home/eirikwit/vortex-gpgpu/chipyard/sims/firesim/sim/generated-src/alveo/FireSim-FireSimV2S1C-BaseF1Config1Mem_F25MHz/u250/vivado_proj/firesim.runs/design_1_ddr4_0_0_synth_1/runme.log
[2025-09-14 20:36:32] design_1_clk_wiz_0_0_synth_1: /cluster/home/eirikwit/vortex-gpgpu/chipyard/sims/firesim/sim/generated-src/alveo/FireSim-FireSimV2S1C-BaseF1Config1Mem_F25MHz/u250/vivado_proj/firesim.runs/design_1_clk_wiz_0_0_synth_1/runme.log
[2025-09-14 20:36:32] design_1_axi_tieoff_master_0_0_synth_1: /cluster/home/eirikwit/vortex-gpgpu/chipyard/sims/firesim/sim/generated-src/alveo/FireSim-FireSimV2S1C-BaseF1Config1Mem_F25MHz/u250/vivado_proj/firesim.runs/design_1_axi_tieoff_master_0_0_synth_1/runme.log
[2025-09-14 20:36:32] [Sun Sep 14 20:36:32 2025] Launched synth_1...
[2025-09-14 20:36:32] Run output will be captured here: /cluster/home/eirikwit/vortex-gpgpu/chipyard/sims/firesim/sim/generated-src/alveo/FireSim-FireSimV2S1C-BaseF1Config1Mem_F25MHz/u250/vivado_proj/firesim.runs/synth_1/runme.log
[2025-09-14 20:36:32] launch_runs: Time (s): cpu = 00:01:13 ; elapsed = 00:01:02 . Memory (MB): peak = 3655.012 ; gain = 45.922 ; free physical = 181231 ; free virtual = 183685
[2025-09-14 20:36:32] ## wait_on_run ${synth_run}
[2025-09-14 20:36:32] [Sun Sep 14 20:36:32 2025] Waiting for synth_1 to finish...
[2025-09-14 20:36:37] WARNING: [Vivado 12-7122] Auto Incremental Compile:: No reference checkpoint was found in run synth_1. Auto-incremental flow will not be run, the standard flow will be run instead.
[2025-09-14 20:36:40] INFO: [BD 41-1029] Generation completed for the IP Integrator block xdma_0 .
[2025-09-14 20:36:41] INFO: [BD 41-1029] Generation completed for the IP Integrator block xlconstant_0 .
[2025-09-14 20:36:41] Exporting to file /cluster/home/eirikwit/vortex-gpgpu/chipyard/sims/firesim/sim/generated-src/alveo/FireSim-FireSimV2S1C-BaseF1Config1Mem_F25MHz/u250/vivado_proj/firesim.gen/sources_1/bd/design_1/hw_handoff/design_1.hwh
[2025-09-14 20:36:41] Generated Hardware Definition File /cluster/home/eirikwit/vortex-gpgpu/chipyard/sims/firesim/sim/generated-src/alveo/FireSim-FireSimV2S1C-BaseF1Config1Mem_F25MHz/u250/vivado_proj/firesim.gen/sources_1/bd/design_1/synth/design_1.hwdef
[2025-09-14 20:36:41] WARNING: [BD 41-2265] Clock pin for protocol instance pin TIEOFF_M_AXI_CTRL_0 could not be determined. Make sure that ASSOCIATED_BUSIF and ASSOCIATED_RESET properties are set or propagated on clock pins of block /axi_tieoff_master_0
[2025-09-14 20:36:41] INFO: [IP_Flow 19-6930] IPCACHE: runCacheChecks() number of threads = 8
[2025-09-14 20:36:41] INFO: [IP_Flow 19-6921] IPCACHE: Adding cache check func to thread queue for IP design_1_axi_clock_converter_0_0
[2025-09-14 20:36:41] INFO: [IP_Flow 19-6921] IPCACHE: Adding cache check func to thread queue for IP design_1_axi_clock_converter_1_0
[2025-09-14 20:36:41] INFO: [IP_Flow 19-6921] IPCACHE: Adding cache check func to thread queue for IP design_1_axi_dwidth_converter_0_0
[2025-09-14 20:36:41] INFO: [IP_Flow 19-6921] IPCACHE: Adding cache check func to thread queue for IP design_1_axi_tieoff_master_0_0
[2025-09-14 20:36:41] INFO: [IP_Flow 19-6921] IPCACHE: Adding cache check func to thread queue for IP design_1_clk_wiz_0_0
[2025-09-14 20:36:41] INFO: [IP_Flow 19-6921] IPCACHE: Adding cache check func to thread queue for IP design_1_ddr4_0_0
[2025-09-14 20:36:41] INFO: [IP_Flow 19-6921] IPCACHE: Adding cache check func to thread queue for IP design_1_firesim_wrapper_0_0
[2025-09-14 20:36:41] INFO: [IP_Flow 19-6921] IPCACHE: Adding cache check func to thread queue for IP design_1_proc_sys_reset_0_0
[2025-09-14 20:36:41] INFO: [IP_Flow 19-6921] IPCACHE: Adding cache check func to thread queue for IP design_1_proc_sys_reset_1_0
[2025-09-14 20:36:41] INFO: [IP_Flow 19-6921] IPCACHE: Adding cache check func to thread queue for IP design_1_resetn_inv_0_0
[2025-09-14 20:36:41] INFO: [IP_Flow 19-6921] IPCACHE: Adding cache check func to thread queue for IP design_1_util_ds_buf_0
[2025-09-14 20:36:41] INFO: [IP_Flow 19-6921] IPCACHE: Adding cache check func to thread queue for IP design_1_xdma_0_0
[2025-09-14 20:36:41] INFO: [IP_Flow 19-8020] IPCACHE: runCacheChecks() calling threadPool finishWork()
[2025-09-14 20:36:41] INFO: [IP_Flow 19-6924] IPCACHE: Running cache check for IP inst: design_1_axi_clock_converter_0_0
[2025-09-14 20:36:41] INFO: [IP_Flow 19-6924] IPCACHE: Running cache check for IP inst: design_1_axi_clock_converter_1_0
[2025-09-14 20:36:41] INFO: [IP_Flow 19-6924] IPCACHE: Running cache check for IP inst: design_1_util_ds_buf_0
[2025-09-14 20:36:41] INFO: [IP_Flow 19-6924] IPCACHE: Running cache check for IP inst: design_1_axi_dwidth_converter_0_0
[2025-09-14 20:36:41] INFO: [IP_Flow 19-6924] IPCACHE: Running cache check for IP inst: design_1_axi_tieoff_master_0_0
[2025-09-14 20:36:41] INFO: [IP_Flow 19-6924] IPCACHE: Running cache check for IP inst: design_1_clk_wiz_0_0
[2025-09-14 20:36:41] INFO: [IP_Flow 19-6924] IPCACHE: Running cache check for IP inst: design_1_xdma_0_0
[2025-09-14 20:36:41] INFO: [IP_Flow 19-6924] IPCACHE: Running cache check for IP inst: design_1_ddr4_0_0
[2025-09-14 20:36:41] INFO: [IP_Flow 19-6924] IPCACHE: Running cache check for IP inst: design_1_firesim_wrapper_0_0
[2025-09-14 20:36:41] INFO: [IP_Flow 19-6924] IPCACHE: Running cache check for IP inst: design_1_proc_sys_reset_0_0
[2025-09-14 20:36:41] INFO: [IP_Flow 19-6924] IPCACHE: Running cache check for IP inst: design_1_proc_sys_reset_1_0
[2025-09-14 20:36:41] INFO: [IP_Flow 19-6924] IPCACHE: Running cache check for IP inst: design_1_resetn_inv_0_0
[2025-09-14 20:36:44] [Sun Sep 14 20:36:44 2025] Launched design_1_axi_dwidth_converter_0_0_synth_1, design_1_axi_clock_converter_0_0_synth_1, design_1_axi_clock_converter_1_0_synth_1, design_1_ddr4_0_0_synth_1, design_1_clk_wiz_0_0_synth_1, design_1_axi_tieoff_master_0_0_synth_1, design_1_firesim_wrapper_0_0_synth_1, design_1_proc_sys_reset_0_0_synth_1, design_1_proc_sys_reset_1_0_synth_1, design_1_resetn_inv_0_0_synth_1, design_1_util_ds_buf_0_synth_1, design_1_xdma_0_0_synth_1...
[2025-09-14 20:36:44] Run output will be captured here:
[2025-09-14 20:36:44] design_1_axi_dwidth_converter_0_0_synth_1: /cluster/home/eirikwit/vortex-gpgpu/chipyard/sims/firesim/sim/generated-src/alveo/FireSim-FireSimV2S1C-BaseF1Config1Mem_F25MHz/u250/vivado_proj/firesim.runs/design_1_axi_dwidth_converter_0_0_synth_1/runme.log
[2025-09-14 20:36:44] design_1_axi_clock_converter_0_0_synth_1: /cluster/home/eirikwit/vortex-gpgpu/chipyard/sims/firesim/sim/generated-src/alveo/FireSim-FireSimV2S1C-BaseF1Config1Mem_F25MHz/u250/vivado_proj/firesim.runs/design_1_axi_clock_converter_0_0_synth_1/runme.log
[2025-09-14 20:36:44] design_1_axi_clock_converter_1_0_synth_1: /cluster/home/eirikwit/vortex-gpgpu/chipyard/sims/firesim/sim/generated-src/alveo/FireSim-FireSimV2S1C-BaseF1Config1Mem_F25MHz/u250/vivado_proj/firesim.runs/design_1_axi_clock_converter_1_0_synth_1/runme.log
[2025-09-14 20:36:44] design_1_ddr4_0_0_synth_1: /cluster/home/eirikwit/vortex-gpgpu/chipyard/sims/firesim/sim/generated-src/alveo/FireSim-FireSimV2S1C-BaseF1Config1Mem_F25MHz/u250/vivado_proj/firesim.runs/design_1_ddr4_0_0_synth_1/runme.log
[2025-09-14 20:36:44] design_1_clk_wiz_0_0_synth_1: /cluster/home/eirikwit/vortex-gpgpu/chipyard/sims/firesim/sim/generated-src/alveo/FireSim-FireSimV2S1C-BaseF1Config1Mem_F25MHz/u250/vivado_proj/firesim.runs/design_1_clk_wiz_0_0_synth_1/runme.log
[2025-09-14 20:36:44] design_1_axi_tieoff_master_0_0_synth_1: /cluster/home/eirikwit/vortex-gpgpu/chipyard/sims/firesim/sim/generated-src/alveo/FireSim-FireSimV2S1C-BaseF1Config1Mem_F25MHz/u250/vivado_proj/firesim.runs/design_1_axi_tieoff_master_0_0_synth_1/runme.log
[2025-09-14 20:36:44] design_1_firesim_wrapper_0_0_synth_1: /cluster/home/eirikwit/vortex-gpgpu/chipyard/sims/firesim/sim/generated-src/alveo/FireSim-FireSimV2S1C-BaseF1Config1Mem_F25MHz/u250/vivado_proj/firesim.runs/design_1_firesim_wrapper_0_0_synth_1/runme.log
[2025-09-14 20:36:44] design_1_proc_sys_reset_0_0_synth_1: /cluster/home/eirikwit/vortex-gpgpu/chipyard/sims/firesim/sim/generated-src/alveo/FireSim-FireSimV2S1C-BaseF1Config1Mem_F25MHz/u250/vivado_proj/firesim.runs/design_1_proc_sys_reset_0_0_synth_1/runme.log
[2025-09-14 20:36:44] design_1_proc_sys_reset_1_0_synth_1: /cluster/home/eirikwit/vortex-gpgpu/chipyard/sims/firesim/sim/generated-src/alveo/FireSim-FireSimV2S1C-BaseF1Config1Mem_F25MHz/u250/vivado_proj/firesim.runs/design_1_proc_sys_reset_1_0_synth_1/runme.log
[2025-09-14 20:36:44] design_1_resetn_inv_0_0_synth_1: /cluster/home/eirikwit/vortex-gpgpu/chipyard/sims/firesim/sim/generated-src/alveo/FireSim-FireSimV2S1C-BaseF1Config1Mem_F25MHz/u250/vivado_proj/firesim.runs/design_1_resetn_inv_0_0_synth_1/runme.log
[2025-09-14 20:36:44] design_1_util_ds_buf_0_synth_1: /cluster/home/eirikwit/vortex-gpgpu/chipyard/sims/firesim/sim/generated-src/alveo/FireSim-FireSimV2S1C-BaseF1Config1Mem_F25MHz/u250/vivado_proj/firesim.runs/design_1_util_ds_buf_0_synth_1/runme.log
[2025-09-14 20:36:44] design_1_xdma_0_0_synth_1: /cluster/home/eirikwit/vortex-gpgpu/chipyard/sims/firesim/sim/generated-src/alveo/FireSim-FireSimV2S1C-BaseF1Config1Mem_F25MHz/u250/vivado_proj/firesim.runs/design_1_xdma_0_0_synth_1/runme.log
[2025-09-14 20:36:44] [Sun Sep 14 20:36:44 2025] Launched synth_1...
[2025-09-14 20:36:44] Run output will be captured here: /cluster/home/eirikwit/vortex-gpgpu/chipyard/sims/firesim/sim/generated-src/alveo/FireSim-FireSimV2S1C-BaseF1Config1Mem_F25MHz/u250/vivado_proj/firesim.runs/synth_1/runme.log
[2025-09-14 20:36:44] launch_runs: Time (s): cpu = 00:00:46 ; elapsed = 00:00:45 . Memory (MB): peak = 3640.512 ; gain = 33.977 ; free physical = 181086 ; free virtual = 183928
[2025-09-14 20:36:44] ## wait_on_run ${synth_run}
[2025-09-14 20:36:44] [Sun Sep 14 20:36:44 2025] Waiting for synth_1 to finish...
[2025-09-14 20:36:47] WARNING: [Vivado 12-7122] Auto Incremental Compile:: No reference checkpoint was found in run synth_1. Auto-incremental flow will not be run, the standard flow will be run instead.
[2025-09-14 20:36:55] [Sun Sep 14 20:36:55 2025] Launched design_1_axi_dwidth_converter_0_0_synth_1, design_1_axi_clock_converter_0_0_synth_1, design_1_axi_clock_converter_1_0_synth_1, design_1_ddr4_0_0_synth_1, design_1_clk_wiz_0_0_synth_1, design_1_axi_tieoff_master_0_0_synth_1, design_1_firesim_wrapper_0_0_synth_1, design_1_proc_sys_reset_0_0_synth_1, design_1_proc_sys_reset_1_0_synth_1, design_1_resetn_inv_0_0_synth_1, design_1_util_ds_buf_0_synth_1, design_1_xdma_0_0_synth_1...
[2025-09-14 20:36:55] Run output will be captured here:
[2025-09-14 20:36:55] design_1_axi_dwidth_converter_0_0_synth_1: /cluster/home/eirikwit/vortex-gpgpu/chipyard/sims/firesim/sim/generated-src/alveo/FireSim-FireSimV2S1C-BaseF1Config1Mem_F25MHz/u250/vivado_proj/firesim.runs/design_1_axi_dwidth_converter_0_0_synth_1/runme.log
[2025-09-14 20:36:55] design_1_axi_clock_converter_0_0_synth_1: /cluster/home/eirikwit/vortex-gpgpu/chipyard/sims/firesim/sim/generated-src/alveo/FireSim-FireSimV2S1C-BaseF1Config1Mem_F25MHz/u250/vivado_proj/firesim.runs/design_1_axi_clock_converter_0_0_synth_1/runme.log
[2025-09-14 20:36:55] design_1_axi_clock_converter_1_0_synth_1: /cluster/home/eirikwit/vortex-gpgpu/chipyard/sims/firesim/sim/generated-src/alveo/FireSim-FireSimV2S1C-BaseF1Config1Mem_F25MHz/u250/vivado_proj/firesim.runs/design_1_axi_clock_converter_1_0_synth_1/runme.log
[2025-09-14 20:36:55] design_1_ddr4_0_0_synth_1: /cluster/home/eirikwit/vortex-gpgpu/chipyard/sims/firesim/sim/generated-src/alveo/FireSim-FireSimV2S1C-BaseF1Config1Mem_F25MHz/u250/vivado_proj/firesim.runs/design_1_ddr4_0_0_synth_1/runme.log
[2025-09-14 20:36:55] design_1_clk_wiz_0_0_synth_1: /cluster/home/eirikwit/vortex-gpgpu/chipyard/sims/firesim/sim/generated-src/alveo/FireSim-FireSimV2S1C-BaseF1Config1Mem_F25MHz/u250/vivado_proj/firesim.runs/design_1_clk_wiz_0_0_synth_1/runme.log
[2025-09-14 20:36:55] design_1_axi_tieoff_master_0_0_synth_1: /cluster/home/eirikwit/vortex-gpgpu/chipyard/sims/firesim/sim/generated-src/alveo/FireSim-FireSimV2S1C-BaseF1Config1Mem_F25MHz/u250/vivado_proj/firesim.runs/design_1_axi_tieoff_master_0_0_synth_1/runme.log
[2025-09-14 20:36:55] design_1_firesim_wrapper_0_0_synth_1: /cluster/home/eirikwit/vortex-gpgpu/chipyard/sims/firesim/sim/generated-src/alveo/FireSim-FireSimV2S1C-BaseF1Config1Mem_F25MHz/u250/vivado_proj/firesim.runs/design_1_firesim_wrapper_0_0_synth_1/runme.log
[2025-09-14 20:36:55] design_1_proc_sys_reset_0_0_synth_1: /cluster/home/eirikwit/vortex-gpgpu/chipyard/sims/firesim/sim/generated-src/alveo/FireSim-FireSimV2S1C-BaseF1Config1Mem_F25MHz/u250/vivado_proj/firesim.runs/design_1_proc_sys_reset_0_0_synth_1/runme.log
[2025-09-14 20:36:55] design_1_proc_sys_reset_1_0_synth_1: /cluster/home/eirikwit/vortex-gpgpu/chipyard/sims/firesim/sim/generated-src/alveo/FireSim-FireSimV2S1C-BaseF1Config1Mem_F25MHz/u250/vivado_proj/firesim.runs/design_1_proc_sys_reset_1_0_synth_1/runme.log
[2025-09-14 20:36:55] design_1_resetn_inv_0_0_synth_1: /cluster/home/eirikwit/vortex-gpgpu/chipyard/sims/firesim/sim/generated-src/alveo/FireSim-FireSimV2S1C-BaseF1Config1Mem_F25MHz/u250/vivado_proj/firesim.runs/design_1_resetn_inv_0_0_synth_1/runme.log
[2025-09-14 20:36:55] design_1_util_ds_buf_0_synth_1: /cluster/home/eirikwit/vortex-gpgpu/chipyard/sims/firesim/sim/generated-src/alveo/FireSim-FireSimV2S1C-BaseF1Config1Mem_F25MHz/u250/vivado_proj/firesim.runs/design_1_util_ds_buf_0_synth_1/runme.log
[2025-09-14 20:36:55] design_1_xdma_0_0_synth_1: /cluster/home/eirikwit/vortex-gpgpu/chipyard/sims/firesim/sim/generated-src/alveo/FireSim-FireSimV2S1C-BaseF1Config1Mem_F25MHz/u250/vivado_proj/firesim.runs/design_1_xdma_0_0_synth_1/runme.log
[2025-09-14 20:36:55] [Sun Sep 14 20:36:55 2025] Launched synth_1...
[2025-09-14 20:36:55] Run output will be captured here: /cluster/home/eirikwit/vortex-gpgpu/chipyard/sims/firesim/sim/generated-src/alveo/FireSim-FireSimV2S1C-BaseF1Config1Mem_F25MHz/u250/vivado_proj/firesim.runs/synth_1/runme.log
[2025-09-14 20:36:55] launch_runs: Time (s): cpu = 00:00:53 ; elapsed = 00:00:52 . Memory (MB): peak = 3643.066 ; gain = 33.973 ; free physical = 151427 ; free virtual = 154248
[2025-09-14 20:36:55] ## wait_on_run ${synth_run}
[2025-09-14 20:36:55] [Sun Sep 14 20:36:55 2025] Waiting for synth_1 to finish...
[2025-09-14 20:36:55] /cluster/home/eirikwit/vortex-gpgpu/chipyard/sims/firesim/sim/generated-src/alveo/FireSim-FireSimV2S1C-BaseF1Config1Mem_F25MHz/u250/vivado_proj/firesim.runs/design_1_axi_tieoff_master_0_0_synth_1/runme.sh: line 40: l: command not found
[2025-09-14 20:36:58] /cluster/home/eirikwit/vortex-gpgpu/chipyard/sims/firesim/sim/generated-src/alveo/FireSim-FireSimV2S1C-BaseF1Config1Mem_F25MHz/u250/vivado_proj/firesim.runs/design_1_clk_wiz_0_0_synth_1/runme.sh: line 40: l: command not found
[2025-09-14 20:36:59] /cluster/home/eirikwit/vortex-gpgpu/chipyard/sims/firesim/sim/generated-src/alveo/FireSim-FireSimV2S1C-BaseF1Config1Mem_F25MHz/u250/vivado_proj/firesim.runs/design_1_proc_sys_reset_0_0_synth_1/runme.sh: line 40: l: command not found
[2025-09-14 20:37:01] /cluster/home/eirikwit/vortex-gpgpu/chipyard/sims/firesim/sim/generated-src/alveo/FireSim-FireSimV2S1C-BaseF1Config1Mem_F25MHz/u250/vivado_proj/firesim.runs/design_1_clk_wiz_0_0_synth_1/runme.sh: line 40: l: command not found
[2025-09-14 20:37:07] /cluster/home/eirikwit/vortex-gpgpu/chipyard/sims/firesim/sim/generated-src/alveo/FireSim-FireSimV2S1C-BaseF1Config1Mem_F25MHz/u250/vivado_proj/firesim.runs/design_1_proc_sys_reset_0_0_synth_1/runme.sh: line 40: l: command not found
[2025-09-14 20:37:07] [Sun Sep 14 20:37:07 2025] synth_1 finished
[2025-09-14 20:37:07] WARNING: [Vivado 12-13638] Failed runs(s) : 'design_1_xdma_0_0_synth_1'
[2025-09-14 20:37:07]  'design_1_xdma_0_0_synth_1' run failed with below errors.
[2025-09-14 20:37:07] wait_on_runs: Time (s): cpu = 00:00:00.13 ; elapsed = 00:00:36 . Memory (MB): peak = 3647.945 ; gain = 0.000 ; free physical = 740266 ; free virtual = 752036
[2025-09-14 20:37:07] ## if {[get_property PROGRESS ${synth_run}] != "100%"} {
[2025-09-14 20:37:07] ##     puts "ERROR: synthesis failed"
[2025-09-14 20:37:07] ##     exit 1
[2025-09-14 20:37:07] ## }
[2025-09-14 20:37:07] ERROR: synthesis failed
[2025-09-14 20:37:07] [Sun Sep 14 20:37:07 2025] synth_1 finished
[2025-09-14 20:37:07] INFO: [Common 17-206] Exiting Vivado at Sun Sep 14 20:37:07 2025...
[2025-09-14 20:37:07] WARNING: [Vivado 12-13638] Failed runs(s) : 'design_1_xdma_0_0_synth_1'
[2025-09-14 20:37:07]  'design_1_xdma_0_0_synth_1' run failed with below errors.
[2025-09-14 20:37:07] wait_on_runs: Time (s): cpu = 00:00:00.14 ; elapsed = 00:00:46 . Memory (MB): peak = 3647.648 ; gain = 0.000 ; free physical = 171283 ; free virtual = 176121
[2025-09-14 20:37:08] ## if {[get_property PROGRESS ${synth_run}] != "100%"} {
[2025-09-14 20:37:08] ##     puts "ERROR: synthesis failed"
[2025-09-14 20:37:08] ##     exit 1
[2025-09-14 20:37:08] ## }
[2025-09-14 20:37:08] ERROR: synthesis failed
[2025-09-14 20:37:08] INFO: [Common 17-206] Exiting Vivado at Sun Sep 14 20:37:07 2025...
[2025-09-14 20:37:08] [Sun Sep 14 20:37:08 2025] synth_1 finished
[2025-09-14 20:37:08] WARNING: [Vivado 12-13638] Failed runs(s) : 'design_1_xdma_0_0_synth_1'
[2025-09-14 20:37:08]  'design_1_xdma_0_0_synth_1' run failed with below errors.
[2025-09-14 20:37:08] wait_on_runs: Time (s): cpu = 00:00:00.11 ; elapsed = 00:00:36 . Memory (MB): peak = 3655.012 ; gain = 0.000 ; free physical = 181385 ; free virtual = 183840
[2025-09-14 20:37:08] ## if {[get_property PROGRESS ${synth_run}] != "100%"} {
[2025-09-14 20:37:08] ##     puts "ERROR: synthesis failed"
[2025-09-14 20:37:08] ##     exit 1
[2025-09-14 20:37:08] ## }
[2025-09-14 20:37:08] ERROR: synthesis failed
[2025-09-14 20:37:08] INFO: [Common 17-206] Exiting Vivado at Sun Sep 14 20:37:08 2025...
[2025-09-14 20:37:08] [Sun Sep 14 20:37:08 2025] synth_1 finished
[2025-09-14 20:37:08] WARNING: [Vivado 12-13638] Failed runs(s) : 'design_1_xdma_0_0_synth_1'
[2025-09-14 20:37:08]  'design_1_xdma_0_0_synth_1' run failed with below errors.
[2025-09-14 20:37:08] wait_on_runs: Time (s): cpu = 00:00:00.13 ; elapsed = 00:01:16 . Memory (MB): peak = 3656.074 ; gain = 0.000 ; free physical = 226290 ; free virtual = 229344
[2025-09-14 20:37:08] ## if {[get_property PROGRESS ${synth_run}] != "100%"} {
[2025-09-14 20:37:08] ##     puts "ERROR: synthesis failed"
[2025-09-14 20:37:08] ##     exit 1
[2025-09-14 20:37:08] ## }
[2025-09-14 20:37:08] ERROR: synthesis failed
[2025-09-14 20:37:08] INFO: [Common 17-206] Exiting Vivado at Sun Sep 14 20:37:08 2025...
[2025-09-14 20:37:08] [Sun Sep 14 20:37:08 2025] synth_1 finished
[2025-09-14 20:37:08] WARNING: [Vivado 12-13638] Failed runs(s) : 'design_1_xdma_0_0_synth_1'
[2025-09-14 20:37:08]  'design_1_xdma_0_0_synth_1' run failed with below errors.
[2025-09-14 20:37:08] wait_on_runs: Time (s): cpu = 00:00:00.13 ; elapsed = 00:01:16 . Memory (MB): peak = 3664.645 ; gain = 0.000 ; free physical = 235753 ; free virtual = 238650
[2025-09-14 20:37:09] ## if {[get_property PROGRESS ${synth_run}] != "100%"} {
[2025-09-14 20:37:09] ##     puts "ERROR: synthesis failed"
[2025-09-14 20:37:09] ##     exit 1
[2025-09-14 20:37:09] ## }
[2025-09-14 20:37:09] ERROR: synthesis failed
[2025-09-14 20:37:09] INFO: [Common 17-206] Exiting Vivado at Sun Sep 14 20:37:08 2025...
[2025-09-14 20:37:09] [Sun Sep 14 20:37:09 2025] synth_1 finished
[2025-09-14 20:37:10] WARNING: [Vivado 12-13638] Failed runs(s) : 'design_1_xdma_0_0_synth_1'
[2025-09-14 20:37:10]  'design_1_xdma_0_0_synth_1' run failed with below errors.
[2025-09-14 20:37:10] wait_on_runs: Time (s): cpu = 00:00:00.15 ; elapsed = 00:01:16 . Memory (MB): peak = 3660.082 ; gain = 0.000 ; free physical = 169731 ; free virtual = 173432
[2025-09-14 20:37:10] ## if {[get_property PROGRESS ${synth_run}] != "100%"} {
[2025-09-14 20:37:10] ##     puts "ERROR: synthesis failed"
[2025-09-14 20:37:10] ##     exit 1
[2025-09-14 20:37:10] ## }
[2025-09-14 20:37:10] [Sun Sep 14 20:37:10 2025] synth_1 finished
[2025-09-14 20:37:10] ERROR: synthesis failed
[2025-09-14 20:37:10] WARNING: [Vivado 12-13638] Failed runs(s) : 'design_1_xdma_0_0_synth_1'
[2025-09-14 20:37:10]  'design_1_xdma_0_0_synth_1' run failed with below errors.
[2025-09-14 20:37:10] INFO: [Common 17-206] Exiting Vivado at Sun Sep 14 20:37:09 2025...
[2025-09-14 20:37:10] wait_on_runs: Time (s): cpu = 00:00:00.12 ; elapsed = 00:00:26 . Memory (MB): peak = 3640.512 ; gain = 0.000 ; free physical = 177125 ; free virtual = 179965
[2025-09-14 20:37:10] ## if {[get_property PROGRESS ${synth_run}] != "100%"} {
[2025-09-14 20:37:10] ##     puts "ERROR: synthesis failed"
[2025-09-14 20:37:10] ##     exit 1
[2025-09-14 20:37:10] ## }
[2025-09-14 20:37:10] ERROR: synthesis failed
[2025-09-14 20:37:10] INFO: [Common 17-206] Exiting Vivado at Sun Sep 14 20:37:10 2025...
[2025-09-14 20:37:10] [Sun Sep 14 20:37:10 2025] synth_1 finished
[2025-09-14 20:37:10] WARNING: [Vivado 12-13638] Failed runs(s) : 'design_1_xdma_0_0_synth_1'
[2025-09-14 20:37:10]  'design_1_xdma_0_0_synth_1' run failed with below errors.
[2025-09-14 20:37:10] wait_on_runs: Time (s): cpu = 00:00:00.06 ; elapsed = 00:00:15 . Memory (MB): peak = 3643.066 ; gain = 0.000 ; free physical = 151491 ; free virtual = 154313
[2025-09-14 20:37:10] ## if {[get_property PROGRESS ${synth_run}] != "100%"} {
[2025-09-14 20:37:10] ##     puts "ERROR: synthesis failed"
[2025-09-14 20:37:10] ##     exit 1
[2025-09-14 20:37:10] ## }
[2025-09-14 20:37:10] ERROR: synthesis failed
[2025-09-14 20:37:10] INFO: [Common 17-206] Exiting Vivado at Sun Sep 14 20:37:10 2025...
[2025-09-14 20:37:11] /cluster/home/eirikwit/vortex-gpgpu/chipyard/sims/firesim/sim/generated-src/alveo/FireSim-FireSimV2S1C-BaseF1Config1Mem_F25MHz/u250/vivado_proj/firesim.runs/design_1_clk_wiz_0_0_synth_1/runme.sh: line 40: l: command not found
[2025-09-14 20:37:16] /cluster/home/eirikwit/vortex-gpgpu/chipyard/sims/firesim/sim/generated-src/alveo/FireSim-FireSimV2S1C-BaseF1Config1Mem_F25MHz/u250/vivado_proj/firesim.runs/design_1_clk_wiz_0_0_synth_1/runme.sh: line 40: l: command not found
[2025-09-14 20:37:18] make: *** [target-agnostic.mk:346: /cluster/home/eirikwit/vortex-gpgpu/chipyard/sims/firesim/sim/generated-src/alveo/FireSim-FireSimV2S1C-BaseF1Config1Mem_F25MHz/u250/vivado_proj/firesim.bit] Error 1
[2025-09-14 20:37:19] make: *** [target-agnostic.mk:346: /cluster/home/eirikwit/vortex-gpgpu/chipyard/sims/firesim/sim/generated-src/alveo/FireSim-FireSimV2S1C-BaseF1Config1Mem_F25MHz/u250/vivado_proj/firesim.bit] Error 1
[2025-09-14 20:37:19] make: *** [target-agnostic.mk:346: /cluster/home/eirikwit/vortex-gpgpu/chipyard/sims/firesim/sim/generated-src/alveo/FireSim-FireSimV2S1C-BaseF1Config1Mem_F25MHz/u250/vivado_proj/firesim.bit] Error 1
[2025-09-14 20:37:19] make: *** [target-agnostic.mk:346: /cluster/home/eirikwit/vortex-gpgpu/chipyard/sims/firesim/sim/generated-src/alveo/FireSim-FireSimV2S1C-BaseF1Config1Mem_F25MHz/u250/vivado_proj/firesim.bit] Error 1
[2025-09-14 20:37:19] make: *** [target-agnostic.mk:346: /cluster/home/eirikwit/vortex-gpgpu/chipyard/sims/firesim/sim/generated-src/alveo/FireSim-FireSimV2S1C-BaseF1Config1Mem_F25MHz/u250/vivado_proj/firesim.bit] Error 1
[2025-09-14 20:37:20] /cluster/home/eirikwit/vortex-gpgpu/chipyard/sims/firesim/sim/generated-src/alveo/FireSim-FireSimV2S1C-BaseF1Config1Mem_F25MHz/u250/vivado_proj/firesim.runs/design_1_proc_sys_reset_0_0_synth_1/runme.sh: line 40: l: command not found
[2025-09-14 20:37:21] make: *** [target-agnostic.mk:346: /cluster/home/eirikwit/vortex-gpgpu/chipyard/sims/firesim/sim/generated-src/alveo/FireSim-FireSimV2S1C-BaseF1Config1Mem_F25MHz/u250/vivado_proj/firesim.bit] Error 1
[2025-09-14 20:37:21] make: *** [target-agnostic.mk:346: /cluster/home/eirikwit/vortex-gpgpu/chipyard/sims/firesim/sim/generated-src/alveo/FireSim-FireSimV2S1C-BaseF1Config1Mem_F25MHz/u250/vivado_proj/firesim.bit] Error 1
[2025-09-14 20:37:21] make: *** [target-agnostic.mk:346: /cluster/home/eirikwit/vortex-gpgpu/chipyard/sims/firesim/sim/generated-src/alveo/FireSim-FireSimV2S1C-BaseF1Config1Mem_F25MHz/u250/vivado_proj/firesim.bit] Error 1
[2025-09-14 20:37:33] /cluster/home/eirikwit/vortex-gpgpu/chipyard/sims/firesim/sim/generated-src/alveo/FireSim-FireSimV2S1C-BaseF1Config1Mem_F25MHz/u250/vivado_proj/firesim.runs/design_1_axi_tieoff_master_0_0_synth_1/runme.sh: line 40: l: command not found
[2025-09-14 20:37:39] /cluster/home/eirikwit/vortex-gpgpu/chipyard/sims/firesim/sim/generated-src/alveo/FireSim-FireSimV2S1C-BaseF1Config1Mem_F25MHz/u250/vivado_proj/firesim.runs/design_1_clk_wiz_0_0_synth_1/runme.sh: line 40: l: command not found
[2025-09-14 20:37:57] /cluster/home/eirikwit/vortex-gpgpu/chipyard/sims/firesim/sim/generated-src/alveo/FireSim-FireSimV2S1C-BaseF1Config1Mem_F25MHz/u250/vivado_proj/firesim.runs/design_1_proc_sys_reset_0_0_synth_1/runme.sh: line 40: l: command not found
[2025-09-14 20:37:58] /cluster/home/eirikwit/vortex-gpgpu/chipyard/sims/firesim/sim/generated-src/alveo/FireSim-FireSimV2S1C-BaseF1Config1Mem_F25MHz/u250/vivado_proj/firesim.runs/design_1_proc_sys_reset_0_0_synth_1/runme.sh: line 40: l: command not found
[2025-09-14 20:38:02] /cluster/home/eirikwit/vortex-gpgpu/chipyard/sims/firesim/sim/generated-src/alveo/FireSim-FireSimV2S1C-BaseF1Config1Mem_F25MHz/u250/vivado_proj/firesim.runs/design_1_clk_wiz_0_0_synth_1/runme.sh: line 40: l: command not found
[2025-09-14 20:40:45] /cluster/home/eirikwit/vortex-gpgpu/chipyard/sims/firesim/sim/generated-src/alveo/FireSim-FireSimV2S1C-BaseF1Config1Mem_F25MHz/u250/vivado_proj/firesim.runs/design_1_ddr4_0_0_synth_1/runme.sh: line 40: l: command not found
[2025-09-14 20:41:52] /cluster/home/eirikwit/vortex-gpgpu/chipyard/sims/firesim/sim/generated-src/alveo/FireSim-FireSimV2S1C-BaseF1Config1Mem_F25MHz/u250/vivado_proj/firesim.runs/design_1_ddr4_0_0_synth_1/runme.sh: line 40: l: command not found
[2025-09-14 20:42:01] /cluster/home/eirikwit/vortex-gpgpu/chipyard/sims/firesim/sim/generated-src/alveo/FireSim-FireSimV2S1C-BaseF1Config1Mem_F25MHz/u250/vivado_proj/firesim.runs/design_1_ddr4_0_0_synth_1/runme.sh: line 40: l: command not found
[2025-09-14 20:44:14] /cluster/home/eirikwit/vortex-gpgpu/chipyard/sims/firesim/sim/generated-src/alveo/FireSim-FireSimV2S1C-BaseF1Config1Mem_F25MHz/u250/vivado_proj/firesim.runs/design_1_firesim_wrapper_0_0_synth_1/runme.sh: line 40: l: command not found
